age,monthly_income,annual_income,website_visits_30d,website_visits_90d,session_minutes,discount_pct,support_tickets_30d,premium_member,days_since_last_purchase,cart_items,email_opens_30d,profile_views_30d,social_referrals_30d,survey_score,preferred_contact_hour,device_type_Mobile,device_type_Tablet,region_East,region_North,region_South,region_West,app_theme_Light,app_theme_System,purchased
49,6720.01,79776.46,3,10,9.0,20.7,1,1,39.25,2,2,0,1,1,9,0,0,0,1,0,0,0,1,0
67,2992.49,34566.7,2,9,23.83,15.7,1,0,72.32,3,3,2,2,3,13,1,0,0,0,1,0,0,0,1
34,1904.54,22862.84,1,5,21.83,10.7,1,0,109.46,6,6,4,1,6,11,1,0,1,0,0,0,1,0,0
73,5105.71,61347.3,2,10,7.53,15.0,0,1,6.57,2,5,3,1,7,18,1,0,0,0,0,0,0,0,0
60,4323.43,51861.38,6,20,16.49,8.3,0,1,171.29,4,4,0,0,9,11,1,0,0,0,0,1,0,1,0
47,4022.35,47311.47,4,14,61.62,18.2,0,1,26.34,1,3,2,0,2,13,1,0,0,1,0,0,1,0,0
56,2234.47,26965.52,1,3,46.54,12.2,0,1,0.65,0,4,1,2,5,18,0,0,0,0,0,0,1,0,0
45,3034.56,36599.75,3,9,31.42,17.4,0,0,67.25,3,5,5,1,4,19,0,0,0,0,1,0,0,1,0
23,1672.48,20019.79,3,11,68.75,4.9,2,1,13.68,2,7,4,0,2,19,1,0,0,0,0,0,1,0,0
25,3432.56,41082.75,2,7,16.58,14.9,0,0,20.43,2,7,5,0,2,16,1,0,0,0,0,1,0,0,0
42,1918.11,23122.92,1,3,3.13,8.6,0,0,2.52,3,6,2,1,5,12,0,0,0,0,0,0,0,0,0
53,4752.08,56855.35,2,6,27.15,24.0,3,1,31.36,0,5,3,0,1,8,0,0,0,0,0,1,1,0,0
34,3201.39,37595.24,0,2,23.23,0.7,0,0,40.4,3,5,2,1,3,12,0,0,0,0,0,0,0,0,0
50,5570.13,67304.19,1,5,13.31,15.7,1,0,36.31,2,1,2,0,4,17,1,0,0,0,1,0,1,0,0
27,2476.63,29144.53,3,13,65.06,10.7,1,0,86.83,2,5,2,0,7,12,1,0,0,0,0,1,0,1,0
57,3914.33,47199.12,2,6,18.93,11.0,2,0,47.84,4,5,3,2,8,18,0,0,0,0,1,0,0,0,0
63,3099.84,37552.46,2,10,14.44,16.0,2,0,31.89,1,5,1,0,7,13,1,0,0,1,0,0,0,0,0
44,3121.14,37293.51,3,12,24.66,16.4,0,1,47.63,1,3,2,1,2,20,1,0,1,0,0,0,0,0,1
34,3532.46,42984.42,2,7,34.68,10.9,1,1,116.04,5,3,2,0,3,9,0,0,0,0,1,0,0,0,0
29,5173.28,62057.46,2,7,8.37,7.1,1,1,71.91,2,5,3,0,3,15,0,0,0,1,0,0,1,0,0
30,2608.68,31846.43,7,22,36.9,28.4,0,1,151.59,3,3,1,2,9,18,0,0,0,0,0,0,0,0,0
43,1294.47,15693.98,2,9,61.9,17.9,0,1,57.32,4,3,3,1,10,13,1,0,1,0,0,0,1,0,0
27,5381.98,65068.33,2,12,42.62,15.2,4,0,56.44,2,5,1,2,1,12,0,0,0,0,1,0,1,0,0
46,1733.51,20732.15,2,9,9.0,7.6,0,0,265.15,0,1,4,1,9,12,1,0,0,0,0,1,0,1,0
70,4797.07,58355.68,3,10,9.66,4.0,0,1,102.66,0,2,2,1,4,9,0,0,0,0,0,0,0,1,0
45,3104.66,38287.49,5,16,10.44,9.1,0,0,31.42,2,11,4,0,8,10,0,1,1,0,0,0,1,0,0
65,2577.49,31632.55,5,16,25.94,1.7,0,0,45.08,2,1,3,0,2,13,1,0,0,1,0,0,1,0,0
62,1285.59,14806.05,1,6,2.91,11.8,0,0,21.79,1,4,4,1,5,17,1,0,0,1,0,0,1,0,0
58,3100.48,37636.8,3,10,23.37,22.6,1,0,68.58,1,2,3,1,5,10,1,0,0,0,1,0,1,0,1
20,1539.03,18672.76,5,14,83.3,3.5,0,0,7.88,1,3,3,0,1,8,1,0,0,0,0,1,0,0,0
59,4745.93,57295.99,1,6,27.59,10.1,1,0,99.33,1,7,4,1,8,9,1,0,0,1,0,0,0,1,0
70,4442.67,52609.11,3,13,25.23,11.3,0,0,10.06,3,8,8,0,9,12,1,0,0,0,1,0,0,0,0
53,6644.65,80942.6,3,11,26.98,20.8,0,0,62.29,1,4,1,0,7,8,1,0,1,0,0,0,0,1,0
34,5566.32,65746.95,4,17,18.83,10.9,0,0,60.43,2,4,3,1,5,16,1,0,0,0,1,0,0,1,0
62,4098.8,48795.72,7,21,16.21,15.3,1,0,30.64,0,4,4,5,4,8,1,0,0,0,0,1,1,0,0
54,5123.67,61226.43,3,11,9.49,11.4,0,1,25.28,3,3,2,2,1,13,0,1,0,0,0,1,1,0,0
55,4730.73,55980.37,5,17,30.1,7.7,2,0,79.56,5,6,6,1,7,16,1,0,0,0,0,1,0,0,0
32,4934.07,58822.41,0,2,13.73,8.1,1,0,2.47,0,7,3,1,2,14,0,1,0,0,1,0,0,0,0
71,2622.44,31235.58,1,6,2.42,12.9,1,0,7.75,2,2,3,0,1,17,0,0,0,0,0,0,1,0,0
54,2019.68,24208.48,5,20,26.72,7.1,1,1,111.87,2,5,3,0,4,13,0,0,0,1,0,0,0,1,0
34,2958.52,35920.0,0,1,12.87,20.9,1,0,7.24,5,5,1,1,7,10,1,0,0,0,1,0,0,0,0
57,3656.56,44828.56,5,17,23.59,7.7,0,1,29.24,2,3,3,0,4,20,1,0,0,0,0,1,1,0,0
68,2812.12,33650.96,3,9,10.42,20.4,1,0,38.48,1,4,1,0,2,9,0,0,0,0,0,0,1,0,1
42,1563.04,18848.94,3,10,21.53,15.7,1,1,10.49,7,5,3,2,9,10,1,0,0,0,1,0,0,1,0
22,3005.1,35116.94,3,12,8.43,19.3,0,0,107.94,4,3,3,0,5,14,1,0,1,0,0,0,0,0,0
70,4252.21,50307.02,1,4,4.03,12.7,1,0,67.97,2,1,5,1,2,15,1,0,0,0,1,0,0,0,0
46,1941.48,22761.37,3,13,7.42,10.9,2,0,59.34,3,3,2,0,9,19,1,0,0,0,1,0,0,0,0
59,4262.43,49361.72,7,24,19.73,5.8,2,1,151.51,2,6,5,1,6,20,1,0,0,1,0,0,0,0,1
40,3001.91,36153.93,3,12,8.35,19.6,1,0,53.65,2,4,3,0,9,10,0,1,0,0,1,0,0,0,1
54,7148.86,85665.89,2,10,9.52,1.6,1,0,50.06,1,1,1,0,9,18,0,0,0,0,0,1,0,0,0
64,1706.98,20254.0,4,15,11.21,16.0,1,1,3.87,2,2,1,1,6,16,1,0,0,1,0,0,1,0,0
54,2875.49,34202.95,1,6,7.07,16.8,0,0,127.59,3,4,6,1,5,9,1,0,1,0,0,0,0,1,0
66,8631.47,102772.89,3,15,9.66,10.0,3,0,80.72,4,6,3,0,9,15,1,0,0,0,1,0,0,0,0
74,1938.91,23071.56,5,16,80.69,5.8,1,0,3.72,3,3,3,1,5,16,1,0,0,1,0,0,1,0,0
45,3104.66,37326.46,2,8,50.87,3.5,0,0,39.54,2,3,5,0,3,10,1,0,1,0,0,0,1,0,0
74,2526.91,30300.01,5,17,32.27,11.8,2,1,29.73,2,6,2,0,2,17,1,0,0,1,0,0,0,1,0
21,1756.69,21377.28,1,4,7.74,12.9,0,1,35.51,1,1,2,1,6,11,0,0,0,0,0,1,0,0,0
63,1879.39,22367.4,3,12,76.81,29.9,3,0,64.13,0,5,2,0,8,19,1,0,0,0,1,0,1,0,0
73,956.03,11246.13,2,6,48.62,6.6,0,0,83.68,0,8,3,0,10,12,0,1,0,0,0,1,1,0,0
65,2857.06,33451.92,2,6,7.06,13.6,0,0,26.5,1,2,5,1,1,18,0,1,0,0,0,1,0,0,0
64,4507.02,53344.96,1,4,24.5,18.2,2,0,76.69,1,3,3,0,2,17,1,0,0,0,0,1,1,0,1
27,2693.45,32665.89,8,24,24.63,12.4,0,1,6.03,0,4,3,0,10,15,0,0,0,1,0,0,1,0,0
65,6332.89,77803.12,2,8,8.21,19.9,1,0,6.36,2,2,3,0,1,9,1,0,0,1,0,0,1,0,0
46,2385.55,28559.08,3,8,13.68,2.1,1,0,16.25,4,3,4,1,5,8,0,0,0,0,0,0,1,0,0
33,5211.69,63143.12,1,7,3.8,18.3,1,0,55.14,4,3,6,1,5,12,0,0,0,0,0,0,0,1,1
46,2364.78,28738.27,2,7,79.68,14.2,0,0,68.81,4,6,2,1,6,13,1,0,0,0,1,0,1,0,1
35,1542.23,18625.27,4,13,11.45,2.4,3,0,4.45,4,6,2,1,6,15,1,0,0,0,0,1,0,1,0
58,2569.13,31089.29,4,13,39.9,27.4,0,1,3.98,1,3,1,2,7,12,1,0,0,0,0,1,0,0,0
59,2655.17,31772.39,4,15,80.38,15.0,0,0,66.65,4,4,3,1,4,20,1,0,0,0,0,0,0,1,0
55,6200.09,75630.97,2,6,28.12,19.3,2,0,32.43,2,7,3,1,10,20,1,0,1,0,0,0,0,1,0
44,2019.77,24427.49,1,6,14.76,3.2,1,0,16.17,1,6,7,0,6,19,0,0,0,0,1,0,0,0,0
40,4496.77,52062.82,2,10,11.98,18.9,0,0,107.28,2,3,2,2,8,10,1,0,0,0,0,1,1,0,0
33,4228.43,51178.06,4,12,19.02,11.1,0,1,11.72,1,4,3,0,5,13,1,0,1,0,0,0,0,1,0
47,2467.8,30143.68,1,5,5.06,4.7,0,0,31.06,0,2,1,0,5,12,1,0,0,0,0,0,0,0,0
33,6949.89,82040.95,3,13,13.92,17.7,1,1,53.2,3,6,5,0,7,19,1,0,0,1,0,0,0,0,0
66,2675.37,31576.06,1,5,35.44,5.1,0,0,72.51,1,3,4,0,6,20,1,0,0,0,0,1,1,0,0
43,10433.13,125459.0,2,8,7.93,7.7,1,0,21.3,3,2,4,0,9,11,0,0,0,0,1,0,1,0,0
27,3469.83,41302.05,2,9,5.56,16.3,1,0,152.7,1,4,3,0,1,19,1,0,1,0,0,0,0,1,0
31,3268.47,39246.37,1,6,56.11,12.8,1,0,166.24,3,3,0,1,8,12,0,0,0,0,0,1,0,1,0
75,2551.15,30499.07,3,8,41.17,13.4,1,0,30.48,1,3,0,1,10,18,1,0,0,0,0,0,1,0,0
59,3336.2,39071.73,2,10,7.46,9.9,0,0,24.33,0,3,1,2,9,8,1,0,0,0,0,0,1,0,0
52,5558.24,66915.12,0,1,34.89,10.0,1,0,31.7,8,4,2,1,9,15,0,0,0,0,1,0,0,0,1
32,1964.69,23901.36,6,20,21.5,12.9,0,0,117.52,2,4,4,1,2,16,1,0,0,0,0,1,1,0,0
58,5324.47,64253.14,5,18,17.49,5.6,2,0,110.37,1,2,4,3,3,18,1,0,1,0,0,0,0,1,0
64,3314.17,39567.8,4,14,17.16,0.9,0,0,74.4,2,5,1,1,8,10,1,0,0,0,1,0,0,0,0
53,4288.37,50436.35,3,10,7.09,8.8,0,0,61.13,2,6,5,0,3,13,1,0,0,0,0,1,1,0,0
73,3935.19,48627.56,2,13,19.9,4.1,1,0,71.08,2,2,5,1,6,15,0,0,0,0,0,0,0,0,0
74,3304.45,39135.09,2,9,27.36,12.7,2,0,17.64,2,5,3,1,2,14,1,0,0,0,1,0,0,1,0
69,2512.11,30327.93,3,11,66.61,6.3,1,1,18.49,2,3,1,1,4,16,1,0,0,0,0,1,1,0,0
73,3391.13,40031.02,1,3,23.31,8.5,0,0,36.66,2,6,7,0,2,16,1,0,0,0,1,0,1,0,0
46,3646.35,44934.05,1,5,15.61,4.6,2,0,40.37,3,4,6,1,10,18,1,0,0,1,0,0,0,0,0
70,4051.33,48303.26,0,2,20.07,3.6,2,0,4.21,2,8,3,0,9,10,0,0,0,0,1,0,0,0,0
20,4459.82,54383.69,2,9,18.82,8.9,1,0,9.52,2,1,2,1,10,12,0,1,0,0,0,0,1,0,0
73,11465.03,135396.48,0,3,14.46,9.4,1,0,44.47,7,4,9,1,9,14,1,0,0,0,1,0,0,0,0
33,3496.84,41539.98,3,14,13.16,19.0,0,1,59.31,1,3,5,0,9,11,1,0,0,0,1,0,1,0,0
42,2291.55,27773.61,2,8,22.96,21.2,3,0,33.14,1,2,1,1,1,12,1,0,0,0,1,0,1,0,0
60,4613.03,54534.17,1,3,22.82,15.0,1,0,13.51,1,2,3,1,1,13,1,0,0,0,0,0,1,0,0
73,2717.75,32366.37,2,7,15.16,3.6,0,0,76.63,2,2,1,1,2,19,1,0,1,0,0,0,0,0,0
40,4496.77,54157.13,1,6,11.77,3.7,0,0,89.78,2,4,2,0,3,15,0,0,0,0,0,1,0,0,0
63,3099.38,37782.04,2,11,16.35,13.8,0,0,15.33,3,3,4,0,6,12,1,0,0,0,0,1,1,0,0
32,7873.12,93967.87,1,5,12.52,2.4,1,0,121.85,3,2,4,1,3,10,0,0,0,1,0,0,1,0,0
57,2979.93,35250.33,2,8,7.46,19.0,0,1,14.69,2,1,0,1,6,8,1,0,0,1,0,0,1,0,0
73,1700.58,20003.31,2,9,44.66,11.4,0,0,187.45,3,5,5,1,8,19,1,0,0,1,0,0,1,0,0
74,2744.95,33518.42,4,17,21.43,27.8,0,0,17.45,0,2,1,1,7,12,0,0,1,0,0,0,1,0,0
64,3233.82,38753.31,2,6,16.83,26.9,1,1,68.27,3,6,3,3,10,10,0,0,0,1,0,0,1,0,1
75,2551.15,30983.4,2,7,16.37,4.5,1,0,35.81,1,5,2,1,4,9,1,0,0,0,0,0,1,0,0
25,1709.47,19623.52,1,6,27.86,4.1,0,0,7.04,1,3,6,0,6,15,0,0,0,0,0,0,0,0,0
39,3007.32,35951.64,3,10,9.3,16.0,0,0,94.62,3,3,1,2,9,11,1,0,1,0,0,0,0,0,0
36,2010.74,23984.04,1,10,19.07,17.1,1,0,164.91,2,3,4,1,2,9,0,1,1,0,0,0,1,0,0
66,3073.05,36512.05,1,5,17.73,5.1,0,0,32.92,1,3,4,0,9,14,0,0,0,1,0,0,0,1,0
22,3005.1,37020.09,2,10,19.96,22.9,0,0,76.78,3,3,5,0,3,10,0,0,1,0,0,0,1,0,0
55,3242.09,39489.74,8,26,26.25,3.8,0,0,162.63,1,4,0,0,8,8,1,0,0,0,1,0,0,0,0
25,2650.46,31189.8,0,4,55.03,10.4,0,1,76.81,3,6,1,0,6,10,1,0,0,0,0,1,0,1,0
26,2328.18,28016.15,0,1,21.79,11.0,1,1,160.06,2,5,3,0,1,20,1,0,1,0,0,0,0,0,0
60,7250.02,85359.3,3,12,13.85,11.5,0,0,23.31,4,5,0,0,10,20,1,0,0,0,0,0,1,0,0
54,2391.85,28952.73,1,3,5.94,8.7,1,0,163.6,4,4,1,0,8,14,0,1,0,0,1,0,1,0,0
22,1704.44,20517.91,2,6,10.9,14.0,1,0,85.19,2,2,4,1,3,15,0,0,0,1,0,0,1,0,0
67,4334.94,52386.43,5,15,18.87,35.4,1,0,7.25,1,4,3,0,2,11,1,0,1,0,0,0,1,0,0
49,3387.54,41283.93,5,18,48.26,10.4,0,1,149.83,2,3,0,2,1,17,1,0,0,1,0,0,0,0,1
74,2753.86,33222.21,4,13,19.51,16.3,1,1,17.09,4,1,5,2,4,13,0,0,0,0,0,0,1,0,0
69,5289.33,64152.21,2,7,47.43,13.9,1,1,0.46,2,4,8,3,5,20,1,0,0,1,0,0,0,0,1
39,5259.95,62574.78,4,13,31.7,13.8,0,0,10.35,1,3,3,2,2,10,1,0,0,0,0,0,1,0,1
44,1641.51,19278.43,5,16,35.31,4.5,0,0,18.05,2,2,1,1,7,18,1,0,0,1,0,0,1,0,0
45,3512.9,43501.5,4,16,49.5,5.8,2,0,7.9,3,5,3,1,8,20,1,0,0,0,1,0,1,0,0
43,1628.94,19161.84,3,11,27.79,15.0,1,1,61.33,1,0,2,0,8,20,0,0,0,0,1,0,1,0,0
42,3727.95,43287.14,3,12,13.11,9.4,3,0,6.91,1,5,2,0,2,11,1,0,0,0,0,0,1,0,0
68,3837.08,46299.31,3,10,10.42,8.1,0,0,37.13,5,4,2,0,5,18,1,0,0,0,0,1,1,0,0
41,900.0,10640.07,1,5,36.91,17.8,0,0,98.01,1,8,6,1,2,15,0,0,0,0,1,0,0,0,0
45,5466.68,64904.8,3,11,69.14,15.3,1,0,56.23,3,2,3,2,10,19,1,0,1,0,0,0,0,0,0
67,3208.09,38595.95,1,5,2.08,5.2,4,0,15.13,2,2,7,0,10,17,0,0,0,1,0,0,0,0,0
57,1583.14,19083.57,2,10,4.3,6.6,2,0,117.05,3,1,1,2,9,13,0,0,0,0,0,1,0,0,0
45,2925.31,35848.26,3,11,8.49,1.7,2,0,38.53,2,2,1,1,5,15,1,0,0,0,1,0,0,0,0
68,4410.72,53404.17,3,12,12.3,16.0,0,1,8.34,1,4,4,1,4,12,1,0,0,0,0,1,0,0,0
74,3950.09,47952.19,0,2,23.41,16.7,1,0,17.41,3,3,4,2,7,20,0,1,1,0,0,0,0,1,0
50,3282.96,40014.58,2,7,17.08,7.6,0,0,72.18,1,5,2,2,7,18,1,0,0,0,1,0,0,1,0
41,3311.22,39400.73,2,8,40.13,3.9,0,0,121.54,0,2,1,1,7,13,0,0,1,0,0,0,0,0,0
56,7926.36,95149.18,2,7,21.5,17.3,1,0,35.86,5,3,3,0,8,19,1,0,0,0,0,1,0,0,0
40,3418.44,40009.03,3,17,20.15,15.3,0,0,32.98,2,3,6,0,5,11,0,1,0,0,0,1,1,0,0
33,5968.07,72401.91,3,10,62.89,23.8,3,0,10.97,3,6,8,1,9,14,1,0,0,1,0,0,0,1,0
45,2084.35,25853.12,2,8,7.57,8.0,1,1,25.88,0,2,4,0,10,15,0,0,0,1,0,0,1,0,0
25,2720.47,32975.69,1,6,6.29,6.1,1,0,130.63,5,4,3,0,10,16,0,1,0,0,0,0,1,0,0
63,4149.19,50794.55,1,4,30.81,8.2,3,0,33.65,3,5,3,0,9,10,1,0,0,0,0,0,1,0,1
50,4496.84,54862.28,5,15,41.28,4.4,0,0,3.51,1,4,2,1,10,18,0,0,0,0,1,0,0,0,0
62,2757.95,33513.64,4,14,18.06,6.4,0,1,30.7,3,3,5,1,8,10,0,0,0,0,0,0,1,0,0
57,1980.66,24164.51,3,11,36.01,17.0,0,1,58.32,3,2,3,0,3,14,1,0,0,0,1,0,0,1,0
46,3646.35,44613.22,6,18,15.02,8.6,1,0,80.34,1,3,3,0,5,9,1,0,0,1,0,0,0,0,0
72,2815.57,34315.14,6,20,40.05,20.3,1,0,52.51,3,4,5,0,1,20,1,0,0,0,0,1,0,1,0
59,3138.39,38299.41,1,3,11.96,2.4,0,0,13.16,4,1,5,0,10,18,1,0,0,1,0,0,0,0,0
57,8138.14,95547.71,9,28,25.6,19.7,0,0,60.42,1,3,5,1,5,18,1,0,0,0,0,0,1,0,1
26,2709.12,32436.27,0,2,6.77,5.1,1,0,34.06,1,3,3,0,4,19,1,0,0,0,0,1,0,0,0
42,5468.99,66380.27,4,14,16.15,26.1,1,1,107.71,3,0,5,0,6,8,1,0,0,0,1,0,0,0,0
62,2680.3,32103.38,4,15,18.44,11.1,1,1,59.91,2,4,3,0,9,8,0,0,0,0,0,0,0,1,0
66,2082.35,24705.27,2,8,22.84,12.2,0,1,51.57,2,4,2,1,1,13,1,0,0,0,0,0,0,0,0
32,2292.57,27989.75,0,3,45.96,10.3,0,0,22.17,4,4,4,0,7,9,1,0,0,0,0,0,1,0,0
53,3976.83,47022.4,9,29,45.12,11.1,1,0,29.09,3,5,1,1,9,18,1,0,0,0,0,1,0,0,0
46,4212.03,50152.7,2,7,24.7,15.3,1,1,21.94,3,6,4,0,7,14,0,0,0,0,0,0,0,0,0
18,1487.12,17354.05,1,5,9.65,24.9,0,0,148.32,0,3,3,1,5,9,1,0,0,0,0,1,1,0,0
36,1635.58,19406.65,1,8,18.18,10.2,0,0,17.42,2,0,1,1,10,15,1,0,0,0,1,0,0,1,0
45,1670.09,19898.1,1,5,5.0,9.4,2,0,16.38,0,4,1,0,7,12,1,0,0,0,1,0,0,0,0
26,2243.54,27226.54,3,11,25.32,12.4,1,0,44.34,1,6,3,1,8,15,1,0,1,0,0,0,0,0,0
54,2527.24,30052.64,2,8,18.53,1.3,2,0,60.11,0,8,3,1,8,18,0,1,0,0,0,1,1,0,0
68,1397.22,16918.83,0,2,6.78,20.0,0,0,135.06,3,3,4,0,6,14,1,0,1,0,0,0,1,0,0
63,2390.93,29556.64,5,17,13.78,24.7,1,0,88.52,4,3,3,0,6,10,1,0,1,0,0,0,1,0,0
19,3502.86,41364.19,2,9,13.0,22.8,0,0,16.5,2,5,3,3,1,9,0,0,0,0,0,1,0,0,0
36,3352.06,40294.13,4,14,11.34,16.2,1,1,0.91,1,1,2,0,6,10,1,0,0,0,1,0,0,0,0
54,2875.49,33942.64,0,2,7.16,17.7,2,0,2.95,2,4,3,0,6,17,1,0,1,0,0,0,1,0,1
66,5774.24,69816.84,1,7,30.28,10.0,1,0,4.57,0,5,4,1,6,12,1,0,1,0,0,0,0,0,0
33,2153.27,26125.64,1,4,34.29,8.8,0,0,0.24,2,4,4,0,9,14,0,0,0,0,0,0,0,0,0
74,4293.33,51181.31,3,14,12.0,9.7,0,1,142.79,2,3,3,0,5,19,1,0,0,0,1,0,1,0,0
63,4980.97,60169.12,6,22,30.79,3.9,2,0,43.89,2,4,5,1,5,12,1,0,0,0,0,1,0,0,0
48,8824.75,106340.76,3,12,12.14,10.6,0,1,22.0,1,7,5,1,1,9,0,0,0,0,0,0,1,0,1
69,2388.5,28531.58,5,17,14.42,25.2,0,0,10.88,4,5,1,2,1,9,0,0,0,0,0,0,1,0,0
18,3542.77,41314.7,4,14,30.82,7.7,1,1,39.22,3,3,1,2,7,11,1,0,0,1,0,0,1,0,0
66,8631.47,104573.57,0,1,21.81,8.5,0,0,13.69,0,6,4,2,8,14,1,0,0,0,1,0,0,0,0
75,3418.86,41271.38,5,17,52.98,15.7,0,1,69.18,1,1,1,1,7,15,1,0,0,0,0,1,0,1,0
67,3307.81,38288.8,3,13,44.51,13.1,0,0,54.65,1,5,3,1,6,18,0,0,0,0,0,0,1,0,0
30,3894.1,46283.35,2,8,31.76,4.2,1,0,167.84,1,5,5,0,7,17,0,0,0,0,0,1,0,1,0
55,2056.63,25369.5,5,17,16.99,4.3,0,1,89.33,1,3,4,0,9,20,0,0,0,0,0,0,0,1,0
41,2135.02,25524.68,2,6,4.16,4.6,2,0,12.85,2,7,4,1,1,9,0,0,1,0,0,0,1,0,0
34,2481.45,29645.76,4,18,16.93,11.9,1,0,28.1,1,3,5,1,9,9,0,0,0,0,0,0,1,0,0
60,2504.59,29798.13,1,2,44.57,31.3,0,0,2.7,7,3,2,0,3,16,0,0,0,0,0,1,1,0,1
75,3418.86,42072.74,6,20,17.36,9.9,3,1,10.1,4,6,3,2,5,13,0,0,0,0,0,1,0,0,0
60,4468.28,53212.09,3,11,38.8,9.1,0,0,86.86,1,5,3,0,3,13,1,0,0,0,0,1,0,0,1
24,4972.64,59949.86,2,10,31.2,29.3,1,0,25.28,1,3,2,1,9,18,1,0,0,0,0,1,1,0,0
61,2025.66,24652.66,5,20,31.03,4.8,0,0,33.84,0,1,2,0,2,9,1,0,0,0,1,0,1,0,0
35,2683.35,31916.89,1,3,5.88,24.0,2,0,49.71,0,4,6,0,5,14,1,0,1,0,0,0,1,0,0
61,9287.34,110607.04,3,10,16.95,4.4,1,0,219.23,1,6,1,2,1,19,1,0,1,0,0,0,1,0,0
74,2753.86,32119.27,5,15,46.05,24.6,1,1,263.82,0,4,1,1,2,15,1,0,0,0,0,0,1,0,0
29,2953.05,35513.44,2,8,36.34,13.3,3,0,26.89,3,6,2,0,10,19,1,0,0,0,0,1,0,0,0
44,2210.65,26043.05,0,2,40.61,7.8,0,0,48.09,4,7,3,1,3,16,0,0,0,0,1,0,1,0,0
43,4469.78,54591.11,6,20,53.38,10.7,1,0,6.78,1,5,2,0,8,14,1,0,0,0,0,1,0,0,0
63,1645.68,19473.07,5,15,19.78,12.4,2,0,93.05,0,5,4,1,4,20,1,0,0,0,0,0,0,0,0
20,4422.56,53789.35,1,5,11.87,24.3,1,0,31.03,3,3,3,2,7,16,1,0,0,0,1,0,1,0,0
57,4116.96,48845.9,0,4,24.55,19.6,1,0,96.83,2,3,3,1,8,20,0,1,0,1,0,0,1,0,0
68,2434.42,28786.08,3,11,12.01,8.1,1,0,48.69,2,6,6,2,7,16,1,0,0,1,0,0,0,1,0
70,5883.31,70989.87,1,7,20.83,12.4,0,0,23.08,1,6,4,0,10,10,1,0,0,0,1,0,1,0,0
73,3078.21,37896.72,4,17,10.25,20.5,2,0,20.43,2,3,10,1,2,16,1,0,1,0,0,0,0,0,0
58,3100.48,36920.87,4,14,17.1,8.7,1,0,6.5,4,4,3,0,5,10,0,0,0,0,1,0,1,0,0
30,2012.86,23967.42,1,5,7.37,2.5,1,0,15.98,2,1,2,1,10,10,1,0,0,0,0,0,1,0,0
53,3151.85,37772.79,1,4,50.3,14.4,1,0,0.6,5,6,8,0,3,19,0,0,0,0,1,0,1,0,0
27,2476.63,30631.92,1,5,33.84,2.9,2,0,21.09,4,3,1,0,4,14,0,0,0,0,0,1,0,0,0
18,2456.21,29484.66,2,9,24.93,3.9,0,0,172.53,3,4,6,1,5,17,0,0,0,0,1,0,1,0,0
45,3790.29,45309.33,3,13,91.03,23.0,2,1,48.49,1,6,0,0,3,12,0,0,0,0,0,0,0,0,1
60,4468.28,53338.97,5,19,22.31,11.1,0,0,47.65,2,2,2,2,10,11,1,0,0,0,0,1,0,1,0
58,2569.13,31349.7,3,10,54.22,7.2,3,1,25.98,2,4,1,0,8,10,1,0,0,0,0,1,1,0,0
73,1769.8,20713.47,2,7,55.52,4.3,0,0,49.66,2,3,3,0,4,14,1,0,0,1,0,0,1,0,0
67,2847.59,33560.78,1,5,33.62,5.4,1,1,30.49,2,4,2,0,10,15,1,0,1,0,0,0,1,0,0
22,3842.5,46225.36,2,6,8.49,2.6,2,0,0.37,1,3,4,0,5,12,0,0,0,0,1,0,1,0,0
74,2283.4,27151.21,3,9,27.57,11.7,1,0,41.27,3,4,1,2,4,14,1,0,0,1,0,0,0,1,0
69,1376.1,16717.94,8,25,21.61,8.8,1,1,47.55,4,4,2,0,6,16,1,0,0,1,0,0,0,1,0
23,2789.93,33165.35,3,11,60.07,11.2,0,0,54.65,0,3,1,0,4,10,1,0,0,0,0,0,1,0,0
61,1904.69,23132.54,5,17,30.91,9.8,3,0,20.19,3,5,5,0,6,10,0,0,1,0,0,0,0,0,0
26,3913.21,47554.85,1,5,46.01,6.0,0,1,61.6,3,2,0,0,6,18,1,0,0,0,0,1,1,0,0
55,5226.07,62380.03,3,16,9.9,17.6,1,1,79.0,4,3,1,0,5,16,1,0,1,0,0,0,0,1,0
47,5997.81,73277.59,0,4,9.97,7.6,0,0,20.12,0,1,6,1,1,14,1,0,0,0,0,1,1,0,0
26,2496.02,29329.38,4,15,13.49,21.8,0,0,14.91,3,5,1,0,10,10,1,0,0,0,1,0,0,0,0
34,3532.46,41506.71,4,12,14.83,11.6,2,1,44.23,2,6,1,1,10,17,1,0,0,0,1,0,0,1,1
50,3442.09,40691.21,2,8,5.43,13.1,1,0,70.88,1,5,2,1,1,20,1,0,1,0,0,0,0,0,0
72,2959.67,35149.22,1,6,28.62,17.4,0,0,4.77,5,6,4,1,7,15,1,0,0,0,0,1,1,0,0
49,4887.88,59195.17,4,14,16.99,10.5,0,1,29.99,4,4,3,0,8,9,1,0,0,0,0,0,0,1,0
60,4973.83,59893.04,1,3,17.01,8.0,1,1,78.84,6,2,1,0,9,15,1,0,0,0,0,0,1,0,0
21,3813.81,44553.12,1,3,23.2,8.3,4,0,24.05,2,6,0,0,6,12,1,0,0,0,0,0,1,0,0
24,2883.29,34822.6,4,15,20.67,17.0,1,0,114.8,4,7,6,1,6,16,0,0,0,1,0,0,0,1,0
30,4994.58,58493.2,1,7,5.16,14.4,1,0,30.68,3,4,2,1,10,18,1,0,0,1,0,0,1,0,0
39,2734.36,32893.15,5,16,21.88,4.4,2,0,71.09,2,4,3,0,3,10,1,0,1,0,0,0,0,0,0
43,1296.11,15637.01,5,20,12.19,20.1,2,0,11.54,2,1,3,0,1,10,0,0,0,0,0,1,0,0,0
27,3469.83,42310.25,2,10,39.7,0.6,1,0,48.52,2,3,5,0,5,9,1,0,1,0,0,0,0,0,0
67,1853.09,22590.14,3,10,51.23,13.5,1,0,4.13,3,7,2,0,8,13,1,0,0,0,1,0,0,1,0
40,3336.45,39938.87,4,17,58.7,1.6,0,0,1.97,3,2,3,2,6,11,0,0,0,1,0,0,1,0,0
73,1700.58,20100.15,0,1,16.54,9.1,1,0,54.29,2,5,1,0,4,11,1,0,0,1,0,0,1,0,0
62,2475.69,29033.85,0,4,5.07,14.9,0,0,69.62,2,3,4,1,4,13,0,1,0,0,0,0,1,0,0
20,3794.15,44536.22,3,14,46.52,2.6,0,0,42.58,2,5,0,0,7,13,0,0,0,1,0,0,1,0,0
25,3667.77,44215.81,3,13,6.07,16.9,0,0,63.98,2,4,6,1,3,20,0,1,0,0,0,0,0,1,0
58,6560.97,80152.2,3,8,26.24,10.7,1,0,4.36,2,3,4,0,6,18,0,0,0,0,0,1,0,0,0
57,4075.87,47226.48,2,8,14.39,11.5,0,0,44.4,7,8,3,0,10,11,1,0,0,0,0,1,0,0,0
50,3442.09,41539.41,2,8,4.26,16.7,2,0,98.23,2,6,3,0,9,15,1,0,1,0,0,0,0,0,0
29,3199.54,38968.07,0,3,1.92,19.8,1,0,15.71,6,5,2,1,2,14,1,0,0,0,0,1,0,0,0
42,1918.11,23490.0,3,13,28.02,4.1,1,0,68.79,1,1,2,0,3,8,1,0,0,0,0,0,1,0,0
36,5733.79,67212.28,0,4,2.98,11.3,3,0,214.05,1,3,4,0,4,17,0,0,0,0,0,0,0,1,0
56,1537.73,18244.32,4,14,44.52,8.7,1,1,73.13,1,2,4,3,4,9,0,1,0,0,0,1,0,1,0
18,2456.21,29357.88,3,10,11.62,9.9,0,0,15.06,1,4,4,0,4,12,0,0,0,0,1,0,0,0,0
62,2283.64,26848.22,1,6,27.85,12.0,0,1,20.83,2,2,2,3,10,17,0,0,0,0,0,1,0,1,0
37,3260.67,38557.9,4,14,21.95,9.6,0,0,17.6,2,6,2,0,10,11,0,0,1,0,0,0,1,0,0
51,2809.35,33820.64,4,13,15.06,13.6,1,1,19.94,4,1,3,0,6,17,1,0,1,0,0,0,0,1,0
43,6047.41,71447.95,4,12,33.54,26.1,0,0,21.86,2,5,5,0,4,13,1,0,0,0,0,1,1,0,0
32,3735.23,44550.56,4,15,30.94,3.7,1,0,7.47,4,5,3,0,9,9,1,0,0,0,1,0,1,0,0
71,7607.28,90500.29,3,14,39.7,13.8,1,0,8.26,0,4,2,0,10,14,1,0,1,0,0,0,0,1,0
68,4515.37,54485.59,2,9,68.83,10.5,0,0,38.73,2,4,6,0,9,19,1,0,0,1,0,0,1,0,1
54,2947.73,35560.36,2,8,22.51,9.1,0,0,121.45,2,1,1,0,3,15,0,1,1,0,0,0,1,0,0
48,5084.5,60665.19,4,14,37.36,15.4,1,0,5.15,4,8,4,1,10,12,0,0,1,0,0,0,0,0,1
25,3640.43,42823.64,1,7,42.72,15.3,2,1,47.16,4,2,3,2,7,13,1,0,0,0,0,0,0,0,0
67,2300.14,27673.27,3,14,13.3,19.6,0,0,20.5,1,2,2,2,7,8,0,0,1,0,0,0,1,0,0
64,3233.82,38923.15,0,1,30.03,11.3,0,1,45.05,1,2,2,0,10,18,1,0,0,1,0,0,1,0,0
60,2829.15,34691.58,4,16,38.14,12.0,0,1,3.21,2,9,1,1,1,13,1,0,0,0,0,0,0,0,1
42,2623.16,30915.56,3,12,10.84,11.9,0,1,20.54,2,3,4,0,3,20,0,0,0,1,0,0,0,1,0
32,2692.11,33233.07,1,6,8.11,17.0,1,0,32.69,1,3,1,0,2,14,1,0,1,0,0,0,1,0,0
54,2527.24,30289.79,1,4,10.18,4.1,0,0,114.84,2,0,4,0,3,18,1,0,0,0,0,1,0,0,0
20,2651.5,31492.91,5,16,30.77,8.0,0,1,18.85,2,2,5,1,8,20,1,0,0,0,0,0,0,1,0
61,4878.58,58924.43,1,6,33.62,19.9,1,0,16.71,2,3,3,1,10,16,0,0,0,0,0,0,1,0,0
55,4284.97,50055.87,3,10,23.71,9.4,1,0,73.36,1,6,3,1,8,11,1,0,0,0,0,1,0,0,0
51,1961.11,23546.07,1,5,16.24,7.1,1,0,71.29,1,3,2,0,1,9,0,0,0,0,1,0,0,1,0
63,3310.3,40856.33,3,12,10.43,6.2,2,0,54.0,2,1,9,0,9,17,1,0,0,0,0,1,1,0,0
29,2859.95,34595.06,6,20,49.08,8.4,0,1,20.71,1,8,0,0,9,11,1,0,0,1,0,0,0,1,0
70,4442.67,53950.5,0,3,10.42,8.9,1,0,211.34,3,6,3,2,3,17,0,0,0,0,1,0,0,1,0
45,1763.05,21201.26,2,8,18.12,22.4,0,0,58.85,4,3,3,0,3,13,1,0,0,0,1,0,0,1,1
54,3400.56,40989.59,5,18,16.27,3.1,0,0,51.6,1,6,4,1,10,9,0,0,0,1,0,0,0,0,0
45,2334.29,28391.3,3,12,15.72,20.1,1,1,38.22,0,6,5,1,1,15,1,0,0,0,0,1,0,1,0
49,5638.88,69724.45,4,14,11.45,4.6,0,0,4.89,2,8,2,0,4,19,1,0,0,0,0,0,1,0,0
19,4360.15,52578.32,2,10,21.42,9.9,1,0,6.95,1,4,3,0,8,18,1,0,0,1,0,0,1,0,0
62,8583.11,102429.72,5,18,22.1,23.5,1,0,92.22,2,5,4,0,4,18,1,0,0,0,0,0,1,0,0
72,6006.01,71990.18,4,14,33.08,14.3,0,0,9.96,2,4,6,0,10,13,1,0,0,1,0,0,1,0,0
61,2328.93,28130.38,5,20,20.2,30.3,2,0,80.9,3,6,4,0,3,17,0,1,0,0,1,0,1,0,0
45,4177.15,49611.51,4,14,11.82,7.5,1,1,160.87,5,3,0,1,4,14,1,0,0,0,0,1,0,1,0
40,3418.44,42021.05,3,12,14.55,7.2,0,0,33.53,3,7,1,0,4,9,1,0,0,0,0,1,0,1,0
42,4327.45,52235.95,2,9,31.9,9.8,0,1,176.56,3,5,1,3,6,12,1,0,0,1,0,0,0,0,1
73,3878.64,46348.51,2,10,17.1,18.7,1,0,16.36,4,2,3,0,7,14,1,0,1,0,0,0,0,0,1
28,4896.28,59265.27,1,5,8.2,10.0,1,0,5.63,4,3,3,0,8,15,1,0,0,0,0,0,1,0,0
46,1484.97,17762.17,4,12,13.02,11.0,2,0,1.48,2,2,5,2,8,9,0,0,0,0,0,0,0,1,1
70,4797.07,57839.02,3,12,15.84,19.8,4,1,15.7,3,4,2,1,8,16,1,0,0,0,0,0,0,0,0
21,2424.8,28833.99,8,26,23.7,16.6,1,1,86.27,1,4,5,0,8,10,1,0,0,0,0,0,0,0,0
52,3921.95,46453.12,2,10,24.01,5.6,1,1,112.89,1,5,4,0,3,9,0,0,0,1,0,0,1,0,0
62,3900.72,47037.63,4,14,28.84,10.7,3,0,8.42,3,4,4,0,1,11,0,0,0,1,0,0,0,1,0
67,7316.51,87224.69,3,9,18.65,8.4,0,1,76.82,2,4,6,0,2,9,1,0,0,0,0,1,0,1,0
28,3345.11,39600.64,1,2,28.8,3.6,0,0,79.18,5,4,8,2,7,18,1,0,0,1,0,0,0,1,0
63,2882.97,35556.25,5,17,22.81,16.9,2,1,9.89,2,2,3,0,9,20,0,0,0,1,0,0,0,1,0
28,3930.31,47003.62,2,7,14.75,16.6,2,0,27.48,0,4,1,2,4,8,1,0,0,0,0,0,0,0,1
21,2734.51,33243.38,1,4,11.92,13.9,1,0,34.6,4,5,3,0,5,19,1,0,0,0,1,0,1,0,0
56,2127.72,25593.95,2,10,17.76,11.7,0,1,47.37,3,2,2,0,5,14,1,0,0,0,0,1,1,0,0
29,1759.27,21298.89,6,20,17.57,16.6,1,1,61.45,2,3,1,2,9,12,1,0,1,0,0,0,1,0,0
60,3400.65,40955.35,3,10,50.76,15.2,0,1,88.46,3,5,3,0,2,15,1,0,1,0,0,0,1,0,1
30,1767.17,21977.43,2,7,7.45,5.0,0,0,22.01,1,3,1,0,4,8,0,0,1,0,0,0,0,0,0
69,2388.5,28620.92,1,3,30.83,19.7,0,0,115.14,2,7,1,0,1,20,1,0,0,0,0,0,1,0,0
45,3430.86,41949.0,3,11,20.19,13.2,0,0,129.48,1,7,1,0,9,12,0,0,0,1,0,0,1,0,0
64,3236.14,39072.81,3,11,68.17,12.2,1,1,33.12,2,8,4,1,7,14,1,0,0,0,1,0,0,0,1
72,1896.3,22950.1,2,7,4.72,21.9,1,0,365.0,5,4,0,0,8,19,1,0,0,1,0,0,0,1,0
44,3360.97,41191.4,1,4,15.36,1.3,1,0,33.8,1,8,3,0,3,14,0,0,0,0,0,0,0,0,0
62,2922.36,34914.76,3,10,45.73,19.8,2,0,7.22,1,7,3,0,5,20,1,0,0,0,1,0,0,0,0
67,2912.79,35049.99,2,6,10.46,22.7,0,1,121.68,1,5,4,1,2,10,1,0,1,0,0,0,1,0,0
47,2467.8,29989.38,2,8,40.53,10.0,0,0,11.65,0,5,5,0,8,10,1,0,0,0,0,0,0,0,0
54,2605.7,31501.5,0,5,3.65,9.3,0,0,36.27,2,4,2,1,8,11,0,0,0,0,0,0,0,0,0
60,3377.61,40196.83,0,2,15.98,7.4,1,0,2.22,2,3,2,0,2,11,1,0,0,0,0,0,0,1,0
28,5869.64,68838.04,0,5,19.1,7.2,0,0,7.19,2,4,4,1,3,20,0,0,0,1,0,0,0,1,0
63,4980.97,57888.82,5,15,12.19,7.3,1,0,275.7,1,8,6,1,5,11,0,1,0,0,0,1,0,0,0
52,3263.72,38645.37,3,12,38.35,9.1,0,0,94.68,2,5,3,1,7,17,1,0,0,0,0,0,0,1,0
34,5566.32,66788.61,1,4,8.81,10.4,0,0,38.21,1,5,5,0,9,9,1,0,0,0,1,0,1,0,0
33,4092.33,48867.15,2,7,64.23,11.4,0,0,362.09,1,1,2,1,9,16,1,0,0,0,0,0,1,0,0
69,1962.01,23278.23,3,11,20.56,22.7,1,1,23.6,3,5,2,1,3,15,1,0,0,0,0,0,0,1,0
35,1542.23,18108.34,3,11,10.36,8.8,2,0,55.12,1,5,4,0,8,10,0,0,0,0,0,1,0,0,0
28,5185.46,63624.92,1,3,8.47,2.7,1,0,13.49,0,3,2,1,2,9,0,0,0,0,0,0,1,0,0
54,4167.18,51608.53,1,5,12.18,16.1,0,0,190.14,0,6,4,0,2,11,1,0,0,0,0,0,0,0,1
62,7720.01,92449.59,4,12,20.95,19.2,0,1,27.35,2,6,2,3,2,18,1,0,0,1,0,0,1,0,1
42,1700.25,19937.45,3,9,15.05,4.6,1,0,95.01,2,0,1,0,5,19,1,0,0,0,1,0,0,0,0
30,3387.81,40491.6,3,12,9.38,17.4,0,1,9.9,3,8,0,0,6,19,1,0,0,1,0,0,1,0,0
56,2127.72,25145.92,6,21,48.8,18.7,0,1,8.44,0,6,4,2,5,13,0,0,0,0,0,1,1,0,0
68,5374.32,63889.64,1,4,14.67,8.8,1,0,21.21,0,2,0,3,2,17,0,0,0,0,1,0,0,0,0
70,7704.74,93239.65,1,2,12.02,7.3,0,0,38.72,1,5,2,0,3,18,0,0,0,0,0,0,1,0,0
52,2621.32,32076.37,2,8,19.47,4.2,0,0,0.45,1,6,2,2,7,16,1,0,0,0,0,0,0,1,1
32,2692.11,32693.12,5,16,47.17,6.2,0,0,20.87,3,2,1,1,2,20,1,0,1,0,0,0,1,0,0
52,5341.67,65045.25,2,6,10.35,9.0,0,0,56.16,4,6,4,1,5,18,0,0,0,1,0,0,1,0,0
74,2581.01,30785.21,0,4,20.28,8.0,1,0,44.22,2,6,3,0,2,8,1,0,0,0,1,0,1,0,0
39,3768.59,46045.77,2,7,13.45,7.0,1,0,16.39,1,3,1,0,6,14,1,0,0,0,1,0,0,0,0
73,2667.16,32734.03,0,1,6.92,2.5,2,0,55.93,3,4,2,1,8,12,0,0,1,0,0,0,1,0,0
36,2633.91,32128.52,8,24,16.22,14.1,0,0,45.44,4,7,4,1,9,16,1,0,0,0,0,1,0,0,0
68,1982.18,23526.01,6,19,27.25,16.0,1,1,3.09,2,4,3,0,2,10,1,0,0,0,0,0,0,0,0
37,1820.64,22073.18,3,10,37.81,7.4,1,1,14.99,3,4,0,0,4,17,1,0,0,1,0,0,0,0,0
30,1996.64,24072.77,0,2,9.74,14.1,0,0,27.78,1,7,4,1,4,13,0,0,0,0,1,0,1,0,0
50,2517.49,29575.81,10,30,33.13,4.9,1,1,5.86,3,3,5,1,2,14,1,0,0,0,1,0,0,0,1
58,2718.21,32436.65,5,21,61.63,17.7,0,0,15.02,2,6,1,2,9,12,0,0,0,1,0,0,1,0,1
62,4937.19,60091.44,2,8,35.63,15.8,1,0,1.02,2,1,2,1,6,8,1,0,0,0,0,1,1,0,0
22,3762.37,45435.1,5,18,21.39,16.3,1,1,77.39,1,0,4,0,3,17,0,0,0,0,1,0,0,0,0
38,2360.58,28067.08,1,5,12.67,1.4,0,0,33.74,2,5,1,1,10,18,1,0,1,0,0,0,1,0,0
63,2390.93,28187.8,1,7,48.24,4.6,2,0,22.21,0,4,2,0,5,19,1,0,1,0,0,0,0,1,0
33,5968.07,71878.75,3,12,20.3,2.2,0,0,65.23,3,5,1,1,6,19,0,0,0,1,0,0,1,0,0
22,1704.44,20739.07,0,1,9.38,0.1,0,0,5.69,1,2,4,1,4,20,1,0,0,1,0,0,1,0,0
54,2755.78,32880.85,0,1,16.93,9.7,0,0,98.62,4,1,2,1,7,20,1,0,0,0,0,0,0,0,0
35,2823.59,33833.91,1,5,2.71,13.2,1,0,4.89,3,5,3,0,7,18,0,0,0,0,0,1,1,0,0
72,3040.44,37570.18,0,4,3.76,1.2,0,0,7.52,3,6,3,0,7,16,1,0,0,0,0,1,1,0,0
62,1756.06,21515.33,3,11,9.01,13.2,2,0,29.37,1,3,5,0,4,16,1,0,0,0,0,1,0,0,0
40,3036.74,36723.25,7,21,16.66,4.1,0,0,35.27,1,5,3,1,4,15,0,1,1,0,0,0,0,1,0
47,5766.43,69730.61,3,11,22.1,16.9,1,0,19.12,2,5,1,0,3,13,1,0,0,0,1,0,1,0,0
74,2744.95,33487.94,1,5,16.38,18.8,0,0,8.1,2,3,6,0,9,10,0,0,1,0,0,0,0,0,1
30,5633.92,67783.41,0,3,27.96,2.8,0,0,47.63,1,5,1,0,1,14,1,0,0,0,0,1,1,0,0
36,2010.74,23840.29,1,5,26.43,14.6,0,0,58.33,4,2,8,1,2,10,1,0,1,0,0,0,0,0,0
45,3048.15,37827.08,1,7,4.35,17.1,1,0,41.09,1,2,4,2,1,16,1,0,0,1,0,0,0,0,0
51,2957.53,36499.53,3,13,27.69,16.7,1,0,60.62,1,2,2,1,2,13,0,0,1,0,0,0,1,0,0
53,2695.32,32451.3,2,9,17.44,13.2,0,0,0.95,1,3,3,0,9,17,1,0,0,1,0,0,0,1,0
52,4749.86,56432.23,0,2,2.93,28.9,0,0,15.99,2,1,0,0,5,10,1,0,0,0,1,0,1,0,1
26,5691.25,69100.76,3,10,65.39,32.6,2,1,11.19,4,1,4,2,4,11,1,0,0,1,0,0,1,0,0
47,3979.94,48229.38,1,5,39.23,8.7,1,0,1.65,0,8,6,1,5,17,1,0,0,0,0,0,0,0,0
67,3608.6,42688.06,11,34,54.66,16.9,0,1,3.68,6,5,2,3,6,8,1,0,0,0,0,1,0,0,1
26,5505.47,67525.63,4,15,39.35,12.2,2,1,26.44,2,3,2,1,4,9,1,0,0,0,0,0,1,0,0
68,2657.29,32518.22,1,7,3.21,10.7,2,0,21.02,2,8,4,0,9,9,1,0,0,0,1,0,1,0,0
43,3370.44,41018.84,3,13,10.66,9.4,1,1,85.76,4,3,2,2,4,11,0,0,0,0,1,0,0,1,0
21,3813.81,45247.86,2,12,11.64,7.8,0,0,100.02,3,2,5,0,9,13,0,0,0,0,0,0,0,1,0
30,1996.64,23123.4,0,0,14.2,13.0,0,0,19.99,1,5,1,0,5,13,1,0,0,0,1,0,1,0,0
64,2737.36,32895.91,4,13,14.63,12.2,2,0,3.19,2,4,4,0,3,17,0,0,1,0,0,0,1,0,0
50,2293.0,27663.36,6,19,12.88,2.5,0,0,94.31,5,3,3,0,3,18,0,0,0,0,0,1,0,0,0
69,6388.67,78051.55,4,14,51.83,11.0,0,1,2.08,2,3,4,0,4,15,0,0,0,1,0,0,0,0,1
52,3921.95,46835.55,1,4,29.34,19.5,0,1,1.24,0,6,2,0,8,8,1,0,0,1,0,0,0,1,0
52,2310.55,27788.27,3,13,12.34,27.5,1,0,21.34,1,2,1,0,3,9,1,0,1,0,0,0,0,1,0
61,4250.49,50457.17,0,3,1.0,0.5,3,0,39.24,1,3,1,0,5,10,1,0,1,0,0,0,1,0,0
31,2493.74,29726.41,3,12,21.93,13.6,3,1,223.52,0,0,3,1,5,8,0,0,0,0,1,0,1,0,0
48,11677.83,140060.36,6,21,64.27,7.4,0,0,49.09,2,3,2,0,5,20,1,0,0,0,0,0,1,0,0
24,4975.35,59373.21,6,22,22.91,13.3,0,0,104.35,4,4,3,1,6,17,1,0,0,0,0,0,1,0,0
37,3737.53,44228.88,7,22,47.24,2.8,0,0,14.23,4,2,2,3,1,15,1,0,0,0,1,0,1,0,0
66,3464.08,41135.43,7,24,14.4,2.4,1,0,19.11,2,4,5,1,8,17,1,0,0,0,0,0,0,0,0
47,3792.97,45140.76,2,9,22.01,24.9,2,0,100.82,7,3,4,2,8,8,1,0,0,1,0,0,1,0,0
22,1977.22,23518.63,5,16,61.57,14.3,0,0,9.81,2,4,3,0,10,17,0,0,0,0,0,0,1,0,0
37,4110.24,48839.0,5,19,13.38,18.3,1,1,72.39,3,4,4,2,5,14,1,0,0,0,0,0,0,1,0
33,3894.39,46363.94,3,10,11.03,6.1,2,0,93.88,1,2,6,0,9,11,0,0,0,1,0,0,0,0,0
33,1943.71,24054.11,4,12,47.0,7.6,2,0,14.58,1,2,3,1,9,17,1,0,0,1,0,0,0,1,0
33,2558.83,31239.58,2,6,11.82,12.6,2,0,31.99,4,1,3,1,5,9,1,0,0,0,1,0,1,0,0
65,3500.65,40983.39,3,10,37.17,6.5,1,0,58.48,2,6,3,0,10,14,0,1,1,0,0,0,1,0,0
40,1895.78,22412.93,4,14,35.83,21.8,0,1,131.3,2,4,2,2,3,8,1,0,0,0,0,1,0,0,1
20,2427.37,28938.47,6,18,51.34,13.7,0,1,22.07,3,2,3,0,6,10,1,0,0,0,0,0,0,1,0
23,2775.31,33262.51,3,14,11.94,24.3,1,0,86.14,1,5,3,1,3,13,0,0,0,1,0,0,0,0,0
55,2056.63,24714.1,6,18,16.08,10.1,0,1,100.88,1,3,4,0,3,19,0,0,0,0,0,0,0,0,1
44,4531.14,54572.41,1,5,6.37,14.4,3,1,23.54,2,4,1,0,10,18,0,0,0,0,0,0,1,0,0
46,4212.03,51081.18,2,13,24.29,10.0,0,1,15.8,1,3,3,1,5,12,1,0,0,0,0,0,1,0,0
43,4665.52,55760.48,6,20,12.53,11.9,0,0,18.96,3,2,1,1,8,10,0,0,0,0,0,0,0,1,0
20,5378.55,65990.64,2,9,39.42,3.0,1,0,32.3,1,4,2,0,7,8,1,0,0,0,1,0,1,0,0
54,4345.17,51634.63,1,3,17.95,17.0,2,1,15.0,3,5,2,0,2,15,1,0,0,0,0,1,0,0,0
52,3037.08,36103.35,3,10,8.09,8.5,2,0,24.39,2,4,2,2,8,12,0,0,0,0,1,0,0,0,0
45,6210.99,73597.72,3,13,34.76,13.0,0,0,53.54,2,5,3,0,10,10,0,0,0,0,0,1,1,0,1
69,4870.27,58033.78,6,23,20.12,24.0,3,1,7.84,3,6,6,0,5,12,1,0,0,0,1,0,1,0,1
63,3609.56,43630.03,0,3,1.26,2.8,1,0,295.07,7,3,2,1,10,17,1,0,0,0,0,0,1,0,0
40,3036.74,36451.95,4,14,8.6,17.0,0,0,206.73,2,4,1,0,8,13,0,0,1,0,0,0,1,0,0
18,4161.14,49949.78,6,21,27.06,11.0,0,1,5.2,1,4,3,0,10,14,0,0,0,0,1,0,0,1,0
49,6479.95,79794.23,2,5,7.87,10.4,0,1,17.1,3,6,7,1,4,11,1,0,0,0,0,0,0,1,0
62,4098.8,49633.7,6,19,30.37,2.9,1,0,1.1,1,3,5,0,9,19,1,0,0,0,0,1,0,0,0
24,4463.04,52914.59,4,17,8.83,9.9,1,0,48.88,1,0,3,0,5,11,1,0,0,0,1,0,1,0,0
49,2662.35,31839.96,3,8,12.52,6.6,0,0,14.32,1,1,4,0,5,19,0,1,0,0,0,0,0,1,0
40,2267.25,26752.89,4,12,15.72,5.1,0,0,103.9,0,4,1,1,3,14,1,0,0,0,0,0,1,0,0
60,2504.59,31139.17,1,6,4.8,5.1,0,0,63.17,3,4,4,3,10,17,1,0,0,0,0,1,0,0,0
47,1729.0,20731.15,4,15,29.2,22.4,1,1,18.15,2,3,2,0,4,9,1,0,0,0,0,1,1,0,1
53,3975.55,48453.13,3,9,101.7,16.9,1,0,43.9,3,5,3,0,8,20,1,0,0,0,1,0,1,0,0
49,3483.95,42015.75,1,4,31.46,1.4,1,0,12.14,2,4,2,1,5,11,1,0,0,0,0,1,0,0,0
20,2209.73,26881.48,2,6,72.72,10.5,0,0,64.02,3,3,3,2,8,18,0,1,0,0,0,1,1,0,0
37,1991.24,24536.36,3,12,23.03,5.8,1,0,45.52,2,2,4,1,6,14,0,0,0,0,1,0,1,0,0
71,1975.43,23929.55,2,6,20.29,3.2,0,0,28.27,4,3,1,0,3,12,0,0,0,0,0,1,0,0,0
48,3001.52,35918.15,1,5,16.24,10.5,0,0,210.79,3,2,4,0,6,18,1,0,0,0,0,0,0,0,0
73,3944.79,48422.08,2,8,29.77,5.3,1,0,6.11,0,4,2,0,5,11,0,0,0,1,0,0,0,1,0
51,1961.11,23381.21,3,9,12.6,1.1,1,0,17.84,5,1,1,0,3,20,0,0,0,0,1,0,0,1,0
55,1097.86,13237.6,1,7,35.04,12.0,1,1,77.47,1,2,2,1,4,14,1,0,0,0,0,0,1,0,0
41,3311.22,40165.61,1,8,9.13,13.1,1,0,67.69,1,1,3,2,8,14,0,0,1,0,0,0,1,0,0
34,5210.94,63055.81,1,4,44.15,13.9,1,1,23.43,3,6,2,1,2,11,1,0,1,0,0,0,0,0,0
28,1990.39,23827.91,2,7,6.05,9.8,1,0,15.76,1,2,3,0,9,13,0,1,0,0,1,0,0,0,0
43,4860.65,57940.89,7,25,20.48,6.0,3,1,48.63,2,3,4,1,5,15,0,0,0,0,0,1,1,0,0
46,6060.97,72770.34,2,6,26.69,13.5,0,0,37.16,4,1,5,2,5,20,1,0,1,0,0,0,0,0,1
22,2128.86,25416.67,1,5,6.29,16.8,0,1,93.35,0,3,6,1,6,19,0,0,0,0,0,1,0,1,0
64,3589.07,43013.76,4,15,8.99,12.0,0,0,88.95,3,4,2,0,4,14,1,0,0,0,0,1,0,0,0
49,2270.7,26920.4,3,12,11.48,2.4,1,0,131.86,2,2,5,1,3,13,1,0,1,0,0,0,0,0,0
60,7250.02,87103.71,0,0,1.78,7.6,0,0,23.8,3,5,2,2,9,14,1,0,0,0,0,0,0,0,1
70,7704.74,91207.58,4,12,18.66,4.2,0,0,18.06,2,6,2,1,3,16,1,0,0,0,0,0,1,0,0
74,7668.16,91580.11,4,14,37.25,8.0,0,0,89.26,1,4,4,1,8,14,1,0,0,0,0,0,0,1,0
59,3916.98,47602.56,2,7,38.78,1.7,2,0,14.61,1,3,3,0,4,18,1,0,0,1,0,0,1,0,1
35,2683.35,32624.35,0,2,18.77,9.9,3,0,10.4,2,2,5,1,1,9,0,1,1,0,0,0,1,0,0
36,2410.8,28683.85,3,10,99.85,6.2,0,0,27.21,3,2,0,0,6,14,1,0,0,0,0,1,0,0,0
74,7668.16,93105.26,2,6,32.43,10.4,0,0,72.57,3,3,1,1,3,19,0,1,0,0,0,0,1,0,0
61,1904.69,23284.71,1,3,2.15,2.8,2,0,14.62,1,4,4,0,1,19,0,0,1,0,0,0,1,0,0
56,3397.87,40488.42,8,25,24.46,21.4,0,1,2.01,3,3,4,0,7,20,0,0,0,0,1,0,0,1,1
71,4365.99,51343.91,2,8,14.96,9.3,1,0,7.54,1,4,5,0,2,19,1,0,1,0,0,0,1,0,0
55,1770.0,21790.83,0,1,1.0,11.5,1,0,53.24,2,6,3,1,2,12,0,0,0,1,0,0,0,0,0
24,2546.78,29777.56,5,15,24.53,12.9,1,1,92.4,1,3,2,1,7,9,0,0,0,1,0,0,0,1,0
57,1583.14,19399.51,2,6,16.98,3.6,3,0,17.86,4,4,4,1,7,20,1,0,0,0,0,1,0,1,1
33,5211.69,62574.97,0,5,2.38,12.8,1,0,70.11,1,2,2,1,1,15,0,0,0,0,0,0,0,0,0
20,4076.5,47562.77,1,3,11.24,15.8,1,0,63.84,1,5,2,0,6,10,0,0,0,0,0,1,0,1,0
51,1093.96,13136.19,1,3,42.03,14.7,0,0,214.46,2,5,4,1,1,17,1,0,0,1,0,0,1,0,0
59,6052.02,71557.46,7,23,18.63,6.5,2,0,99.53,0,3,6,1,5,17,1,0,0,0,1,0,1,0,0
20,2803.93,33361.4,0,1,54.63,7.0,0,0,89.08,0,2,2,1,4,19,1,0,1,0,0,0,0,0,0
26,2328.18,28612.98,3,11,18.42,17.5,1,1,25.16,0,1,3,1,8,17,0,0,1,0,0,0,0,0,0
26,5132.09,59991.18,3,10,48.26,6.0,0,1,32.2,1,6,2,1,2,8,1,0,0,0,0,0,0,1,0
72,3458.53,42115.01,1,3,15.27,4.9,2,0,24.8,2,2,3,0,8,17,0,0,1,0,0,0,0,1,0
21,1777.22,21829.76,5,19,71.9,5.2,2,0,10.91,2,6,1,0,9,10,1,0,1,0,0,0,1,0,0
48,2745.77,32353.45,3,13,14.46,6.9,1,0,35.73,3,1,3,0,10,19,0,1,0,0,0,1,0,0,0
22,2078.18,25093.89,3,11,17.52,7.1,1,0,96.58,2,6,4,0,10,19,0,0,1,0,0,0,1,0,0
62,2283.64,26894.3,1,3,6.34,11.0,1,1,69.42,5,2,2,1,9,18,1,0,0,0,0,1,0,1,0
70,3123.37,37161.0,1,5,7.45,11.8,1,0,8.42,3,0,2,1,6,10,0,0,0,0,1,0,1,0,0
30,1767.17,20866.84,1,4,14.15,21.9,0,0,107.23,0,5,5,0,3,9,1,0,1,0,0,0,0,1,0
74,4293.33,52016.92,4,14,55.16,9.9,2,1,55.85,3,3,2,3,4,10,1,0,0,0,1,0,1,0,0
69,2007.1,24173.68,5,19,27.02,19.0,0,1,40.36,3,4,4,0,9,13,1,0,0,0,1,0,0,1,1
40,4451.16,53684.82,4,15,60.8,14.7,1,1,246.31,3,2,3,3,8,10,1,0,1,0,0,0,0,0,0
50,1789.4,21780.4,1,4,27.17,13.7,0,0,84.59,5,6,2,0,10,14,1,0,0,0,0,0,1,0,0
26,4625.38,55934.98,3,10,50.41,25.1,0,0,15.62,1,3,1,0,8,11,0,0,0,0,1,0,0,0,0
47,5766.43,69551.07,1,4,50.46,6.2,0,0,65.91,3,4,4,2,2,19,0,0,0,0,1,0,1,0,0
58,3829.0,44702.56,3,10,20.58,26.6,1,1,121.48,2,5,5,0,6,19,0,0,1,0,0,0,0,1,1
44,9501.46,113605.53,4,14,12.77,7.5,0,1,76.49,1,4,1,4,9,14,1,0,0,1,0,0,0,0,0
25,4485.88,54453.47,2,6,12.03,19.0,3,0,74.22,4,4,3,2,5,14,1,0,0,0,1,0,1,0,0
44,4016.29,48185.93,4,13,14.94,15.6,1,0,40.38,1,7,2,2,4,8,0,0,1,0,0,0,0,0,0
64,4427.38,53667.66,4,15,14.18,7.8,0,0,57.91,2,1,3,0,9,9,0,1,0,1,0,0,0,1,0
44,3188.17,37688.43,2,9,34.82,14.7,0,0,62.72,3,5,6,1,4,16,0,1,0,1,0,0,0,0,0
69,1931.05,22910.92,2,6,50.28,14.4,2,0,6.22,3,4,2,1,6,11,1,0,0,0,1,0,1,0,0
45,3939.08,45591.43,2,9,71.0,4.3,0,0,23.7,0,6,3,0,6,10,0,0,0,0,0,0,0,0,0
53,3575.53,43710.54,2,8,13.58,14.4,0,0,84.7,0,4,2,1,5,11,1,0,0,0,0,1,0,1,0
29,7900.59,96089.99,5,17,20.42,11.7,1,1,263.06,3,3,3,0,6,9,1,0,0,0,0,0,1,0,0
53,1979.73,24598.28,9,29,23.11,16.9,0,1,28.75,1,6,3,0,1,19,1,0,0,0,1,0,0,1,1
63,1628.45,19494.0,2,7,22.16,2.4,0,0,76.14,6,3,4,1,1,11,0,1,0,0,0,0,1,0,0
29,2708.4,32267.9,4,14,20.38,21.6,1,0,37.88,2,4,2,0,5,8,1,0,0,0,0,1,0,1,0
27,3954.23,47832.41,3,8,16.03,6.9,0,0,21.85,1,5,8,0,1,13,1,0,0,0,0,0,1,0,0
66,4095.86,49888.9,3,12,38.79,8.0,0,0,29.74,2,3,1,0,5,15,1,0,0,1,0,0,0,0,0
40,6103.66,72279.12,5,17,18.06,16.6,0,0,47.21,2,2,4,1,8,11,0,0,0,1,0,0,1,0,1
40,2481.75,29875.42,4,12,28.36,8.6,0,1,51.58,0,4,1,1,4,16,1,0,0,0,0,0,0,1,1
69,4042.17,48527.21,3,13,17.0,13.5,2,0,54.53,0,2,1,2,9,12,1,0,0,0,0,0,1,0,0
64,2227.89,26564.46,0,2,10.37,12.3,0,0,114.54,2,2,3,0,10,10,1,0,0,0,0,0,0,1,0
43,1931.26,23086.38,3,9,68.36,22.3,1,1,35.32,2,5,9,0,3,14,1,0,0,1,0,0,0,1,0
41,1861.65,22814.74,1,4,63.28,6.3,2,1,75.7,3,5,3,1,1,13,0,1,0,0,0,0,1,0,0
37,3274.89,39063.1,2,10,27.0,13.5,5,0,17.98,2,1,1,0,6,11,1,0,0,0,0,1,0,1,1
32,1964.69,23661.59,5,16,69.09,11.9,0,0,141.37,5,2,3,0,6,20,1,0,0,0,0,1,0,1,0
57,5162.64,61041.14,3,9,6.24,16.4,2,0,72.63,0,3,0,0,4,20,0,1,0,0,0,0,0,1,0
63,4980.97,61706.47,1,9,29.23,7.9,1,0,25.87,3,3,3,0,3,11,1,0,0,0,0,1,1,0,0
43,3869.08,46881.34,3,13,18.14,14.1,2,1,116.15,4,3,5,1,7,11,1,0,1,0,0,0,1,0,0
35,4134.14,50582.75,5,16,14.0,11.4,0,1,11.83,3,5,2,1,8,17,1,0,1,0,0,0,0,1,0
33,6949.89,81080.48,8,26,35.3,14.8,0,1,48.57,0,2,1,1,4,13,1,0,0,1,0,0,0,0,1
21,2547.23,30726.46,2,9,9.06,8.7,1,0,71.84,6,6,3,0,5,8,1,0,0,0,0,0,1,0,0
36,9135.25,112596.59,1,7,3.23,7.8,0,0,37.46,2,2,3,1,7,13,1,0,1,0,0,0,1,0,0
46,3421.8,41579.92,3,10,25.84,28.4,2,0,52.13,5,5,5,0,4,10,1,0,0,0,0,0,1,0,0
45,3931.7,47192.25,1,3,6.45,23.6,2,0,52.21,3,1,1,2,10,13,1,0,0,0,1,0,0,1,0
32,7873.12,93423.45,3,11,31.15,29.7,0,0,92.76,3,6,3,0,10,10,1,0,0,1,0,0,1,0,1
67,1109.44,13367.51,0,3,15.82,17.6,0,1,30.87,4,7,4,1,5,18,0,0,0,0,1,0,1,0,0
60,4613.03,55350.2,1,7,28.37,17.8,0,0,0.65,1,1,1,0,9,13,1,0,0,0,0,0,0,0,0
42,4327.45,52199.3,3,12,41.26,13.1,3,1,47.15,1,3,3,1,4,20,1,0,0,1,0,0,0,1,0
32,1964.69,23493.64,6,20,17.44,17.3,2,0,98.85,7,4,4,0,5,10,1,0,0,0,0,1,0,0,0
55,2058.61,25039.5,4,12,38.18,21.8,1,1,35.65,2,8,0,0,8,19,1,0,0,0,0,1,1,0,1
68,5601.89,67930.54,2,7,8.92,9.3,0,0,17.42,2,2,1,1,2,12,1,0,1,0,0,0,0,1,0
52,3816.6,44809.31,7,23,29.17,22.9,2,0,22.77,2,3,4,2,8,20,0,0,1,0,0,0,1,0,0
44,9501.46,113927.94,8,28,20.71,16.0,0,1,72.18,3,4,2,1,8,13,1,0,0,1,0,0,1,0,1
43,1911.68,23000.92,6,21,22.92,12.8,1,0,4.88,1,1,1,3,9,20,0,0,0,1,0,0,0,0,0
50,3267.53,39595.07,4,16,51.44,19.7,1,0,165.8,1,4,7,1,1,9,1,0,0,1,0,0,0,1,1
24,4598.48,55922.73,3,11,27.49,5.7,0,0,132.5,3,1,1,1,7,18,1,0,0,0,1,0,1,0,0
61,2302.04,26838.22,2,8,5.47,7.7,1,0,189.42,4,3,3,1,6,13,0,1,0,0,0,0,0,1,0
68,3276.27,39967.43,1,7,47.45,12.7,1,1,29.02,1,4,4,2,6,18,0,0,0,0,1,0,1,0,0
25,4126.39,49704.93,5,18,33.48,10.2,1,0,46.47,1,5,5,0,10,8,1,0,0,0,0,1,1,0,0
67,3390.65,42033.45,0,1,1.11,11.8,1,0,123.71,4,5,5,0,5,14,1,0,1,0,0,0,1,0,0
20,2266.38,27163.34,6,17,34.19,11.3,1,0,11.05,1,7,2,1,4,10,0,0,0,1,0,0,0,1,0
45,3415.81,39631.38,2,6,16.66,10.0,0,1,247.73,1,4,2,0,5,11,0,1,0,0,1,0,0,0,0
19,5981.92,70287.4,1,6,26.98,5.2,0,0,75.04,0,3,3,3,8,12,0,0,0,1,0,0,0,0,0
61,3492.42,42178.26,0,0,14.86,11.0,2,0,28.09,4,3,6,0,7,10,1,0,1,0,0,0,0,0,0
24,2858.53,34192.78,4,16,46.83,23.5,1,0,56.18,1,4,5,0,10,8,0,1,0,0,0,0,0,0,0
53,7495.19,91225.66,2,9,22.64,10.0,1,0,110.58,1,7,2,1,1,12,0,1,0,1,0,0,1,0,0
53,4752.08,55981.96,3,9,64.46,28.3,0,1,9.62,2,5,1,1,6,9,0,0,0,0,0,1,0,0,1
22,8451.31,102043.83,2,7,18.74,16.5,1,0,98.75,4,4,4,0,4,14,1,0,0,0,1,0,1,0,0
71,6194.46,73520.28,3,11,17.1,11.6,1,1,15.94,1,4,5,1,6,13,0,1,0,0,0,1,0,1,0
66,1718.28,21215.73,0,3,17.27,12.7,1,0,43.02,1,3,4,1,1,12,0,0,0,0,0,1,0,0,0
57,2455.59,29538.4,0,3,9.18,4.0,1,0,24.09,1,2,1,0,5,9,1,0,0,1,0,0,1,0,0
63,1763.06,21292.77,2,6,26.75,17.8,0,0,2.35,1,3,3,0,4,8,1,0,0,0,0,0,1,0,0
74,5577.39,67684.49,5,18,10.06,6.6,1,0,144.03,3,3,2,2,6,8,1,0,0,0,1,0,0,1,0
73,1936.51,23343.14,3,13,29.49,14.4,1,0,15.33,2,3,1,1,9,13,1,0,0,0,0,1,0,0,0
37,3760.19,44267.63,1,4,21.18,6.3,2,0,100.11,6,1,5,2,10,20,1,0,0,0,1,0,1,0,0
60,3331.32,40123.15,2,7,26.1,13.0,1,0,86.85,4,4,1,0,3,18,0,0,0,0,0,0,0,0,0
19,3247.96,38265.52,3,11,41.23,13.1,0,0,123.71,2,1,3,0,9,16,1,0,0,0,1,0,1,0,0
34,2199.49,26184.55,0,2,11.62,20.0,0,0,34.18,7,9,2,1,7,15,1,0,0,1,0,0,1,0,0
66,6947.5,82898.56,3,12,17.48,7.3,1,0,173.18,1,2,0,0,4,18,0,0,0,0,1,0,1,0,0
34,3201.39,38287.78,0,0,10.37,18.9,0,0,8.57,4,5,2,1,6,13,1,0,0,0,0,0,0,0,0
33,4515.49,54493.3,0,4,41.84,15.3,1,0,102.43,5,3,2,0,1,9,1,0,0,1,0,0,0,0,1
50,8259.02,98337.44,8,26,26.59,5.9,1,0,16.42,2,7,4,2,6,13,1,0,0,0,0,1,0,0,0
64,5245.58,62245.18,4,14,10.32,9.5,0,0,40.12,4,3,6,0,4,19,1,0,0,1,0,0,1,0,0
62,2217.13,26689.74,2,7,59.59,5.7,0,0,72.37,2,7,6,0,5,20,0,1,1,0,0,0,1,0,0
55,1770.0,21375.43,1,4,3.41,6.6,0,0,15.29,1,4,6,0,2,8,1,0,0,1,0,0,0,1,0
38,3187.46,38800.38,1,7,26.77,0.4,1,0,142.23,3,5,2,1,8,17,1,0,0,1,0,0,0,1,0
30,1767.17,21015.88,3,12,20.71,19.5,0,0,5.15,1,4,3,1,10,13,0,1,1,0,0,0,0,0,0
49,3056.47,36268.08,2,10,9.21,13.2,3,0,141.16,2,0,3,1,3,9,1,0,0,0,0,0,0,0,0
18,1580.23,18670.38,4,16,14.51,6.0,2,1,8.73,3,6,3,2,2,20,1,0,0,0,1,0,0,1,0
51,2835.92,34401.02,2,7,14.09,8.8,0,0,1.45,1,6,2,0,7,15,0,0,0,0,0,1,0,0,0
41,2387.56,28736.42,0,3,7.33,0.6,1,0,113.51,4,2,1,0,5,18,1,0,0,0,1,0,1,0,0
62,2922.36,34142.02,3,14,12.04,5.8,0,0,63.39,6,5,6,0,10,8,1,0,0,0,1,0,0,0,0
44,3968.14,47312.28,2,8,11.77,13.8,0,1,3.79,5,1,6,1,9,18,1,0,0,0,1,0,0,0,0
61,4878.58,57683.76,3,12,11.46,15.1,0,0,108.28,2,10,2,0,7,8,0,0,0,0,0,0,0,0,0
31,3654.63,43373.95,3,13,14.59,1.6,0,0,72.92,0,4,5,1,7,15,0,0,0,0,0,0,1,0,0
67,8103.88,96034.23,2,9,29.93,23.6,0,0,7.55,4,2,2,2,6,9,1,0,1,0,0,0,1,0,0
35,2851.97,33942.09,3,11,9.21,6.1,1,0,17.91,1,1,6,1,8,13,1,0,1,0,0,0,1,0,0
32,2554.21,29935.13,3,10,21.3,12.0,0,1,34.9,3,3,6,0,9,20,1,0,0,0,0,1,0,1,1
54,2858.79,34499.73,4,13,23.66,9.8,1,1,183.38,2,2,0,1,1,19,0,0,0,0,0,0,1,0,0
72,7884.37,94304.99,4,18,16.43,6.7,0,0,21.18,3,4,1,2,5,19,0,0,0,0,0,1,0,0,0
46,3045.91,35987.53,2,6,42.06,18.5,2,0,52.28,1,3,2,1,3,10,1,0,0,0,1,0,0,0,1
45,3487.01,41849.25,2,10,15.15,15.8,1,0,75.1,3,3,6,0,6,14,1,0,1,0,0,0,0,1,0
27,3515.38,42348.35,9,29,26.54,13.1,2,0,9.49,2,3,3,0,3,8,1,0,1,0,0,0,0,1,0
26,5691.25,68076.24,2,7,49.81,11.3,0,1,19.38,0,5,0,1,4,9,1,0,0,1,0,0,1,0,0
35,3676.61,43902.93,3,12,28.31,19.9,1,0,97.28,2,2,2,1,4,14,1,0,1,0,0,0,1,0,0
40,2256.44,26827.2,2,10,26.34,16.5,0,0,67.86,3,2,3,2,4,11,0,0,0,0,0,0,0,1,0
42,5548.96,66386.11,4,12,16.69,10.2,1,0,66.91,2,6,3,0,8,8,0,0,1,0,0,0,1,0,1
43,2584.29,31176.87,2,9,15.53,19.2,0,0,87.57,2,5,2,0,6,16,0,1,1,0,0,0,1,0,0
46,4711.19,56817.36,7,23,24.07,10.8,0,0,53.18,2,3,5,0,2,11,0,0,0,0,0,1,0,1,0
46,3657.06,42791.42,2,7,27.08,11.2,1,0,158.11,3,2,3,1,3,19,1,0,0,0,0,1,0,0,0
53,3913.86,46994.8,3,13,18.08,19.4,0,1,24.36,1,4,4,1,7,17,1,0,0,0,0,0,1,0,0
71,4475.63,53308.2,2,6,13.86,9.8,1,0,41.1,0,3,2,0,2,16,1,0,0,0,1,0,0,1,0
73,956.03,11470.4,6,24,61.64,12.6,2,0,38.79,0,1,4,0,9,16,0,0,0,0,0,1,1,0,0
49,9187.72,108635.35,1,10,44.06,17.8,1,0,25.08,0,2,0,1,4,8,1,0,0,0,0,1,0,0,0
67,2300.14,28518.1,3,10,29.8,5.1,1,0,25.57,3,5,5,1,3,12,1,0,1,0,0,0,0,1,0
56,2866.32,33759.36,5,14,32.44,5.4,0,1,61.91,4,3,3,0,5,8,0,1,0,0,0,1,0,1,1
35,1542.23,18302.67,0,4,1.78,8.8,2,0,130.4,2,2,2,1,5,14,1,0,0,0,0,1,0,0,0
21,4354.61,51837.68,4,15,22.7,20.8,0,1,36.35,2,4,3,0,2,20,1,0,0,0,1,0,1,0,0
70,4034.19,48850.37,1,9,19.6,17.9,1,1,114.76,3,3,3,0,2,16,1,0,0,0,0,1,0,0,1
54,1398.9,17296.78,3,14,10.22,8.3,0,1,77.03,1,11,2,1,10,20,1,0,0,0,1,0,0,0,0
68,2883.57,34222.27,1,7,28.34,3.9,0,0,8.43,1,6,2,0,9,14,1,0,1,0,0,0,0,0,0
75,3860.96,45860.28,1,4,42.68,13.1,0,1,5.54,0,3,4,0,7,19,1,0,0,0,1,0,0,1,0
26,2709.12,32709.49,1,4,62.16,13.2,0,0,18.9,1,5,3,2,4,20,1,0,0,0,0,1,1,0,0
65,3193.43,38038.35,0,6,6.8,14.6,2,0,58.75,3,3,2,0,7,10,1,0,0,0,1,0,1,0,0
60,4973.83,59545.41,4,15,23.18,13.2,2,1,119.47,0,1,3,1,3,11,0,1,0,0,0,0,0,0,0
74,3425.02,41566.6,3,11,22.39,10.1,1,1,13.92,3,3,3,2,9,10,1,0,0,1,0,0,1,0,0
58,2727.87,33267.73,3,10,28.67,19.9,2,1,104.62,4,4,3,0,3,14,1,0,0,0,0,1,1,0,1
63,4313.63,50703.92,3,11,17.38,12.0,0,0,214.03,2,3,2,0,1,16,1,0,0,1,0,0,0,0,0
18,4260.26,52011.69,5,16,12.42,14.6,0,0,58.99,2,4,3,1,3,19,1,0,1,0,0,0,0,0,0
47,2467.8,29739.17,2,8,10.74,25.3,2,0,137.18,1,6,1,3,6,16,1,0,0,0,0,0,0,1,1
73,2258.36,26093.57,1,5,45.8,3.9,1,1,112.05,0,6,7,0,4,8,0,0,0,0,0,1,1,0,0
41,2387.56,29534.02,3,11,7.71,24.6,0,0,17.25,2,4,6,0,8,17,1,0,0,0,1,0,1,0,0
49,5249.25,62713.98,3,10,16.42,15.7,1,0,46.07,2,2,5,0,10,18,1,0,1,0,0,0,0,0,1
63,3609.56,43297.25,1,6,21.33,15.1,0,0,73.58,1,7,1,3,1,13,0,0,0,0,0,0,0,0,1
66,4217.6,51347.29,3,11,49.37,14.2,0,0,149.05,5,5,1,1,10,17,0,0,0,0,0,1,1,0,0
46,1307.18,15036.79,5,16,31.47,8.9,0,0,84.07,3,3,3,2,7,17,1,0,0,1,0,0,0,0,1
20,2803.93,34419.71,2,6,19.17,19.6,1,0,6.68,0,7,4,0,4,12,1,0,1,0,0,0,1,0,0
23,2497.1,29683.47,0,3,34.81,18.0,1,0,24.22,1,5,2,0,4,11,0,0,0,0,1,0,0,0,0
53,2669.56,32218.65,1,4,47.31,3.9,0,0,1.81,3,3,5,0,6,9,0,0,0,0,1,0,0,0,0
64,5378.41,64323.48,6,19,22.55,9.3,1,0,220.06,2,5,2,0,9,10,1,0,0,0,0,0,0,1,0
63,3702.05,43685.29,2,6,15.19,22.9,0,0,153.71,3,5,3,0,6,19,1,0,0,0,0,1,0,0,0
60,3793.41,46927.1,3,9,43.3,18.6,1,1,205.78,2,2,3,2,10,13,1,0,1,0,0,0,0,0,0
62,4432.2,53088.52,3,12,10.78,10.7,2,1,13.11,5,7,1,0,3,13,1,0,1,0,0,0,1,0,0
21,3962.93,47964.85,3,10,9.95,26.5,1,0,19.32,0,3,5,3,5,17,1,0,0,0,0,0,1,0,0
68,3371.82,41621.23,2,8,13.86,4.6,2,0,17.3,0,2,3,0,7,18,1,0,1,0,0,0,0,0,0
54,5539.76,66956.61,2,7,45.8,6.5,0,0,35.95,2,5,0,0,1,19,1,0,0,0,0,1,0,1,0
66,2843.19,34007.35,0,7,1.0,9.4,2,0,138.74,1,4,2,2,6,10,1,0,0,0,0,0,1,0,0
29,7748.36,93419.85,3,9,9.27,8.8,1,0,54.06,2,1,4,0,4,14,1,0,0,0,0,0,0,0,1
48,4374.15,51649.23,3,9,38.36,10.4,1,0,8.57,3,3,1,2,10,10,0,1,0,0,1,0,0,1,1
25,4126.39,50249.83,1,3,29.79,16.7,1,0,74.13,1,4,5,2,1,16,1,0,0,0,0,1,0,0,0
27,5425.1,65757.13,0,0,9.11,3.0,0,0,56.0,2,4,1,1,7,13,1,0,0,0,1,0,0,0,0
52,5708.57,69097.37,1,6,15.72,25.7,1,0,146.08,2,5,6,2,4,18,1,0,1,0,0,0,0,0,1
66,1935.28,23594.15,3,13,22.98,7.7,1,0,0.32,2,2,2,2,10,20,1,0,0,0,1,0,1,0,0
20,3723.15,45539.89,5,18,20.66,12.6,0,1,58.99,2,8,1,0,6,10,0,0,1,0,0,0,0,1,0
51,2112.38,25054.29,6,20,12.04,9.1,1,0,36.73,7,3,1,1,5,11,1,0,0,0,0,1,0,0,0
51,3430.59,39693.86,3,11,17.44,10.8,0,0,25.85,2,8,4,0,6,20,1,0,0,0,0,1,0,0,0
37,4266.7,51823.86,6,17,22.64,18.4,4,1,163.54,1,6,4,1,3,10,1,0,0,1,0,0,1,0,0
40,4496.77,53389.3,0,0,17.22,4.0,1,0,79.27,2,2,2,2,7,9,1,0,0,0,0,1,0,0,0
59,3954.97,47001.03,5,16,26.97,8.5,1,1,6.59,2,2,2,1,10,13,1,0,0,0,0,0,1,0,1
39,2814.91,33081.94,0,2,4.81,14.7,0,0,7.65,2,1,5,1,7,13,0,0,1,0,0,0,1,0,0
44,4953.34,58807.4,5,15,25.64,6.5,1,0,5.46,1,3,5,0,1,13,1,0,0,0,0,0,0,0,0
52,2568.47,30391.45,7,22,64.12,10.7,1,0,14.32,3,3,6,0,2,16,0,1,0,0,1,0,0,0,1
49,3387.54,40944.53,8,26,23.25,10.8,0,1,41.78,0,2,3,1,9,13,0,0,0,1,0,0,1,0,1
62,6919.13,80286.95,4,13,16.33,6.1,0,0,210.1,2,3,1,0,4,11,1,0,0,0,0,0,0,0,0
75,2081.63,24700.05,7,21,33.17,11.5,2,1,13.92,3,7,2,1,3,16,1,0,1,0,0,0,1,0,0
25,3123.27,37568.1,1,6,22.4,10.7,0,0,79.11,1,4,7,0,5,9,0,0,1,0,0,0,1,0,0
61,3440.73,41702.5,4,13,93.37,6.8,1,0,203.39,3,2,4,2,2,14,1,0,1,0,0,0,0,0,0
37,3442.35,41447.3,3,11,11.76,11.9,1,0,6.75,0,8,1,3,4,13,1,0,0,0,0,0,0,1,0
47,4148.55,51993.37,2,9,12.77,9.7,2,0,58.68,2,8,5,0,3,10,1,0,1,0,0,0,0,1,0
67,2992.49,36056.53,6,21,60.88,4.7,1,0,9.56,3,5,1,0,10,16,1,0,0,0,1,0,1,0,1
69,2365.8,29103.3,1,8,19.09,16.4,0,0,62.87,1,6,4,2,1,17,0,1,0,1,0,0,1,0,0
72,3103.2,36969.24,4,14,35.2,26.8,1,1,32.9,2,6,1,1,7,14,1,0,1,0,0,0,0,0,0
45,3415.81,41709.03,0,5,18.11,18.0,1,1,94.62,1,2,2,1,5,18,0,0,0,0,1,0,0,1,0
56,1537.73,17817.15,2,6,7.2,14.7,0,1,59.52,3,5,4,1,9,17,1,0,0,0,0,1,0,0,0
57,4449.66,53472.75,0,2,1.13,13.8,0,0,8.93,2,8,1,1,6,12,0,0,0,0,1,0,0,0,0
40,4441.96,52499.85,5,14,63.12,13.4,0,0,67.68,1,5,4,0,10,14,0,1,0,0,0,0,1,0,0
24,4327.63,51608.89,2,9,50.36,24.3,0,0,18.15,1,2,4,0,1,11,0,0,1,0,0,0,1,0,0
21,2424.8,28634.48,2,12,19.83,27.2,2,1,128.35,2,5,1,1,2,19,1,0,0,0,0,0,0,1,0
64,3117.4,37199.92,3,9,25.73,14.5,0,1,21.88,0,5,4,1,2,16,1,0,0,0,0,1,0,0,0
24,4463.04,53538.69,3,12,57.66,1.5,1,0,53.82,2,4,7,0,3,17,1,0,0,0,1,0,0,0,0
68,4498.38,54328.72,2,9,44.37,22.2,7,0,20.18,1,6,0,0,4,12,1,0,0,1,0,0,1,0,0
72,1896.3,23174.84,1,5,29.29,4.4,0,0,105.07,3,3,5,0,10,9,0,0,0,1,0,0,1,0,0
64,2446.8,28649.31,2,8,9.47,11.3,1,0,74.33,1,5,2,1,3,10,1,0,0,0,0,0,0,0,0
60,2379.06,28783.19,2,6,25.46,3.5,2,0,68.39,1,10,3,1,10,8,1,0,0,0,0,0,1,0,0
58,6848.82,81718.5,2,6,34.02,25.8,1,1,43.38,2,1,3,1,5,19,0,1,1,0,0,0,1,0,1
43,4826.51,58482.91,2,6,57.0,5.7,1,0,39.56,3,8,2,1,3,19,1,0,0,0,0,1,1,0,0
20,4459.82,53211.02,3,11,16.69,17.0,1,0,19.94,1,5,4,2,2,19,1,0,0,0,0,0,0,0,0
36,2633.91,31427.19,2,9,27.88,5.3,0,0,85.52,1,1,5,1,6,14,1,0,0,0,0,1,0,1,0
58,4488.16,54224.62,5,19,20.9,16.5,0,1,112.09,5,4,3,1,10,17,1,0,0,1,0,0,1,0,0
39,3007.32,36591.3,3,8,13.35,12.6,2,0,228.03,6,2,1,1,2,17,1,0,1,0,0,0,0,0,0
74,5384.53,64063.72,1,12,17.9,15.1,1,0,49.8,3,3,3,0,8,20,1,0,1,0,0,0,1,0,0
44,2476.26,29792.27,3,11,16.74,3.7,2,0,109.3,0,3,6,0,4,17,1,0,0,0,0,0,0,0,0
70,2816.32,34969.71,1,6,2.34,14.8,1,0,81.35,1,2,4,1,6,19,0,0,0,0,0,0,1,0,0
38,3783.15,45877.38,3,11,46.11,6.3,1,0,160.62,1,3,4,2,1,15,1,0,1,0,0,0,0,0,0
68,2812.12,33760.92,1,5,10.39,9.7,0,0,4.56,1,6,3,3,5,10,1,0,0,0,0,0,1,0,0
52,3269.13,38373.98,2,8,6.87,16.5,1,0,33.09,3,7,2,1,10,11,1,0,0,0,0,1,1,0,0
70,5754.53,69834.86,6,20,20.56,0.7,3,0,95.11,4,1,2,1,1,18,1,0,0,0,0,0,0,0,0
66,1935.28,22998.77,0,3,1.18,18.1,0,0,21.43,0,5,6,1,4,16,1,0,0,0,1,0,1,0,0
30,2749.31,33712.13,3,12,13.0,7.2,1,1,24.04,4,4,3,2,10,18,1,0,0,0,0,1,0,1,0
69,4870.27,59284.49,7,21,21.1,8.4,1,1,52.11,1,3,4,0,10,11,1,0,0,0,1,0,0,1,0
57,4572.67,56010.06,3,14,11.35,9.5,0,0,36.55,0,5,0,2,5,11,1,0,0,0,0,0,0,0,0
63,1463.86,18201.94,1,8,12.69,11.3,1,0,13.05,1,4,4,1,5,16,0,0,1,0,0,0,1,0,0
57,4075.87,48947.61,3,12,7.31,8.3,2,0,22.78,1,1,2,3,3,13,0,0,0,0,0,1,0,0,0
45,2392.63,28352.9,3,8,14.88,1.9,2,0,6.84,3,4,4,2,9,14,1,0,1,0,0,0,1,0,0
71,2844.02,34698.53,1,5,51.23,14.0,3,0,7.48,2,5,3,1,9,12,1,0,1,0,0,0,1,0,0
34,1904.54,22256.84,1,7,16.84,12.5,1,0,39.8,1,2,6,1,1,8,1,0,1,0,0,0,1,0,0
29,3619.12,42557.18,2,8,11.3,8.8,1,0,23.84,2,3,3,2,9,19,1,0,0,0,0,0,0,0,0
52,5708.57,70568.25,2,6,28.85,12.4,1,0,23.92,0,2,3,1,1,15,1,0,1,0,0,0,0,1,0
51,9365.14,113070.16,1,4,2.14,7.8,0,0,8.08,0,2,2,0,1,17,1,0,0,1,0,0,1,0,0
71,2844.02,34293.13,1,3,66.36,4.1,1,0,5.48,1,3,4,1,2,8,1,0,1,0,0,0,1,0,0
66,2675.37,32034.57,2,5,6.98,8.8,2,0,5.89,6,4,4,2,8,12,1,0,0,0,0,1,0,1,0
63,7132.7,86407.15,4,12,32.44,15.4,1,1,51.44,1,6,3,0,8,20,0,0,0,0,0,0,0,0,1
61,2735.72,33371.36,2,7,4.08,3.7,1,0,108.11,1,6,8,0,7,13,1,0,0,0,1,0,1,0,0
56,2234.47,26205.21,3,10,17.48,7.2,1,1,86.62,2,5,3,0,2,14,1,0,0,0,0,0,0,1,0
45,3931.7,46884.74,1,6,22.7,3.3,1,0,43.24,0,5,2,0,10,11,0,0,0,0,1,0,1,0,0
24,10949.53,127943.47,0,1,3.17,11.3,0,0,122.44,5,4,2,0,9,10,1,0,1,0,0,0,0,0,0
18,1580.23,18412.02,2,6,9.28,8.7,0,1,23.08,2,10,3,1,8,19,0,0,0,0,1,0,1,0,0
22,3762.37,45739.63,4,15,51.8,11.2,2,1,4.78,4,7,2,1,2,12,0,1,0,0,1,0,0,1,0
57,2278.12,27130.32,3,9,6.5,16.1,0,0,0.19,4,4,4,0,5,15,1,0,0,0,0,0,1,0,1
44,4536.15,54379.45,0,3,3.79,14.0,0,0,4.33,2,4,6,0,2,14,0,1,0,0,1,0,0,0,0
31,3251.74,38148.17,4,14,12.74,23.1,0,1,107.41,2,2,5,2,5,20,0,0,0,0,1,0,1,0,0
69,2595.69,31377.21,2,10,4.64,18.5,0,0,92.06,4,3,6,1,1,17,1,0,1,0,0,0,1,0,0
38,3157.63,37801.1,6,23,34.02,6.9,2,0,31.74,1,7,0,0,4,13,1,0,0,0,0,0,0,1,0
61,2302.04,27218.49,2,10,12.33,6.0,3,0,11.67,6,6,6,0,6,19,0,0,0,0,0,0,0,0,0
40,1895.78,22466.88,1,6,32.6,18.1,0,1,119.53,0,3,3,0,5,12,1,0,0,0,0,1,1,0,0
55,3877.87,46974.14,0,3,2.49,3.0,1,0,4.56,1,3,0,1,5,9,1,0,0,1,0,0,0,0,0
58,4990.6,58593.41,4,15,12.23,5.3,0,1,27.6,6,4,4,1,7,18,1,0,0,1,0,0,0,1,0
50,5570.13,66919.84,3,12,6.71,10.5,1,0,58.55,1,5,4,1,4,10,0,0,0,0,1,0,0,1,0
42,3132.59,37252.41,5,19,22.64,18.1,5,1,15.26,2,1,2,0,7,10,0,0,0,0,0,1,1,0,1
45,4177.15,51306.91,4,18,103.42,17.0,1,1,190.83,2,11,2,0,4,13,0,1,0,0,0,1,1,0,0
34,2958.52,35911.43,0,3,2.31,5.2,0,0,74.71,0,7,4,0,5,10,1,0,0,0,1,0,1,0,0
51,2162.82,25584.74,4,12,11.45,11.1,3,0,30.5,1,4,4,3,5,13,1,0,1,0,0,0,0,0,0
37,3292.26,39425.13,4,13,13.29,20.9,2,1,17.2,0,8,3,2,7,19,1,0,0,0,1,0,1,0,1
61,2485.57,29245.89,3,8,22.95,9.8,0,0,50.74,1,4,1,0,9,12,1,0,1,0,0,0,0,0,0
74,2744.95,32359.22,3,12,23.36,14.7,1,0,13.54,3,2,5,2,4,8,1,0,1,0,0,0,0,1,0
69,5407.17,65954.76,1,4,17.14,10.2,0,0,50.97,2,4,4,1,3,17,1,0,0,1,0,0,1,0,0
72,3040.44,35838.32,2,8,14.48,19.3,0,0,39.72,3,2,3,2,6,17,0,0,0,0,0,1,0,0,1
70,4442.67,53642.91,1,7,9.71,17.6,2,0,3.22,1,6,6,0,6,10,1,0,0,0,1,0,0,1,0
65,2763.17,33044.34,3,12,44.66,3.7,1,0,79.03,3,2,4,0,10,17,0,0,0,0,1,0,0,0,0
70,2895.54,35234.93,2,6,9.6,12.0,0,0,153.38,0,3,0,1,1,10,1,0,0,0,0,0,0,0,0
52,2707.63,32692.22,3,13,26.21,20.3,2,1,14.47,2,2,2,1,2,10,1,0,1,0,0,0,0,1,1
52,3816.6,45991.44,0,1,8.9,19.1,0,0,5.0,2,3,1,1,9,8,1,0,1,0,0,0,0,1,0
49,3621.62,41705.03,4,16,54.56,10.4,3,0,8.64,1,3,3,2,4,14,0,0,0,0,0,1,1,0,1
67,7316.51,86231.82,6,23,24.29,13.9,1,1,31.68,1,4,2,1,6,15,0,1,0,0,0,1,1,0,0
38,3705.69,44721.88,1,5,23.76,19.6,0,0,64.67,2,5,3,0,5,18,1,0,0,0,0,1,1,0,0
49,3431.7,41227.2,1,4,10.05,3.4,0,0,22.23,4,6,5,0,1,10,1,0,0,1,0,0,1,0,0
18,4293.43,51596.42,2,6,7.24,21.5,1,0,26.19,2,4,3,0,1,10,1,0,0,0,0,1,1,0,0
33,1544.41,18658.02,0,1,3.03,6.7,0,1,26.57,0,1,3,0,5,8,1,0,0,0,1,0,1,0,0
54,2947.73,34822.93,0,3,6.87,11.6,1,0,84.93,2,5,4,0,1,19,0,0,1,0,0,0,1,0,0
48,5084.5,60393.18,2,7,22.09,11.2,2,0,103.64,2,4,4,0,10,9,1,0,1,0,0,0,1,0,0
32,4864.3,58673.18,3,13,122.17,4.3,2,0,90.35,2,3,4,0,9,19,1,0,1,0,0,0,0,1,1
56,3504.14,41809.23,2,8,34.25,20.4,2,0,168.09,0,2,3,1,3,9,0,0,0,0,0,1,1,0,0
38,2377.84,28041.39,4,12,18.18,18.0,0,0,4.66,2,0,1,0,3,16,1,0,0,0,1,0,0,0,0
65,3776.15,44400.5,2,8,8.47,9.6,1,1,10.3,1,3,7,0,9,17,0,0,1,0,0,0,1,0,0
42,2291.55,28056.71,0,1,23.33,13.2,3,0,73.64,2,6,2,0,9,11,1,0,0,0,1,0,1,0,0
22,3813.3,44825.19,11,36,28.01,8.5,0,1,36.91,2,6,4,1,5,12,1,0,0,0,1,0,1,0,0
34,9681.85,118747.73,5,18,41.79,9.1,2,0,3.2,3,6,1,1,5,10,1,0,0,0,1,0,0,1,1
72,2786.83,32022.02,2,8,16.21,5.6,1,1,0.39,2,1,3,0,5,12,1,0,0,1,0,0,1,0,0
26,2328.18,27932.63,4,15,68.01,10.4,0,1,79.78,0,8,2,0,1,20,1,0,1,0,0,0,0,0,0
50,4496.84,54887.48,2,9,37.3,14.6,2,0,1.96,1,7,6,0,6,14,1,0,0,0,1,0,1,0,0
39,2510.81,30512.57,3,14,30.89,7.5,0,0,38.85,2,3,5,0,9,12,0,0,1,0,0,0,1,0,0
39,5800.98,69933.33,2,6,14.01,3.2,2,0,5.45,4,3,4,1,7,16,0,1,0,0,1,0,0,0,0
69,1792.87,21456.61,3,11,11.22,16.9,1,1,63.44,3,2,2,1,9,16,1,0,0,0,0,0,0,0,1
64,3314.17,39647.16,0,3,1.0,8.0,1,0,108.32,5,2,4,1,6,16,1,0,0,0,1,0,0,0,0
52,2568.47,30514.98,2,6,6.56,6.9,1,0,72.47,2,2,4,0,8,16,1,0,0,0,1,0,1,0,0
38,2100.77,25210.27,5,17,16.02,9.9,0,0,129.68,1,7,5,2,1,18,1,0,0,0,0,1,0,0,0
54,5123.67,61483.51,2,6,21.98,7.5,2,1,76.22,0,3,2,0,8,18,1,0,0,0,0,1,0,0,0
19,5421.54,66462.83,6,19,41.74,16.3,1,0,75.22,0,5,2,3,4,17,1,0,1,0,0,0,1,0,0
44,4536.15,55331.61,2,8,68.25,10.6,1,0,193.14,3,9,2,0,10,10,1,0,0,0,1,0,0,0,0
52,10074.86,121066.85,5,15,19.84,14.4,0,0,46.75,3,2,1,1,1,14,1,0,1,0,0,0,0,0,1
51,5533.04,64618.38,3,9,9.49,10.3,2,0,6.08,2,2,5,1,3,16,0,0,0,0,0,1,1,0,1
23,5238.62,62033.4,10,29,30.2,7.5,0,1,48.98,1,5,4,0,1,16,0,0,0,0,1,0,1,0,0
26,3781.2,44402.0,2,8,8.05,10.6,1,1,112.98,1,5,2,0,1,12,1,0,0,1,0,0,0,1,0
59,3565.21,42476.23,2,5,91.79,30.3,0,1,30.28,3,3,4,1,1,19,0,1,0,0,0,1,1,0,1
58,3743.93,44791.81,4,13,39.15,17.5,1,0,72.67,5,2,1,0,3,8,1,0,1,0,0,0,0,0,0
71,7607.28,90541.09,3,14,7.5,15.6,2,0,86.84,4,4,4,0,2,19,1,0,1,0,0,0,0,1,0
18,2752.09,33221.32,1,2,7.8,2.2,1,0,67.68,2,1,1,1,9,12,1,0,0,1,0,0,0,1,0
27,3954.23,47688.75,1,6,58.56,12.2,1,0,8.93,0,2,2,0,1,12,1,0,0,0,0,0,1,0,0
57,2716.34,32347.14,6,21,27.22,22.8,0,1,0.5,2,8,1,2,9,11,1,0,1,0,0,0,0,1,1
27,2350.95,28525.78,7,23,85.5,17.3,1,1,3.03,3,4,3,1,7,14,0,0,1,0,0,0,1,0,0
37,3274.89,38720.5,3,9,6.78,20.3,1,0,2.63,1,4,2,1,4,9,0,0,0,0,0,1,0,1,0
73,8996.39,108987.31,2,9,20.34,24.0,3,0,11.79,2,2,2,0,7,19,1,0,0,0,1,0,0,0,0
60,2789.61,33192.29,3,14,11.95,24.4,3,0,4.09,3,3,4,0,4,18,1,0,0,1,0,0,1,0,1
67,2992.49,35536.93,5,20,14.96,13.1,1,0,106.06,4,6,5,0,5,8,1,0,0,0,1,0,1,0,0
55,3482.26,42220.87,2,9,11.06,0.3,2,0,66.31,4,4,6,2,2,11,1,0,1,0,0,0,1,0,0
24,4327.63,51723.08,2,8,25.65,19.8,2,0,10.51,0,4,7,0,9,9,1,0,1,0,0,0,1,0,0
36,1635.58,19153.83,3,11,6.87,9.4,0,0,7.27,4,3,3,0,7,10,1,0,0,0,1,0,0,0,0
32,3928.63,48235.72,5,16,64.55,14.7,2,0,66.42,2,6,4,1,5,14,1,0,0,0,0,0,1,0,0
64,6150.51,72147.76,1,7,18.81,15.5,0,1,39.66,2,2,0,0,10,16,1,0,0,1,0,0,1,0,0
44,3545.39,41929.66,2,10,12.08,10.7,2,0,9.72,3,3,2,0,4,15,0,1,1,0,0,0,0,1,0
31,4691.35,56884.41,2,10,11.78,15.4,1,0,161.75,2,4,4,0,10,9,1,0,0,0,0,0,0,1,0
52,3921.95,47834.85,5,17,35.79,7.9,1,1,7.57,3,6,3,3,10,16,1,0,0,1,0,0,0,1,0
51,6085.09,74262.86,2,5,74.2,11.9,1,0,19.8,2,6,3,1,5,20,0,0,0,0,0,1,0,0,0
40,2542.61,30273.2,4,13,9.09,8.5,5,0,8.75,2,5,2,0,3,15,1,0,1,0,0,0,1,0,0
75,3613.17,42537.73,0,2,3.02,5.3,1,1,75.83,4,4,3,0,9,17,1,0,0,1,0,0,1,0,0
49,3118.44,37018.97,4,14,17.01,11.8,0,0,15.95,2,5,1,1,4,9,1,0,0,1,0,0,1,0,1
37,4809.93,57712.03,3,11,20.66,9.4,2,0,36.6,1,6,7,0,9,13,0,0,1,0,0,0,0,0,0
43,2664.15,31463.2,7,24,30.74,9.6,0,0,6.21,2,2,3,0,9,15,1,0,0,1,0,0,0,1,0
49,1376.95,16273.44,4,15,12.36,17.2,0,0,0.57,1,5,0,1,2,11,1,0,0,0,0,1,0,1,0
72,2959.67,36102.76,1,5,7.6,30.2,3,0,39.1,3,4,4,0,1,9,0,0,0,0,0,1,1,0,0
35,3725.48,44770.03,2,8,7.71,22.5,1,1,37.09,2,4,6,1,7,10,1,0,0,1,0,0,0,0,0
48,2955.08,35735.36,1,6,23.04,12.7,0,0,6.63,2,5,2,2,7,9,1,0,0,1,0,0,0,0,1
60,12000.0,146704.21,1,4,63.05,10.1,0,1,73.41,4,7,0,0,4,14,0,0,0,0,0,0,0,0,1
19,900.0,10953.34,5,21,63.94,10.1,0,0,49.64,2,1,2,1,1,13,1,0,0,1,0,0,0,0,0
64,1536.1,18423.21,4,15,10.06,4.1,1,0,4.7,1,5,4,1,4,19,0,0,1,0,0,0,0,1,0
57,4688.64,56180.48,1,7,13.73,8.1,2,0,169.57,2,3,1,0,7,13,0,1,0,0,0,0,0,1,0
32,1656.06,19896.35,6,21,64.12,8.3,0,1,128.07,2,3,1,1,3,9,1,0,1,0,0,0,1,0,0
73,3391.13,41113.8,3,13,11.56,19.8,0,0,17.62,4,6,4,0,2,10,1,0,0,0,1,0,0,1,0
57,2606.6,31740.21,3,8,9.44,17.9,1,0,62.11,2,4,4,1,9,15,1,0,0,0,1,0,0,0,0
37,3274.89,39950.18,3,12,9.48,21.8,1,0,106.76,4,5,2,1,8,9,1,0,0,0,0,1,0,1,0
21,4354.61,51277.46,2,7,24.58,17.9,2,1,104.99,0,6,3,1,9,12,1,0,0,0,1,0,0,0,0
37,1820.64,21613.1,4,14,15.4,7.2,0,1,74.14,2,5,1,0,9,13,0,0,0,1,0,0,0,0,0
66,2217.25,26564.64,0,4,49.25,11.9,0,0,38.85,1,6,6,2,4,13,0,0,1,0,0,0,1,0,0
57,4116.96,50378.75,2,6,37.66,12.2,0,0,2.15,2,4,1,0,7,10,0,0,0,1,0,0,1,0,0
53,2695.32,31351.36,2,7,9.5,16.7,1,0,20.0,0,2,4,0,7,12,0,1,0,1,0,0,0,0,0
27,2476.63,29803.16,2,10,15.63,8.9,2,0,9.48,2,2,4,0,7,20,1,0,0,0,0,1,0,0,0
24,2429.29,29802.25,1,3,12.01,10.9,3,0,42.42,3,3,3,2,3,19,1,0,0,0,0,0,1,0,0
67,4878.66,58746.59,6,20,16.35,27.5,1,0,67.28,6,4,2,0,1,13,1,0,0,0,0,0,0,0,0
21,1756.69,20601.05,4,17,47.12,19.0,0,1,45.78,2,5,1,0,3,9,0,0,0,0,0,1,0,0,0
43,3558.8,41971.67,5,15,32.14,12.5,0,1,86.98,2,7,2,0,7,13,1,0,0,0,0,0,0,0,1
58,4761.7,56985.15,2,8,31.13,15.3,2,1,37.89,1,7,3,2,7,17,0,0,0,0,0,0,0,1,1
25,1709.47,20814.21,2,11,34.5,1.2,0,0,18.14,2,1,0,1,8,11,0,0,0,0,0,0,0,1,0
43,5140.47,63150.24,2,7,9.93,10.9,0,0,0.7,3,3,2,1,5,17,1,0,0,0,1,0,0,0,0
32,4962.45,60096.23,1,5,86.77,8.1,0,1,6.72,2,2,4,0,8,18,1,0,0,0,0,0,0,1,0
33,2181.46,25971.24,2,7,44.86,15.3,0,1,35.68,2,2,4,2,9,15,0,0,0,0,1,0,1,0,1
69,4042.17,48516.88,1,8,48.35,12.6,0,0,83.83,3,0,3,1,4,19,1,0,0,0,0,0,1,0,1
63,3399.84,40544.07,2,7,31.95,10.5,1,1,38.52,2,0,4,1,9,9,0,0,1,0,0,0,0,0,0
53,4752.08,56256.12,3,11,15.01,23.5,1,1,102.71,1,2,4,0,5,11,1,0,0,0,0,1,0,0,0
70,2195.37,25931.84,4,16,54.67,7.4,0,0,78.13,2,2,1,2,9,10,1,0,1,0,0,0,0,0,0
68,4410.72,52763.34,5,16,83.78,30.1,0,1,41.31,4,8,1,1,6,11,0,1,0,0,0,1,0,0,1
25,6286.36,75756.65,2,6,6.05,12.2,0,0,166.46,3,3,3,0,2,12,1,0,0,0,0,1,1,0,0
38,3783.15,45919.48,2,9,6.04,7.5,1,0,3.7,3,5,3,0,8,14,0,0,1,0,0,0,0,0,0
18,4679.15,55571.54,2,11,12.96,22.5,0,0,37.22,2,5,0,1,2,12,1,0,0,0,0,0,0,0,0
72,2786.83,33736.13,7,22,89.23,16.1,1,1,18.37,1,3,3,3,8,8,1,0,0,1,0,0,1,0,0
72,2786.83,33409.87,2,8,54.71,28.6,0,1,18.47,3,7,1,1,10,19,0,0,0,1,0,0,0,0,0
22,4335.07,52940.05,7,22,18.02,19.0,0,0,33.73,3,5,6,1,9,11,0,0,1,0,0,0,1,0,0
19,2842.33,34170.93,3,10,26.92,7.2,1,0,80.48,3,4,3,2,7,15,1,0,0,0,0,0,1,0,0
28,2356.68,28460.25,0,1,30.3,5.0,0,0,8.07,1,5,2,1,3,18,0,1,0,1,0,0,0,0,0
50,3267.53,39350.08,1,4,44.26,16.4,1,0,33.44,3,9,6,0,7,16,1,0,0,1,0,0,0,0,0
34,2282.85,27725.31,2,7,11.32,10.8,0,0,16.38,0,0,3,0,6,18,1,0,0,0,1,0,1,0,0
43,2757.01,32476.62,3,9,23.54,10.5,0,0,8.65,0,4,4,0,9,19,1,0,0,0,0,1,1,0,0
52,3339.07,40382.02,2,8,13.96,21.1,2,0,41.37,2,5,3,1,2,15,0,0,0,0,0,1,0,1,0
72,6735.89,79493.2,4,13,13.22,20.2,0,1,38.35,2,4,0,1,5,19,1,0,0,0,1,0,0,0,0
28,4376.24,52481.5,2,7,6.81,4.6,0,0,25.79,4,2,2,0,6,19,1,0,1,0,0,0,0,0,0
30,5744.17,68246.44,5,17,20.04,9.7,0,0,2.17,1,5,1,0,3,13,0,0,1,0,0,0,1,0,0
73,1936.51,23429.63,3,10,13.98,10.9,0,0,46.23,2,4,2,1,9,9,1,0,0,0,0,1,0,0,0
60,2556.51,30572.7,6,21,26.89,5.2,0,0,0.15,1,1,1,3,6,11,1,0,0,1,0,0,1,0,0
47,1421.86,17287.84,0,3,5.52,18.7,2,0,21.69,7,5,3,1,5,10,0,0,1,0,0,0,1,0,0
48,2840.16,34235.01,2,9,10.06,18.3,1,1,28.03,3,2,0,0,10,20,1,0,0,0,0,0,0,1,1
53,2695.32,32361.2,3,11,23.07,13.9,0,0,36.71,5,3,3,0,4,11,1,0,0,1,0,0,0,1,1
46,3045.91,36415.48,5,17,35.61,21.7,1,0,27.95,3,1,2,0,6,16,0,1,0,0,1,0,0,1,0
68,4828.05,58442.61,3,9,14.31,6.6,2,1,6.44,2,7,6,0,10,17,0,0,0,0,0,0,0,1,0
26,4829.1,57604.8,4,12,169.38,5.4,1,1,65.95,3,8,3,0,5,11,1,0,0,0,0,0,0,0,1
52,4982.96,61668.7,1,4,24.02,8.5,0,0,57.71,4,4,3,0,2,8,0,1,0,0,0,1,0,0,0
65,3437.2,41218.85,1,5,65.68,4.1,2,0,35.91,4,6,5,1,8,8,1,0,0,0,0,1,0,0,0
42,1700.25,20631.43,2,8,7.29,9.4,2,0,25.33,0,3,2,0,8,15,0,0,0,0,1,0,1,0,0
24,4941.51,59469.12,1,4,2.3,4.2,0,0,291.81,1,5,5,0,6,10,1,0,1,0,0,0,1,0,0
38,5414.32,63668.66,3,11,15.11,16.6,0,1,3.46,1,2,3,1,2,17,1,0,0,0,1,0,1,0,0
32,3628.92,42654.45,8,24,33.67,13.1,2,1,117.0,4,4,6,1,8,15,0,0,0,1,0,0,0,0,1
72,11430.01,138285.86,6,21,27.5,17.6,1,0,51.73,1,4,3,1,7,13,1,0,0,0,1,0,0,0,0
57,4079.81,49013.5,0,2,4.37,13.7,1,0,45.63,1,7,2,1,8,14,1,0,0,0,1,0,0,0,0
74,2581.01,31647.75,2,10,26.39,7.6,1,0,29.11,0,3,4,1,4,8,1,0,0,0,1,0,0,0,0
20,4459.82,53654.68,4,15,37.79,8.7,0,0,27.26,0,2,0,0,2,20,0,1,0,0,0,0,0,0,0
66,2854.06,34610.05,3,9,19.39,12.7,0,0,74.37,3,3,4,1,6,13,1,0,0,0,0,1,1,0,0
20,3768.95,44060.32,1,4,39.03,21.6,1,0,62.08,1,5,1,0,2,13,1,0,0,0,1,0,1,0,0
37,2026.65,24668.22,3,12,13.41,21.6,1,0,77.77,0,5,4,0,9,18,1,0,0,1,0,0,1,0,1
33,5211.69,62069.64,1,7,15.1,19.5,0,0,6.12,0,6,5,1,7,8,1,0,0,0,0,0,1,0,1
23,3830.51,45973.75,3,10,17.88,10.9,1,1,12.86,1,6,5,1,1,9,1,0,0,0,1,0,1,0,0
36,6095.47,75696.31,3,13,13.53,6.5,1,0,149.73,2,4,4,0,7,8,1,0,0,1,0,0,1,0,0
50,2789.5,34251.06,7,22,48.29,27.0,0,1,191.85,0,1,2,0,4,10,0,0,0,0,0,0,1,0,1
65,2763.17,32595.95,2,7,24.96,3.4,0,0,32.28,1,5,3,0,9,10,1,0,0,0,1,0,1,0,0
48,2955.08,36224.19,3,11,18.41,1.0,1,0,41.06,2,1,0,1,2,16,0,0,0,1,0,0,0,0,1
65,4555.11,54145.11,4,12,13.04,11.1,1,1,10.9,1,3,2,0,4,11,1,0,0,0,1,0,0,0,0
64,1536.1,17978.74,2,6,7.77,9.6,0,0,55.79,0,2,1,1,4,12,0,1,1,0,0,0,1,0,0
27,3722.62,44076.15,0,1,16.75,3.8,1,0,94.43,2,3,4,0,5,14,1,0,0,0,0,1,1,0,0
59,4745.93,56653.66,2,7,8.59,4.6,0,0,10.56,2,2,1,2,5,18,1,0,0,1,0,0,0,0,1
61,3686.42,44718.99,3,9,8.75,18.0,1,0,55.92,0,4,2,1,5,8,0,0,0,0,0,1,0,1,0
27,11100.46,131293.2,7,25,24.52,9.0,1,0,45.11,1,3,2,0,7,20,1,0,0,0,0,0,0,1,0
25,3432.56,40806.49,1,8,14.12,15.8,2,0,37.14,2,4,3,2,2,10,0,0,0,0,0,1,0,1,0
47,5837.06,69457.05,2,8,16.79,9.3,2,0,6.69,3,6,3,3,6,12,0,1,0,1,0,0,0,0,0
61,4904.52,60281.79,5,17,10.61,7.3,1,0,4.44,2,1,2,0,2,11,0,0,1,0,0,0,1,0,1
31,2694.24,32174.28,1,5,13.58,9.2,0,0,32.55,0,5,3,1,5,11,0,0,0,0,0,0,1,0,0
52,4199.75,49711.34,5,14,14.39,21.5,2,1,28.37,2,4,1,1,7,14,0,0,0,0,1,0,0,0,0
74,3138.85,37871.82,4,15,19.3,13.5,0,0,166.06,2,0,4,0,3,16,0,1,0,1,0,0,0,1,0
32,2674.16,32279.88,0,2,7.81,16.8,2,0,14.08,2,4,3,0,10,12,1,0,0,0,0,0,0,0,0
23,5238.62,63851.24,4,15,70.14,18.8,1,1,72.32,0,1,2,1,4,12,1,0,0,0,1,0,0,0,0
50,8259.02,99636.42,2,10,38.9,11.3,0,0,13.03,4,2,3,0,1,19,1,0,0,0,0,1,0,1,0
24,4463.04,53371.75,2,5,20.4,23.4,0,0,9.04,2,3,1,0,8,16,0,1,0,0,1,0,1,0,0
19,6764.86,81290.32,4,14,29.1,4.6,2,0,65.57,2,6,4,2,5,11,1,0,0,0,0,1,0,0,0
47,3224.02,39634.95,4,14,8.78,19.7,1,0,13.72,1,1,2,0,7,20,0,0,0,0,0,0,1,0,1
31,3268.47,39545.46,2,13,7.92,6.8,2,0,67.54,1,5,5,0,3,20,1,0,0,0,0,1,0,1,0
52,3686.72,43140.16,4,19,12.62,10.6,0,1,200.44,4,3,3,1,3,9,1,0,1,0,0,0,1,0,0
67,2118.96,25172.38,4,15,13.34,13.3,0,0,104.2,2,1,2,0,10,20,0,0,1,0,0,0,0,1,0
70,2811.66,33902.46,3,14,29.0,12.6,2,1,24.94,1,6,3,0,4,13,0,0,0,0,1,0,0,0,0
73,4275.71,51970.55,4,13,21.47,6.6,0,0,22.71,3,2,1,1,1,19,0,0,0,1,0,0,1,0,0
29,7900.59,97155.79,3,12,45.6,10.9,1,1,0.49,3,3,2,0,8,11,0,0,0,0,0,0,0,0,0
52,2621.32,31290.91,3,10,18.9,16.5,0,0,44.86,2,3,1,1,8,14,1,0,0,0,0,0,1,0,0
63,3099.84,37262.37,2,7,33.87,5.4,0,0,26.26,0,3,5,0,6,18,1,0,0,1,0,0,0,1,0
24,2429.29,29107.66,1,9,52.18,13.9,0,0,220.69,2,1,2,1,2,9,0,0,0,0,0,0,1,0,0
66,3848.22,45519.84,3,11,8.61,4.7,2,0,193.56,2,5,2,2,7,10,1,0,0,1,0,0,0,0,0
21,2734.51,32786.26,0,1,15.87,8.4,0,0,132.45,4,3,3,0,1,16,1,0,0,0,1,0,0,0,0
73,2258.36,27443.51,7,22,28.3,7.0,1,1,236.44,2,2,3,0,2,14,0,0,0,0,0,1,1,0,0
65,6792.74,79690.64,1,6,15.3,6.3,0,1,47.1,2,2,3,0,9,15,1,0,1,0,0,0,0,0,0
49,3483.95,40870.98,5,21,12.86,22.9,1,0,24.23,1,4,3,0,9,20,0,1,0,0,0,1,1,0,0
54,4167.18,50382.02,1,6,6.48,3.5,2,0,14.5,6,1,5,0,1,8,1,0,0,0,0,0,0,0,0
47,4227.86,51340.07,3,11,12.39,12.4,1,0,19.47,2,4,4,2,7,19,0,0,0,0,1,0,0,0,0
24,6523.73,78411.79,5,19,25.14,31.5,0,1,79.13,1,0,3,0,2,15,1,0,0,0,0,0,0,0,0
75,6944.75,84296.24,2,8,29.65,9.6,1,1,52.33,3,0,2,0,10,11,1,0,0,0,0,0,1,0,0
18,9852.13,118753.15,0,0,3.51,6.7,4,1,7.94,3,3,1,0,2,16,1,0,0,0,0,0,0,0,0
26,3311.49,38595.73,0,1,8.83,18.1,0,0,321.59,2,6,3,0,1,18,1,0,1,0,0,0,1,0,0
65,1683.67,19713.05,1,7,3.05,3.2,1,0,64.57,4,3,7,0,9,11,1,0,0,0,1,0,1,0,0
57,4352.09,51387.29,6,21,32.65,6.8,0,1,8.91,4,4,3,0,9,12,0,0,0,0,0,1,0,0,1
55,3765.9,45409.29,2,11,22.79,9.3,1,0,34.97,0,4,1,1,7,9,0,0,0,0,1,0,0,0,0
19,5355.15,67561.2,1,6,8.1,7.7,0,0,3.41,2,2,2,0,8,13,1,0,0,1,0,0,0,0,0
19,2697.0,32443.95,1,5,15.23,4.1,0,0,24.57,1,3,4,0,5,9,1,0,0,0,0,1,1,0,0
20,2527.98,30285.03,1,8,15.73,17.2,1,0,140.4,5,8,2,2,7,20,0,0,0,0,0,0,0,0,0
22,1893.12,22941.28,4,14,25.65,10.5,0,0,67.27,2,5,5,0,3,11,1,0,0,0,0,0,0,0,0
69,3195.24,38397.63,2,9,46.07,9.8,1,0,52.97,1,5,4,0,4,10,1,0,0,0,1,0,0,0,0
33,2558.83,30879.44,1,8,5.57,9.3,2,0,68.3,1,5,2,0,10,9,1,0,0,0,1,0,1,0,0
44,4888.81,58848.51,5,16,47.75,13.0,1,1,138.67,0,3,4,0,10,11,1,0,0,1,0,0,1,0,1
39,5064.34,60857.78,1,6,11.75,3.0,1,0,65.94,1,2,3,1,6,20,0,0,0,0,0,0,1,0,0
70,4034.19,48617.94,2,10,31.16,13.9,2,1,129.98,1,3,3,0,5,11,0,0,0,0,0,1,1,0,0
49,3194.65,37492.41,6,19,20.98,2.3,3,0,61.66,3,0,2,0,9,15,1,0,0,0,0,0,1,0,0
53,3575.53,43907.39,0,2,21.48,4.4,4,0,13.3,1,6,4,0,4,13,1,0,0,0,0,1,0,0,0
72,4593.66,55143.0,4,14,55.04,9.0,0,0,16.46,1,3,8,1,3,18,1,0,0,0,1,0,0,1,0
53,4410.22,53326.71,6,18,29.25,14.2,1,1,36.34,3,5,2,2,1,10,0,1,0,1,0,0,0,0,1
60,3081.45,37291.91,2,7,10.85,3.5,1,0,60.92,1,3,3,3,2,16,1,0,0,0,0,1,0,0,0
32,1964.69,23803.59,3,11,8.89,13.1,0,0,15.48,5,1,1,0,2,12,0,0,0,0,0,1,1,0,0
46,2364.78,29418.75,3,10,17.54,14.5,1,0,14.23,0,2,1,0,10,17,1,0,0,0,1,0,1,0,1
75,3352.63,39241.87,3,10,19.26,5.6,2,1,48.82,1,1,1,1,5,13,0,1,0,0,0,0,1,0,0
47,3313.59,39939.53,0,0,20.06,9.2,1,0,15.13,2,3,3,0,9,15,0,0,0,0,0,0,1,0,0
65,4325.68,50585.59,4,16,42.47,3.5,1,0,25.16,1,3,2,1,3,15,1,0,1,0,0,0,0,0,1
71,4633.17,56192.67,2,7,21.47,9.7,0,1,30.07,2,6,3,1,1,14,0,0,1,0,0,0,0,1,0
53,2422.15,29208.49,5,16,60.53,9.2,1,1,14.08,3,6,3,1,7,16,1,0,1,0,0,0,0,0,0
65,4416.9,53412.1,0,2,32.92,10.7,0,1,31.69,2,3,3,1,10,18,0,1,1,0,0,0,1,0,0
75,3016.53,36865.63,0,0,5.11,7.7,1,0,5.88,2,2,3,2,2,11,1,0,0,1,0,0,1,0,0
25,2805.33,32804.62,0,0,42.66,6.6,2,0,5.63,3,4,1,2,9,13,0,0,0,0,1,0,0,0,0
52,4000.8,46676.58,3,15,45.47,2.8,0,0,50.94,2,2,5,0,10,19,1,0,0,1,0,0,1,0,0
48,3900.99,46993.0,1,8,42.69,16.2,0,0,69.39,2,4,1,0,1,13,0,0,0,1,0,0,1,0,1
66,2854.06,34392.85,4,15,33.16,23.3,2,0,11.82,1,3,4,0,1,15,1,0,0,0,0,1,0,1,0
42,8264.61,101534.0,3,10,52.67,2.0,1,0,1.55,1,2,2,0,9,12,0,0,0,1,0,0,0,0,0
41,4574.35,55831.74,0,3,1.46,8.5,1,0,83.87,1,10,3,0,4,18,1,0,0,0,0,1,0,0,0
31,5003.35,61718.74,1,6,37.58,8.6,0,0,17.88,2,6,3,1,9,20,1,0,0,0,0,0,1,0,0
39,6283.78,74899.9,3,12,30.84,3.1,1,0,48.33,1,4,5,0,2,16,0,0,0,0,1,0,0,1,0
43,5003.47,60677.41,6,20,35.25,9.4,0,0,13.37,4,4,3,2,4,18,0,1,0,0,0,0,0,1,0
66,1718.28,20655.9,4,12,38.69,18.8,1,0,50.42,2,8,3,0,4,19,1,0,0,0,0,1,1,0,1
62,2891.94,35041.98,0,1,38.31,6.9,1,0,95.63,2,2,2,1,5,9,1,0,0,0,0,1,0,0,0
19,2337.22,27459.91,3,14,12.98,16.5,0,1,48.86,3,1,1,0,9,13,1,0,0,1,0,0,1,0,0
24,2549.05,30536.71,4,13,52.07,6.2,0,0,89.23,5,2,2,0,9,20,0,0,0,0,0,0,1,0,0
75,6527.57,77942.8,3,12,65.05,6.1,1,0,87.39,0,2,2,1,5,18,0,0,0,0,0,0,0,1,0
21,2907.5,35019.15,1,3,18.83,6.9,1,0,38.38,2,7,1,0,4,19,1,0,0,0,0,1,0,1,0
28,3186.04,37585.2,6,20,17.35,4.2,2,0,32.07,6,2,1,0,9,17,1,0,0,0,1,0,1,0,0
72,2815.57,33401.48,1,6,12.59,3.1,1,0,131.7,2,4,4,0,2,11,1,0,0,0,0,1,0,1,0
60,4914.85,60269.57,1,6,15.68,13.3,3,0,53.96,4,7,2,0,1,15,1,0,0,0,0,0,1,0,0
33,2735.31,33227.47,3,12,76.69,6.4,0,0,27.94,2,3,3,0,1,18,1,0,1,0,0,0,0,0,0
37,1991.24,23598.56,2,6,5.26,7.5,2,0,56.95,1,4,4,1,4,14,1,0,0,0,1,0,1,0,0
21,2680.55,32156.42,2,6,10.84,5.8,0,0,23.08,1,5,4,4,9,14,0,0,0,0,1,0,0,1,0
23,2789.93,33956.2,4,12,16.08,2.4,0,0,145.14,1,2,3,0,3,13,0,0,0,0,0,0,1,0,0
74,6095.6,72521.47,4,14,17.97,9.9,0,0,46.66,5,6,1,0,3,16,1,0,0,0,1,0,1,0,0
61,3985.44,47361.09,4,17,26.79,8.3,0,1,33.11,4,2,4,2,1,14,1,0,0,0,0,0,0,1,0
23,6416.54,77135.87,3,12,9.8,2.3,0,0,142.77,2,4,1,0,7,19,1,0,0,0,0,1,0,0,0
41,2243.44,26984.42,2,7,20.15,11.3,0,0,57.61,1,4,2,2,7,16,1,0,0,1,0,0,0,0,0
66,1542.44,18231.62,0,4,1.0,26.3,0,0,17.23,2,4,8,2,10,15,0,0,0,0,0,0,0,0,0
26,3258.36,39668.16,1,4,20.36,22.7,1,0,39.28,2,8,2,0,6,14,0,0,0,0,1,0,0,1,0
47,1692.46,20862.05,2,9,22.73,3.9,1,0,33.78,1,2,5,3,5,18,0,1,1,0,0,0,1,0,0
32,4983.56,59701.76,1,5,7.06,15.2,1,0,7.34,0,2,3,1,10,16,1,0,1,0,0,0,1,0,0
31,1990.03,23985.83,4,15,9.04,8.7,2,0,63.15,1,2,2,1,10,17,0,0,0,0,1,0,0,0,0
41,11694.95,139001.93,3,11,10.31,6.7,0,1,48.19,2,5,1,0,6,9,1,0,0,0,0,1,0,1,0
67,2684.82,32185.19,2,10,8.32,5.1,5,0,41.22,0,8,3,0,1,12,0,0,0,1,0,0,1,0,0
32,4068.75,48567.5,5,17,14.48,25.5,0,1,45.22,2,4,3,1,2,9,1,0,0,0,1,0,1,0,0
22,2433.54,29007.35,3,11,35.68,14.0,0,1,127.45,2,5,3,0,6,18,1,0,0,1,0,0,0,1,0
43,2469.45,29989.28,2,8,13.55,13.5,1,1,32.39,2,1,1,1,10,8,0,0,0,0,1,0,0,1,0
36,2701.36,33131.82,2,9,34.37,20.4,2,1,53.09,2,4,1,0,4,13,1,0,0,1,0,0,0,0,0
45,3036.61,37359.37,5,20,26.91,7.5,0,1,26.33,1,8,5,0,6,16,1,0,1,0,0,0,0,0,0
74,3248.14,38957.03,1,8,13.6,13.9,1,0,81.69,0,2,3,0,8,15,0,1,0,0,1,0,1,0,0
29,2953.05,35534.6,2,7,10.04,3.5,2,0,48.57,2,1,3,0,1,15,1,0,0,0,0,1,0,1,1
19,6764.86,81248.96,2,8,19.41,10.1,0,0,96.22,2,5,2,0,7,18,1,0,0,0,0,1,1,0,0
19,5421.54,62669.76,6,19,17.21,10.7,0,0,79.46,3,3,2,3,8,18,1,0,1,0,0,0,0,1,0
55,4284.97,52315.5,1,6,4.19,13.5,0,0,31.27,2,8,2,0,9,15,1,0,0,0,0,1,0,0,0
63,9716.29,115676.73,0,4,34.0,10.1,1,0,62.67,3,4,4,0,8,14,0,0,1,0,0,0,0,0,0
20,3041.68,36097.97,2,6,5.82,11.4,1,0,97.49,3,5,2,0,7,20,1,0,0,0,1,0,0,1,0
59,3184.35,37806.59,2,7,132.22,17.6,0,0,8.67,1,2,5,1,9,20,0,0,0,0,0,1,1,0,1
22,3762.37,44969.68,4,13,15.9,13.8,1,1,49.76,3,5,4,2,6,11,0,0,0,0,1,0,0,0,0
55,3966.1,48001.29,4,14,9.79,19.8,1,0,22.77,0,4,4,1,7,9,0,0,1,0,0,0,0,0,1
68,2350.15,28156.04,4,13,38.54,11.8,0,0,86.0,1,7,1,1,10,18,1,0,1,0,0,0,0,0,0
52,2080.64,24793.24,1,6,12.34,8.0,0,1,2.18,2,4,4,1,7,13,1,0,0,0,1,0,0,1,0
52,2864.46,34115.42,7,20,25.58,18.4,1,1,69.78,2,5,4,1,9,8,1,0,0,0,1,0,0,0,1
31,2383.47,28902.88,1,3,7.53,18.1,0,1,8.4,2,2,4,1,1,18,1,0,0,0,0,0,0,1,1
32,4662.7,54841.72,7,24,38.8,12.4,1,1,12.6,2,2,2,2,10,9,0,0,0,0,0,0,1,0,1
46,1484.97,18405.0,2,7,76.19,10.7,1,0,45.2,1,8,3,1,8,8,0,1,0,0,0,0,1,0,1
54,1536.08,18670.87,3,13,58.06,6.7,1,1,84.99,2,3,0,0,4,16,1,0,0,0,1,0,0,0,0
20,3794.15,46849.48,0,3,7.52,7.6,2,0,4.66,2,3,2,0,9,8,1,0,0,1,0,0,0,0,0
45,5466.68,65490.13,1,7,24.79,16.1,0,0,66.29,2,7,3,2,10,17,1,0,1,0,0,0,1,0,0
60,3637.53,43701.14,4,16,18.92,20.0,0,1,66.82,2,2,2,0,10,11,0,0,0,0,0,0,0,1,1
68,2327.68,28141.75,3,12,12.91,16.1,1,0,4.74,5,4,6,0,2,10,1,0,1,0,0,0,0,1,0
38,3535.4,42892.4,1,6,57.99,13.1,0,0,87.84,4,0,0,0,5,13,0,0,0,0,0,0,1,0,1
32,3628.92,42133.61,2,11,8.14,24.6,1,1,11.23,3,4,0,0,10,17,1,0,0,1,0,0,0,1,1
59,3716.0,44010.54,1,6,13.62,8.5,0,0,96.79,2,3,6,3,7,15,0,0,0,0,0,1,1,0,0
44,3188.17,38668.69,2,5,10.14,1.6,0,0,98.29,1,8,4,1,3,10,1,0,0,1,0,0,0,0,0
66,3848.22,45502.96,1,5,45.42,20.6,1,0,27.35,4,3,3,0,10,9,1,0,0,1,0,0,0,1,0
54,2755.78,33790.59,0,0,13.08,18.9,0,0,20.08,2,5,2,0,5,15,1,0,0,0,0,0,0,0,0
32,5444.86,64587.44,3,8,19.44,14.9,0,0,112.89,1,9,1,0,7,19,1,0,0,0,1,0,0,0,0
57,1583.14,19479.02,1,5,18.67,18.0,2,0,108.39,3,4,6,0,4,12,0,0,0,0,0,1,0,1,0
45,2845.71,34091.67,4,15,14.62,6.0,0,0,6.89,3,3,3,1,7,13,1,0,0,0,1,0,0,1,0
70,4630.64,56063.68,4,17,14.76,14.6,0,0,40.2,1,1,0,2,2,13,1,0,0,0,0,0,0,0,0
59,1926.52,22596.04,4,16,18.41,23.5,0,0,268.78,1,3,6,0,1,13,0,0,1,0,0,0,0,0,1
35,5032.82,60330.68,1,5,3.42,11.8,2,0,22.76,2,2,2,1,10,11,1,0,0,1,0,0,0,0,0
30,7750.63,92249.22,3,11,26.06,15.8,0,1,4.38,3,7,4,1,3,18,1,0,0,1,0,0,0,0,0
24,10949.53,131225.79,0,2,6.78,2.0,0,0,9.7,4,7,4,0,5,19,1,0,1,0,0,0,0,0,0
68,5708.51,68185.57,3,12,8.3,10.4,0,0,33.11,2,1,4,1,6,8,0,1,1,0,0,0,1,0,0
75,3580.27,43287.11,1,4,7.6,5.0,1,0,67.81,2,3,3,1,4,15,0,1,1,0,0,0,1,0,0
47,5997.81,71572.92,1,6,11.76,10.9,0,0,8.84,3,6,3,0,2,16,1,0,0,0,0,1,1,0,0
37,3247.11,38637.29,2,7,33.5,20.2,1,1,143.35,1,2,4,0,10,20,0,0,0,0,1,0,0,1,0
51,3697.16,44514.17,0,2,18.03,2.8,0,0,102.52,1,3,2,0,1,8,0,1,0,0,0,0,0,1,0
62,2680.3,32551.78,5,18,40.65,5.4,0,1,5.67,2,8,4,0,8,18,1,0,0,0,0,0,1,0,0
60,4446.77,51990.24,1,5,13.78,14.5,1,0,116.54,3,4,1,2,8,9,1,0,1,0,0,0,1,0,0
62,2217.13,26352.65,0,2,14.27,2.2,1,0,6.66,2,2,3,0,8,19,1,0,1,0,0,0,1,0,0
69,3690.88,44791.65,4,17,36.49,10.5,2,1,32.88,2,6,6,0,7,15,0,1,0,0,0,0,1,0,0
28,4376.24,52509.05,8,27,19.85,11.5,1,0,15.79,3,3,2,1,8,9,0,0,1,0,0,0,0,0,1
29,2953.05,36386.72,6,22,32.99,11.3,0,0,25.18,2,8,2,1,8,19,1,0,0,0,0,1,0,1,1
66,4095.86,49015.81,2,9,23.44,3.7,0,0,33.21,2,0,2,4,8,12,1,0,0,1,0,0,0,0,0
45,2925.31,35599.77,2,8,6.08,7.9,0,0,4.36,3,1,1,2,10,18,1,0,0,0,1,0,0,1,0
67,3608.6,43257.12,6,22,17.73,8.3,0,1,5.29,0,3,4,1,8,11,1,0,0,0,0,1,0,1,0
37,3442.35,41881.15,2,7,49.41,18.7,1,0,0.56,4,9,4,0,4,18,1,0,0,0,0,0,1,0,0
45,3073.53,36670.72,6,18,71.9,4.6,0,0,78.98,2,1,4,2,5,9,0,0,0,0,1,0,1,0,0
66,2395.12,28890.08,0,2,26.98,4.6,0,0,180.64,6,5,3,0,10,16,1,0,0,0,1,0,0,0,0
74,2283.4,27862.85,3,10,25.14,27.2,2,0,2.18,2,1,2,1,10,10,0,1,0,1,0,0,0,0,0
75,2059.64,24583.59,2,6,19.73,11.1,0,0,26.01,3,6,2,0,2,17,1,0,0,0,0,0,0,0,0
64,3117.4,37602.53,5,18,59.9,12.3,2,1,45.34,3,7,2,0,3,10,0,0,0,0,0,1,1,0,1
37,2382.08,28852.37,4,11,13.27,8.1,0,1,72.13,3,0,0,0,7,19,0,1,0,0,0,0,0,1,0
66,2567.99,30484.27,6,20,19.55,14.4,0,0,38.21,1,4,3,1,4,20,0,0,0,0,0,0,0,0,0
61,4895.28,58398.72,3,10,12.37,8.3,0,0,149.65,2,4,1,0,8,18,0,0,0,1,0,0,0,1,0
20,3292.47,40564.41,1,7,14.7,10.0,1,0,17.89,2,11,0,1,1,14,0,1,1,0,0,0,0,0,0
19,3247.96,38701.64,3,11,11.91,5.7,1,0,14.71,2,4,4,0,10,14,1,0,0,0,1,0,1,0,0
26,2607.65,31419.97,3,11,54.02,12.4,0,0,1.13,1,6,4,2,1,18,0,0,0,1,0,0,0,0,0
28,4376.24,52887.57,2,7,18.79,5.2,0,0,8.94,0,4,3,3,10,18,1,0,1,0,0,0,1,0,0
22,2677.48,32082.96,1,3,17.13,11.4,0,0,78.05,3,3,4,1,9,20,1,0,0,0,0,0,1,0,0
19,2842.33,33888.79,2,7,24.12,4.4,3,0,68.04,4,8,0,0,4,13,1,0,0,0,0,0,0,0,0
23,4232.56,50014.64,3,12,16.94,22.6,2,0,20.31,5,4,5,0,7,17,1,0,0,1,0,0,1,0,0
34,4702.0,55933.39,2,7,8.31,10.5,2,0,41.5,5,2,2,0,7,14,1,0,0,0,0,0,0,0,0
49,5244.16,62117.22,3,9,7.43,18.9,2,0,78.47,2,6,5,3,7,12,0,0,0,0,0,0,1,0,0
63,1514.75,18017.8,4,14,31.6,12.8,1,1,10.01,4,4,3,1,3,13,1,0,0,0,1,0,0,1,0
55,3877.87,46308.29,1,5,11.21,7.8,0,0,55.93,1,8,3,1,3,10,1,0,0,1,0,0,0,0,0
65,3222.81,39364.29,2,6,8.89,16.0,1,0,43.47,4,2,2,1,2,12,1,0,0,0,0,1,1,0,0
19,6764.86,82047.53,3,13,11.84,17.3,1,0,143.13,3,3,4,0,10,14,1,0,0,0,0,1,0,0,0
50,1574.5,19258.28,2,8,8.81,3.8,0,1,30.02,3,3,4,0,7,11,1,0,0,1,0,0,1,0,0
43,2952.2,35800.49,6,22,13.36,5.5,2,0,2.54,2,6,1,0,3,9,0,1,0,0,0,1,0,1,1
46,2300.06,27200.68,4,14,76.18,9.0,2,0,24.1,1,6,2,0,3,8,0,0,0,0,0,1,1,0,0
63,7132.7,86231.69,2,9,27.47,14.7,0,1,10.55,4,2,4,0,6,12,1,0,0,0,0,0,0,1,1
47,2467.8,29274.25,0,0,34.43,14.6,1,0,6.02,2,3,3,0,7,10,1,0,0,0,0,0,0,0,0
38,1768.87,21336.01,0,2,46.82,15.4,3,1,77.82,3,2,3,1,3,16,0,1,0,1,0,0,0,0,0
70,1394.81,16738.44,3,13,9.37,10.5,1,1,9.8,1,8,6,0,4,16,1,0,0,0,0,1,0,0,0
62,8583.11,105134.98,0,0,23.85,22.3,3,0,16.08,5,4,4,0,7,9,1,0,0,0,0,0,0,1,1
74,1938.91,23472.37,3,11,82.74,5.5,1,0,23.25,3,3,7,0,1,12,0,0,0,1,0,0,0,1,0
50,1882.61,22480.2,1,2,14.77,14.8,0,0,46.99,2,4,5,0,2,17,0,0,0,0,0,0,1,0,0
29,3619.12,43378.58,3,12,35.72,25.5,0,0,23.4,0,6,3,0,7,15,0,1,0,0,0,0,0,1,0
26,4829.1,56810.13,1,7,58.36,6.8,0,1,8.64,1,6,2,0,4,16,1,0,0,0,0,0,1,0,0
74,3425.02,41338.83,3,10,24.21,5.7,0,1,28.95,3,4,4,1,4,13,0,0,0,1,0,0,1,0,0
36,2633.91,31016.01,1,3,18.9,23.2,3,0,11.58,3,1,4,1,7,19,1,0,0,0,0,1,1,0,1
46,7022.26,83242.23,2,6,17.3,11.7,0,1,12.08,4,1,7,0,8,10,1,0,0,0,0,0,0,1,0
29,3862.14,47345.32,2,11,52.53,10.4,1,0,9.89,3,8,2,1,9,17,0,0,0,1,0,0,0,1,0
62,3900.72,46420.45,6,18,41.51,21.8,1,0,9.21,4,5,1,0,9,10,1,0,0,1,0,0,1,0,1
64,2661.64,32401.83,2,6,25.03,18.7,0,0,21.37,1,6,4,0,3,17,0,1,0,0,1,0,0,0,0
44,1641.51,19791.0,4,15,11.0,7.0,0,0,4.11,1,3,2,1,7,12,1,0,0,1,0,0,1,0,0
42,3857.86,45218.5,5,16,19.46,2.3,1,0,145.73,0,5,5,2,10,14,1,0,0,0,0,1,0,1,0
19,5355.15,65753.34,1,4,14.97,7.3,2,0,27.71,5,2,3,1,7,15,1,0,0,1,0,0,0,0,0
35,2196.42,26631.97,3,11,13.95,5.8,2,0,56.31,1,2,1,0,3,20,0,0,0,0,1,0,0,0,0
74,2213.08,25934.23,3,11,32.38,7.8,0,1,20.97,3,1,0,1,3,8,1,0,0,1,0,0,1,0,0
18,2612.11,30753.12,3,12,11.12,5.6,1,0,29.75,5,5,2,1,6,18,0,0,0,0,0,0,1,0,0
43,4224.28,51716.64,6,22,61.0,23.3,2,0,56.09,3,5,9,0,1,15,1,0,0,0,1,0,0,0,0
24,4325.92,51933.65,3,10,9.34,21.3,0,0,89.53,2,5,3,2,1,11,0,0,0,0,1,0,1,0,0
36,4560.71,53977.68,2,6,17.77,13.5,0,0,60.12,3,6,7,1,10,13,1,0,0,1,0,0,0,1,0
57,4449.66,53470.8,4,13,8.17,5.2,1,0,49.78,4,6,4,0,5,19,1,0,0,0,1,0,0,0,0
45,2392.63,28456.18,4,13,9.12,23.1,1,0,1.38,2,6,1,1,8,20,1,0,1,0,0,0,1,0,1
40,1486.38,18249.09,4,14,14.37,26.3,1,1,28.05,3,5,8,0,9,17,0,0,1,0,0,0,0,1,0
63,2342.92,28005.76,1,5,24.16,10.3,0,1,73.93,4,3,3,1,7,15,0,0,0,0,1,0,0,0,0
57,5981.09,72939.61,2,7,11.94,6.2,1,0,8.98,2,4,5,1,4,9,1,0,0,0,1,0,0,0,0
48,3001.52,36925.77,4,15,13.91,16.0,0,0,114.05,0,7,3,1,5,15,1,0,0,0,0,0,0,0,0
45,2392.63,29021.11,3,16,6.54,9.0,2,0,2.89,3,2,2,2,9,10,1,0,1,0,0,0,0,1,1
26,3047.82,37232.33,5,17,25.13,13.9,0,1,5.0,1,3,1,3,3,18,1,0,1,0,0,0,1,0,0
71,7607.28,91341.46,1,4,3.75,3.7,1,0,60.36,1,5,2,2,5,15,0,0,1,0,0,0,0,1,0
50,3424.13,42666.63,1,4,18.32,7.4,1,1,47.99,5,0,3,0,2,9,0,1,0,0,0,0,0,0,0
43,3558.8,42063.28,5,15,21.86,16.3,1,1,72.14,1,7,7,0,9,16,0,0,0,0,0,0,1,0,0
73,4317.22,51118.11,8,26,17.45,3.5,2,0,53.37,0,2,5,0,7,19,1,0,1,0,0,0,0,1,0
20,3041.68,36674.96,1,5,8.47,1.2,1,0,232.37,3,3,1,0,6,12,1,0,0,0,1,0,0,0,0
20,3794.15,45341.81,2,10,16.14,1.9,0,0,72.38,3,5,3,1,7,13,1,0,0,1,0,0,1,0,0
67,2240.09,26602.68,1,5,10.07,10.9,0,0,52.08,6,2,1,0,6,11,0,0,0,0,1,0,0,1,0
31,7759.16,94861.83,4,15,16.7,3.3,0,0,94.51,1,5,5,0,7,10,0,1,1,0,0,0,0,1,0
21,2369.71,29105.06,1,6,8.14,4.6,0,0,135.56,2,4,5,1,5,11,0,1,0,0,0,0,0,0,0
19,2699.29,32057.26,1,7,9.74,11.0,0,0,18.53,4,1,2,1,5,11,1,0,0,0,0,1,0,1,0
48,7155.3,84778.48,4,14,31.93,17.6,1,1,22.89,4,5,4,0,1,12,0,0,1,0,0,0,0,0,1
32,1931.9,23102.35,0,3,10.7,15.4,2,1,15.49,3,5,5,0,6,10,0,0,1,0,0,0,1,0,0
73,3934.75,46563.77,0,3,10.92,3.5,2,0,22.33,2,7,5,1,3,18,1,0,0,0,0,1,0,0,0
18,1581.76,18428.85,0,1,26.62,6.4,0,0,14.0,1,8,4,0,9,8,1,0,0,0,1,0,1,0,0
42,2578.73,30211.72,2,7,59.39,4.4,0,0,72.27,6,5,4,0,4,20,0,0,0,0,0,0,0,1,1
30,4021.52,47908.89,1,3,6.99,15.3,0,0,51.33,3,4,3,0,4,20,1,0,0,0,0,1,0,0,0
29,1241.45,14440.04,3,11,67.35,3.6,0,0,15.46,1,12,4,0,2,11,0,0,0,0,1,0,0,1,0
66,3464.08,41685.63,1,7,33.16,19.4,0,0,57.57,1,4,3,1,10,10,0,0,0,0,0,0,0,0,0
36,6003.62,71938.1,2,6,4.19,25.6,1,0,69.33,2,4,1,1,1,20,1,0,0,0,1,0,0,1,0
59,2842.03,34162.24,2,10,15.79,14.9,1,0,4.5,3,3,4,0,10,11,1,0,0,0,1,0,1,0,0
23,1379.74,16901.99,1,6,9.58,18.4,1,1,78.3,3,3,3,0,9,18,0,0,1,0,0,0,0,0,0
60,1763.8,20661.26,2,7,16.58,16.7,3,0,6.6,5,4,2,1,10,15,0,0,1,0,0,0,0,0,0
26,1847.39,21572.11,1,4,20.08,3.5,3,0,20.12,0,3,4,1,9,12,1,0,0,1,0,0,1,0,0
52,3269.13,39169.72,4,13,9.89,9.2,0,0,104.0,1,2,2,0,8,13,0,0,0,0,0,1,1,0,0
22,3842.5,44933.53,1,7,7.8,6.8,1,0,2.2,3,10,2,0,8,14,1,0,0,0,1,0,0,1,0
52,4571.25,55535.3,8,25,17.57,16.1,0,0,98.39,2,2,0,1,8,18,1,0,0,0,0,1,0,0,0
39,4255.26,50206.65,7,23,54.01,5.7,0,1,3.26,1,2,3,1,9,9,1,0,0,0,0,0,0,0,0
34,3938.69,47859.97,1,4,22.76,7.6,1,0,69.05,0,3,1,0,5,9,0,0,0,0,0,1,0,0,0
45,3048.15,37865.45,2,7,5.1,12.5,2,0,14.49,2,6,2,0,4,11,0,0,0,1,0,0,1,0,0
48,5383.96,64452.24,1,6,4.47,9.3,4,0,224.18,1,3,1,0,1,19,0,0,1,0,0,0,0,0,0
25,1943.12,23756.64,1,2,29.24,21.9,0,0,34.38,1,1,5,2,4,9,1,0,0,0,0,0,0,0,0
41,4226.09,51910.32,2,5,21.33,3.5,0,1,0.2,4,5,7,1,7,10,0,0,1,0,0,0,0,0,0
43,2469.45,29858.17,2,7,26.46,10.4,2,1,55.99,2,3,5,1,10,20,1,0,0,0,1,0,1,0,1
67,6170.12,76170.42,4,15,10.42,7.4,1,0,15.92,4,3,0,1,9,12,0,1,0,1,0,0,0,0,0
36,1635.58,19728.43,4,14,13.01,12.6,2,0,158.61,0,1,3,1,3,14,0,0,0,0,1,0,0,1,0
37,2382.08,28872.42,2,10,8.04,13.9,2,1,0.18,1,4,5,2,8,9,1,0,0,0,0,0,0,1,0
25,3123.27,38133.84,6,21,18.24,8.1,0,0,50.3,4,4,5,0,7,12,0,1,1,0,0,0,0,1,0
44,2476.26,29597.49,2,8,16.23,16.7,0,0,2.37,1,3,2,1,1,9,1,0,0,0,0,0,1,0,0
30,2837.97,33703.4,1,4,29.25,4.8,1,0,260.38,1,1,2,0,8,18,1,0,0,0,0,0,1,0,0
45,2084.35,24778.11,7,25,44.56,24.2,0,1,20.09,1,3,3,1,5,9,1,0,0,1,0,0,1,0,0
73,2675.55,31614.74,2,9,37.84,6.5,3,0,98.39,2,8,4,0,8,11,0,0,0,0,1,0,1,0,0
54,2391.85,28367.05,1,4,56.73,25.5,0,0,32.12,1,2,4,0,10,19,1,0,0,0,1,0,1,0,0
26,1932.23,23407.93,1,3,21.03,8.9,1,0,131.76,2,3,4,1,4,12,1,0,0,1,0,0,0,0,0
49,6314.85,75578.94,2,10,11.35,22.7,1,1,4.56,1,3,2,1,4,18,1,0,0,0,1,0,1,0,1
64,6599.07,79854.53,3,15,8.33,5.3,1,0,43.36,3,3,3,0,3,20,0,0,0,0,1,0,1,0,0
45,10042.18,119671.55,1,6,40.68,11.4,2,0,65.78,1,7,2,2,4,8,0,0,0,0,0,1,0,0,1
47,1684.7,20449.72,2,7,21.8,8.5,0,0,100.11,1,3,3,0,1,10,0,0,0,0,0,1,0,1,1
60,12000.0,144402.75,2,9,108.24,15.1,1,1,136.44,0,5,2,2,9,10,0,1,0,0,0,0,1,0,1
33,5552.96,66565.55,0,0,12.19,25.7,1,0,13.47,1,3,0,1,7,17,0,0,0,0,1,0,0,1,0
48,3551.3,43113.97,3,11,26.35,19.0,1,1,21.03,0,4,3,2,4,19,1,0,1,0,0,0,0,0,1
35,3785.1,45280.81,3,9,25.66,24.3,0,1,104.07,0,4,0,2,4,20,1,0,0,1,0,0,1,0,0
50,4496.84,54564.84,3,12,34.3,10.3,1,0,3.36,2,5,2,2,6,12,1,0,0,0,1,0,0,0,1
30,3145.22,37305.41,2,9,13.07,8.4,0,0,29.77,4,2,2,1,2,8,0,0,0,0,1,0,1,0,1
23,4820.96,56418.16,2,10,6.07,11.0,0,0,60.96,1,3,4,0,3,15,0,1,0,0,1,0,1,0,0
40,2256.44,27182.23,2,7,40.42,12.9,0,0,181.55,2,4,3,1,6,16,1,0,0,0,0,0,1,0,1
67,2847.59,34668.11,3,13,14.11,15.4,2,1,54.97,4,5,6,2,6,10,1,0,1,0,0,0,0,0,0
64,3101.9,37801.71,2,10,33.92,17.4,3,0,15.73,5,4,3,2,3,15,1,0,0,0,0,1,0,0,0
48,2745.77,33011.79,2,8,20.71,12.6,1,0,3.29,2,2,4,0,4,9,1,0,0,0,0,1,1,0,0
56,5808.83,70960.17,3,13,16.63,24.0,3,0,48.48,2,4,2,2,8,13,0,1,1,0,0,0,1,0,0
71,5768.02,69190.9,3,10,32.96,13.7,1,1,178.85,3,4,3,0,5,16,1,0,0,1,0,0,0,0,0
37,4110.24,50612.33,3,12,10.62,15.5,2,1,75.56,2,4,4,0,2,13,1,0,0,0,0,0,0,1,0
63,3399.84,40248.8,2,8,30.33,24.3,1,1,2.79,3,2,4,0,7,20,1,0,1,0,0,0,0,1,0
56,2552.66,30619.49,3,12,64.13,16.4,0,0,25.5,3,5,4,1,5,13,0,0,0,1,0,0,1,0,1
27,3383.16,41615.54,8,24,39.35,25.6,1,0,112.76,2,7,6,0,9,12,1,0,0,0,0,0,0,1,0
63,2304.78,28193.49,1,4,11.51,9.0,1,1,42.33,2,3,2,0,9,13,0,0,1,0,0,0,0,0,0
37,4809.93,57398.16,3,11,19.39,2.7,1,0,9.91,2,4,4,1,1,11,0,0,1,0,0,0,0,0,0
52,3269.13,39442.08,0,2,10.49,4.9,2,0,104.14,2,4,2,0,7,15,0,0,0,0,0,1,0,0,0
68,3211.17,39022.23,1,5,9.1,13.3,1,1,17.95,1,7,8,0,7,18,0,0,0,0,0,0,0,0,0
46,2809.24,33469.07,9,30,38.89,14.6,3,1,23.42,2,2,4,1,1,17,1,0,0,0,0,1,1,0,0
36,2633.91,32008.47,1,7,109.34,16.1,1,0,10.92,4,2,5,0,9,17,1,0,0,0,0,1,1,0,0
48,4243.86,51445.2,4,13,56.38,20.5,2,0,51.15,2,1,3,1,9,13,1,0,0,1,0,0,0,0,1
66,2675.37,31829.61,3,13,43.07,10.7,0,0,57.53,0,5,4,2,3,8,1,0,0,0,0,1,1,0,0
73,3409.09,40301.96,2,7,6.11,32.7,0,0,39.45,1,3,2,0,6,14,0,1,0,1,0,0,1,0,0
58,3743.93,44964.61,4,15,24.52,4.0,0,0,30.78,1,1,3,0,9,20,0,0,1,0,0,0,1,0,1
31,3547.58,42357.02,4,14,12.25,5.0,0,1,59.36,4,1,4,1,5,15,0,0,0,0,0,0,1,0,0
55,3877.87,47986.1,0,4,12.99,6.2,0,0,36.63,2,1,2,1,3,11,0,0,0,1,0,0,0,0,0
30,5014.63,60127.24,4,14,23.04,15.7,1,0,21.65,1,8,3,2,6,15,1,0,0,0,1,0,1,0,0
54,4900.14,59468.44,3,10,54.19,19.5,1,1,61.68,2,3,1,0,3,9,1,0,1,0,0,0,0,0,1
64,2217.42,26796.07,2,7,12.8,5.7,0,0,32.77,1,4,4,1,8,8,0,1,1,0,0,0,0,0,0
30,3935.58,46153.58,1,4,23.73,29.8,1,1,6.26,0,6,5,1,5,13,1,0,0,0,1,0,1,0,1
55,6005.26,72095.54,0,3,78.71,17.8,0,0,42.06,2,7,5,0,9,11,0,0,1,0,0,0,0,0,0
65,1974.8,23430.91,3,11,12.23,21.6,2,0,29.8,2,5,0,1,5,14,1,0,0,0,1,0,0,0,0
45,6375.88,77814.73,6,19,28.76,6.9,0,0,58.01,1,4,5,0,5,20,1,0,0,0,0,0,0,1,1
42,2618.39,31549.08,3,12,98.2,22.2,1,1,16.28,1,5,1,3,9,10,0,0,0,0,0,0,0,1,0
32,2519.16,30249.58,3,9,10.61,14.7,1,0,85.69,2,3,1,0,10,19,1,0,0,0,0,0,0,0,0
36,2010.74,23960.22,6,21,12.33,5.3,0,0,21.05,0,4,5,0,3,13,1,0,1,0,0,0,1,0,0
51,4024.0,48525.76,4,16,62.43,17.2,1,0,47.34,2,0,3,0,10,14,1,0,0,0,0,1,0,1,1
38,1768.87,21697.81,4,13,26.44,13.2,2,1,12.62,0,4,2,0,7,11,0,0,0,1,0,0,0,1,1
62,2705.38,33182.54,3,13,23.84,6.9,3,0,8.25,1,5,6,0,8,14,1,0,0,0,0,0,0,1,0
69,3925.55,46988.21,5,21,11.4,4.0,2,0,268.76,1,3,0,1,9,16,1,0,1,0,0,0,0,1,0
43,3826.82,45649.94,2,9,76.11,4.2,0,0,106.15,4,4,4,0,5,20,1,0,0,0,0,1,0,1,0
30,5679.28,67743.92,2,10,9.34,15.2,1,0,78.85,1,3,2,0,5,18,1,0,0,1,0,0,0,0,0
63,3401.62,40957.67,4,14,19.26,14.5,0,1,19.07,0,3,2,1,1,10,1,0,0,0,1,0,1,0,0
41,3611.11,43933.61,0,5,12.92,4.0,0,0,17.41,4,2,1,0,10,9,1,0,0,0,0,0,1,0,0
52,2700.79,32220.29,5,15,26.4,7.3,0,0,291.12,4,4,2,0,3,10,0,0,0,0,0,0,0,0,0
32,5444.86,65691.58,5,20,12.99,8.2,0,0,46.19,1,5,0,1,1,19,1,0,0,0,1,0,1,0,0
19,2699.29,31787.89,1,8,4.77,13.2,0,0,29.77,1,3,3,0,6,20,1,0,0,0,0,1,0,0,0
54,3227.1,38203.41,2,8,18.69,10.1,0,0,68.68,3,3,5,0,5,18,0,1,0,0,0,1,0,1,0
22,4576.84,52756.76,3,12,69.92,14.8,2,1,35.04,2,4,1,0,2,9,1,0,0,1,0,0,0,0,0
19,1882.54,22460.34,2,6,22.46,4.6,0,0,30.02,1,7,4,0,10,14,1,0,0,0,0,1,1,0,0
65,4278.78,51698.43,3,11,50.72,20.7,1,0,63.08,0,3,3,1,4,9,1,0,0,0,0,1,0,0,0
37,2107.63,24879.37,4,14,15.75,6.9,1,0,21.22,3,10,4,0,2,10,1,0,1,0,0,0,1,0,0
50,3186.77,39139.0,3,9,50.78,10.6,0,0,82.07,2,8,6,1,10,18,1,0,0,0,1,0,1,0,0
65,1683.67,19931.82,0,2,8.5,11.7,1,0,24.72,2,7,3,1,8,14,0,1,0,0,1,0,0,0,0
75,1949.71,23573.86,3,11,6.44,10.6,0,0,28.17,1,0,4,1,2,12,1,0,1,0,0,0,1,0,0
18,6328.39,77085.17,5,18,11.48,19.9,1,0,48.26,0,3,2,1,4,12,1,0,1,0,0,0,0,1,0
42,2291.55,27486.53,2,9,8.93,11.1,3,0,203.24,5,2,8,0,8,18,0,0,0,0,1,0,1,0,0
67,4878.66,58202.86,2,8,39.41,15.9,0,0,6.44,2,4,4,1,7,18,1,0,0,0,0,0,0,1,0
60,4914.85,59775.86,3,13,23.15,13.0,2,0,144.26,1,3,4,1,4,18,1,0,0,0,0,0,0,0,0
19,5147.38,60603.61,3,10,14.48,5.6,2,0,98.26,2,2,4,4,5,19,1,0,0,0,0,1,0,1,0
39,5259.95,61738.86,2,8,7.97,7.5,0,0,59.54,1,3,2,0,8,13,1,0,0,0,0,0,0,1,0
58,2041.84,24406.24,7,22,44.94,3.0,1,0,40.52,4,4,5,0,3,19,0,1,0,1,0,0,0,0,0
22,3662.32,42859.88,2,7,15.86,4.0,1,0,13.37,5,1,2,0,4,11,1,0,0,0,0,0,1,0,0
42,3354.95,39679.24,1,4,11.7,8.1,2,1,12.69,2,1,0,0,10,9,0,0,0,0,1,0,1,0,0
39,2958.41,35807.9,1,4,3.31,16.6,0,0,16.97,3,1,2,0,5,12,0,0,0,0,1,0,0,0,0
32,4934.07,58793.6,0,1,11.49,18.1,0,0,16.08,4,8,2,0,1,10,1,0,0,0,1,0,0,0,0
35,2683.35,33031.18,2,9,4.17,13.4,0,0,83.6,0,4,1,0,9,9,1,0,1,0,0,0,1,0,0
25,2826.98,34180.34,5,14,15.25,16.5,1,1,33.04,1,5,2,0,4,14,1,0,0,0,0,1,1,0,0
50,2789.5,33270.29,2,10,7.51,24.1,1,1,25.15,6,5,1,2,7,13,1,0,0,0,0,0,0,0,0
46,2441.42,29215.36,1,5,18.8,20.2,1,1,55.11,4,3,2,0,6,11,1,0,0,0,1,0,1,0,0
45,3480.5,40806.44,2,8,5.78,8.9,0,0,64.01,4,2,3,0,5,8,1,0,0,1,0,0,1,0,0
25,5814.77,68547.46,5,22,51.79,27.3,1,1,52.4,1,4,2,1,6,19,1,0,0,0,0,0,0,1,0
42,1506.44,18288.55,3,8,9.7,8.7,2,0,51.26,3,6,2,0,5,18,1,0,0,0,1,0,0,0,0
63,2559.4,31219.03,3,11,49.77,9.6,0,0,10.83,2,3,2,2,2,20,0,1,0,0,0,0,1,0,0
51,2419.65,28439.66,5,17,48.31,1.3,3,0,42.36,3,6,4,1,5,16,1,0,0,0,1,0,0,0,0
35,2683.35,31346.92,2,7,13.62,3.7,3,0,22.47,0,2,0,0,8,8,1,0,1,0,0,0,0,0,0
72,3034.67,36833.36,0,2,45.56,10.1,0,0,88.91,2,1,6,2,1,15,1,0,1,0,0,0,1,0,0
18,1580.23,18713.61,4,14,13.75,4.9,1,1,17.97,2,4,4,0,8,14,1,0,0,0,1,0,1,0,0
54,2391.85,28577.99,1,3,42.69,4.5,0,0,112.45,3,4,2,1,5,15,0,0,0,0,1,0,1,0,0
21,2535.63,30112.51,2,9,44.02,20.4,0,1,3.24,2,6,3,0,4,9,1,0,0,0,0,1,0,1,0
57,1583.14,19335.52,2,5,13.93,11.1,0,0,61.23,1,2,2,0,5,20,1,0,0,0,0,1,1,0,0
54,3119.2,36519.97,6,18,42.03,4.3,1,0,17.81,2,4,4,3,2,20,0,0,0,0,1,0,1,0,0
26,3088.72,36478.34,3,13,23.26,19.1,1,0,45.65,6,1,1,1,10,20,0,0,0,0,0,1,1,0,0
53,3105.87,36808.04,2,6,33.08,25.5,0,0,0.06,0,4,4,1,7,19,1,0,0,0,0,0,1,0,0
63,3401.62,41002.2,7,25,32.38,8.9,0,1,13.59,0,4,3,1,6,9,0,0,0,0,1,0,1,0,1
72,3518.74,42094.06,2,7,16.41,3.2,1,0,353.28,2,2,1,2,3,13,0,0,0,1,0,0,0,0,0
31,10375.2,126819.86,1,5,15.66,17.7,1,0,17.14,1,4,8,0,2,14,1,0,0,0,0,1,0,1,0
70,4797.07,59314.03,3,8,15.51,19.6,0,1,59.15,2,3,0,0,9,11,1,0,0,0,0,0,0,0,0
24,4598.48,55745.08,0,0,18.41,12.9,1,0,65.64,3,5,3,0,8,8,1,0,0,0,1,0,0,1,0
60,3377.61,40522.19,2,11,22.58,6.6,0,0,37.28,2,2,1,1,7,18,0,0,0,0,0,0,0,0,0
64,1899.64,23034.27,4,15,39.06,3.0,2,0,13.8,0,3,7,0,9,16,0,0,0,0,0,0,0,0,0
74,4604.55,53498.08,3,13,31.57,23.0,1,1,16.22,6,4,4,0,3,19,0,0,0,0,0,1,0,1,0
20,3294.0,40106.79,4,16,24.51,7.8,1,0,29.56,3,4,1,1,2,11,0,0,1,0,0,0,0,1,0
75,3860.96,46005.39,5,15,22.43,8.7,1,1,89.69,5,1,2,0,8,16,0,1,0,0,1,0,0,1,0
41,7260.37,85636.14,7,22,42.46,8.9,2,0,133.43,1,4,2,1,7,14,1,0,0,0,1,0,0,0,0
46,3326.56,38764.98,6,19,31.99,20.8,0,0,128.05,3,3,2,1,10,12,0,0,1,0,0,0,1,0,1
72,2864.98,34043.09,6,21,15.05,5.4,0,0,25.33,0,6,3,0,9,17,0,1,1,0,0,0,1,0,0
39,3764.91,45352.34,3,11,25.2,16.9,2,0,58.73,2,3,2,0,10,9,0,0,0,0,1,0,1,0,0
60,2780.87,34442.65,1,3,6.24,1.5,0,0,11.4,2,2,2,0,5,15,1,0,0,0,0,1,0,0,0
59,3716.0,44362.63,1,4,4.09,17.1,1,0,117.24,1,6,5,0,4,10,0,0,0,0,0,1,0,0,0
63,3401.62,40551.79,4,17,20.26,18.9,0,1,48.58,4,3,6,2,6,10,0,0,0,0,1,0,1,0,1
25,3667.77,43519.87,4,18,14.79,12.2,0,0,42.02,3,6,1,0,10,11,1,0,0,0,0,0,0,1,0
71,7758.85,93734.54,3,12,12.3,18.1,1,0,3.28,1,2,2,1,2,18,1,0,1,0,0,0,1,0,0
70,1394.81,16964.66,2,7,40.97,6.9,1,1,23.06,2,5,1,0,4,9,1,0,0,0,0,1,1,0,0
32,1999.92,23667.17,1,3,6.0,15.6,2,0,75.8,0,2,1,0,1,9,0,0,0,0,0,1,1,0,0
67,1853.09,22454.37,2,10,6.16,19.8,1,0,47.25,2,0,3,1,8,20,1,0,0,0,1,0,1,0,0
53,2640.23,32365.8,2,7,26.94,14.5,0,0,5.34,3,6,3,0,4,18,1,0,0,0,0,0,0,1,0
73,3236.01,39315.73,0,2,15.05,12.6,0,0,2.46,0,4,4,0,4,11,1,0,0,0,0,0,1,0,0
34,5475.81,65083.91,2,10,34.9,11.5,2,0,194.29,1,7,3,1,9,11,1,0,1,0,0,0,1,0,0
61,3475.24,42093.95,2,10,43.05,27.3,1,0,131.79,3,6,4,2,9,14,0,0,0,0,0,0,1,0,0
25,3640.43,44302.77,3,12,9.56,32.3,1,1,56.99,2,1,1,0,10,17,1,0,0,0,0,0,1,0,1
55,7153.4,85377.31,2,8,14.94,15.9,3,0,26.85,2,0,6,0,2,19,0,0,0,0,0,0,1,0,0
55,7153.4,84871.8,3,16,15.53,4.5,0,0,9.97,3,4,5,2,7,19,1,0,0,0,0,0,1,0,0
38,5567.5,68396.07,4,13,11.38,12.8,1,1,5.06,1,3,1,0,6,12,1,0,0,0,1,0,1,0,1
24,8407.05,101547.27,2,7,35.24,5.0,1,0,4.59,2,3,0,1,1,17,0,0,0,0,0,1,0,1,0
55,4730.73,57899.39,3,12,19.59,17.6,2,0,20.36,2,3,2,0,6,13,1,0,0,0,0,1,1,0,0
73,956.03,11457.29,1,7,12.5,14.0,0,0,3.0,1,2,3,1,6,10,0,1,0,0,0,1,1,0,0
37,1350.33,16364.97,0,1,21.44,19.7,1,0,8.85,3,4,2,0,1,13,0,0,1,0,0,0,0,1,0
75,3962.83,47494.77,4,15,10.43,3.0,2,0,110.36,2,1,4,1,7,20,0,1,1,0,0,0,1,0,0
54,2019.68,24244.52,0,1,37.63,16.5,1,1,129.19,3,7,3,0,8,8,0,0,0,1,0,0,1,0,1
49,3194.65,39156.28,3,12,39.13,21.4,0,0,4.27,4,5,3,0,4,18,0,0,0,0,0,0,0,1,0
66,2217.25,26096.78,2,8,11.76,13.4,1,0,98.44,4,8,1,2,8,18,0,0,1,0,0,0,1,0,0
24,1841.43,21927.21,2,10,14.33,9.3,3,0,109.07,2,8,1,1,8,13,1,0,0,1,0,0,1,0,0
36,3213.99,38628.72,5,18,15.28,4.5,0,0,19.31,1,4,5,0,2,15,0,0,0,0,0,1,0,1,0
37,2882.04,34567.07,3,14,9.07,11.8,0,1,45.8,3,2,1,0,9,9,0,0,0,0,0,0,0,1,0
30,3145.22,37766.78,6,19,24.24,10.4,1,0,271.66,3,3,1,2,3,10,1,0,0,0,1,0,0,0,1
53,3975.55,48614.9,4,12,13.22,13.0,4,0,200.02,0,3,4,3,10,12,1,0,0,0,1,0,0,0,0
50,8259.02,96457.29,1,7,3.76,11.3,1,0,5.93,4,9,1,2,1,9,1,0,0,0,0,1,0,0,1
69,6388.67,74973.56,5,16,16.12,20.6,0,1,120.58,2,6,1,1,3,9,0,1,0,1,0,0,0,0,0
39,4022.36,47936.25,3,8,21.06,8.2,1,1,147.43,3,9,3,3,1,9,1,0,0,0,0,0,0,0,0
42,4204.87,49468.8,2,8,32.61,13.8,0,0,47.34,2,2,1,0,6,19,1,0,0,0,0,0,1,0,0
55,4284.97,51118.32,3,11,26.01,12.9,0,0,57.43,1,6,4,1,10,8,0,0,0,0,0,1,0,1,0
52,2355.09,28916.82,3,10,7.28,4.1,0,0,14.2,2,0,4,2,10,20,1,0,0,1,0,0,0,1,0
57,4688.64,57367.05,1,6,17.84,19.1,0,0,144.65,2,5,6,2,6,17,1,0,0,0,0,0,1,0,0
57,3367.73,40261.43,2,7,37.52,4.3,3,0,77.79,1,5,7,0,8,9,1,0,0,0,1,0,0,0,0
65,2620.89,32054.11,2,7,5.37,11.9,1,0,30.88,3,2,5,0,7,11,0,0,0,0,1,0,0,0,1
41,6188.89,73397.57,3,9,40.26,6.5,0,0,39.91,3,2,2,0,9,17,1,0,0,1,0,0,0,0,0
57,2979.93,35846.58,6,20,37.17,32.9,0,1,48.38,1,7,1,1,9,14,1,0,0,1,0,0,0,1,0
54,2755.78,33102.59,0,3,8.9,2.5,1,0,38.34,4,2,1,2,7,11,0,0,0,0,0,0,0,0,0
24,4385.97,52749.87,2,11,13.53,15.1,1,1,18.58,1,2,2,1,8,15,0,1,0,0,1,0,0,0,0
66,3317.57,39374.68,1,7,10.36,8.9,1,1,34.8,1,4,0,2,4,13,1,0,0,1,0,0,0,0,1
68,5374.32,62990.13,0,4,22.03,6.2,1,0,97.46,0,0,3,0,3,20,0,0,0,0,1,0,1,0,0
47,2839.83,33503.8,2,7,24.04,23.6,0,0,34.61,4,4,3,1,3,19,0,0,0,0,1,0,0,1,1
39,2958.41,36556.58,1,3,6.54,10.7,0,0,24.36,2,6,4,1,2,16,1,0,0,0,1,0,0,0,1
61,9287.34,111189.33,2,8,10.61,10.7,1,0,11.5,1,6,5,1,2,13,1,0,1,0,0,0,1,0,1
39,3134.68,37352.64,3,12,11.04,9.5,0,0,17.84,1,3,5,0,2,10,0,0,0,0,0,1,0,0,0
26,2375.4,29147.52,0,2,19.56,14.2,1,0,60.56,0,3,3,1,10,9,1,0,0,1,0,0,1,0,0
62,6530.04,78820.36,0,3,52.52,6.4,0,0,49.9,1,2,2,0,5,12,1,0,1,0,0,0,0,0,0
39,2258.13,27073.13,3,11,44.93,6.9,3,0,67.82,2,6,0,1,1,12,1,0,1,0,0,0,0,0,0
57,3180.52,38524.2,3,9,6.01,24.9,0,0,46.27,3,2,5,1,4,8,1,0,0,1,0,0,1,0,0
35,5978.56,70290.42,2,7,26.96,10.7,0,0,14.39,1,6,4,1,9,13,1,0,0,0,0,1,1,0,0
30,2749.31,33426.84,2,8,37.12,29.8,0,1,9.95,6,9,5,0,4,10,1,0,0,0,0,1,0,1,0
46,4577.63,54525.4,7,22,21.47,6.2,0,1,96.89,2,1,4,1,4,19,1,0,0,0,1,0,1,0,1
31,3547.58,42824.81,5,16,56.94,11.7,3,1,3.65,2,4,4,1,8,11,0,1,0,0,0,0,0,0,0
51,5006.73,60622.98,4,15,27.42,15.3,0,0,46.35,2,5,1,1,1,13,1,0,0,0,0,0,1,0,0
41,1861.65,22568.44,3,10,79.49,15.7,0,1,10.94,2,5,3,0,9,9,0,0,0,0,0,0,1,0,1
39,4080.45,48847.71,1,7,34.28,13.0,2,0,22.98,0,2,1,0,1,8,0,1,0,0,0,1,0,0,0
61,4904.52,59305.48,0,3,3.66,12.6,1,0,24.29,2,7,2,1,5,9,1,0,1,0,0,0,1,0,1
33,3347.61,39787.19,3,11,9.43,6.1,4,1,104.46,3,2,2,1,10,14,1,0,1,0,0,0,0,0,0
73,2888.57,34174.25,2,10,19.82,1.4,0,0,0.97,0,2,4,0,3,18,0,0,0,0,0,0,1,0,1
59,3078.49,37532.37,0,2,3.89,10.0,0,0,77.63,0,7,4,0,9,20,1,0,0,1,0,0,1,0,0
61,7918.64,96399.41,2,9,17.33,2.9,1,0,51.4,3,2,3,1,2,16,1,0,0,0,0,1,0,0,0
57,4449.66,53900.0,3,14,16.52,9.9,0,0,2.57,3,4,5,1,10,18,1,0,0,0,1,0,0,0,1
51,2575.42,31849.79,2,8,6.64,5.8,0,0,60.15,2,3,3,0,3,12,0,0,0,0,0,0,0,1,0
56,2648.03,31926.85,2,8,16.34,10.5,0,1,92.06,3,2,4,1,6,14,0,0,0,1,0,0,0,0,0
20,3510.36,42458.11,3,11,7.89,16.2,1,0,10.51,2,3,3,0,2,15,1,0,0,0,0,1,0,0,0
54,1507.2,18258.6,3,10,17.16,22.8,1,1,36.51,3,5,2,0,9,15,0,0,0,1,0,0,0,0,0
65,3097.28,37947.43,6,19,16.59,23.5,0,1,266.78,2,4,4,2,1,10,1,0,0,1,0,0,0,0,0
25,3640.43,43836.88,4,14,108.19,25.7,0,1,3.25,2,7,7,4,1,20,0,0,0,0,0,0,1,0,0
71,4633.17,55766.39,3,12,12.76,9.1,0,1,4.34,2,3,1,2,2,8,1,0,1,0,0,0,1,0,0
30,2012.86,24374.41,5,15,50.28,17.5,0,0,5.7,3,4,5,2,1,9,0,0,0,0,0,0,0,1,1
30,4299.46,52469.79,2,9,13.23,19.5,1,0,62.88,1,4,3,1,9,17,1,0,0,1,0,0,1,0,0
61,3985.44,47185.54,2,7,14.38,14.0,2,1,4.02,0,3,4,0,10,8,0,0,0,0,0,0,0,1,0
53,3256.59,39759.06,3,16,22.19,12.1,2,1,31.11,3,3,5,1,9,20,1,0,0,0,0,0,0,0,1
29,1241.45,14764.22,3,12,8.91,21.2,0,0,18.06,2,5,6,0,2,10,0,0,0,0,1,0,0,1,0
32,4420.4,53770.12,1,6,15.21,12.1,1,0,108.54,3,2,3,1,1,13,1,0,0,0,0,0,1,0,0
34,1295.92,15137.89,6,19,59.75,8.5,0,0,23.52,2,3,6,0,4,8,1,0,0,0,1,0,0,0,0
34,2958.52,35106.64,1,6,8.85,14.6,1,0,84.97,2,4,1,1,9,20,1,0,0,0,1,0,0,0,0
57,5162.64,63740.78,2,8,11.91,12.6,0,0,32.63,0,1,3,2,8,8,1,0,0,0,0,0,0,1,0
70,2884.32,34308.92,3,11,19.93,10.7,0,0,6.5,1,1,0,1,1,14,0,0,0,1,0,0,1,0,0
28,4896.28,57493.99,1,7,13.57,16.9,1,0,32.3,1,2,1,0,10,8,1,0,0,0,0,0,0,0,0
32,2692.11,32487.86,3,12,20.2,8.5,0,0,2.59,2,5,4,0,6,13,1,0,1,0,0,0,0,0,0
57,2480.0,29286.97,2,6,6.93,12.7,0,0,28.76,4,4,2,0,9,10,0,1,1,0,0,0,0,0,0
75,2081.63,25059.26,4,11,30.55,6.4,1,1,74.96,3,3,0,2,10,13,0,0,1,0,0,0,1,0,1
56,3426.85,41382.96,1,3,5.51,9.1,0,0,186.85,3,1,2,2,2,16,1,0,0,0,1,0,0,0,0
38,1768.87,20936.61,3,11,14.71,27.4,1,1,106.0,4,5,2,0,6,11,0,0,0,1,0,0,0,1,1
30,1996.64,24595.27,1,3,16.97,4.7,1,0,14.61,4,4,3,0,10,8,1,0,0,0,1,0,1,0,0
32,4521.07,54548.23,2,13,50.27,17.5,0,0,85.2,2,7,2,2,3,8,0,0,1,0,0,0,0,0,0
53,3105.87,37619.28,4,16,15.93,8.1,1,0,60.11,1,6,0,1,9,13,0,1,0,0,0,0,0,1,1
27,3445.32,40968.99,2,9,19.4,10.0,3,0,71.65,3,4,4,0,6,10,0,1,0,0,0,0,0,1,0
52,2355.09,27906.51,9,28,19.53,4.3,0,0,164.15,0,5,4,4,1,19,0,1,0,1,0,0,1,0,0
21,9364.1,106949.88,5,17,80.4,17.4,1,0,94.48,0,3,6,0,1,20,0,0,1,0,0,0,0,0,0
47,1692.46,20827.64,2,7,4.87,20.3,0,0,31.67,3,4,2,0,2,13,1,0,1,0,0,0,0,0,0
57,4449.66,50810.7,2,11,23.81,8.2,1,0,73.5,4,2,3,1,1,8,1,0,0,0,1,0,0,0,0
61,3912.43,46766.26,3,10,31.94,19.7,0,1,37.18,2,5,2,0,4,16,0,0,0,0,0,0,0,0,0
54,1398.9,17344.75,4,16,88.06,35.5,0,1,20.69,0,6,4,1,2,17,1,0,0,0,1,0,0,0,0
66,3275.86,39211.25,4,12,31.74,8.5,1,1,340.49,2,6,3,1,5,18,1,0,0,0,0,1,0,0,0
51,5006.73,58321.6,2,11,10.35,17.1,2,0,30.94,0,2,2,1,2,14,0,0,0,0,0,0,0,1,0
63,7484.14,86736.87,5,15,41.45,15.5,0,0,126.32,4,7,2,2,2,13,1,0,0,0,0,0,0,0,1
26,5132.09,61042.85,3,13,35.78,10.1,1,1,158.41,2,3,2,3,4,15,0,1,0,0,0,0,0,1,0
67,3307.81,40601.21,4,13,8.44,17.0,2,0,34.82,1,9,2,1,10,13,1,0,0,0,0,0,0,0,0
21,3813.81,45711.67,1,5,40.06,22.9,0,0,9.87,2,6,3,0,2,18,1,0,0,0,0,0,0,0,0
39,4022.36,47989.36,3,8,64.63,9.8,1,1,49.52,3,2,2,0,9,11,1,0,0,0,0,0,1,0,0
60,3377.61,41567.88,1,5,11.93,13.4,0,0,9.34,3,4,2,1,4,10,1,0,0,0,0,0,0,1,0
58,4169.74,51098.39,2,6,12.63,7.5,2,0,36.04,5,7,2,1,1,14,1,0,1,0,0,0,0,1,0
60,1763.8,21203.69,2,5,10.11,21.3,1,0,132.7,4,6,3,0,2,9,1,0,1,0,0,0,1,0,0
53,3975.55,48152.89,1,4,2.47,6.7,3,0,47.46,5,4,2,1,9,16,0,0,0,0,1,0,1,0,0
44,1641.51,19430.53,5,16,23.57,5.3,0,0,3.07,2,5,5,0,8,18,0,0,0,1,0,0,0,0,0
49,3536.34,41953.74,3,8,21.85,7.8,1,0,58.11,3,1,3,0,7,13,0,1,0,0,0,0,0,0,0
45,2334.29,27884.48,2,6,30.15,10.8,0,1,21.37,3,2,2,2,9,16,1,0,0,0,0,1,1,0,1
42,2190.23,26101.7,2,10,11.36,5.9,1,1,4.68,1,3,5,0,3,19,1,0,0,1,0,0,0,0,0
29,2708.4,33210.66,0,2,16.05,26.3,0,0,22.48,1,4,2,1,10,15,0,0,0,0,0,1,0,1,0
31,6355.69,74168.79,1,3,14.93,18.1,1,1,109.82,2,1,3,3,4,18,0,0,0,1,0,0,0,0,0
50,2846.42,33922.9,3,11,41.5,6.7,0,0,1.96,3,5,1,0,1,8,0,0,1,0,0,0,1,0,1
37,3274.89,38431.72,1,7,5.54,6.0,2,0,76.09,5,7,2,0,8,14,1,0,0,0,0,1,1,0,0
27,4629.64,56999.32,2,5,29.9,5.4,0,1,21.53,1,5,2,1,8,15,1,0,0,0,0,1,0,0,0
59,3328.88,39705.51,1,5,23.25,6.5,1,0,19.29,4,3,4,0,7,16,1,0,1,0,0,0,0,1,0
28,4376.24,51977.7,6,20,28.46,5.3,1,0,39.2,2,6,2,0,4,14,0,0,1,0,0,0,0,1,0
25,3310.78,39254.35,4,17,24.06,4.0,2,0,32.07,1,5,2,0,4,16,1,0,0,0,1,0,0,0,0
23,4128.7,50833.23,3,13,6.78,9.9,1,0,20.8,1,5,2,5,9,12,1,0,0,0,0,0,0,1,0
34,7562.56,91030.14,3,13,30.55,11.4,0,0,1.65,0,2,6,0,1,13,0,1,1,0,0,0,0,0,1
63,3534.64,43235.9,1,6,17.79,4.4,0,0,30.43,4,4,4,0,3,11,0,0,1,0,0,0,1,0,0
51,4401.79,52565.27,2,7,12.26,34.4,0,1,85.5,2,3,6,0,5,13,0,0,0,0,0,0,1,0,1
68,2679.58,31947.58,2,8,13.39,12.2,2,0,78.4,3,3,5,3,10,16,0,0,0,1,0,0,0,0,0
53,2565.01,30760.05,5,20,17.31,18.6,1,0,74.96,6,5,0,0,6,10,1,0,0,0,1,0,1,0,0
74,2744.95,32574.0,7,23,21.01,7.1,4,0,69.46,5,3,2,2,9,8,0,0,1,0,0,0,0,1,0
38,4199.78,52045.34,4,14,61.37,8.1,1,0,18.93,1,6,4,0,2,10,0,0,1,0,0,0,0,0,1
33,4515.49,53944.64,1,3,21.32,5.0,0,0,28.42,4,2,4,0,7,9,1,0,0,1,0,0,0,1,0
63,2848.82,33958.21,1,5,48.67,7.7,0,0,15.84,4,3,2,0,1,20,0,1,1,0,0,0,1,0,0
71,1781.1,20970.92,0,3,13.13,9.2,1,0,26.47,1,4,4,1,9,10,1,0,0,0,0,0,1,0,0
69,2512.11,30046.81,3,9,13.56,7.8,0,1,4.62,1,2,7,0,2,15,0,0,0,0,0,1,0,0,0
33,3496.84,41435.6,1,6,13.95,16.5,3,1,126.18,2,3,1,1,4,18,1,0,0,0,1,0,1,0,0
72,3458.53,41078.26,2,6,16.76,14.9,2,0,20.39,0,2,4,0,8,8,0,0,1,0,0,0,0,0,0
24,8407.05,100739.26,1,4,13.66,24.0,1,0,154.32,3,1,3,0,4,11,0,0,0,0,0,1,0,0,0
59,1926.52,23598.75,2,7,15.73,1.4,2,0,10.04,3,9,2,1,9,11,1,0,1,0,0,0,0,0,0
29,5441.17,65881.45,4,13,11.65,2.5,0,0,19.13,1,3,3,1,2,10,1,0,0,0,0,0,0,1,0
59,4263.36,50879.97,5,19,49.75,13.8,0,1,66.12,2,2,6,0,10,14,1,0,0,1,0,0,0,0,1
45,3931.7,47465.21,3,14,13.46,9.9,1,0,29.57,1,5,3,1,6,13,1,0,0,0,1,0,0,0,0
36,2773.39,33520.55,3,9,19.55,6.4,0,1,47.39,3,5,0,0,3,15,0,0,1,0,0,0,1,0,0
22,3927.44,45967.61,1,7,17.46,6.8,0,0,34.08,0,2,6,0,4,18,1,0,0,1,0,0,1,0,0
59,3328.88,40599.45,0,2,16.0,6.7,0,0,3.19,1,6,7,3,8,20,1,0,1,0,0,0,0,1,0
41,9261.36,111331.76,3,12,22.32,14.9,1,0,41.05,1,3,1,1,4,13,1,0,0,0,0,0,0,1,0
36,2010.74,24685.8,5,17,17.52,18.9,2,0,111.92,4,2,3,1,8,9,1,0,1,0,0,0,1,0,0
43,4662.33,55549.91,2,6,21.86,3.7,2,1,33.09,5,2,3,0,6,18,1,0,0,0,1,0,1,0,0
45,3740.4,44919.23,1,7,12.46,18.4,0,0,179.82,3,4,3,1,1,18,1,0,0,1,0,0,0,0,0
50,3486.25,42007.62,0,1,16.91,13.8,1,0,36.23,3,5,4,1,4,10,1,0,1,0,0,0,0,0,0
31,5351.86,63549.66,1,4,7.6,8.0,0,0,80.59,1,7,3,1,7,13,1,0,0,1,0,0,0,0,0
63,2342.92,28321.7,6,22,21.97,11.6,3,1,53.53,2,3,3,1,5,14,0,1,0,0,1,0,0,0,0
27,3973.19,48230.4,1,5,14.13,9.7,0,0,12.9,4,5,7,0,4,12,0,0,0,1,0,0,1,0,0
57,4079.81,48472.0,3,12,8.89,6.1,1,0,52.65,3,3,2,0,2,15,1,0,0,0,1,0,0,0,0
59,3138.39,37477.38,1,6,14.7,1.2,1,0,173.26,4,2,1,0,1,10,1,0,0,1,0,0,0,0,0
73,2734.86,33009.99,0,0,37.75,22.9,0,0,50.56,0,10,1,2,9,16,0,0,0,0,1,0,0,1,0
45,3790.29,45235.61,3,9,22.04,7.8,0,1,93.53,4,3,1,1,2,9,0,1,0,0,0,0,0,1,0
45,3822.44,46673.14,3,12,21.58,11.3,0,1,21.03,2,2,6,0,1,16,1,0,0,0,1,0,0,1,0
60,4973.83,59454.37,1,6,60.96,7.5,1,1,8.73,2,2,3,1,3,17,1,0,0,0,0,0,0,0,1
34,3523.22,43128.25,3,10,19.72,13.2,0,1,94.78,1,5,5,1,4,15,0,1,0,0,0,1,0,0,0
42,2190.23,26741.96,1,7,30.8,22.3,2,1,20.36,2,7,5,0,4,8,1,0,0,1,0,0,0,0,1
44,6490.15,78173.39,2,5,89.92,4.2,2,0,44.1,1,5,1,1,10,17,0,0,0,0,0,1,1,0,0
54,10097.74,121331.48,4,15,20.97,11.8,1,0,70.36,1,3,2,0,6,9,1,0,0,0,0,1,1,0,0
51,3181.14,37971.62,4,16,16.65,11.9,0,0,3.21,2,3,3,0,10,12,0,0,0,0,0,1,0,1,0
46,8045.17,96974.98,6,17,59.13,14.4,0,0,64.07,4,4,7,0,2,14,0,1,0,1,0,0,0,0,1
64,3314.17,40983.69,4,13,20.26,11.6,0,0,145.28,2,2,5,2,7,13,1,0,0,0,1,0,0,1,0
41,2387.56,28044.02,4,14,21.88,1.1,1,0,58.28,3,8,3,1,6,12,0,0,0,0,1,0,1,0,1
41,7260.37,88786.54,3,11,32.33,16.7,1,0,2.53,1,6,3,1,6,9,0,0,0,0,1,0,1,0,0
30,2338.78,28047.5,2,11,22.04,22.2,2,1,21.11,3,4,2,1,4,16,0,0,1,0,0,0,0,0,0
38,3157.63,37636.55,2,9,7.26,1.8,0,0,3.04,4,8,3,1,3,19,1,0,0,0,0,0,0,0,0
22,2677.48,33408.23,0,2,5.68,3.6,1,0,4.58,3,2,2,2,5,9,1,0,0,0,0,0,0,1,0
62,2123.19,25465.17,1,8,26.67,23.3,0,0,58.57,2,3,2,0,7,13,1,0,0,1,0,0,1,0,0
60,2829.15,33974.13,3,13,38.13,9.9,0,1,105.2,1,7,4,0,10,18,1,0,0,0,0,0,1,0,0
40,4063.1,48854.09,6,19,34.52,15.0,3,1,25.72,5,3,4,0,3,10,0,1,0,0,0,0,1,0,1
70,3446.96,40386.51,5,17,12.89,5.4,0,0,22.86,0,6,2,2,1,17,0,0,0,0,0,0,1,0,0
37,7165.54,84913.03,1,4,13.12,28.9,1,0,65.47,5,6,2,1,4,17,1,0,0,0,0,1,1,0,0
37,3861.61,45273.7,7,24,29.19,18.3,0,1,18.01,1,5,3,0,1,11,1,0,0,0,0,1,0,0,0
65,4911.99,58325.95,2,7,14.61,6.8,1,0,31.59,2,6,6,0,8,18,1,0,0,0,0,0,0,0,0
74,2526.91,30000.22,8,26,58.69,16.4,2,1,84.65,1,4,3,3,9,17,0,0,0,1,0,0,0,0,0
33,5968.07,71397.93,6,18,30.05,18.7,2,0,108.24,3,10,6,0,4,20,1,0,0,1,0,0,1,0,0
70,1394.81,16720.18,3,12,15.72,15.4,1,1,19.64,2,7,3,1,1,19,0,0,0,0,0,1,0,1,0
25,2650.46,31217.3,4,15,14.61,7.8,0,1,1.87,0,5,4,1,2,15,1,0,0,0,0,1,0,1,0
65,2763.17,32623.65,4,15,29.03,20.4,1,0,6.51,6,3,5,1,10,19,1,0,0,0,1,0,0,0,0
52,3269.13,38572.43,2,6,24.9,4.8,1,0,16.76,0,4,3,0,4,19,0,0,0,0,0,1,0,0,0
70,3641.31,43224.85,1,6,25.44,4.8,0,0,25.32,3,0,2,0,1,19,0,0,1,0,0,0,0,0,0
63,2705.73,32382.99,2,8,23.53,3.7,1,0,41.7,2,6,1,0,1,13,0,0,0,0,0,0,1,0,0
67,7856.32,94211.32,1,4,9.27,21.4,2,1,1.05,2,6,2,0,1,13,0,0,0,0,0,0,0,1,0
23,1379.74,16263.32,0,4,15.03,9.9,1,1,80.23,4,5,3,0,5,19,1,0,1,0,0,0,0,0,0
38,3535.4,41337.13,3,10,68.78,15.2,1,0,81.48,1,2,0,1,2,20,1,0,0,0,0,0,0,0,0
72,3103.2,36742.98,1,5,28.72,9.4,0,1,159.92,3,2,6,0,4,8,0,0,1,0,0,0,0,1,0
58,4761.7,57475.19,4,17,34.98,9.2,1,1,63.57,4,2,4,0,6,10,1,0,0,0,0,0,0,0,1
43,10433.13,125143.62,0,1,39.42,14.8,2,0,39.91,2,3,3,0,7,12,1,0,0,0,1,0,1,0,1
51,3285.74,40217.31,2,7,22.14,19.6,1,1,34.46,1,2,3,1,1,10,0,1,0,0,0,0,0,0,1
66,3501.87,41588.83,4,16,36.99,25.2,1,1,129.39,2,4,2,0,9,13,1,0,0,0,0,1,1,0,1
37,7474.34,88334.9,3,11,11.4,9.3,0,0,38.82,2,6,1,0,5,9,1,0,0,0,0,0,1,0,0
45,3034.56,35953.46,1,4,86.25,8.3,1,0,22.82,5,3,3,0,1,20,1,0,0,0,1,0,1,0,0
46,6795.14,81844.62,3,14,18.34,7.0,0,0,59.88,0,3,1,0,10,10,0,1,0,0,1,0,1,0,0
72,1135.24,13347.48,6,21,24.66,10.1,1,1,46.56,2,3,5,1,3,19,0,0,0,1,0,0,1,0,0
60,2780.87,33221.0,4,13,41.91,7.7,0,0,41.53,4,3,2,0,6,9,1,0,0,0,0,1,0,0,0
53,3025.15,35329.5,3,10,18.98,9.3,1,0,14.15,3,0,5,0,5,13,1,0,0,0,0,0,0,0,0
63,3492.68,41795.79,4,17,13.96,9.9,1,1,30.48,1,2,2,0,4,14,1,0,0,0,0,1,1,0,0
41,3129.07,38372.76,1,5,11.29,4.7,1,0,149.72,1,1,3,1,8,10,1,0,0,1,0,0,0,1,0
23,6231.41,74475.49,3,10,8.74,16.7,2,0,56.2,1,6,3,0,2,8,1,0,0,0,1,0,0,1,0
60,12000.0,141669.6,3,12,44.98,6.2,1,1,66.72,1,6,5,1,8,18,0,1,0,0,0,0,1,0,1
44,4385.79,51255.44,1,8,11.39,19.7,2,0,67.33,4,4,3,1,9,10,1,0,0,1,0,0,0,1,0
34,2282.85,27446.64,2,9,28.43,8.3,1,0,14.04,2,2,3,0,10,8,1,0,0,0,1,0,0,0,0
33,1943.71,23548.3,1,6,7.5,19.4,0,0,181.9,1,2,1,2,4,17,1,0,0,1,0,0,0,0,0
37,2973.22,35186.63,2,8,12.67,10.2,0,0,5.3,2,4,1,0,8,14,1,0,0,1,0,0,1,0,0
20,5064.97,61113.85,5,18,21.43,4.0,0,0,114.67,0,5,4,0,7,9,0,0,0,1,0,0,0,0,0
61,5165.09,61365.84,7,20,35.89,17.9,1,1,88.06,3,7,3,0,4,15,0,0,0,0,1,0,0,1,1
55,3877.87,46019.7,3,12,9.43,9.5,1,0,50.54,4,3,3,1,3,16,1,0,0,1,0,0,1,0,0
69,2512.11,30166.48,5,16,17.62,29.3,0,1,91.89,2,6,3,0,8,19,0,0,0,0,0,1,0,0,0
40,3418.44,39946.34,2,9,15.06,14.1,1,0,9.93,2,2,3,0,1,16,0,0,0,0,0,1,0,0,0
43,3558.8,42885.87,4,18,24.54,34.1,2,1,12.61,0,1,3,0,2,14,1,0,0,0,0,0,1,0,0
52,4655.51,54339.55,6,20,21.51,9.5,0,1,179.63,0,5,2,1,7,13,0,0,0,0,0,1,0,1,0
48,2840.16,34217.38,2,7,8.93,10.2,0,1,5.13,1,1,3,0,9,19,1,0,0,0,0,0,0,0,0
43,4469.78,52323.42,6,19,69.46,14.3,0,0,53.16,2,1,1,1,5,14,1,0,0,0,0,1,0,0,0
64,2450.71,28863.36,4,14,24.19,10.9,2,0,40.56,2,5,2,0,10,17,0,0,0,0,1,0,0,0,0
31,1848.06,22532.48,4,14,87.43,3.6,0,0,200.0,2,5,3,0,6,20,0,0,1,0,0,0,0,0,0
54,2527.24,29771.85,2,8,67.56,13.5,2,0,33.58,2,4,2,1,9,17,1,0,0,0,0,1,1,0,0
72,2464.3,29752.36,1,6,8.68,26.7,0,0,43.54,4,3,6,0,9,14,1,0,0,1,0,0,0,0,0
21,5823.48,68811.16,3,13,27.04,17.9,0,0,24.34,1,3,4,0,5,16,1,0,0,1,0,0,1,0,0
72,1604.45,19437.53,6,24,26.64,12.1,1,1,65.8,2,2,9,1,8,15,0,0,0,0,0,0,1,0,1
43,3004.66,36787.26,1,5,13.92,16.0,2,0,45.28,0,2,4,0,4,9,1,0,1,0,0,0,1,0,1
54,4167.18,50807.25,1,7,26.43,12.6,1,0,161.21,1,4,0,2,4,10,1,0,0,0,0,0,1,0,0
64,3420.09,40014.35,0,1,46.44,12.8,0,0,20.4,1,2,2,0,7,15,1,0,0,0,0,1,1,0,1
37,1820.64,22225.91,1,3,28.6,9.7,2,1,252.43,1,11,6,0,7,11,1,0,0,1,0,0,0,1,0
50,4319.29,52101.25,3,10,26.48,22.6,0,0,11.84,4,5,1,0,10,14,1,0,1,0,0,0,0,0,0
22,2677.48,32000.39,0,2,22.14,19.3,2,0,64.91,1,1,4,0,2,14,1,0,0,0,0,0,0,0,0
34,5635.51,68835.03,3,9,15.47,13.4,0,1,42.19,4,6,3,0,10,15,0,0,1,0,0,0,0,1,0
63,1898.64,22444.93,5,19,13.83,9.8,1,1,34.73,2,4,1,0,4,11,0,0,0,0,1,0,1,0,0
34,2958.52,36558.15,0,1,25.22,4.3,1,0,28.85,2,5,1,0,9,9,1,0,0,0,1,0,1,0,0
62,3511.62,42836.29,4,14,50.19,18.6,2,0,32.24,3,4,2,2,8,19,1,0,1,0,0,0,1,0,1
70,1503.07,18260.78,5,16,27.48,17.7,0,1,61.08,2,6,0,0,8,11,1,0,1,0,0,0,1,0,0
44,3545.39,43206.92,0,2,10.69,9.3,3,0,172.79,3,6,2,1,6,18,1,0,1,0,0,0,1,0,0
69,2007.1,24335.82,2,7,36.54,8.6,2,1,27.5,1,3,2,0,7,10,0,0,0,0,1,0,0,0,0
34,4434.46,51935.65,8,24,46.55,14.8,4,1,91.15,1,6,2,0,1,11,0,0,0,0,0,1,0,1,0
28,11859.81,141978.04,3,14,20.43,6.5,0,1,3.03,2,2,6,1,9,15,0,0,0,0,0,0,0,0,0
23,4035.52,48234.27,1,3,2.77,2.8,0,0,71.82,2,3,3,0,3,20,1,0,0,0,0,1,0,0,0
68,3837.08,47210.48,4,16,16.82,11.7,2,0,44.21,3,3,3,2,8,15,0,0,0,0,0,1,1,0,0
52,4655.51,57607.1,7,25,30.32,20.3,0,1,19.43,1,2,4,0,2,14,0,0,0,0,0,1,0,0,1
67,1853.09,22099.42,2,10,7.85,13.3,0,0,100.65,2,1,7,0,3,12,1,0,0,0,1,0,1,0,0
35,5978.56,71031.03,1,6,36.66,10.8,0,0,105.63,0,4,0,1,7,10,1,0,0,0,0,1,0,0,0
67,3390.65,40589.9,3,9,50.04,20.9,1,0,82.46,1,7,1,0,8,12,1,0,1,0,0,0,0,1,0
54,4083.49,49209.72,0,2,3.31,9.7,3,1,6.57,0,5,9,1,4,16,1,0,1,0,0,0,0,0,0
25,5301.22,63855.99,1,5,9.02,19.4,1,0,26.23,4,5,3,1,6,13,1,0,1,0,0,0,0,1,0
46,4831.28,58630.16,2,7,22.91,20.6,1,0,60.22,2,7,3,0,5,8,1,0,0,0,0,0,1,0,0
69,1962.01,23245.02,0,1,41.36,17.6,2,1,27.31,2,9,3,1,5,12,1,0,0,0,0,0,0,0,1
30,1996.64,24082.78,1,8,9.58,18.8,0,0,29.8,2,3,3,1,3,13,1,0,0,0,1,0,0,0,0
71,1805.92,21701.92,4,13,66.85,2.0,1,0,11.0,5,7,3,0,10,14,0,0,0,1,0,0,1,0,0
59,6820.94,82991.87,1,4,57.28,11.1,1,1,26.46,3,6,4,1,9,8,1,0,0,0,1,0,0,0,0
21,2663.07,31983.34,1,6,32.87,12.5,1,0,153.07,4,5,4,2,4,8,0,0,0,1,0,0,0,1,0
44,3875.82,46744.73,3,13,9.41,11.9,0,1,3.67,4,4,0,0,9,11,0,0,0,0,0,1,0,0,0
32,3628.92,43103.61,6,18,35.15,22.7,0,1,18.07,1,4,2,1,9,20,1,0,0,1,0,0,0,1,0
50,3623.72,44186.71,2,7,34.71,10.0,1,0,23.13,3,3,5,1,8,15,1,0,0,1,0,0,0,0,1
71,2300.89,27409.36,2,8,37.08,7.4,1,0,16.69,4,3,7,1,6,14,0,0,0,1,0,0,1,0,0
49,2662.35,32036.8,3,11,10.35,12.0,1,0,130.58,1,2,3,1,4,16,1,0,0,0,0,0,1,0,0
21,3164.56,37810.6,1,4,22.89,12.5,0,0,26.82,5,6,6,0,7,13,0,0,0,0,0,0,0,0,0
68,7564.91,91508.06,2,7,11.4,5.1,1,0,40.55,2,4,4,1,2,10,1,0,0,1,0,0,0,1,0
23,2472.82,29072.7,3,13,12.46,11.3,0,0,39.87,1,3,1,0,6,17,1,0,0,0,0,1,0,1,0
47,2515.8,30062.36,1,10,9.24,20.7,1,1,98.15,0,5,4,2,3,8,1,0,0,1,0,0,0,1,0
56,2507.22,30275.91,1,2,11.11,13.9,0,1,11.25,3,4,4,1,9,8,1,0,0,0,0,0,0,0,0
60,6222.23,74880.21,2,8,54.92,10.9,1,0,64.13,2,3,3,0,9,19,0,0,0,1,0,0,1,0,0
62,4937.19,58469.86,1,5,9.17,9.7,1,0,87.79,3,4,4,0,10,10,0,0,0,0,0,1,0,0,1
27,11100.46,129900.94,3,10,15.59,14.1,0,0,109.8,3,4,8,0,10,17,1,0,0,0,0,0,1,0,0
37,3260.67,39862.42,7,24,32.76,6.6,2,0,365.0,0,4,4,2,10,14,1,0,1,0,0,0,0,0,0
55,2056.63,24495.01,4,13,27.21,10.7,1,1,13.42,5,5,6,0,8,19,1,0,0,0,0,0,1,0,0
35,3401.22,41414.02,6,19,22.58,8.4,4,1,42.12,5,5,5,0,9,15,1,0,0,0,1,0,1,0,0
27,2776.05,33477.65,3,12,8.9,4.3,0,0,72.3,1,8,3,1,6,18,1,0,1,0,0,0,1,0,0
56,2887.13,34261.19,1,6,21.24,11.3,1,0,4.67,1,5,6,0,8,14,1,0,0,1,0,0,0,1,0
67,1511.34,17996.81,0,1,3.84,6.0,2,0,88.61,2,4,2,1,6,12,1,0,0,0,0,0,0,0,0
74,5577.39,66770.78,5,16,41.13,17.0,1,0,108.69,0,2,4,1,5,14,1,0,0,0,1,0,0,1,0
30,2012.86,23511.33,2,11,75.53,18.5,1,0,23.78,2,3,5,0,4,10,1,0,0,0,0,0,0,1,0
62,2283.64,27768.25,4,14,16.14,14.4,2,1,93.41,2,4,4,0,3,16,0,0,0,0,0,1,1,0,0
74,3950.09,47860.14,2,6,7.61,15.3,0,0,78.82,1,6,0,2,8,12,1,0,1,0,0,0,0,1,0
28,7467.08,87636.9,4,13,31.5,22.7,2,0,22.78,0,2,4,0,3,11,1,0,0,0,0,0,0,0,0
64,2680.76,31051.6,3,13,9.4,11.6,0,0,123.73,2,2,1,2,3,17,0,0,0,0,0,0,0,1,0
35,3848.74,46036.15,6,23,31.31,2.7,1,0,17.96,1,5,5,0,1,19,0,0,0,0,0,1,0,0,0
73,4078.81,48843.78,2,10,18.97,8.0,0,1,130.27,1,5,3,0,1,17,1,0,1,0,0,0,0,1,0
69,3767.22,45188.17,2,9,7.38,17.8,0,1,137.0,3,6,5,1,9,11,0,0,0,1,0,0,0,0,0
56,2835.08,34224.44,4,15,14.39,4.6,0,0,6.92,0,0,2,0,10,9,1,0,0,0,0,0,0,0,0
63,3534.64,42886.7,0,0,10.34,13.5,1,0,2.21,3,5,5,2,7,17,1,0,1,0,0,0,0,0,0
40,3336.45,39663.47,6,22,12.14,11.2,0,0,34.56,1,5,2,0,9,8,1,0,0,1,0,0,1,0,0
64,1706.98,20553.06,1,5,50.87,9.6,0,1,73.96,3,3,2,1,10,10,0,0,0,1,0,0,0,1,0
26,5132.09,60833.24,2,7,12.47,19.7,2,1,111.7,3,6,1,1,10,20,1,0,0,0,0,0,0,0,0
42,4808.31,57291.93,1,5,20.97,11.0,1,0,28.61,0,4,3,0,6,9,0,1,0,1,0,0,0,1,1
75,6804.65,79885.37,7,24,32.73,8.3,2,0,17.22,1,4,5,0,3,17,1,0,0,0,0,0,1,0,0
67,4407.62,53527.3,4,15,8.66,6.4,2,0,25.86,4,7,3,1,10,20,1,0,1,0,0,0,0,0,0
44,2432.74,30171.87,3,10,39.52,3.2,0,0,28.27,2,7,3,0,2,12,0,0,1,0,0,0,1,0,0
43,1929.45,23645.86,4,18,11.65,4.4,1,0,43.74,1,2,1,0,6,8,1,0,0,0,0,0,1,0,0
23,6368.77,75893.14,0,5,28.32,15.1,0,0,19.45,0,3,1,1,1,12,1,0,0,1,0,0,1,0,0
41,2617.76,31192.27,7,24,31.56,10.8,1,0,0.91,4,8,1,1,1,15,1,0,0,0,0,0,0,0,0
26,2243.54,26425.76,2,8,24.33,2.8,1,0,19.34,1,2,3,2,3,18,1,0,1,0,0,0,0,0,0
34,5961.7,70902.77,0,3,2.7,3.3,0,0,2.39,2,6,4,1,4,17,0,1,0,0,0,1,1,0,1
75,3613.17,43649.98,5,15,45.92,11.0,1,1,53.08,1,3,3,0,10,20,0,0,0,1,0,0,0,0,0
24,4598.48,54734.62,0,2,4.46,13.9,3,0,72.72,1,6,2,3,9,18,1,0,0,0,1,0,1,0,0
66,3848.22,47151.08,0,3,2.66,0.9,1,0,0.13,1,2,5,3,4,16,1,0,0,1,0,0,1,0,0
30,5633.92,68728.68,2,8,7.23,13.8,2,0,3.35,4,2,2,0,3,18,0,0,0,0,0,1,1,0,0
24,3591.2,44401.41,1,5,48.1,4.8,1,0,55.44,1,3,2,0,10,16,1,0,0,0,1,0,0,0,0
75,6122.75,73902.3,1,5,7.69,18.3,2,0,7.46,1,2,0,0,2,10,1,0,1,0,0,0,0,1,0
43,4274.83,51434.2,3,12,30.05,8.8,0,0,14.73,1,2,4,1,1,10,0,0,0,1,0,0,0,0,1
28,3831.8,45707.47,8,27,90.27,3.4,0,1,10.52,3,6,4,2,5,13,1,0,1,0,0,0,0,0,0
41,5939.56,70980.51,1,2,6.53,4.0,1,0,38.27,2,1,4,3,2,20,1,0,0,0,1,0,1,0,0
75,8185.56,99009.53,0,0,17.26,11.4,1,0,6.89,3,5,3,0,8,18,0,1,0,0,0,0,1,0,0
53,1979.73,24052.77,1,5,11.74,5.2,1,1,45.35,6,6,2,1,2,13,0,0,0,0,1,0,0,0,0
69,2595.69,31244.87,4,15,15.74,2.9,1,0,115.91,5,1,4,2,2,9,0,0,1,0,0,0,0,0,0
56,3426.85,42422.87,0,5,1.0,21.9,0,0,65.92,4,4,3,1,8,9,1,0,0,0,1,0,1,0,0
31,6706.17,79472.55,3,9,20.37,10.6,0,0,187.57,1,4,2,1,9,17,1,0,0,0,0,1,0,0,0
66,1935.28,22855.53,0,2,1.48,22.4,0,0,15.99,2,6,2,0,2,14,0,0,0,0,1,0,0,0,0
33,2335.7,28157.75,0,4,14.37,1.8,2,0,35.21,4,2,3,1,5,11,1,0,0,0,0,1,0,0,0
50,4392.03,52134.67,2,9,27.13,23.2,1,0,1.59,0,3,2,0,10,14,1,0,0,1,0,0,1,0,1
67,4054.11,48789.18,5,18,13.47,15.4,1,1,93.62,1,6,2,0,1,18,1,0,0,0,0,1,1,0,1
37,3760.19,44205.23,2,7,15.83,19.1,1,0,43.88,1,2,0,0,7,20,0,0,0,0,1,0,0,0,0
30,2012.86,24015.35,0,3,15.4,11.9,2,0,9.63,2,5,5,1,7,8,1,0,0,0,0,0,1,0,0
45,2652.72,32287.58,0,5,51.02,9.2,0,1,12.37,4,7,1,0,1,14,1,0,0,0,0,0,0,1,1
46,3045.91,36713.69,1,3,5.49,10.1,1,0,92.29,2,3,4,1,8,16,1,0,0,0,1,0,1,0,0
75,6195.43,73053.47,2,8,11.56,21.6,0,1,79.82,6,3,4,0,4,11,1,0,0,0,0,0,1,0,0
62,2680.3,31024.76,5,17,19.28,16.7,0,1,53.57,2,2,5,1,10,19,1,0,0,0,0,0,0,0,1
70,3799.15,47095.01,3,11,7.97,5.2,0,0,12.86,3,5,6,0,9,20,1,0,0,0,0,0,0,1,0
20,5378.55,64171.37,3,12,29.37,24.5,1,0,14.42,2,1,2,0,8,16,1,0,0,0,1,0,0,1,0
33,4278.21,51970.37,3,12,14.9,10.2,1,1,13.49,4,6,2,0,5,11,1,0,0,1,0,0,0,0,1
67,2912.79,34863.12,3,11,19.7,24.2,0,1,41.25,1,2,2,1,10,8,0,1,1,0,0,0,0,1,0
67,4878.66,58001.89,8,26,18.3,11.1,0,0,12.24,5,5,4,1,3,10,1,0,0,0,0,0,1,0,0
72,11430.01,137789.48,3,12,16.17,20.1,1,0,50.45,0,1,5,1,1,13,0,1,0,0,1,0,0,0,0
46,5974.28,71426.91,4,17,9.17,11.9,1,0,14.76,2,4,3,1,10,19,1,0,1,0,0,0,1,0,0
64,3011.69,36213.43,1,7,8.5,13.9,0,0,22.41,2,1,5,0,10,13,1,0,0,1,0,0,0,0,0
75,6804.65,81004.14,5,19,15.65,30.6,0,0,19.56,2,2,3,0,9,9,1,0,0,0,0,0,0,0,0
35,1717.39,20833.42,2,10,18.03,22.8,2,0,25.1,2,6,3,0,2,15,0,0,0,0,1,0,1,0,0
59,2192.43,27041.04,4,15,20.17,10.3,1,0,10.91,1,2,2,1,8,12,0,0,0,0,0,0,0,1,1
59,3293.77,39112.97,1,5,35.36,13.4,1,0,118.3,1,8,5,0,6,17,1,0,1,0,0,0,1,0,0
68,2264.99,27077.87,7,21,65.34,18.7,0,1,3.81,4,6,2,0,2,11,1,0,0,0,0,0,0,0,0
66,1542.44,18630.83,2,10,8.98,10.5,1,0,10.34,3,4,3,0,4,20,0,0,0,0,0,0,0,0,0
60,3436.67,40574.64,2,9,8.11,22.3,1,1,21.92,1,4,2,0,2,14,1,0,0,0,1,0,1,0,0
55,2515.65,30719.56,3,10,16.96,14.7,2,1,17.28,2,5,4,0,2,20,0,0,0,0,0,0,0,0,1
32,3718.56,45525.55,8,28,23.0,10.4,1,1,147.96,5,5,1,2,3,10,0,0,0,0,0,0,0,0,1
64,3233.82,38582.77,2,6,40.11,10.7,3,1,7.18,0,7,2,1,4,15,0,0,0,1,0,0,0,0,0
32,6849.08,81843.21,1,9,15.52,18.7,0,1,95.95,2,6,7,1,4,17,0,0,0,1,0,0,0,1,0
66,4161.79,48758.68,6,19,15.67,7.9,0,0,16.81,2,6,2,2,1,19,1,0,0,0,0,1,1,0,0
41,4065.98,49198.56,5,16,59.85,14.2,0,1,14.54,4,4,3,1,7,14,1,0,1,0,0,0,0,0,1
51,1961.11,23085.91,2,8,36.66,7.0,1,0,73.17,2,1,3,0,4,11,0,1,0,0,1,0,1,0,0
74,6095.6,72181.37,5,17,35.69,8.5,3,0,62.5,3,2,4,1,9,11,1,0,0,0,1,0,1,0,0
59,3445.78,40348.53,4,12,53.32,20.0,1,1,28.34,1,2,2,0,9,19,1,0,0,1,0,0,1,0,0
40,5164.93,61569.94,10,31,27.1,21.3,1,0,2.54,2,4,2,0,7,10,0,0,0,0,1,0,1,0,1
25,5814.77,69663.07,3,9,16.88,3.8,1,1,91.44,2,3,4,0,7,18,1,0,0,0,0,0,0,0,0
39,2832.17,33577.72,7,23,34.65,5.0,2,0,77.75,1,4,2,0,6,18,0,1,0,0,1,0,1,0,0
20,5064.97,62285.05,5,17,19.93,6.6,1,0,9.46,2,1,2,0,1,14,1,0,0,1,0,0,0,0,0
46,1730.77,20702.17,1,8,44.96,22.0,0,0,51.42,4,3,2,1,7,20,1,0,0,0,0,0,1,0,1
37,2026.65,24300.45,4,15,14.55,2.7,2,0,52.61,1,4,3,0,8,14,0,1,0,1,0,0,1,0,1
52,3263.72,38386.9,0,3,2.0,9.4,0,0,26.89,3,3,4,0,6,12,1,0,0,0,0,0,0,0,0
31,2664.32,32008.01,4,14,19.75,3.6,0,0,5.11,1,2,5,1,10,9,1,0,0,0,1,0,0,0,0
28,5185.46,61554.3,3,9,18.56,11.8,0,0,109.74,0,2,3,0,7,19,0,1,0,0,0,0,1,0,0
32,3673.65,43723.47,3,11,11.74,2.4,0,0,85.75,1,4,5,1,1,13,0,0,0,0,0,1,0,1,0
47,2871.48,33659.32,1,3,14.48,8.3,2,1,9.83,1,3,2,1,7,10,0,0,0,0,0,0,0,0,0
52,4749.86,57178.07,3,11,50.1,15.9,1,0,18.75,1,4,3,0,1,8,1,0,0,0,1,0,0,0,1
31,5003.35,60996.86,3,9,26.61,18.9,0,0,31.81,3,4,2,1,6,8,1,0,0,0,0,0,1,0,0
42,1918.11,22994.12,6,20,56.12,13.5,0,0,4.49,1,3,3,0,9,13,1,0,0,0,0,0,0,0,1
25,3667.77,44647.57,6,18,16.34,3.8,2,0,21.07,0,2,5,3,9,17,0,0,0,0,0,0,0,0,0
51,4258.57,51246.4,2,9,26.05,5.3,3,0,41.63,3,2,2,0,4,14,0,1,1,0,0,0,0,0,0
54,2019.68,24202.43,2,11,10.58,31.0,1,1,5.71,2,6,3,1,2,19,0,0,0,1,0,0,1,0,0
52,3686.72,44392.59,4,14,15.19,12.5,0,1,13.42,2,1,4,0,1,16,1,0,1,0,0,0,0,0,0
35,2851.97,34089.79,4,13,30.43,16.6,0,0,13.77,1,4,3,1,9,12,1,0,1,0,0,0,0,1,0
39,3768.59,45097.73,3,11,25.92,14.0,1,0,3.33,1,1,8,0,2,10,1,0,0,0,1,0,1,0,0
47,10465.63,124366.71,2,6,15.58,14.7,3,0,14.98,1,3,3,2,10,16,1,0,0,0,1,0,0,0,0
57,3195.04,39682.81,1,6,20.69,11.2,1,1,48.31,4,6,3,0,4,15,1,0,1,0,0,0,1,0,0
54,10097.74,122838.31,5,16,25.79,14.8,0,0,13.29,0,4,2,0,9,11,1,0,0,0,0,1,1,0,1
20,3294.0,39700.56,7,21,19.83,2.5,1,0,3.65,1,1,2,0,9,18,1,0,1,0,0,0,1,0,0
43,1911.68,22917.04,2,12,18.77,10.9,2,0,11.22,1,3,5,0,8,12,0,0,0,1,0,0,0,0,0
67,2665.32,31614.25,1,4,12.96,19.8,1,0,88.21,4,4,3,0,4,17,0,0,0,0,0,1,0,0,0
48,4221.69,50726.04,4,15,14.96,3.8,3,0,153.66,1,6,4,1,3,20,1,0,1,0,0,0,0,1,0
29,3199.54,37972.51,0,1,27.67,11.7,1,0,0.23,2,4,4,1,1,11,0,0,0,0,0,1,0,1,0
38,1947.1,23467.82,2,11,10.48,8.4,2,0,11.87,3,5,3,0,5,15,0,0,0,0,0,0,0,1,0
48,3694.75,44774.59,3,10,135.15,11.6,1,0,15.37,3,2,3,0,8,14,1,0,1,0,0,0,1,0,1
59,4262.43,51244.42,3,9,12.95,11.2,1,1,109.77,3,2,4,0,2,11,0,0,0,1,0,0,0,0,0
50,3623.72,42957.59,3,11,60.36,23.8,0,0,0.74,2,5,3,1,5,18,1,0,0,1,0,0,0,0,0
39,1346.08,16207.61,4,12,15.16,7.4,1,1,27.52,4,3,3,1,3,19,1,0,0,0,1,0,1,0,1
19,1983.23,23444.55,0,2,17.83,16.4,1,0,27.37,3,5,3,0,5,12,0,0,0,0,1,0,0,0,0
37,2186.79,26951.7,4,13,17.73,5.0,0,0,1.9,1,3,2,1,3,8,1,0,0,0,0,0,1,0,1
69,2512.11,29732.99,3,10,33.24,24.7,0,1,86.79,1,4,6,1,7,8,1,0,0,0,0,1,0,1,0
23,5238.62,64564.91,5,17,42.52,11.8,0,1,164.16,2,3,5,3,4,11,1,0,0,0,1,0,0,1,0
74,9298.08,110665.51,0,2,16.7,29.4,1,1,91.24,2,5,2,0,8,11,1,0,0,1,0,0,1,0,0
75,6527.57,80127.94,1,7,34.92,4.9,1,0,54.21,0,7,0,1,9,10,0,1,0,0,0,0,0,1,0
68,4494.41,54700.23,4,13,12.7,3.9,0,0,59.13,1,3,1,1,1,8,0,0,0,0,0,0,1,0,0
63,11663.24,140483.36,0,4,13.92,1.9,3,0,18.63,2,3,1,1,5,10,1,0,0,0,0,1,1,0,0
62,2283.64,27406.76,1,6,41.91,10.6,1,1,34.89,1,3,0,0,8,19,0,0,0,0,0,1,0,1,0
40,3492.39,42360.94,5,18,22.49,2.1,0,0,118.7,0,4,5,3,1,12,1,0,0,1,0,0,0,0,0
37,3260.67,39376.93,6,17,25.87,7.7,3,0,104.09,1,6,3,3,3,9,0,0,1,0,0,0,1,0,0
52,5341.67,63892.68,0,1,4.03,3.0,0,0,25.94,3,4,1,0,6,10,1,0,0,1,0,0,0,1,0
47,4354.83,52214.52,1,5,14.17,8.7,2,0,15.08,3,2,6,1,4,20,1,0,0,0,0,1,1,0,0
61,4878.58,59248.52,4,13,16.94,8.9,1,0,27.66,2,8,4,2,5,12,1,0,0,0,0,0,0,0,0
49,3194.65,38406.69,4,18,9.44,10.5,0,0,13.38,3,8,2,0,4,15,0,0,0,0,0,0,1,0,0
24,4941.51,58779.88,2,5,4.56,7.6,1,0,0.13,4,3,3,1,10,10,0,1,1,0,0,0,0,1,0
34,4039.63,48401.46,1,5,20.81,8.0,2,0,68.36,0,5,1,0,7,9,1,0,0,0,0,1,1,0,0
25,2118.41,26087.2,6,23,36.67,6.5,0,0,108.66,3,4,1,0,5,10,1,0,0,0,1,0,0,0,0
66,1718.28,20838.39,1,4,16.4,9.4,2,0,31.59,2,4,3,1,1,10,1,0,0,0,0,1,0,0,0
29,4144.6,49829.91,5,18,45.15,10.2,1,0,36.18,2,5,3,0,5,9,1,0,0,1,0,0,0,1,0
37,7086.35,84548.25,3,11,18.8,10.4,0,1,5.03,0,5,2,1,2,13,1,0,0,0,0,0,1,0,0
19,4545.41,54460.93,1,4,22.88,18.5,0,0,84.27,3,2,2,2,7,20,1,0,0,0,0,0,0,0,0
75,6590.11,81771.97,5,18,16.2,13.0,0,0,15.62,1,4,3,0,10,14,0,0,0,1,0,0,1,0,0
75,2031.96,24508.56,5,19,48.0,9.5,0,1,99.66,3,6,1,1,1,16,0,0,0,1,0,0,0,1,0
47,7448.67,88384.32,2,8,37.08,8.2,1,0,37.75,1,3,3,0,9,20,1,0,0,0,0,1,0,1,1
23,2472.82,29279.98,5,14,13.16,12.8,0,0,14.11,3,5,5,0,6,17,1,0,0,0,0,1,1,0,0
42,2291.55,27149.29,3,15,14.75,5.3,0,0,45.76,2,3,0,1,5,15,1,0,0,0,1,0,0,0,0
45,3073.53,35645.11,2,9,21.3,14.4,1,0,9.99,1,2,4,2,2,19,0,0,0,0,1,0,1,0,0
18,4933.23,58889.03,2,7,25.18,6.4,0,0,228.02,1,7,3,0,4,18,0,0,0,0,0,0,1,0,0
32,3928.63,47910.92,0,0,6.82,7.5,0,0,61.08,0,4,3,1,1,14,1,0,0,0,0,0,0,0,0
73,3409.09,41103.21,2,6,14.04,16.0,1,0,30.87,1,7,5,1,5,18,1,0,0,1,0,0,1,0,0
27,7418.09,90370.54,1,3,50.6,9.8,0,0,10.02,1,4,5,1,8,11,0,0,1,0,0,0,0,1,0
35,2222.7,26882.9,4,16,19.81,9.0,0,0,25.5,4,4,6,2,5,18,0,0,0,0,1,0,1,0,0
51,1961.11,23292.09,2,6,47.72,8.8,0,0,63.0,2,2,2,0,3,12,0,0,0,0,1,0,0,0,0
56,2234.47,26831.38,1,5,66.71,18.4,1,1,19.47,1,4,5,0,9,18,0,0,0,0,0,0,1,0,0
54,7148.86,88685.91,6,19,17.03,8.5,0,0,23.61,2,3,4,5,6,14,1,0,0,0,0,1,0,1,0
56,4152.78,48937.58,5,16,36.71,16.4,0,1,12.45,0,3,4,0,5,9,0,0,1,0,0,0,0,0,1
53,1275.55,15370.56,2,7,56.8,19.6,0,0,80.46,2,1,5,0,7,17,0,0,0,0,0,1,0,1,1
25,5301.22,63198.96,1,4,30.38,23.7,1,0,12.21,1,7,6,0,9,14,1,0,1,0,0,0,0,0,0
33,5211.69,61839.99,2,9,16.0,12.9,0,0,39.22,1,2,4,0,1,19,0,0,0,0,0,0,1,0,0
65,4080.29,49074.92,1,6,7.84,15.4,3,0,21.49,5,5,6,0,6,8,1,0,0,0,0,0,0,1,0
20,2803.93,33986.88,0,2,1.0,15.4,1,0,100.15,2,5,9,1,6,19,1,0,1,0,0,0,0,0,0
23,6416.54,76271.46,3,10,6.71,17.0,0,0,25.2,2,7,2,0,10,11,0,0,0,0,0,1,1,0,0
27,7418.09,87484.78,2,11,9.69,7.6,0,0,20.39,3,3,1,2,1,14,1,0,1,0,0,0,0,1,0
45,3512.9,41575.56,4,15,20.89,1.8,3,0,2.19,1,5,1,2,5,13,1,0,0,0,1,0,0,0,1
24,7517.63,89799.72,2,11,16.33,13.7,0,1,59.75,4,5,3,0,1,18,1,0,0,0,0,0,1,0,0
57,5141.67,63637.3,5,16,38.64,10.9,0,1,4.19,0,4,3,0,4,16,1,0,0,0,1,0,1,0,1
65,4911.99,60364.78,1,4,13.47,4.5,1,0,29.69,3,5,1,0,4,18,1,0,0,0,0,0,0,0,0
64,2214.84,25948.07,1,6,21.36,4.9,1,0,16.34,2,4,4,0,4,17,0,0,1,0,0,0,0,0,0
21,2369.71,28662.41,3,10,30.58,11.0,0,0,51.62,2,1,1,1,6,16,0,1,0,0,0,0,1,0,0
23,6368.77,75941.74,0,1,4.57,12.7,0,0,13.95,3,8,4,0,6,12,1,0,0,1,0,0,0,1,0
52,3816.6,46143.87,4,17,62.87,16.7,1,0,107.0,2,3,1,1,4,10,0,0,1,0,0,0,0,0,0
55,1445.13,17459.44,4,11,30.72,6.4,1,1,16.91,2,4,3,3,9,18,1,0,0,0,0,1,0,1,0
61,2264.01,27041.38,5,16,42.64,6.3,1,0,34.96,2,5,3,0,7,19,0,0,0,1,0,0,1,0,0
50,3186.77,38320.87,3,13,16.56,5.9,3,0,73.18,0,8,1,0,7,14,1,0,0,0,1,0,1,0,0
40,3602.18,42938.69,4,13,18.95,22.6,0,1,12.71,1,3,0,0,7,15,0,0,1,0,0,0,0,1,0
34,2348.32,28776.38,5,19,10.38,9.8,0,0,46.75,2,7,7,1,5,11,1,0,1,0,0,0,0,0,0
75,1949.71,22849.88,3,9,7.96,25.2,0,0,21.95,1,3,3,1,9,17,1,0,1,0,0,0,1,0,0
74,5384.53,63148.5,0,5,9.31,6.1,0,0,24.02,2,9,3,1,10,10,1,0,1,0,0,0,1,0,0
27,3445.32,41587.31,2,6,43.65,22.8,0,0,70.16,1,6,1,2,1,18,0,0,0,0,0,0,0,1,1
48,4431.42,53086.16,1,6,46.07,7.3,0,0,11.5,1,5,3,1,6,8,0,1,0,0,1,0,0,1,1
74,2277.24,27544.39,2,8,16.92,21.3,0,0,153.18,1,3,4,0,6,15,1,0,0,0,0,1,0,1,0
18,1787.85,21433.34,0,6,34.93,21.0,1,0,19.68,0,2,2,2,5,15,1,0,0,0,0,0,1,0,0
26,4559.54,54846.4,3,10,17.03,28.4,1,1,36.49,6,0,5,1,7,16,1,0,0,0,1,0,0,1,0
74,5577.39,67674.13,0,1,1.22,16.9,0,0,10.06,0,4,3,0,10,9,0,0,0,0,1,0,1,0,0
73,4078.81,49696.86,2,12,23.42,17.7,0,1,1.56,6,9,2,1,4,15,1,0,1,0,0,0,1,0,0
21,9364.1,114966.51,6,21,34.27,14.1,1,0,32.46,2,2,4,2,7,17,1,0,1,0,0,0,0,1,0
50,2293.0,27578.5,1,5,120.42,10.0,2,0,31.19,1,4,4,1,10,12,0,0,0,0,0,1,1,0,0
27,1963.16,23831.66,1,5,22.01,10.2,0,0,17.6,2,6,2,1,6,15,1,0,0,0,0,1,0,0,0
22,3842.5,45159.97,0,0,6.78,10.6,4,0,27.65,3,3,4,1,7,20,0,0,0,0,1,0,0,1,0
43,1294.47,15750.14,4,16,12.47,14.9,0,1,22.11,1,3,3,3,4,10,0,0,1,0,0,0,0,1,0
69,4525.9,54545.56,0,4,62.46,11.3,1,1,4.45,3,4,5,4,2,16,1,0,0,0,0,0,1,0,1
23,6416.54,78004.73,4,12,20.69,3.7,4,0,37.62,2,2,1,1,6,19,1,0,0,0,0,1,0,0,0
45,3790.29,45560.85,1,3,9.31,5.2,0,1,3.63,3,3,2,2,7,17,0,0,0,0,0,0,1,0,1
38,3783.15,44703.49,3,8,19.67,9.5,0,0,10.04,4,5,0,2,8,16,1,0,1,0,0,0,0,1,0
19,2697.0,32827.29,2,6,45.57,11.3,0,0,35.93,2,4,3,0,4,20,1,0,0,0,0,1,0,0,0
63,7132.7,85066.57,2,7,60.77,12.4,2,1,23.75,4,4,1,0,1,9,1,0,0,0,0,0,0,0,0
75,1813.25,21397.21,5,16,11.7,15.9,2,0,56.91,3,2,4,1,6,8,0,0,0,0,0,1,1,0,0
73,3391.13,41133.38,4,12,17.71,10.5,0,0,237.07,1,2,1,2,10,18,0,0,0,0,1,0,1,0,0
54,4167.18,50257.28,1,6,43.24,3.8,2,0,72.93,2,1,1,0,10,18,1,0,0,0,0,0,1,0,0
53,2468.43,29971.84,3,9,61.58,1.1,1,0,8.3,1,2,3,0,4,9,1,0,0,0,1,0,1,0,0
52,4000.8,48697.44,2,7,19.97,26.3,2,0,25.3,2,3,4,1,10,15,0,1,0,1,0,0,1,0,1
30,2700.96,32800.75,4,16,42.4,14.1,2,1,0.33,4,3,5,0,8,14,0,0,0,1,0,0,1,0,0
24,2889.21,35537.01,0,0,45.1,10.8,0,0,0.69,3,5,6,1,9,11,1,0,0,1,0,0,1,0,0
59,3429.67,42401.53,5,17,27.47,10.2,0,1,36.03,1,4,4,1,10,11,1,0,0,0,0,0,0,0,1
51,3202.97,38723.52,4,13,32.45,10.3,1,0,90.75,2,7,3,0,9,16,0,0,0,0,0,0,0,0,0
42,2291.55,27913.83,3,11,14.13,4.7,0,0,131.45,2,7,5,0,10,13,0,0,0,0,1,0,0,0,0
35,2503.52,29573.55,5,17,29.29,18.3,1,0,102.81,1,4,1,0,1,15,1,0,0,0,0,0,1,0,0
65,3437.2,41106.16,1,4,19.91,24.1,1,0,146.42,0,8,0,0,6,18,0,0,0,0,0,1,0,0,0
38,3210.67,37884.06,1,6,39.24,8.4,1,0,70.91,3,6,0,0,1,16,1,0,1,0,0,0,1,0,0
65,2620.89,31766.72,0,1,12.04,16.6,0,0,24.88,3,4,2,1,10,19,0,0,0,0,1,0,0,0,0
50,5570.19,67228.24,3,10,14.42,13.8,0,0,136.08,2,6,7,0,4,17,0,0,0,0,0,0,0,1,0
49,3713.14,44407.08,1,7,13.46,9.7,0,0,16.79,4,2,2,0,8,19,0,0,0,0,0,0,1,0,0
51,3202.97,39216.99,0,7,16.29,18.4,2,0,0.24,1,6,5,2,8,9,1,0,0,0,0,0,1,0,0
47,900.0,10897.46,5,18,49.08,13.7,2,0,8.91,1,4,1,1,9,9,1,0,0,1,0,0,0,0,0
67,3608.6,42952.51,1,9,29.91,9.8,1,1,40.44,2,3,3,2,7,14,1,0,0,0,0,1,1,0,1
23,1379.74,16150.06,3,13,13.78,5.7,1,1,22.59,2,4,3,1,5,17,1,0,1,0,0,0,1,0,0
75,3418.86,40767.83,5,16,16.93,11.0,1,1,38.62,0,5,2,0,7,12,0,0,0,0,0,1,0,0,0
51,2441.33,28718.47,6,20,23.53,3.7,0,0,116.8,2,3,2,0,8,18,1,0,0,0,1,0,1,0,0
24,4941.51,59320.01,2,7,7.86,17.1,0,0,13.03,1,8,2,0,2,11,0,0,1,0,0,0,0,0,1
26,7011.88,83826.44,0,4,1.05,8.8,1,0,121.41,1,6,3,1,6,19,1,0,0,0,0,0,0,0,0
25,5301.22,64104.83,1,8,4.5,5.9,1,0,122.3,3,4,4,1,10,11,0,1,1,0,0,0,0,0,0
54,1398.9,17020.75,8,25,41.4,8.1,0,1,3.22,2,7,2,4,3,10,1,0,0,0,1,0,1,0,1
22,3092.93,36598.45,4,13,10.98,16.0,1,0,33.22,2,2,3,2,10,15,1,0,0,1,0,0,0,1,0
28,4896.28,58763.71,2,8,23.96,20.2,1,0,83.53,3,6,1,2,2,9,1,0,0,0,0,0,0,0,0
65,5771.47,71576.32,2,10,26.86,6.9,0,0,32.37,2,0,3,1,7,13,1,0,0,0,0,0,0,0,0
48,3900.99,48016.21,4,12,20.27,10.1,1,0,51.53,0,7,3,2,3,15,1,0,0,1,0,0,0,0,0
40,2542.61,30264.7,3,9,38.61,23.4,0,0,119.48,2,0,8,1,9,12,1,0,1,0,0,0,1,0,0
28,2765.55,34066.68,2,8,10.55,1.9,2,0,7.18,3,6,5,1,3,14,1,0,1,0,0,0,1,0,0
51,3866.91,47347.23,0,0,59.98,8.4,1,0,2.47,2,5,3,1,9,15,1,0,0,0,1,0,0,1,1
38,1768.87,21289.46,1,4,72.67,9.2,0,1,60.92,1,5,5,1,8,9,0,0,0,1,0,0,0,0,0
35,4609.6,54791.38,0,3,11.5,8.8,1,0,2.36,5,6,1,3,7,18,1,0,0,0,0,0,0,1,0
46,2809.24,33195.6,5,15,19.16,21.9,1,1,1.91,6,3,1,0,9,15,1,0,0,0,0,1,0,0,1
21,2109.18,25616.14,5,17,10.09,33.3,1,0,23.85,3,6,3,2,10,17,0,0,0,0,1,0,1,0,0
49,3071.78,35900.03,0,0,28.27,12.0,2,1,85.82,4,6,2,2,2,15,0,0,0,0,0,0,0,1,0
28,4376.24,53134.39,3,15,10.88,11.9,0,0,49.96,4,4,3,0,1,9,1,0,1,0,0,0,1,0,0
33,3322.59,39714.19,0,1,43.88,22.5,2,0,43.58,1,4,3,2,10,10,0,0,0,1,0,0,1,0,0
44,3415.05,41026.56,2,8,27.44,25.1,0,0,39.87,3,4,2,1,10,10,0,0,0,0,0,1,1,0,0
53,5304.76,64598.98,3,10,65.15,6.7,0,0,146.11,1,4,2,1,3,18,0,0,0,0,0,0,0,1,1
66,5774.24,67912.24,5,19,10.32,3.8,1,0,54.94,1,6,4,0,5,11,0,0,1,0,0,0,0,1,0
45,3415.81,41641.9,2,9,12.86,14.0,1,1,176.79,2,8,2,0,2,14,1,0,0,0,1,0,1,0,0
37,3861.61,45551.1,3,9,16.29,22.4,0,1,111.63,2,3,3,1,2,16,1,0,0,0,0,1,0,0,0
67,5018.71,59671.56,4,13,8.86,18.5,2,0,13.9,1,4,0,1,2,8,1,0,0,0,1,0,0,1,0
27,3481.13,42994.06,0,0,14.1,13.8,0,0,22.77,0,1,2,0,3,17,0,0,0,0,0,0,0,0,0
62,2852.65,34421.24,1,4,67.79,14.9,0,0,27.9,1,6,2,2,5,13,0,0,1,0,0,0,0,1,0
24,2858.53,34730.61,2,9,7.26,21.5,0,0,4.8,3,2,3,1,1,9,0,0,0,0,0,0,1,0,0
68,2812.12,34243.82,1,8,4.12,13.0,2,0,66.12,0,5,2,1,8,9,1,0,0,0,0,0,0,1,1
49,3071.78,36099.02,6,19,36.19,25.3,1,1,194.69,4,9,4,1,10,15,1,0,0,0,0,0,0,0,0
62,7720.01,89165.0,5,16,47.87,19.1,1,1,125.83,4,7,1,2,5,12,0,1,0,1,0,0,0,0,0
50,3623.72,42302.36,4,14,10.47,28.2,1,0,15.27,3,4,6,0,2,16,1,0,0,1,0,0,0,0,0
38,2360.58,27955.13,2,6,12.41,6.1,1,0,29.07,2,5,1,0,8,13,1,0,1,0,0,0,0,1,0
74,2277.24,27211.45,4,14,38.99,16.5,0,0,38.9,2,5,3,2,4,9,1,0,0,0,0,1,0,0,0
60,4251.02,51500.58,3,13,37.86,13.8,2,0,88.66,1,1,2,4,2,18,1,0,0,0,0,1,1,0,0
73,4252.52,51472.18,2,7,45.87,11.8,0,0,9.82,1,0,4,1,6,10,0,0,0,0,0,0,0,0,0
46,8045.17,94082.39,1,5,22.41,22.3,1,0,206.31,1,3,1,0,9,19,1,0,0,1,0,0,1,0,0
75,6527.57,79073.75,2,11,12.4,6.7,0,0,84.82,1,5,4,0,6,10,1,0,0,0,0,0,0,1,0
40,3215.08,38235.96,3,8,18.51,6.7,0,0,114.57,1,3,3,3,8,11,0,0,1,0,0,0,0,0,0
21,2734.51,32704.17,1,4,2.69,4.2,1,0,29.53,0,0,5,1,5,12,0,0,0,0,1,0,0,1,0
48,6482.28,76819.81,1,6,2.46,18.4,2,0,72.33,1,4,5,0,9,16,1,0,0,0,0,1,0,0,0
60,4914.85,56946.36,2,6,8.16,25.8,0,0,191.98,5,6,6,1,10,8,1,0,0,0,0,0,1,0,0
64,5378.41,63856.55,2,13,10.56,7.7,0,0,50.66,2,5,2,1,3,9,0,0,0,0,0,0,0,0,0
54,2361.53,28306.04,3,11,6.48,6.0,0,0,41.53,3,8,3,0,7,11,1,0,0,0,1,0,0,1,0
24,4972.64,59618.5,0,0,85.09,16.4,0,0,38.81,1,3,3,1,1,13,1,0,0,0,0,1,0,1,0
66,3275.86,39772.49,2,7,12.12,5.4,1,1,1.85,2,7,5,2,10,9,1,0,0,0,0,1,1,0,0
63,3592.01,42695.11,7,22,20.16,5.1,0,0,35.54,1,6,4,1,2,16,1,0,0,1,0,0,0,1,0
40,4496.77,53840.55,1,7,3.47,14.9,0,0,5.58,3,2,3,0,10,10,1,0,0,0,0,1,1,0,0
27,2476.63,29388.83,3,11,15.88,14.8,0,0,125.65,2,2,1,0,7,11,1,0,0,0,0,1,0,0,0
35,7544.51,87886.93,3,8,20.98,8.2,0,0,72.11,2,2,5,0,9,13,0,0,0,0,0,1,1,0,0
35,2683.35,32285.85,0,3,3.72,4.0,1,0,29.05,1,2,1,2,4,19,1,0,1,0,0,0,1,0,0
66,2791.21,33660.24,2,9,5.44,21.7,1,0,56.05,2,3,4,2,10,11,1,0,0,0,1,0,1,0,0
23,7724.8,93612.52,1,6,6.08,8.6,2,0,10.75,5,8,3,1,10,20,0,0,0,0,0,1,0,1,0
32,5444.86,64429.26,3,11,12.04,8.7,2,0,68.51,2,4,3,0,3,14,0,0,0,0,1,0,0,0,0
44,6630.95,80402.8,2,7,89.82,6.5,3,0,74.91,3,2,5,1,8,15,1,0,0,0,0,1,0,1,0
73,1936.51,23538.14,8,27,23.4,9.6,2,0,26.05,1,2,3,0,7,10,1,0,0,0,0,1,0,1,0
59,3336.2,39819.65,0,4,46.77,18.5,0,0,13.8,2,3,6,1,5,19,1,0,0,0,0,0,0,1,0
69,2467.22,29735.24,5,19,27.19,9.4,0,0,98.52,0,3,2,0,7,9,1,0,0,1,0,0,1,0,0
72,7884.37,94533.61,7,24,41.69,12.2,0,0,72.97,1,6,2,0,2,9,0,0,0,0,0,1,1,0,0
61,4895.28,59706.26,2,9,19.94,16.7,0,0,20.54,3,2,5,0,2,15,1,0,0,1,0,0,1,0,0
42,5468.99,65415.57,6,19,29.91,14.8,1,1,42.94,0,5,6,0,6,10,1,0,0,0,1,0,0,1,1
73,11465.03,134460.99,4,13,11.91,1.5,0,0,111.34,2,2,2,0,8,18,1,0,0,0,1,0,0,0,0
75,6944.75,83915.33,2,9,22.97,23.9,1,1,6.46,5,5,1,0,9,14,1,0,0,0,0,0,1,0,0
51,2809.35,33393.28,4,16,39.42,17.0,3,1,168.89,1,1,5,2,9,10,0,0,1,0,0,0,1,0,0
44,4888.81,58794.52,0,2,17.48,12.0,1,1,12.18,1,6,3,0,10,19,1,0,0,1,0,0,1,0,0
68,4410.72,53514.63,7,25,21.6,8.8,1,1,128.5,1,5,2,0,5,11,0,0,0,0,0,1,0,0,0
37,2026.65,24243.98,2,8,17.65,22.4,3,0,22.84,3,10,3,2,1,13,0,0,0,1,0,0,0,0,0
31,3654.63,43072.73,3,11,25.28,14.5,2,0,1.84,3,4,4,1,4,14,1,0,0,0,0,0,0,1,0
37,3831.38,46639.8,1,7,3.68,6.9,2,0,42.03,3,2,2,0,7,20,1,0,0,0,1,0,1,0,0
21,9364.1,111984.17,2,7,20.24,15.3,1,0,0.91,1,4,5,0,5,8,0,0,1,0,0,0,1,0,0
42,3458.29,41779.92,3,10,18.27,11.1,1,0,74.22,3,5,0,0,9,11,0,1,0,0,0,0,1,0,0
69,2767.72,31772.53,1,5,27.49,23.2,1,0,16.43,6,12,0,1,1,14,1,0,0,1,0,0,0,0,1
33,3894.39,45848.71,4,14,33.59,5.6,1,0,43.73,1,1,1,1,5,11,0,0,0,1,0,0,1,0,0
54,2040.33,24189.84,0,1,22.41,11.3,0,0,104.56,1,5,4,0,4,10,1,0,0,0,0,0,1,0,0
34,3018.44,36754.59,3,9,11.66,14.6,3,1,11.33,2,4,10,0,7,10,0,1,1,0,0,0,1,0,0
71,8806.48,103169.33,6,20,30.63,6.7,2,0,37.66,1,4,2,2,1,11,1,0,0,0,0,0,1,0,1
51,2809.35,34677.34,2,8,8.75,10.1,1,1,4.22,2,4,3,0,4,14,1,0,1,0,0,0,0,0,0
56,2835.08,34291.29,4,14,10.16,8.1,1,0,5.32,4,6,3,0,2,12,1,0,0,0,0,0,1,0,0
46,1733.51,20728.14,1,2,78.64,18.6,2,0,65.95,1,4,3,3,8,13,0,0,0,0,0,1,0,0,0
72,4403.28,51840.27,6,18,22.84,20.6,0,0,20.26,0,6,6,2,7,20,1,0,0,1,0,0,1,0,0
41,3963.25,48692.11,0,3,6.9,7.9,0,0,135.31,2,7,4,0,9,11,0,0,0,0,0,0,1,0,0
21,4354.61,52215.69,2,6,12.22,23.7,1,1,30.82,3,6,2,0,7,8,1,0,0,0,1,0,0,0,0
41,2531.32,30153.11,0,2,14.16,19.6,0,0,51.41,3,2,1,0,2,18,0,0,0,0,0,0,0,0,0
45,3034.56,36498.94,3,13,36.42,7.9,0,0,46.33,1,4,2,0,5,20,1,0,0,0,1,0,0,0,0
35,1717.39,20227.2,4,14,13.25,17.5,1,0,27.85,3,5,1,1,6,14,0,1,0,0,1,0,1,0,0
70,1503.07,18210.02,6,21,31.05,10.5,2,1,15.74,1,3,2,0,2,14,1,0,1,0,0,0,0,1,0
50,3486.25,42343.39,5,17,53.22,13.9,1,0,49.43,1,2,1,1,4,15,1,0,1,0,0,0,0,1,1
73,2913.06,34412.45,0,0,6.0,19.5,0,0,26.9,5,1,6,0,5,17,1,0,1,0,0,0,0,0,0
62,7720.01,92596.86,7,25,19.18,18.1,0,1,33.73,2,3,1,0,3,10,0,0,0,1,0,0,0,0,0
50,3493.79,42423.4,0,1,10.44,17.8,2,0,4.02,3,2,1,0,2,18,0,0,1,0,0,0,0,1,0
74,9298.08,111936.09,4,13,83.77,14.6,0,1,12.15,1,4,4,2,2,11,0,1,0,1,0,0,0,0,0
23,3060.28,37046.79,6,23,15.75,29.7,1,1,128.22,2,8,2,1,3,17,1,0,0,0,1,0,0,0,0
26,1932.23,23358.57,2,8,48.63,1.8,0,0,70.07,3,1,5,0,2,11,1,0,0,1,0,0,1,0,0
53,2955.18,34212.3,3,11,51.86,17.0,1,1,111.76,1,3,1,0,7,18,0,0,1,0,0,0,1,0,0
54,7077.9,86921.31,2,8,4.12,19.2,1,0,27.32,5,2,2,0,1,17,1,0,0,1,0,0,0,1,0
63,2342.92,28219.09,5,18,79.74,15.1,0,1,2.17,3,7,2,1,3,19,0,1,0,0,1,0,1,0,0
21,1333.69,16071.85,1,7,11.06,21.5,0,0,80.78,0,5,1,1,6,12,0,1,0,0,0,0,1,0,0
34,4434.46,54156.86,5,18,20.29,16.2,0,1,122.3,2,5,5,1,4,11,1,0,0,0,0,1,0,0,1
64,1536.1,18912.48,1,5,36.59,7.2,1,0,10.51,1,9,3,0,5,8,0,0,1,0,0,0,0,1,0
64,3550.6,41804.77,1,7,14.06,4.8,0,0,67.12,4,3,1,1,6,14,1,0,0,0,0,0,1,0,0
24,4850.42,56401.36,1,2,39.5,8.2,2,0,26.45,1,3,1,1,8,13,0,0,0,0,1,0,1,0,0
49,3621.62,44149.88,2,6,19.66,5.5,1,0,9.44,5,6,3,0,3,11,1,0,0,0,0,1,0,1,0
43,1911.68,22724.19,4,13,15.96,12.7,0,0,29.55,0,7,3,2,2,11,1,0,0,1,0,0,1,0,0
45,2768.47,32380.15,9,28,35.77,2.3,3,0,62.17,1,1,2,1,3,10,1,0,0,0,1,0,0,0,0
34,7562.56,92609.57,2,6,15.78,13.1,0,0,3.82,3,5,4,2,7,15,0,0,1,0,0,0,0,0,0
67,2240.09,27056.2,3,12,8.09,6.4,0,0,1.93,4,1,0,0,4,10,0,1,0,0,1,0,0,0,0
74,5384.53,64858.9,1,4,21.41,6.1,1,0,211.16,2,4,4,1,8,16,0,0,1,0,0,0,0,1,0
34,3936.85,47231.74,2,10,7.82,16.7,2,0,24.89,0,3,0,2,4,13,1,0,1,0,0,0,1,0,0
47,2590.38,30208.32,7,25,18.72,17.1,0,0,87.84,5,3,1,0,10,14,0,0,0,0,0,0,0,1,0
46,2553.18,30435.11,5,16,48.6,9.9,0,1,98.3,2,5,1,1,6,18,1,0,0,0,1,0,0,1,1
32,4392.61,53413.44,2,9,10.31,7.0,1,0,24.51,5,2,0,1,5,18,0,1,0,0,0,0,0,0,0
54,3547.25,42392.42,2,7,71.06,3.6,2,0,34.5,5,2,2,0,8,14,0,0,0,1,0,0,1,0,0
59,2842.03,34378.18,3,12,7.37,23.7,1,0,80.6,0,3,4,1,10,9,0,0,0,0,1,0,1,0,0
19,2425.19,29079.89,4,14,14.67,13.7,1,1,81.67,2,2,4,0,4,12,1,0,0,0,0,0,1,0,0
55,2496.59,29887.49,1,4,11.8,6.5,0,0,92.1,2,9,2,2,10,13,1,0,1,0,0,0,0,1,1
71,3399.44,40931.3,3,10,28.92,23.8,0,0,7.07,4,7,1,0,3,17,1,0,0,1,0,0,1,0,0
35,2683.35,32177.15,4,16,28.91,7.3,0,0,56.42,2,3,2,0,5,16,0,0,1,0,0,0,0,1,0
18,5000.5,60211.97,1,6,28.42,13.7,1,0,151.99,2,2,3,0,3,8,0,0,1,0,0,0,0,0,0
20,3510.36,42265.15,2,6,16.08,26.7,0,0,116.34,1,4,3,1,10,10,0,1,0,0,0,1,0,1,0
31,1848.06,22635.22,2,7,42.06,15.3,2,0,110.93,2,2,4,0,6,20,1,0,1,0,0,0,0,0,0
68,3156.19,38414.06,3,16,48.84,23.4,3,1,11.34,3,2,4,2,4,8,0,0,0,0,0,0,0,0,0
45,3790.29,44954.96,1,5,56.75,19.2,2,1,8.54,1,3,7,1,6,19,1,0,0,0,0,0,1,0,0
51,3918.22,46385.87,4,15,21.67,17.5,0,0,28.72,3,3,4,1,8,20,1,0,0,0,0,0,0,0,0
61,4250.49,51174.6,4,12,40.45,7.9,0,0,53.66,2,5,0,0,8,20,1,0,1,0,0,0,0,0,0
43,2220.97,27437.99,3,12,13.94,8.6,0,1,27.24,3,4,1,0,9,16,1,0,0,0,0,1,0,0,1
58,3511.53,41040.56,2,6,9.41,10.8,0,1,11.8,3,4,3,0,10,13,0,0,0,1,0,0,1,0,0
37,2882.04,34932.39,2,11,58.11,11.7,1,1,79.83,2,7,7,2,8,9,0,0,0,0,0,0,0,0,0
26,3311.49,39448.37,1,5,9.04,17.7,1,0,183.77,3,1,3,0,9,20,0,0,1,0,0,0,0,1,0
40,1486.38,18037.66,5,20,36.66,4.5,1,1,11.73,0,1,3,0,3,9,1,0,1,0,0,0,0,0,0
18,1487.12,17598.33,3,12,71.58,23.2,0,0,72.88,0,8,4,0,2,19,1,0,0,0,0,1,0,0,0
73,1799.42,21134.22,2,7,5.37,14.9,0,0,46.22,4,3,3,0,8,12,1,0,0,0,0,0,1,0,0
29,2859.95,33854.3,0,2,28.28,5.2,1,1,64.19,3,3,1,1,4,10,1,0,0,1,0,0,1,0,0
25,4126.39,49624.01,0,1,82.46,2.3,0,0,40.38,2,2,3,0,8,20,0,0,0,0,0,1,0,0,0
46,3421.8,40564.65,3,12,20.0,5.7,0,0,42.61,1,1,5,3,5,14,0,1,0,0,0,0,0,0,0
37,3831.38,45991.99,1,5,21.24,15.7,1,0,2.3,1,4,2,0,6,10,1,0,0,0,1,0,0,1,0
71,2844.02,34621.17,2,7,4.84,15.3,2,0,19.71,0,7,2,3,10,14,0,0,1,0,0,0,0,1,0
30,5744.17,70349.94,2,9,20.68,15.7,0,0,42.92,2,5,3,0,1,14,1,0,1,0,0,0,1,0,0
24,2889.21,34646.71,4,16,11.07,2.3,0,0,8.68,3,3,3,0,5,18,0,0,0,1,0,0,0,1,0
72,3034.67,37016.81,0,2,3.86,11.6,0,0,115.45,0,4,2,1,6,9,0,1,1,0,0,0,0,0,0
38,5567.5,65676.91,5,15,15.74,6.7,1,1,8.66,2,7,1,0,8,20,1,0,0,0,1,0,0,0,0
54,2391.85,28726.72,2,9,21.01,25.0,0,0,60.1,2,4,6,0,10,17,0,0,0,0,1,0,0,0,0
34,4863.72,58721.46,3,10,88.15,10.6,0,0,29.72,2,6,3,1,8,12,1,0,0,0,0,0,0,0,0
19,2697.0,32066.12,4,16,10.44,17.1,2,0,15.37,0,3,2,1,3,19,0,0,0,0,0,1,1,0,0
50,3267.53,39556.24,2,9,8.76,8.3,1,0,123.52,1,5,5,1,6,8,0,0,0,1,0,0,0,0,0
22,4928.63,59473.11,4,12,12.04,16.4,1,1,30.32,5,5,2,0,8,18,0,0,0,0,1,0,1,0,0
70,1503.07,18264.24,5,17,27.61,10.8,0,1,87.26,2,3,3,2,10,8,0,0,1,0,0,0,0,1,0
48,3499.91,41325.63,3,10,34.17,11.0,4,0,11.95,2,4,7,2,6,12,1,0,0,0,1,0,0,0,0
39,2958.41,35052.48,1,6,24.35,8.7,1,0,11.92,2,5,2,1,8,16,1,0,0,0,1,0,0,0,0
69,4042.17,49113.44,2,13,8.07,6.1,0,0,124.1,1,3,2,0,1,20,1,0,0,0,0,0,0,0,0
48,3551.3,43555.44,2,10,15.1,14.5,0,1,18.57,1,5,6,3,4,16,1,0,1,0,0,0,1,0,0
65,3776.15,45233.93,3,11,20.43,19.5,1,1,12.42,2,5,2,0,10,8,1,0,1,0,0,0,0,0,0
66,2675.37,31900.08,1,6,9.68,21.2,1,0,23.28,0,3,2,0,3,18,1,0,0,0,0,1,1,0,0
47,2515.8,29587.13,0,0,40.63,10.7,0,1,34.01,3,4,1,0,1,8,1,0,0,1,0,0,1,0,0
54,2987.23,36795.44,1,3,12.71,10.6,0,0,42.77,4,2,3,0,8,20,0,0,0,0,0,1,0,1,0
21,4354.61,53735.44,1,3,5.18,18.6,0,1,48.05,2,1,3,0,6,18,1,0,0,0,1,0,0,0,0
35,2555.96,31276.41,3,11,19.19,18.1,1,0,0.21,3,5,4,1,7,12,1,0,0,0,0,1,1,0,0
45,8941.5,105473.36,2,7,26.33,3.0,2,0,10.53,2,6,3,0,10,9,1,0,0,0,0,0,0,1,0
54,2858.79,34549.63,2,5,39.64,14.2,1,1,85.39,2,5,3,1,4,8,0,1,0,0,0,0,0,0,0
73,4234.72,50733.69,0,0,9.04,9.1,1,0,154.48,2,4,7,0,2,17,1,0,0,0,1,0,0,0,0
62,4432.2,52990.81,3,14,20.04,23.0,0,1,16.25,1,1,5,0,4,19,1,0,1,0,0,0,0,0,1
63,3401.62,42146.68,7,22,17.76,16.3,1,1,84.43,1,5,3,0,2,16,1,0,0,0,1,0,1,0,0
65,3193.43,37927.29,1,4,6.91,7.4,0,0,312.77,2,5,3,1,2,18,0,1,0,0,1,0,1,0,0
19,2699.29,31231.48,7,21,16.37,5.8,1,0,65.63,6,6,1,0,9,11,1,0,0,0,0,1,1,0,0
75,6804.65,81991.32,5,17,26.79,23.2,1,0,118.83,2,3,3,0,6,9,0,0,0,0,0,0,1,0,0
66,6942.82,81915.42,5,22,36.76,21.4,0,1,19.51,5,6,5,0,5,11,1,0,0,0,0,1,0,0,1
50,3442.09,41336.77,1,7,36.42,20.4,0,0,78.56,3,10,2,2,1,19,0,0,1,0,0,0,1,0,1
24,4598.48,56014.44,2,9,37.06,7.1,0,0,20.77,2,4,2,1,9,8,0,0,0,0,1,0,1,0,0
27,11028.41,133220.53,5,16,10.47,19.1,1,0,12.63,3,2,0,0,6,10,0,1,0,0,0,0,0,0,0
64,6599.07,80714.43,4,18,50.79,13.5,0,0,105.36,3,1,4,2,8,11,1,0,0,0,1,0,0,1,0
19,2699.29,32582.91,1,4,28.39,12.3,1,0,5.11,1,4,1,1,2,10,0,1,0,0,0,1,1,0,0
65,2763.17,32932.43,3,12,18.1,11.6,0,0,10.08,2,6,2,0,4,9,1,0,0,0,1,0,1,0,0
73,3934.75,46526.55,0,0,32.37,5.2,3,0,25.65,1,6,2,0,6,16,1,0,0,0,0,1,0,0,0
72,7884.37,94453.75,0,3,32.94,13.9,1,0,0.65,2,1,1,2,5,18,1,0,0,0,0,1,0,1,0
53,2640.23,31440.41,4,13,17.46,22.3,0,0,71.74,2,3,3,0,3,11,1,0,0,0,0,0,0,1,0
57,2716.34,32609.9,7,23,18.22,8.4,1,1,15.43,2,1,2,0,3,17,1,0,1,0,0,0,0,0,1
24,4463.04,54303.75,4,13,70.31,15.3,0,0,8.72,0,10,1,0,6,17,1,0,0,0,1,0,1,0,0
72,2864.98,33564.47,4,15,13.02,9.6,0,0,40.12,0,5,5,0,4,8,0,1,1,0,0,0,0,1,0
72,2464.3,29645.21,1,3,19.58,11.8,1,0,30.31,4,5,0,1,1,15,1,0,0,1,0,0,0,1,0
73,7981.42,98295.94,1,3,3.85,12.6,0,0,26.94,3,2,3,0,1,8,0,0,1,0,0,0,0,0,0
75,2059.64,25396.26,1,5,65.84,8.0,0,0,104.36,0,8,5,1,8,10,1,0,0,0,0,0,1,0,0
50,3486.25,43907.8,1,6,14.14,2.9,1,0,64.28,5,1,3,0,2,14,0,0,1,0,0,0,0,0,0
51,2809.35,33433.53,4,12,20.95,11.9,1,1,11.39,2,2,5,1,8,19,0,0,1,0,0,0,0,0,1
37,4116.12,48462.47,1,4,10.4,19.9,2,0,31.76,1,3,3,0,2,9,1,0,0,0,0,0,0,0,0
67,4878.66,59036.94,3,12,11.6,8.8,1,0,34.91,1,2,3,0,7,9,0,0,0,0,0,0,0,0,0
75,2212.27,26734.13,2,9,10.8,7.0,2,0,156.94,1,5,1,0,9,17,1,0,0,0,1,0,0,0,0
68,4410.72,53207.09,4,15,12.98,21.0,0,1,14.8,0,2,4,0,1,11,1,0,0,0,0,1,0,0,0
21,2680.55,31639.21,3,9,17.17,11.5,1,0,2.46,2,4,2,0,7,8,0,0,0,0,1,0,1,0,0
44,3875.82,46940.27,4,13,23.43,9.0,0,1,9.03,3,5,4,0,9,13,1,0,0,0,0,1,1,0,0
52,4199.75,49076.45,4,14,41.21,17.7,0,1,40.92,1,8,1,0,8,16,0,0,0,0,1,0,0,0,1
18,3820.17,46581.69,2,8,12.1,25.6,1,1,105.85,1,3,5,1,10,9,1,0,0,0,0,0,1,0,0
75,2957.82,35727.46,5,17,65.07,6.5,0,0,140.88,3,2,3,1,7,14,1,0,0,0,1,0,0,1,0
52,3940.42,47611.17,4,13,32.07,21.9,0,0,31.37,3,4,9,0,4,11,1,0,0,0,0,1,0,0,0
38,1921.01,22662.92,1,7,11.43,27.9,0,1,107.79,2,3,4,0,9,20,1,0,0,0,1,0,0,0,1
33,4058.9,47815.26,4,13,42.53,10.3,2,0,11.25,2,7,1,1,10,12,1,0,0,0,0,0,1,0,0
39,2258.13,27464.81,2,7,39.38,14.0,0,0,23.53,0,3,5,0,6,12,1,0,1,0,0,0,0,0,0
33,1992.0,24339.44,2,6,16.36,13.4,0,0,84.68,4,3,2,0,6,14,0,0,0,0,0,1,1,0,0
56,7926.36,94782.77,2,6,20.69,16.5,1,0,74.26,1,4,2,3,8,11,1,0,0,0,0,1,0,0,0
48,2745.77,33164.41,5,19,12.85,21.9,2,0,112.61,3,3,3,1,4,16,1,0,0,0,0,1,1,0,0
49,6479.95,76420.49,1,8,8.84,5.7,1,1,49.9,5,5,1,1,7,15,1,0,0,0,0,0,0,1,0
54,4379.55,51523.09,0,3,4.89,1.0,0,0,79.67,1,4,2,0,5,17,1,0,0,0,1,0,0,0,0
66,4181.97,50113.43,8,23,51.05,5.3,1,0,10.2,3,5,3,2,6,20,0,0,1,0,0,0,1,0,0
75,2027.6,25296.08,1,6,16.55,17.9,0,1,52.35,4,9,0,0,3,20,1,0,0,0,0,1,0,1,0
20,2266.38,27232.36,3,9,40.81,12.5,1,0,108.35,3,4,5,1,6,18,1,0,0,1,0,0,1,0,0
73,4275.71,50114.4,1,5,33.67,16.3,0,0,6.86,2,7,3,1,4,20,0,0,0,1,0,0,0,1,0
23,3106.99,38121.38,2,7,5.63,9.6,3,0,35.51,1,8,4,0,1,18,0,0,1,0,0,0,1,0,0
40,5164.93,62112.66,5,17,18.08,3.0,4,0,70.14,2,3,1,0,6,18,1,0,0,0,1,0,0,1,0
34,3532.46,41338.69,2,11,20.53,11.1,0,1,19.4,1,4,8,1,3,12,0,0,0,0,1,0,1,0,0
20,4422.56,53796.98,0,3,17.12,22.8,1,0,33.49,5,6,4,1,2,16,0,1,0,0,1,0,0,1,0
21,1120.48,13395.46,5,17,17.09,14.6,1,1,24.22,1,4,4,1,2,10,0,0,1,0,0,0,0,0,0
32,4521.07,52777.56,6,18,29.65,5.7,1,0,62.68,2,2,4,3,9,15,0,0,1,0,0,0,0,0,0
42,1563.04,18273.71,3,12,17.27,6.0,0,1,365.0,0,5,4,2,2,19,1,0,0,0,1,0,0,1,0
38,1821.24,22287.27,2,7,12.67,21.5,0,0,6.08,1,3,2,0,4,19,1,0,0,1,0,0,1,0,0
18,4260.26,51441.62,3,13,6.94,2.6,1,0,34.76,4,2,4,1,5,17,1,0,1,0,0,0,0,0,0
56,7518.64,92101.09,2,9,13.34,11.0,1,0,56.95,3,4,5,0,3,12,1,0,1,0,0,0,1,0,0
19,4858.0,58089.21,3,12,54.0,14.9,2,0,1.88,1,4,4,0,10,9,1,0,0,0,1,0,0,0,0
54,1507.2,17773.3,6,21,20.2,9.3,1,1,13.1,3,5,3,0,5,13,1,0,0,1,0,0,0,1,1
54,1905.52,23218.24,2,7,4.99,7.8,0,0,23.49,1,7,5,0,7,19,1,0,0,0,0,0,0,1,0
67,3223.6,38082.06,3,12,27.39,12.8,2,0,67.03,0,2,4,2,7,17,1,0,0,0,0,0,1,0,0
23,3106.99,37333.52,4,14,16.84,7.0,1,0,11.18,4,2,3,0,5,8,0,0,1,0,0,0,0,1,0
23,4128.7,50020.02,2,7,24.23,9.1,2,0,15.73,1,9,5,2,4,19,0,1,0,0,0,0,0,0,0
39,1432.74,16803.52,2,7,20.66,13.3,2,0,18.3,2,3,1,2,6,13,0,1,0,0,0,1,1,0,0
67,3690.0,44063.24,5,16,19.25,13.1,1,0,136.09,2,6,4,1,3,8,1,0,0,0,0,1,1,0,0
31,3766.21,45054.34,1,2,46.53,6.1,3,0,12.63,4,2,6,0,9,17,1,0,0,1,0,0,0,0,0
65,3776.15,45949.41,1,5,35.94,12.3,1,1,36.42,1,4,2,2,2,14,1,0,1,0,0,0,1,0,1
30,2172.09,25599.63,1,4,39.61,21.4,1,0,61.43,1,2,8,0,2,20,1,0,0,0,0,1,0,1,0
64,3381.44,39899.78,3,12,17.08,16.6,1,0,19.87,5,3,3,0,4,13,1,0,0,0,1,0,0,0,0
19,4196.39,50458.73,3,10,69.17,19.2,0,0,0.55,2,6,4,1,5,16,1,0,0,0,1,0,1,0,0
53,3151.85,38047.69,1,3,17.92,7.4,3,0,136.89,2,5,4,2,7,8,1,0,0,0,1,0,0,0,0
60,6222.23,74013.56,2,6,24.58,10.8,0,0,34.5,1,2,1,0,3,18,0,0,0,1,0,0,0,1,1
75,6527.57,77288.23,3,11,33.59,8.9,0,0,29.08,4,3,3,1,6,13,0,0,0,0,0,0,0,1,0
19,3502.86,41995.35,2,8,37.82,13.8,0,0,18.67,4,3,5,2,9,16,1,0,0,0,0,1,0,1,0
24,4385.97,52768.53,3,12,85.33,6.2,0,1,83.41,1,3,1,3,2,17,0,0,0,0,1,0,1,0,0
18,6328.39,74897.46,6,18,27.79,9.3,0,0,48.58,1,4,0,1,5,8,1,0,1,0,0,0,1,0,0
62,4432.2,53372.56,2,8,14.51,20.7,0,1,36.04,1,8,4,2,6,17,1,0,1,0,0,0,0,1,0
74,5322.83,64816.16,3,11,14.42,15.2,3,1,1.8,4,4,5,2,9,10,0,0,0,0,0,0,0,1,1
57,5981.09,72231.07,2,8,6.76,26.1,1,0,58.08,1,6,2,0,8,16,0,0,0,0,1,0,1,0,0
73,2675.55,32464.04,2,9,41.24,17.0,1,0,16.72,2,4,2,0,9,13,0,0,0,0,1,0,1,0,0
28,4898.44,60319.87,2,10,18.16,10.5,1,0,11.39,4,7,2,0,4,15,1,0,0,0,1,0,1,0,0
33,2189.06,26332.86,6,22,27.0,13.8,1,0,12.78,3,5,2,0,6,14,0,0,1,0,0,0,0,0,0
59,4262.43,51252.99,3,13,74.56,9.5,0,1,20.74,4,4,3,2,6,9,1,0,0,1,0,0,1,0,0
42,4204.87,51835.33,2,9,8.7,13.4,2,0,40.49,2,3,1,0,1,10,1,0,0,0,0,0,0,1,0
57,3195.04,38480.06,3,11,30.5,20.7,4,1,11.24,1,3,3,0,8,11,1,0,1,0,0,0,1,0,0
26,3258.36,39939.4,1,5,10.25,20.6,0,0,30.39,1,1,3,0,5,8,0,1,0,0,1,0,0,0,0
60,4613.03,55226.27,0,3,15.97,9.9,0,0,105.73,2,1,4,0,2,9,1,0,0,0,0,0,0,0,0
73,2218.25,26414.53,1,7,2.35,17.3,2,0,71.77,4,6,3,0,4,16,0,0,0,1,0,0,1,0,0
51,2441.33,28981.77,3,11,8.41,14.1,0,0,40.36,0,6,6,0,10,16,1,0,0,0,1,0,0,0,0
43,3504.3,41045.47,7,22,32.5,8.0,1,0,24.64,3,0,3,0,1,19,1,0,0,0,0,1,0,1,0
62,6530.04,76359.04,1,3,5.53,23.0,0,0,33.59,2,4,3,1,3,19,1,0,1,0,0,0,0,0,0
48,2955.08,35509.5,0,1,16.91,1.1,1,0,4.56,2,2,2,1,6,9,0,1,0,1,0,0,1,0,0
54,2947.73,35037.63,1,4,50.26,2.7,1,0,77.37,4,3,5,0,10,17,1,0,1,0,0,0,1,0,0
62,2705.38,32102.83,0,4,47.03,9.4,1,0,41.79,4,3,3,1,5,19,1,0,0,0,0,0,1,0,0
57,4075.87,49018.85,1,9,42.92,11.4,1,0,137.3,0,6,5,1,6,19,0,0,0,0,0,1,0,0,0
65,3449.89,40448.79,3,8,36.5,9.8,1,0,3.65,0,5,5,1,3,14,1,0,0,0,0,0,0,1,0
54,7148.86,86471.05,3,11,53.48,6.7,0,0,42.23,1,3,4,1,1,20,0,0,0,0,0,1,0,1,0
56,4373.71,53133.19,6,20,29.84,5.6,1,0,59.76,0,3,1,1,10,10,0,0,1,0,0,0,1,0,0
47,3313.59,39250.5,3,11,53.2,14.9,0,0,17.86,4,7,2,1,6,16,1,0,0,0,0,0,0,0,0
37,4116.12,49379.71,3,9,79.15,9.1,2,0,103.84,2,3,8,0,8,14,1,0,0,0,0,0,1,0,0
19,6623.38,77051.65,1,5,2.52,13.1,0,0,42.5,2,0,8,1,6,15,0,0,0,0,0,1,1,0,0
42,2190.23,26399.5,3,14,13.79,12.0,0,1,8.8,4,4,1,0,9,9,1,0,0,1,0,0,0,0,0
60,1982.29,23591.48,4,17,16.32,7.0,4,1,41.29,3,2,3,4,5,16,1,0,1,0,0,0,1,0,0
34,3532.46,42474.76,4,13,99.62,16.8,1,1,9.54,2,3,4,0,5,18,1,0,0,0,1,0,1,0,0
40,3418.44,41085.27,4,12,44.88,6.1,1,0,154.31,1,4,3,1,8,20,1,0,0,0,0,1,1,0,0
63,3310.3,38888.7,3,16,24.84,9.1,0,0,128.65,3,3,2,1,7,14,1,0,0,0,0,1,1,0,0
39,1432.74,17208.6,2,6,29.6,10.2,1,0,147.0,1,5,0,1,8,8,1,0,0,0,0,1,1,0,0
66,4209.02,50564.41,0,1,5.55,12.8,2,0,98.99,0,1,2,1,7,12,1,0,1,0,0,0,1,0,0
50,3282.96,38700.76,3,10,24.96,3.3,2,0,51.61,1,5,1,0,1,16,0,0,0,0,1,0,0,0,0
65,1866.73,22316.3,2,7,26.62,23.7,1,0,2.94,1,1,1,1,7,19,1,0,0,0,1,0,1,0,0
20,5774.15,68767.75,3,13,73.06,9.7,1,1,20.11,3,2,1,0,9,12,1,0,0,0,1,0,1,0,0
60,6222.23,75828.43,1,4,19.69,8.1,1,0,49.57,0,2,3,1,8,14,1,0,0,1,0,0,1,0,0
18,4471.99,54182.6,2,8,24.02,12.5,3,0,39.48,2,3,6,1,6,20,1,0,0,0,0,1,1,0,0
72,5414.07,64080.29,5,15,28.68,19.0,2,1,29.72,1,4,5,0,4,13,1,0,0,0,1,0,1,0,0
42,1918.11,22683.09,4,14,13.52,9.7,2,0,30.3,1,7,3,0,8,20,0,0,0,0,0,0,1,0,0
60,4105.31,48486.86,6,20,26.86,11.3,0,1,22.81,1,4,5,1,3,11,1,0,0,0,1,0,1,0,0
18,4679.15,56326.19,1,6,27.06,6.5,2,0,9.84,1,9,2,1,1,8,0,1,0,0,0,0,0,0,0
68,2812.12,33083.56,1,7,14.29,15.2,0,0,36.12,0,4,1,2,8,8,0,0,0,0,0,0,1,0,0
71,4384.59,51304.6,1,6,21.31,8.1,0,0,39.07,2,3,2,0,5,15,0,0,0,0,1,0,0,0,0
67,2343.57,28155.03,2,9,22.01,17.2,1,0,43.16,3,3,2,0,6,19,0,0,0,0,0,1,1,0,0
72,2815.57,33221.29,2,6,26.28,11.6,1,0,185.59,2,4,2,1,5,8,0,0,0,0,0,1,1,0,0
67,7856.32,93050.08,3,10,15.66,27.2,1,1,267.63,1,8,4,1,5,8,1,0,0,0,0,0,0,0,1
30,2172.09,25839.74,1,3,5.36,19.8,3,0,26.9,0,8,1,0,1,8,0,1,0,0,0,1,0,1,0
44,2151.49,26100.0,1,5,4.39,13.5,1,0,81.63,1,4,2,2,8,14,0,0,1,0,0,0,1,0,0
22,6035.78,73483.67,1,5,55.4,8.2,1,0,0.4,3,5,5,2,2,16,1,0,0,0,0,0,0,0,0
39,2510.81,29559.78,7,21,58.4,11.7,2,0,26.75,2,2,3,0,3,10,1,0,1,0,0,0,0,0,0
66,2395.12,28621.68,2,10,79.16,22.0,0,0,15.69,2,9,1,1,3,10,1,0,0,0,1,0,1,0,1
66,2082.35,25028.23,3,13,20.06,13.6,0,1,143.28,3,2,2,1,5,12,0,0,0,0,0,0,1,0,0
32,3655.63,43923.5,2,7,6.3,8.9,1,0,288.5,3,3,6,0,6,12,1,0,0,1,0,0,1,0,0
33,2433.71,29868.68,4,13,31.71,15.9,2,1,16.95,3,7,3,0,7,13,0,0,0,0,1,0,1,0,1
73,4252.52,51722.23,0,1,25.1,2.0,1,0,38.69,2,4,5,0,7,18,0,0,0,0,0,0,1,0,0
41,900.0,10781.31,1,6,8.82,15.2,1,0,27.41,4,3,2,0,2,19,1,0,0,0,1,0,1,0,0
45,3512.9,41340.23,5,15,13.59,7.8,2,0,64.77,4,3,1,2,10,15,0,1,0,0,1,0,0,0,0
73,4317.22,52269.17,2,6,10.77,1.3,0,0,79.59,0,4,2,1,7,16,1,0,1,0,0,0,0,0,0
68,4828.05,59367.4,4,12,19.89,13.6,1,1,9.73,2,5,3,0,6,19,0,0,0,0,0,0,0,0,0
54,2875.49,34174.18,0,1,46.11,14.9,2,0,71.63,2,3,2,1,8,20,1,0,1,0,0,0,1,0,0
70,3278.09,38742.39,3,11,29.7,16.5,0,0,7.82,0,1,4,0,1,16,0,1,0,0,1,0,1,0,0
60,2379.06,29023.36,5,15,17.42,10.1,1,0,25.7,3,9,5,0,5,18,0,0,0,0,0,0,0,0,0
55,2056.63,24789.3,4,12,11.4,24.8,1,1,41.55,3,6,4,1,3,10,1,0,0,0,0,0,0,0,0
66,4217.6,50006.49,1,3,19.81,31.3,0,0,11.06,3,4,5,2,3,11,0,0,0,0,0,1,1,0,0
70,2653.59,32353.83,1,2,16.17,6.9,0,0,41.94,1,3,5,1,2,17,1,0,0,0,0,0,1,0,0
67,7316.51,90694.11,3,10,14.32,18.0,2,1,103.54,4,3,2,1,8,20,1,0,0,0,0,1,0,0,0
18,1454.13,17655.45,1,4,28.08,23.0,0,0,135.15,3,6,3,4,3,20,1,0,1,0,0,0,0,0,0
54,4900.14,58849.04,1,5,5.11,21.6,0,1,7.14,2,2,2,0,1,19,1,0,1,0,0,0,0,0,1
20,4391.66,51773.91,3,10,12.01,8.8,2,0,66.06,2,9,4,0,10,15,1,0,0,0,1,0,0,0,0
65,3193.43,38575.88,4,12,10.73,5.3,1,0,136.87,2,1,1,1,4,19,0,0,0,0,1,0,0,1,1
58,2268.69,27324.09,7,23,47.8,23.2,2,1,77.8,3,2,1,2,8,11,1,0,0,0,0,0,1,0,1
21,1120.48,13643.2,4,13,11.6,11.2,1,1,39.11,2,2,3,1,9,14,1,0,1,0,0,0,0,0,0
30,5679.28,68746.7,1,5,7.73,20.3,1,0,3.85,2,11,6,1,1,18,1,0,0,1,0,0,1,0,0
54,4083.49,49178.42,7,25,26.08,11.5,0,1,1.45,1,6,1,0,6,12,0,1,1,0,0,0,1,0,0
20,2803.93,33710.37,1,4,25.64,18.3,1,0,12.2,2,4,4,1,10,17,0,0,1,0,0,0,0,0,0
30,2012.86,24183.6,2,7,20.8,10.6,0,0,85.4,1,4,4,0,5,17,0,0,0,0,0,0,0,0,0
49,4887.88,59657.51,5,18,22.2,16.4,0,1,82.33,0,4,7,2,2,16,0,1,0,0,0,0,0,1,0
64,3589.07,44116.77,6,20,23.82,17.4,0,0,15.39,0,3,0,0,6,20,1,0,0,0,0,1,1,0,0
27,2350.95,28860.28,4,15,32.52,23.0,2,1,32.04,0,7,3,1,5,9,1,0,1,0,0,0,1,0,0
57,3607.58,43451.7,8,25,19.53,13.6,2,0,19.41,0,8,1,0,7,18,1,0,0,0,0,1,0,1,0
36,2010.74,24763.91,2,8,29.44,31.5,0,0,2.45,3,5,2,0,7,8,0,0,1,0,0,0,0,0,0
33,2175.29,26923.81,4,13,9.77,9.2,1,0,5.13,2,3,1,0,5,13,0,0,0,0,1,0,0,0,0
32,6994.84,84373.02,1,6,26.27,6.6,1,1,43.89,3,1,2,1,8,13,1,0,0,0,1,0,0,0,0
34,2348.32,27952.65,5,17,14.09,16.9,2,0,58.93,3,4,1,0,1,9,0,0,1,0,0,0,1,0,0
67,5037.38,61492.09,1,6,8.83,19.0,0,0,111.62,1,4,4,1,3,20,0,1,0,1,0,0,1,0,0
74,2213.08,27027.39,5,17,21.66,18.4,3,1,2.68,1,4,3,0,6,12,1,0,0,1,0,0,1,0,0
18,4922.67,60107.24,0,2,1.0,5.8,1,0,14.89,4,2,1,1,10,15,0,0,0,1,0,0,0,1,0
25,3310.78,39543.04,5,17,40.47,16.4,1,0,132.05,0,5,0,3,9,12,0,1,0,0,1,0,1,0,0
46,1484.97,17882.07,3,10,9.82,4.3,1,0,20.32,2,7,3,0,2,14,1,0,0,0,0,0,0,0,0
41,5215.41,64149.23,5,14,23.14,12.8,1,0,36.81,2,5,2,0,5,9,1,0,0,1,0,0,1,0,0
63,2705.73,31636.89,0,5,15.0,8.3,1,0,75.9,2,7,6,2,3,10,0,0,0,0,0,0,1,0,0
46,2300.06,28009.96,1,4,19.98,25.3,1,0,3.7,2,3,2,0,2,19,1,0,0,0,0,1,0,1,0
40,3001.91,35273.93,2,5,17.27,11.6,2,0,18.15,6,2,1,1,4,17,1,0,0,0,1,0,1,0,0
54,3119.2,37364.24,2,7,27.44,8.6,1,0,32.57,2,4,3,0,2,9,0,0,0,0,1,0,0,0,0
57,2716.34,33086.1,3,14,23.67,21.8,1,1,51.78,2,5,2,0,5,14,0,0,1,0,0,0,0,0,0
57,5162.64,63027.9,4,16,8.58,10.9,2,0,1.76,1,7,6,1,4,14,1,0,0,0,0,0,0,1,0
73,2362.8,27737.28,5,17,17.5,0.9,1,0,47.31,1,2,2,0,2,13,0,0,0,0,0,1,0,1,0
71,5564.66,68392.96,2,10,16.6,18.6,1,1,55.22,4,5,6,1,9,11,1,0,0,0,1,0,1,0,0
43,2228.02,26567.2,1,3,18.22,16.4,1,0,13.76,0,3,7,0,5,18,1,0,0,0,0,0,1,0,0
60,2789.61,32997.63,1,8,21.89,9.6,0,0,6.61,3,1,5,2,4,19,0,0,0,1,0,0,0,0,0
32,3628.92,43746.0,5,18,31.72,16.5,1,1,55.81,3,7,4,0,5,16,1,0,0,1,0,0,1,0,0
24,1512.07,17851.14,3,12,25.69,4.0,0,0,37.46,2,2,4,0,3,19,0,0,0,0,0,0,1,0,0
20,3083.28,36849.42,4,13,34.06,13.8,2,1,164.45,0,2,5,0,5,17,0,1,0,0,0,1,1,0,0
25,3498.48,41072.28,2,9,5.94,11.8,0,0,70.48,2,6,0,0,3,19,1,0,0,0,0,1,0,1,0
37,3292.26,39648.73,4,15,34.94,8.2,0,1,4.96,2,3,1,1,1,17,0,1,0,0,1,0,1,0,0
46,4040.24,48659.36,7,21,17.1,14.5,1,1,7.45,3,3,4,0,5,10,0,0,0,0,0,0,1,0,1
31,3766.21,44172.24,0,6,20.86,6.1,0,0,114.69,1,8,3,0,6,13,1,0,0,1,0,0,1,0,0
61,1904.69,22535.55,4,13,25.09,17.6,1,0,85.44,3,4,4,1,10,13,1,0,1,0,0,0,1,0,0
26,4829.1,57543.69,2,7,45.12,27.8,0,1,32.87,3,4,2,0,6,19,0,0,0,0,0,0,1,0,0
37,2382.08,28817.74,5,17,34.86,20.2,0,1,84.37,2,1,2,1,5,17,1,0,0,0,0,0,1,0,0
31,6355.69,75367.08,4,14,19.93,9.7,3,1,123.5,1,2,6,0,4,13,0,0,0,1,0,0,0,0,0
64,1536.1,18267.27,3,11,6.34,14.4,0,0,16.48,3,1,3,0,5,16,1,0,1,0,0,0,0,0,0
65,1866.73,22249.39,1,7,9.5,10.9,0,0,76.81,1,3,6,0,1,19,1,0,0,0,1,0,1,0,0
60,3377.61,40766.17,4,15,34.08,29.2,0,0,147.63,2,2,4,1,6,18,1,0,0,0,0,0,1,0,1
66,2791.21,33699.86,1,5,5.94,0.2,1,0,29.52,2,6,2,1,9,10,1,0,0,0,1,0,0,0,0
54,3400.56,40907.35,1,4,78.93,22.1,0,0,8.51,3,4,3,0,10,15,1,0,0,1,0,0,0,1,1
73,1769.8,21429.24,3,10,28.12,23.7,2,0,5.85,2,5,2,2,7,13,1,0,0,1,0,0,1,0,0
36,2410.8,28999.76,3,9,11.44,16.0,2,0,50.77,1,4,4,1,2,18,1,0,0,0,0,1,1,0,0
48,5084.5,61607.23,7,22,20.83,4.2,2,0,6.5,3,6,0,2,5,8,1,0,1,0,0,0,1,0,0
51,4258.57,49482.95,6,21,22.3,19.8,0,0,98.67,2,3,3,0,6,18,0,0,1,0,0,0,0,0,0
56,4373.71,53014.42,2,5,14.1,9.6,0,0,136.78,3,4,4,0,6,17,0,0,1,0,0,0,0,0,0
61,2570.53,30750.55,5,15,70.84,5.5,0,0,7.55,0,2,5,2,9,14,0,0,1,0,0,0,0,0,0
60,1831.29,21123.44,1,3,17.69,20.8,0,0,93.19,0,2,4,0,2,15,1,0,0,0,0,0,0,1,0
43,2757.01,33199.52,2,7,20.81,4.0,0,0,107.55,2,2,2,0,7,20,0,0,0,0,0,1,1,0,0
25,2622.57,31367.3,1,5,20.65,25.2,0,1,119.24,2,4,5,1,9,10,0,1,0,1,0,0,1,0,0
19,1722.43,20172.07,1,4,10.87,15.4,1,0,43.72,2,3,3,1,2,10,1,0,0,0,0,0,1,0,0
44,2151.49,26080.36,0,1,5.0,6.7,2,0,7.01,4,3,1,0,1,14,0,0,1,0,0,0,0,1,0
74,5384.53,62965.82,2,7,13.96,8.5,1,0,32.42,2,4,3,0,4,13,0,0,1,0,0,0,1,0,0
19,2955.58,35934.85,1,5,7.58,14.6,0,0,105.83,1,6,5,1,2,8,0,0,0,0,1,0,1,0,0
75,2081.63,25195.6,3,13,32.41,5.3,0,1,9.85,2,5,5,1,7,11,1,0,1,0,0,0,0,1,0
38,3187.46,38766.16,1,6,34.18,3.5,1,0,11.29,1,3,2,0,9,10,1,0,0,1,0,0,0,0,0
41,3611.11,43651.19,0,4,4.55,22.5,2,0,84.6,3,4,2,1,2,8,0,0,0,0,0,0,0,1,0
44,4888.81,58360.03,0,1,17.84,13.4,0,1,76.95,0,2,5,0,6,11,1,0,0,1,0,0,1,0,0
30,5679.28,68234.93,2,9,6.57,22.3,1,0,49.6,3,4,1,0,3,19,0,0,0,1,0,0,0,0,0
70,7704.74,94850.03,3,9,52.75,18.5,1,0,58.43,4,4,4,0,2,20,0,0,0,0,0,0,0,1,0
53,2669.56,32328.64,4,14,36.21,15.5,0,0,21.26,1,4,2,0,6,16,0,0,0,0,1,0,0,0,0
75,6675.91,80608.01,2,8,14.45,12.5,0,1,1.18,1,2,1,2,2,20,0,0,0,0,1,0,0,1,0
74,2504.74,29808.95,4,15,33.63,13.8,2,0,193.23,0,1,0,0,2,12,0,1,0,1,0,0,0,0,0
36,9135.25,107633.56,3,12,34.18,10.1,0,0,10.4,0,6,1,0,10,9,0,1,1,0,0,0,1,0,0
70,4630.64,54713.11,4,12,12.25,10.9,2,0,121.12,1,5,1,1,10,15,1,0,0,0,0,0,0,0,0
75,2551.15,30475.96,3,12,38.03,3.6,0,0,8.5,2,7,2,0,6,12,0,0,0,0,0,0,0,0,0
34,2199.49,25349.3,1,5,23.51,6.4,0,0,34.28,4,4,6,0,8,19,1,0,0,1,0,0,0,0,0
47,900.0,10949.37,3,14,21.44,11.0,0,0,71.33,7,5,2,3,2,16,1,0,0,1,0,0,1,0,1
64,3037.54,37149.1,5,17,25.63,16.9,1,1,1.76,3,3,5,0,2,17,1,0,1,0,0,0,0,1,0
69,4355.81,52163.19,4,14,8.76,6.4,0,0,15.44,4,2,5,0,1,17,1,0,0,0,0,0,0,1,0
66,1718.28,21075.1,1,4,24.71,3.1,2,0,19.23,2,3,3,1,10,8,0,0,0,0,0,1,0,0,0
74,4293.33,51371.81,4,13,27.02,11.8,2,1,3.34,2,1,2,0,2,12,0,0,0,0,1,0,0,1,0
26,3166.98,36998.74,1,5,15.05,28.3,0,1,31.64,3,6,4,1,10,18,1,0,1,0,0,0,0,0,0
56,7518.64,90694.11,6,19,35.07,18.4,0,0,34.12,2,3,1,1,5,10,0,0,1,0,0,0,0,0,0
30,2533.53,30062.37,6,20,15.68,2.9,2,0,144.16,2,4,3,1,4,17,1,0,0,0,1,0,0,0,0
51,2809.35,34088.54,8,24,26.35,11.7,1,1,31.45,1,4,3,0,9,13,1,0,1,0,0,0,0,0,1
57,2729.39,33359.3,1,5,5.63,10.2,1,0,7.15,2,2,1,0,6,12,1,0,0,1,0,0,0,1,0
54,2852.33,34454.57,2,7,11.78,3.0,2,0,30.73,0,6,2,0,2,20,0,0,0,1,0,0,1,0,0
66,1542.44,18773.97,2,9,9.64,6.5,0,0,9.49,2,8,3,1,1,16,1,0,0,0,0,0,0,0,0
43,2903.16,34688.19,2,6,71.28,8.1,0,0,104.19,1,4,4,2,7,16,0,0,0,0,0,1,1,0,0
72,2571.55,31230.61,4,15,29.66,12.1,0,0,71.66,2,5,2,1,2,18,1,0,0,1,0,0,0,0,0
19,2337.22,27813.41,2,11,10.08,10.4,1,1,151.01,0,3,1,0,2,10,0,0,0,1,0,0,1,0,0
23,4349.81,53057.56,2,6,36.73,25.3,2,0,9.58,4,3,5,0,4,11,1,0,0,0,0,0,1,0,0
55,1445.13,17727.24,1,3,6.14,6.0,2,1,145.04,2,6,1,0,2,8,1,0,0,0,0,1,0,0,0
63,4808.22,58478.16,6,20,49.66,7.8,0,0,1.92,5,5,4,0,7,10,0,0,0,0,0,0,0,0,0
59,3293.77,39795.1,3,10,15.05,7.8,1,0,137.11,2,3,3,1,9,16,0,0,1,0,0,0,0,1,0
20,3364.91,40569.39,2,7,18.01,10.9,1,1,0.44,4,3,1,0,1,9,1,0,1,0,0,0,1,0,0
38,2454.24,28882.25,3,10,32.91,24.0,0,0,26.94,3,4,4,0,10,19,1,0,1,0,0,0,1,0,0
60,4323.43,50735.08,3,10,22.14,19.9,1,1,27.61,4,4,3,1,4,10,0,0,0,0,0,1,1,0,0
43,4736.93,56403.65,6,19,13.68,9.5,2,0,140.32,2,2,3,1,3,9,0,0,0,0,0,0,0,0,0
36,973.49,11540.23,3,10,9.07,4.9,0,0,110.13,5,1,2,0,2,10,1,0,0,1,0,0,0,1,0
42,5468.99,64334.96,4,12,54.19,6.5,0,1,1.23,0,5,3,0,8,14,0,0,0,0,1,0,1,0,1
46,2106.47,25792.83,2,6,59.5,15.0,1,0,45.23,2,2,5,1,2,14,0,0,0,0,0,1,0,1,0
30,2338.78,28514.67,4,14,31.08,10.4,1,1,40.26,4,3,5,0,5,13,1,0,1,0,0,0,0,0,0
44,5544.83,68209.99,1,5,67.56,14.0,2,0,21.94,1,7,4,1,3,14,0,0,0,0,0,0,0,0,1
39,3764.91,45036.73,2,6,10.47,3.2,1,0,8.17,3,5,2,1,5,8,0,0,0,0,1,0,1,0,0
37,3442.35,42163.34,4,12,58.56,12.9,0,0,38.68,4,6,4,0,6,10,1,0,0,0,0,0,0,0,0
41,7260.37,88304.96,5,17,10.32,1.4,0,0,103.2,2,2,3,0,1,11,0,0,0,0,1,0,1,0,1
50,3186.77,38339.22,1,4,13.14,8.8,2,0,34.15,1,2,3,0,10,11,0,0,0,0,1,0,1,0,0
66,2217.25,26591.31,1,4,4.33,4.2,1,0,77.57,3,6,6,0,7,10,1,0,1,0,0,0,0,1,0
36,3352.06,39628.13,8,28,22.48,9.6,1,1,43.53,0,1,0,0,9,11,1,0,0,0,1,0,1,0,0
73,2258.36,27299.66,3,12,46.6,19.5,3,1,16.18,2,3,3,1,10,13,0,0,0,0,0,1,0,1,0
63,3401.62,41483.91,6,19,61.69,12.5,2,1,24.53,3,4,3,1,8,14,1,0,0,0,1,0,1,0,1
23,3060.28,36133.76,4,15,29.45,10.4,2,1,190.33,3,4,5,1,1,15,1,0,0,0,1,0,0,1,0
33,5363.37,65258.99,5,18,10.95,7.0,0,0,23.81,4,4,3,0,7,8,0,0,0,0,1,0,1,0,0
28,3930.31,46586.97,0,2,21.73,8.1,1,0,153.75,3,5,6,1,2,11,0,0,0,0,0,0,1,0,0
52,1696.05,20420.82,0,1,26.02,16.5,0,0,42.95,1,5,3,2,2,14,1,0,0,1,0,0,0,1,0
63,4023.96,48369.61,3,9,15.82,8.0,1,1,119.76,2,5,3,0,7,11,0,0,0,0,0,0,1,0,0
69,1606.83,19419.0,3,12,42.77,8.6,0,0,67.28,2,4,3,2,10,14,1,0,0,0,0,1,1,0,0
26,4829.1,57256.49,5,20,15.48,19.4,1,1,140.16,2,1,1,1,1,12,0,0,0,0,0,0,0,1,1
43,2696.68,31779.02,4,15,8.32,2.3,0,0,2.71,1,5,4,1,5,8,1,0,0,0,0,0,0,0,0
23,1742.28,21012.24,7,24,72.68,7.5,2,1,18.08,0,6,2,0,6,15,1,0,1,0,0,0,1,0,0
73,2261.66,27355.62,1,9,2.31,7.8,0,0,21.79,3,2,5,2,8,13,1,0,0,0,0,0,1,0,0
32,1771.47,21051.35,4,13,13.25,10.2,1,1,16.9,1,5,1,2,1,9,1,0,0,0,0,1,1,0,0
49,1376.95,16748.39,5,16,28.74,20.9,0,0,15.8,6,0,4,0,4,20,0,1,0,0,0,1,1,0,0
43,2942.74,34687.99,0,2,30.03,5.4,1,0,86.9,0,10,3,1,2,19,0,1,0,0,1,0,1,0,0
24,4972.64,59843.52,2,9,4.44,8.6,1,0,11.14,2,4,0,2,2,17,1,0,0,0,0,1,1,0,0
75,2856.76,35352.19,5,17,31.69,8.7,1,0,20.82,1,0,2,0,5,18,1,0,1,0,0,0,0,0,0
32,2674.16,32063.2,0,3,7.12,5.0,2,0,89.42,0,1,5,1,1,10,0,0,0,0,0,0,0,0,0
66,6947.5,82729.51,3,12,13.97,7.4,1,0,44.57,1,6,4,0,10,11,1,0,0,0,1,0,0,0,0
57,3113.13,37583.16,8,25,20.62,25.8,2,0,1.27,0,1,4,0,1,14,1,0,0,0,1,0,0,1,0
64,3945.76,46760.79,3,11,32.51,19.1,0,0,5.57,1,5,1,1,4,14,0,1,0,0,1,0,0,0,0
68,3211.17,38606.44,3,9,61.97,26.5,0,1,38.03,0,7,5,2,7,13,1,0,0,0,0,0,1,0,1
20,2040.09,24779.0,0,6,4.06,12.8,0,0,1.6,3,8,4,2,4,18,1,0,0,0,0,1,1,0,0
66,3580.2,42517.74,4,13,14.26,9.6,0,0,18.89,3,5,4,2,7,17,1,0,0,1,0,0,0,1,0
48,4374.15,51605.72,3,9,7.97,5.4,3,0,18.88,1,9,5,0,5,14,0,1,0,0,1,0,1,0,0
50,4153.72,49403.63,1,5,58.1,4.1,1,0,25.45,1,4,3,0,1,13,0,0,0,0,1,0,0,0,0
30,2338.43,28269.95,4,15,9.68,9.0,3,0,95.07,3,4,2,0,9,17,1,0,1,0,0,0,0,1,0
39,3134.68,37351.41,2,9,5.57,4.1,2,0,3.01,1,6,2,1,6,11,1,0,0,0,0,1,0,0,0
28,5869.64,71150.67,1,5,3.26,7.2,1,0,154.42,5,1,6,1,2,16,1,0,0,1,0,0,1,0,0
61,2025.66,24911.37,1,2,9.54,12.6,1,0,8.01,0,2,3,0,9,19,1,0,0,0,1,0,0,1,0
18,2156.45,26051.18,1,5,7.08,6.8,0,0,100.26,0,2,5,0,3,9,1,0,0,1,0,0,1,0,0
71,4365.99,53787.49,3,9,67.26,10.5,2,0,123.73,3,5,2,1,1,11,1,0,1,0,0,0,0,0,0
57,2721.95,31918.93,4,12,36.62,14.0,0,1,4.45,0,3,4,0,4,17,0,0,1,0,0,0,1,0,0
36,5575.61,67049.44,1,2,8.56,10.4,2,0,21.29,1,5,3,0,10,15,0,0,0,0,1,0,1,0,0
56,2355.81,28113.68,3,12,24.02,7.0,0,0,22.38,1,2,3,1,3,9,1,0,0,1,0,0,1,0,1
46,1920.86,23154.44,1,4,29.89,8.9,2,0,83.15,4,3,3,0,10,12,0,0,0,0,0,1,1,0,1
25,6286.36,76221.46,2,7,14.7,22.5,1,0,78.7,2,5,3,0,6,9,1,0,0,0,0,1,1,0,0
30,2608.68,31420.07,4,14,57.31,15.0,1,1,117.7,1,5,1,1,10,14,0,0,0,0,0,0,0,0,0
42,1506.44,17988.43,1,6,24.49,9.4,1,0,26.86,2,2,1,0,3,8,1,0,0,0,1,0,0,1,0
21,4237.8,51025.39,4,14,21.4,16.9,0,0,77.16,2,5,2,1,5,12,0,0,0,0,0,0,1,0,0
20,2040.09,24263.16,6,18,45.37,14.2,0,0,6.34,1,4,1,2,1,8,1,0,0,0,0,1,1,0,0
25,2118.41,25321.28,1,7,34.23,8.8,0,0,41.96,3,1,1,1,7,12,1,0,0,0,1,0,1,0,0
75,3016.53,36378.23,3,13,8.31,22.6,1,0,18.72,2,4,1,0,4,13,1,0,0,1,0,0,0,1,0
28,2765.55,33070.87,3,11,31.33,16.2,0,0,146.89,1,5,6,1,9,15,1,0,1,0,0,0,0,0,0
71,4344.27,52434.3,5,15,31.15,18.6,2,1,54.87,1,1,4,0,9,14,1,0,1,0,0,0,1,0,0
41,5522.54,65110.43,2,9,26.37,16.3,3,0,245.57,2,5,5,0,9,10,0,0,0,0,0,0,0,1,0
67,7316.51,87417.9,3,12,83.16,15.7,0,1,38.63,1,1,3,0,4,9,1,0,0,0,0,1,0,0,0
50,3288.46,39015.99,3,10,30.8,12.3,4,0,24.13,4,9,6,0,2,8,1,0,0,0,0,0,1,0,0
67,4334.94,51521.98,2,9,8.27,13.5,1,0,82.53,2,9,1,1,4,15,1,0,1,0,0,0,0,1,0
75,5093.6,59091.2,2,7,22.26,3.1,1,0,39.38,1,7,2,0,10,15,0,0,1,0,0,0,1,0,0
43,4662.33,54905.31,3,9,32.69,6.1,1,1,145.17,3,2,4,1,3,8,0,1,0,0,1,0,1,0,0
60,6222.23,73488.24,1,4,16.57,4.3,2,0,50.5,3,5,2,1,8,13,1,0,0,1,0,0,1,0,0
34,2537.35,30852.34,1,5,24.11,19.7,0,0,0.1,1,2,4,1,3,13,0,0,0,0,1,0,1,0,0
67,2992.49,35800.28,4,12,13.62,5.8,3,0,136.43,2,2,5,1,9,10,0,1,0,0,1,0,1,0,0
20,2115.86,25712.02,2,7,8.24,3.5,2,1,23.23,2,7,5,0,6,11,1,0,0,0,0,0,1,0,0
75,4839.38,57879.35,2,6,24.96,8.1,1,0,279.87,3,3,4,1,9,13,1,0,0,0,0,1,1,0,0
34,4863.72,58999.49,1,5,28.0,7.0,0,0,26.19,0,3,2,3,5,15,0,0,0,0,0,0,1,0,0
60,2556.51,30369.3,4,15,35.54,14.0,0,0,113.56,1,5,4,0,9,10,1,0,0,1,0,0,1,0,0
66,2567.99,31247.13,1,5,7.09,13.9,0,0,10.25,1,5,2,0,4,16,0,0,0,0,0,0,0,0,0
33,2588.05,31251.62,3,13,17.28,7.7,0,0,18.25,2,3,6,0,10,13,1,0,0,0,1,0,0,1,0
54,7148.86,88101.11,1,4,14.95,3.2,1,0,76.33,1,5,4,2,3,9,1,0,0,0,0,1,1,0,0
36,2010.74,24012.1,4,12,27.65,6.2,0,0,40.83,1,7,3,0,9,9,0,0,1,0,0,0,1,0,0
18,3295.84,39890.03,0,0,6.04,15.7,1,0,5.3,2,1,6,0,4,18,1,0,0,0,1,0,1,0,0
68,5541.08,66935.82,3,12,38.25,19.2,1,0,52.43,1,3,4,1,2,10,1,0,0,0,0,0,0,0,0
27,3469.83,42206.09,1,4,45.28,24.9,3,0,365.0,0,2,4,2,5,16,1,0,1,0,0,0,0,0,0
20,4587.84,54206.38,2,11,18.51,1.9,1,0,2.81,2,6,4,0,6,13,1,0,1,0,0,0,0,1,0
30,2172.09,26001.72,5,18,15.85,24.3,0,0,74.34,3,3,2,1,3,17,0,0,0,0,0,1,1,0,0
24,10406.48,120127.72,2,11,32.39,10.3,0,0,11.62,0,3,2,0,3,17,1,0,0,0,1,0,1,0,0
26,3482.0,41464.51,1,4,12.33,15.5,1,1,13.59,4,1,5,0,1,19,1,0,0,0,1,0,0,0,0
40,2167.08,25471.99,3,10,28.18,25.9,0,1,46.21,3,4,0,0,9,13,0,1,1,0,0,0,1,0,0
33,10020.7,115243.61,0,0,25.08,11.6,0,0,18.17,3,2,2,0,6,15,1,0,1,0,0,0,0,0,0
44,4016.29,48213.43,2,8,5.81,17.9,4,0,66.45,1,3,4,0,6,8,0,0,1,0,0,0,1,0,0
37,2428.9,29545.42,2,10,20.07,8.3,1,0,2.8,1,3,1,2,10,16,1,0,0,0,1,0,0,0,0
49,3387.54,40182.93,1,4,12.56,19.4,1,1,15.6,3,3,1,1,3,15,1,0,0,1,0,0,0,0,1
22,4576.84,54269.07,4,14,19.54,20.1,2,1,11.91,1,2,3,0,7,8,1,0,0,1,0,0,0,0,0
50,2789.5,33226.38,2,8,23.87,8.9,0,1,88.82,3,5,2,0,8,17,0,0,0,0,0,0,1,0,1
40,3137.06,38079.33,0,2,32.33,16.9,0,0,74.48,3,6,1,0,8,16,1,0,0,0,0,0,0,1,0
42,3132.59,37192.78,4,14,31.43,23.3,0,1,14.48,0,3,3,2,9,12,0,1,0,0,0,1,1,0,0
56,7080.36,84493.55,3,10,15.63,10.9,2,0,62.79,2,4,2,0,3,14,1,0,0,0,0,1,0,0,0
34,2304.05,27245.54,2,6,15.83,6.7,1,1,16.24,3,1,1,0,1,13,0,0,0,0,0,1,1,0,0
68,4498.38,55580.83,1,5,12.63,5.5,1,0,42.53,0,2,3,0,9,14,0,0,0,1,0,0,1,0,0
73,3409.09,40782.74,5,16,27.21,3.8,0,0,38.97,2,2,3,1,2,13,1,0,0,1,0,0,0,0,0
66,6407.24,77756.08,2,9,36.1,29.2,2,0,125.38,3,1,4,1,7,12,1,0,0,0,1,0,1,0,0
69,3925.55,47676.13,2,6,42.53,2.2,0,0,9.84,3,2,3,1,8,12,1,0,1,0,0,0,0,0,0
74,3217.26,38086.32,2,8,10.86,8.9,0,1,88.22,1,3,3,0,7,20,1,0,0,0,1,0,1,0,0
56,3504.14,41750.84,4,14,9.37,19.3,0,0,36.68,3,6,4,1,5,8,0,0,0,0,0,1,1,0,0
19,6321.46,75180.09,1,7,8.57,9.2,1,0,41.77,2,2,3,0,7,9,0,1,1,0,0,0,0,0,0
53,9343.59,110478.36,2,7,5.48,7.0,0,0,12.35,2,3,1,1,8,18,1,0,0,0,1,0,0,0,0
30,7750.63,92705.66,4,14,13.37,10.6,1,1,16.6,3,3,3,0,2,12,0,0,0,1,0,0,0,0,0
41,3353.79,39749.89,2,9,8.83,18.3,0,1,65.06,2,2,5,0,3,20,0,0,0,0,1,0,1,0,0
69,2388.5,29252.04,1,9,3.13,7.1,1,0,61.37,1,3,4,2,3,8,0,0,0,0,0,0,0,0,0
47,4220.2,50315.02,3,11,11.3,8.2,1,0,31.23,1,2,5,1,8,9,1,0,0,0,0,0,1,0,0
73,4783.58,57616.88,2,8,11.8,10.2,2,0,121.25,2,5,5,2,2,14,1,0,0,1,0,0,1,0,0
33,2181.46,25407.73,5,17,41.43,29.0,1,1,210.49,0,10,3,2,6,13,0,0,0,0,1,0,0,0,0
67,10843.67,126527.21,5,20,27.88,8.4,1,1,37.17,3,6,3,0,3,13,1,0,0,0,0,0,1,0,1
63,3399.84,40806.77,3,11,33.76,12.4,1,1,91.62,3,3,5,1,2,19,1,0,1,0,0,0,0,0,0
47,1421.86,17233.74,3,13,25.91,1.7,0,0,122.16,3,4,0,2,9,8,1,0,1,0,0,0,0,1,0
35,2196.42,26470.96,2,7,20.57,12.2,0,0,34.2,5,1,5,1,2,19,0,0,0,0,1,0,1,0,0
49,3483.95,42168.31,4,13,10.13,13.9,1,0,31.67,3,6,3,1,2,14,1,0,0,0,0,1,1,0,0
33,4617.86,54868.64,5,15,29.65,16.6,1,0,122.35,4,6,1,0,1,12,1,0,0,0,0,0,0,0,0
63,7484.14,88516.06,3,12,25.72,3.3,3,0,21.83,1,3,1,1,7,20,1,0,0,0,0,0,1,0,0
60,3637.53,42968.69,9,28,107.35,6.4,1,1,102.77,2,5,3,0,2,18,1,0,0,0,0,0,1,0,0
22,2078.18,25215.52,0,0,17.83,8.3,1,0,28.43,1,4,1,0,5,9,1,0,1,0,0,0,1,0,0
73,1936.51,22731.59,2,8,23.21,10.4,0,0,11.75,0,1,2,0,5,15,1,0,0,0,0,1,1,0,0
23,5815.47,69517.4,7,21,19.74,17.9,1,1,24.01,2,2,4,0,7,15,0,0,0,0,0,0,0,0,1
61,2789.71,33591.06,1,2,5.79,6.8,0,0,25.86,1,4,1,1,9,19,1,0,0,0,0,1,1,0,0
41,6591.09,81520.16,3,11,35.17,10.4,1,0,82.66,3,6,2,1,8,9,1,0,1,0,0,0,0,1,0
66,2843.19,33997.62,0,2,65.8,12.5,1,0,2.02,3,0,2,0,3,14,1,0,0,0,0,0,0,1,0
18,2716.38,32936.37,0,4,1.0,6.4,1,0,5.58,0,5,3,0,10,12,1,0,0,0,1,0,1,0,0
50,2789.5,33275.6,4,13,78.81,12.6,2,1,4.09,2,6,1,1,3,19,1,0,0,0,0,0,1,0,1
55,4099.64,49835.13,2,6,7.7,10.1,1,0,171.36,2,5,2,0,7,14,1,0,1,0,0,0,0,1,0
72,2303.72,27914.42,2,7,12.02,14.4,1,1,142.2,1,5,3,3,1,13,0,0,0,0,1,0,1,0,0
44,1641.51,19584.13,2,6,27.8,5.4,1,0,64.01,3,1,2,4,1,17,1,0,0,1,0,0,0,0,0
27,3722.62,43533.93,5,17,22.96,1.0,1,0,78.43,1,4,0,0,8,18,1,0,0,0,0,1,0,1,0
48,5383.96,64421.87,3,9,28.47,17.8,4,0,18.72,0,6,7,0,8,9,0,0,1,0,0,0,0,0,0
50,2139.31,26219.9,1,7,62.24,8.6,0,0,76.15,1,4,4,0,6,14,0,0,1,0,0,0,0,1,1
60,5629.89,65347.3,1,3,28.99,3.3,1,0,66.66,3,3,1,0,9,19,1,0,1,0,0,0,1,0,0
34,1984.1,23777.77,3,10,14.0,9.6,3,1,0.15,0,5,2,1,4,9,1,0,0,0,1,0,1,0,0
73,3501.16,43126.06,3,9,106.79,7.9,1,1,72.64,2,4,3,1,8,20,0,0,1,0,0,0,0,0,0
56,7080.36,83921.88,1,4,20.07,13.2,0,0,53.88,4,6,3,0,9,9,1,0,0,0,0,1,0,0,0
45,6375.88,76020.13,4,12,10.89,5.7,2,0,64.37,1,3,1,1,10,17,1,0,0,0,0,0,1,0,0
64,5544.9,67777.61,4,12,15.77,15.4,2,0,10.77,3,8,3,1,8,15,1,0,0,0,0,1,1,0,0
64,4427.38,53859.96,7,23,63.83,10.7,0,0,21.31,3,3,4,0,5,15,1,0,0,1,0,0,0,1,0
37,2026.65,23973.63,5,17,21.92,13.2,2,0,11.74,2,6,4,0,3,10,0,1,0,1,0,0,1,0,0
60,1831.29,21565.71,0,1,10.19,5.3,0,0,92.03,4,3,7,1,3,17,1,0,0,0,0,0,1,0,0
49,5089.47,62652.76,7,22,23.53,19.1,0,1,6.3,1,5,2,0,8,9,1,0,0,0,0,0,1,0,0
49,2151.32,25702.33,2,13,21.74,5.3,1,0,2.23,0,7,3,2,5,16,1,0,0,0,1,0,1,0,1
48,4243.86,50675.99,3,9,19.31,4.4,1,0,75.13,1,5,3,0,2,12,1,0,0,1,0,0,0,0,0
36,6031.27,74273.93,4,14,9.76,19.4,3,0,14.14,1,8,2,0,7,15,0,0,0,0,1,0,0,0,0
28,5185.46,63882.37,2,8,9.1,15.2,0,0,37.83,1,1,4,2,4,17,0,0,0,0,0,0,0,1,0
35,5032.82,60890.87,0,2,2.48,11.5,0,0,19.96,2,3,2,0,10,15,1,0,0,1,0,0,1,0,0
71,1975.43,23620.64,1,8,36.65,9.2,0,0,41.32,2,6,2,0,1,10,1,0,0,0,0,1,1,0,0
66,2217.25,26407.69,1,4,42.7,9.9,1,0,0.21,1,3,3,1,7,20,1,0,1,0,0,0,0,0,0
69,2816.97,33175.36,4,17,16.19,8.0,0,0,79.86,2,5,3,1,6,15,1,0,0,1,0,0,1,0,0
45,6942.02,83448.61,2,7,85.72,12.5,0,0,25.89,3,4,3,1,9,12,0,0,0,0,0,1,0,0,0
20,5378.55,62909.51,5,16,19.41,9.1,0,0,21.91,0,5,3,1,5,20,0,1,0,0,1,0,1,0,0
34,5635.51,65597.54,5,16,24.95,22.2,0,1,129.5,3,2,7,1,3,17,0,0,1,0,0,0,0,0,0
65,3222.81,38197.87,2,8,10.48,1.6,0,0,85.7,5,4,5,2,10,14,1,0,0,0,0,1,0,1,0
40,4451.16,53619.68,5,16,17.6,5.4,0,1,12.02,2,6,3,1,6,17,0,0,1,0,0,0,0,0,0
18,6328.39,76320.35,8,26,35.03,8.6,1,0,365.0,1,6,4,1,2,18,1,0,1,0,0,0,0,0,0
56,1968.63,23652.8,4,14,8.54,11.9,2,0,64.09,2,7,6,2,1,12,1,0,0,0,1,0,0,1,1
72,3239.06,39322.24,5,16,15.17,5.6,1,1,61.89,4,3,2,0,5,17,1,0,1,0,0,0,0,0,0
27,5425.1,65601.29,1,4,5.6,13.7,2,0,16.21,3,2,1,4,7,18,0,1,0,0,1,0,1,0,0
24,4408.21,52732.71,3,11,45.54,12.2,3,0,9.19,2,5,3,0,10,16,1,0,0,0,1,0,0,0,0
18,2716.38,33228.2,1,5,5.31,14.5,0,0,46.37,1,5,3,1,10,8,1,0,0,0,1,0,0,0,0
74,3217.26,38264.4,3,12,59.18,15.9,0,1,17.61,2,5,7,0,3,8,0,0,0,0,1,0,1,0,0
29,2541.74,30197.49,3,10,15.24,12.0,0,0,26.98,4,3,2,0,10,12,0,0,1,0,0,0,0,1,0
46,3274.56,39524.69,4,14,37.93,10.0,1,0,138.69,4,6,3,1,10,17,0,0,0,0,1,0,1,0,0
40,3492.39,41396.86,3,10,9.47,19.5,1,0,26.77,1,3,1,1,1,13,0,0,0,1,0,0,1,0,0
49,4286.1,50622.88,0,5,19.18,10.6,0,0,10.95,0,5,3,0,10,9,1,0,0,0,0,1,1,0,0
26,7011.88,83251.0,1,4,6.24,5.9,0,0,15.88,1,5,7,0,7,20,1,0,0,0,0,0,0,0,0
26,7849.23,94275.87,2,9,9.73,18.2,0,0,19.78,3,6,4,2,5,10,1,0,0,0,1,0,1,0,0
27,11028.41,136370.61,2,9,40.85,13.8,1,0,16.11,2,6,3,0,2,9,0,0,0,0,0,0,0,1,0
26,1847.39,21919.1,4,13,30.11,12.1,1,0,42.03,1,2,1,2,8,8,1,0,0,1,0,0,1,0,0
64,6599.07,78129.97,4,16,19.64,14.7,2,0,41.44,1,2,3,1,4,20,0,1,0,0,1,0,1,0,1
68,2137.09,25704.46,4,15,9.79,11.5,1,0,92.19,3,3,1,0,4,18,0,0,0,1,0,0,0,1,0
45,5466.68,66229.82,3,10,53.01,17.6,0,0,2.05,0,3,5,1,10,16,1,0,1,0,0,0,1,0,0
52,5708.57,68693.52,3,10,12.63,18.4,0,0,12.65,2,3,4,1,6,10,1,0,1,0,0,0,0,0,0
32,1771.47,21430.13,3,10,23.98,27.5,1,1,100.54,2,2,3,1,9,11,0,0,0,0,0,1,0,0,0
38,3157.63,38811.21,3,13,10.87,10.7,0,0,29.64,7,2,3,0,8,13,1,0,0,0,0,0,1,0,1
53,3878.62,46485.54,8,26,43.73,15.8,0,1,11.8,2,5,3,1,2,8,0,0,1,0,0,0,0,1,1
62,2922.36,34574.03,3,12,39.08,16.7,0,0,29.12,1,3,3,0,10,13,1,0,0,0,1,0,0,0,0
18,4161.14,50030.97,5,17,17.19,19.5,1,1,63.95,3,3,3,0,8,18,1,0,0,0,1,0,1,0,0
22,8451.31,102599.49,3,13,85.52,3.0,0,0,30.3,2,2,3,0,2,18,1,0,0,0,1,0,0,0,0
47,1692.46,20515.19,1,4,47.77,2.8,0,0,64.86,0,6,4,0,2,16,1,0,1,0,0,0,0,1,1
19,2954.57,35737.94,3,11,8.17,4.8,2,0,93.44,3,3,2,0,8,18,1,0,0,1,0,0,0,0,0
29,4640.48,56502.32,2,9,36.67,16.1,0,1,68.09,1,3,1,4,9,15,1,0,0,0,0,0,1,0,0
68,5601.89,68038.66,1,7,90.51,8.3,0,0,11.58,2,4,4,1,4,14,1,0,1,0,0,0,1,0,0
19,4858.0,57967.79,1,7,6.96,5.6,1,0,20.46,2,2,2,1,10,9,1,0,0,0,1,0,0,0,0
35,7544.51,91800.82,5,18,10.53,20.6,0,0,23.04,1,2,7,0,6,8,0,0,0,0,0,1,0,1,1
66,2675.37,31968.63,0,4,48.65,3.1,1,0,143.79,2,4,3,0,10,16,1,0,0,0,0,1,1,0,0
55,1770.0,20952.19,2,9,27.67,0.5,0,0,2.18,3,1,2,2,10,20,0,0,0,1,0,0,0,0,0
63,3609.56,44142.62,2,10,8.19,12.1,1,0,287.41,5,7,0,0,3,8,1,0,0,0,0,0,0,0,0
27,3954.23,46599.54,4,18,63.27,6.7,2,0,90.18,2,8,3,1,4,10,0,0,0,0,0,0,0,0,0
19,4048.49,48757.48,2,6,18.32,25.1,0,0,48.89,3,5,6,1,10,11,1,0,0,0,0,1,1,0,0
41,4065.98,49654.52,4,15,31.52,5.8,2,1,24.0,6,4,10,2,2,13,1,0,1,0,0,0,1,0,0
26,3823.81,45745.03,3,11,32.81,9.3,2,0,30.65,1,6,5,2,8,15,0,0,0,1,0,0,0,1,0
73,6996.84,84724.22,1,3,14.9,14.6,2,0,33.49,3,5,1,3,8,9,0,0,1,0,0,0,0,1,0
48,3603.9,42956.07,3,10,6.58,10.0,1,0,42.81,0,4,1,0,9,9,0,0,0,0,0,0,0,0,0
38,2360.58,28448.26,3,12,13.72,9.9,2,0,5.9,1,4,0,0,1,20,1,0,1,0,0,0,0,0,0
64,2227.89,26982.51,0,0,30.69,4.6,2,0,28.74,1,5,2,1,4,13,0,1,0,0,0,0,0,1,0
33,4278.21,50600.46,6,20,17.47,24.2,0,1,45.45,2,6,6,0,2,12,1,0,0,1,0,0,0,0,1
52,2310.55,27679.12,2,8,8.33,18.7,0,0,77.27,4,6,3,0,7,9,1,0,1,0,0,0,0,1,0
72,5231.25,62481.54,2,10,14.02,13.6,0,1,30.56,0,5,3,1,2,19,0,0,0,0,0,1,1,0,0
70,2884.32,33657.5,1,3,6.87,13.7,0,0,90.02,3,2,2,0,1,14,1,0,0,1,0,0,0,0,0
18,1305.48,15945.68,4,16,27.36,4.8,1,0,11.57,1,4,2,0,9,11,1,0,0,0,1,0,0,0,0
19,1983.23,24066.53,0,3,29.42,4.5,0,0,30.7,0,3,5,1,7,18,1,0,0,0,1,0,1,0,0
19,3858.3,46609.44,1,7,63.5,8.5,1,0,33.43,4,2,2,1,5,14,1,0,0,0,0,1,0,0,0
51,2575.42,30849.87,1,7,12.61,5.5,2,0,13.07,0,5,1,1,1,17,0,0,0,0,0,0,0,1,0
36,2773.39,33564.66,2,9,7.97,9.9,3,1,81.76,0,7,2,0,9,11,1,0,1,0,0,0,0,1,1
74,6095.6,73349.63,6,20,15.48,18.1,1,0,28.12,1,8,2,0,3,8,0,1,0,0,1,0,1,0,0
20,3783.52,46220.4,4,12,27.2,5.1,0,1,102.76,2,7,1,0,6,20,1,0,0,0,0,0,1,0,0
40,3488.32,41973.8,4,13,17.45,14.5,0,1,55.11,2,4,5,1,5,15,0,0,0,0,0,1,1,0,0
50,2815.4,34358.19,1,7,71.08,12.2,1,0,8.13,4,6,2,1,9,10,1,0,0,1,0,0,0,0,0
64,4028.59,49543.52,3,9,24.55,14.1,1,0,52.56,0,1,2,1,9,17,1,0,1,0,0,0,1,0,0
18,1487.12,17854.88,0,2,10.97,3.7,0,0,28.61,2,3,0,0,10,14,0,0,0,0,0,1,1,0,0
33,5968.07,69605.52,2,7,6.34,5.8,2,0,65.66,1,6,3,0,8,11,1,0,0,1,0,0,1,0,0
28,3808.62,46422.0,0,3,15.98,14.1,1,1,97.62,2,2,3,1,3,13,0,0,0,0,1,0,1,0,0
20,3083.28,37269.48,6,19,16.07,11.0,0,1,15.08,4,1,2,0,8,18,0,1,0,0,0,1,1,0,0
40,2167.08,26355.38,5,14,13.14,19.2,2,1,52.71,2,2,3,0,2,19,1,0,1,0,0,0,1,0,0
20,2527.98,29997.42,3,12,10.64,10.8,0,0,80.05,2,5,3,1,6,17,1,0,0,0,0,0,0,0,0
21,3813.81,44691.64,0,2,1.0,5.4,2,0,31.02,3,2,3,0,1,13,1,0,0,0,0,0,1,0,0
64,1706.98,20470.14,5,15,23.77,10.3,1,1,53.03,4,3,4,1,2,11,1,0,0,1,0,0,0,1,1
43,4665.52,56634.09,1,4,33.94,16.0,1,0,41.19,4,3,4,1,4,10,0,1,0,0,0,0,0,1,0
46,2809.24,34278.03,7,23,21.28,24.2,0,1,30.52,1,8,4,0,8,11,0,0,0,0,0,1,1,0,1
47,1729.0,20738.56,7,23,60.05,20.3,0,1,133.62,3,2,0,1,6,16,1,0,0,0,0,1,0,0,1
23,6416.54,77295.6,2,9,5.06,1.0,2,0,78.1,0,4,3,0,10,15,0,0,0,0,0,1,0,1,0
29,3071.3,36525.35,1,5,30.91,18.9,0,1,134.57,3,3,4,0,7,20,1,0,1,0,0,0,0,0,1
59,3078.49,37638.31,2,5,5.46,4.4,2,0,6.22,4,3,4,1,4,20,1,0,0,1,0,0,0,1,0
20,2651.5,31798.04,2,8,30.05,9.0,0,1,10.8,0,3,7,1,6,18,1,0,0,0,0,0,1,0,0
24,2429.29,29366.95,1,2,6.82,2.0,0,0,66.32,3,4,3,0,9,18,0,0,0,0,0,0,0,0,0
52,2596.31,30747.05,3,11,60.7,6.2,1,1,4.15,0,3,5,1,4,20,0,1,0,1,0,0,0,0,0
31,3761.37,44223.89,6,19,34.97,12.6,0,0,101.19,3,3,5,2,4,20,1,0,0,0,0,1,0,0,0
39,1432.74,17418.31,1,6,16.31,14.9,0,0,88.43,1,5,1,0,6,14,0,0,0,0,0,1,0,1,0
51,4531.95,53560.6,3,9,15.14,7.7,1,0,3.86,1,5,7,1,5,15,1,0,0,0,1,0,0,0,0
55,2515.65,30250.78,2,7,18.88,15.6,2,1,3.77,2,3,3,3,3,12,1,0,0,0,0,0,0,0,0
45,3034.56,36645.18,3,13,57.43,2.1,1,0,98.47,3,3,3,0,1,15,0,0,0,0,1,0,0,0,1
21,3709.2,45371.22,5,19,16.73,2.9,0,0,30.59,2,4,2,1,6,11,0,1,0,0,0,1,1,0,0
60,1763.8,21283.93,3,9,61.15,14.0,0,0,1.6,2,3,1,1,7,16,0,0,1,0,0,0,1,0,0
75,5093.6,59947.58,2,7,26.1,8.6,2,0,13.65,1,8,0,0,7,15,1,0,1,0,0,0,0,1,0
73,3310.02,39704.84,4,12,27.25,14.2,0,1,286.87,1,5,1,0,4,10,1,0,0,0,1,0,0,0,0
73,11465.03,139792.14,0,2,36.65,11.8,1,0,72.58,3,1,2,1,8,20,1,0,0,0,1,0,0,0,0
19,4015.78,48655.68,4,15,12.96,17.6,0,1,15.19,2,3,4,0,3,13,1,0,0,0,0,1,0,0,0
43,1931.26,23445.02,1,7,29.69,6.5,0,1,45.91,3,1,2,1,6,18,1,0,0,1,0,0,1,0,0
21,2755.38,32904.25,4,16,19.65,15.1,1,0,45.21,0,4,1,2,4,8,0,1,0,0,1,0,1,0,0
55,4284.97,51123.23,5,17,30.55,7.4,2,0,18.04,2,2,0,0,2,17,1,0,0,0,0,1,0,1,0
70,2653.59,31842.29,0,1,16.8,2.9,1,0,59.95,3,2,2,0,8,17,1,0,0,0,0,0,0,0,0
34,5210.94,62071.75,3,11,46.45,15.1,1,1,3.29,3,5,3,1,10,13,1,0,1,0,0,0,0,0,1
43,4926.78,61722.09,1,6,46.1,11.6,1,0,26.2,4,3,4,0,1,17,1,0,0,1,0,0,0,1,0
70,2713.4,32410.95,1,3,7.24,3.7,0,0,9.57,2,5,5,1,6,13,0,0,0,1,0,0,0,0,0
52,3459.27,42117.24,3,8,10.1,19.5,0,1,42.81,2,2,5,0,5,9,0,0,0,1,0,0,0,0,0
38,4199.78,51143.23,3,11,12.71,7.6,0,0,18.27,1,3,3,2,3,10,1,0,1,0,0,0,1,0,0
66,3464.08,40952.19,3,10,15.09,11.3,0,0,43.78,3,4,3,0,5,9,1,0,0,0,0,0,0,0,1
20,5064.97,62553.04,0,1,8.02,10.9,0,0,94.78,2,2,4,0,8,19,0,1,0,1,0,0,0,0,0
66,6942.82,86009.41,2,8,124.18,11.4,1,1,1.21,2,4,1,3,3,10,1,0,0,0,0,1,1,0,0
46,1730.77,21128.61,0,3,2.47,16.9,1,0,44.83,1,3,6,1,5,20,1,0,0,0,0,0,0,0,0
51,3932.76,48110.5,3,13,9.07,9.1,0,1,131.7,1,3,1,1,4,11,1,0,0,0,0,1,1,0,0
46,6060.97,72648.13,2,10,9.26,5.8,0,0,59.38,3,4,5,0,3,11,0,0,1,0,0,0,1,0,0
37,2107.63,24954.11,6,21,16.05,10.2,0,0,22.8,3,3,1,2,7,9,1,0,1,0,0,0,0,0,0
47,4022.35,48638.98,6,19,21.59,11.2,0,1,56.45,2,8,1,0,4,10,1,0,0,1,0,0,0,1,1
61,2147.5,25804.71,4,15,9.86,1.2,2,0,15.47,3,2,4,0,7,8,1,0,0,0,0,1,0,0,0
23,5815.47,71433.31,1,3,6.53,7.4,1,1,4.75,2,2,1,1,3,12,1,0,0,0,0,0,1,0,0
70,4797.07,58485.55,6,22,27.97,20.3,0,1,83.46,2,4,2,0,8,18,1,0,0,0,0,0,1,0,1
22,3813.3,45408.2,2,6,25.01,15.4,0,1,2.87,2,5,2,1,1,9,1,0,0,0,1,0,0,0,0
61,4878.58,59372.33,7,29,35.11,8.8,2,0,31.46,2,2,3,0,2,15,0,1,0,0,0,0,0,0,1
27,3722.62,45366.92,2,6,10.08,15.3,1,0,107.29,4,4,3,1,3,12,0,0,0,0,0,1,1,0,0
49,2270.7,27092.7,3,9,23.76,23.2,1,0,126.92,1,5,5,2,1,20,1,0,1,0,0,0,0,0,0
72,5231.25,62950.96,3,11,23.18,26.6,1,1,208.86,3,4,3,0,3,15,0,0,0,0,0,1,0,0,0
22,6622.05,80434.4,2,6,11.46,17.6,2,0,7.08,2,3,3,1,1,15,0,1,0,0,0,0,0,0,0
28,5185.46,62855.09,1,4,3.54,11.5,0,0,14.53,2,4,5,1,4,12,1,0,0,0,0,0,0,1,0
56,7926.36,93915.46,3,9,7.1,4.8,1,0,16.53,3,4,4,0,10,15,0,0,0,0,0,1,0,0,0
75,2027.6,24460.63,1,4,8.2,16.3,1,1,28.66,3,5,5,1,10,13,1,0,0,0,0,1,0,1,0
72,4233.42,50674.7,3,13,11.15,12.0,2,0,113.47,4,1,3,2,10,16,1,0,0,0,1,0,1,0,0
30,3387.81,40172.07,1,4,15.76,17.6,1,1,22.95,2,6,2,1,1,15,1,0,0,1,0,0,0,0,0
24,2889.21,34246.85,2,7,39.46,17.2,2,0,274.71,3,6,7,2,1,14,0,1,0,1,0,0,1,0,0
18,3542.77,41404.86,1,8,48.89,7.6,0,1,72.82,1,6,0,1,1,14,0,0,0,1,0,0,1,0,0
35,4549.01,54992.44,3,13,50.67,16.3,2,0,8.67,3,4,1,0,9,15,0,1,0,0,0,0,1,0,0
47,900.0,11077.93,5,16,14.02,20.9,1,0,62.6,3,5,2,1,7,18,1,0,0,1,0,0,1,0,1
46,2553.18,30493.91,8,25,126.19,19.5,0,1,48.29,2,5,2,1,4,11,1,0,0,0,1,0,1,0,0
44,2822.01,34209.03,4,14,23.22,5.7,0,1,9.86,1,5,5,0,10,16,1,0,0,0,0,0,0,1,0
23,4035.52,48192.64,1,6,2.48,23.5,1,0,25.89,3,2,4,1,2,12,1,0,0,0,0,1,1,0,0
64,3233.82,38660.57,5,18,16.97,11.8,1,1,6.19,3,2,1,0,4,11,0,0,0,1,0,0,1,0,1
55,2540.24,30876.25,0,2,1.0,12.4,1,0,37.85,1,6,3,0,8,13,1,0,0,0,1,0,0,1,0
27,5986.08,70972.8,1,6,6.03,15.2,1,0,51.34,7,3,1,0,5,17,0,0,1,0,0,0,0,0,0
50,3486.25,41731.49,3,10,15.23,12.9,2,0,49.43,0,2,1,0,9,19,1,0,1,0,0,0,0,0,0
75,6804.65,84180.25,4,13,111.12,33.8,1,0,36.43,2,3,4,0,7,13,1,0,0,0,0,0,0,1,1
29,2953.05,34575.05,4,13,9.28,15.3,1,0,12.28,2,6,1,0,5,12,0,0,0,0,0,1,0,0,0
34,4434.46,52683.76,4,13,14.74,17.7,5,1,60.92,4,4,4,1,9,17,1,0,0,0,0,1,1,0,0
71,1781.1,21573.97,0,3,1.0,28.8,0,0,75.67,2,5,1,0,8,15,0,0,0,0,0,0,0,0,0
65,5721.12,68473.55,2,10,14.5,7.5,2,0,65.22,3,5,1,0,7,11,0,0,0,0,1,0,1,0,0
46,3326.56,40183.46,3,10,13.33,9.6,0,0,32.76,1,2,1,1,2,17,1,0,1,0,0,0,0,0,0
38,2915.78,35058.48,2,9,17.38,10.9,2,0,7.55,2,3,2,1,1,13,1,0,0,1,0,0,1,0,0
56,4373.71,51635.8,3,10,17.77,5.3,3,0,106.75,2,6,2,0,10,15,1,0,1,0,0,0,1,0,0
29,2356.28,29000.01,4,16,46.33,6.5,1,0,16.88,0,9,4,0,4,15,0,1,1,0,0,0,0,1,0
27,7418.09,88317.0,1,2,31.11,6.4,0,0,19.31,5,4,1,0,8,16,1,0,1,0,0,0,0,0,0
38,7013.1,84348.51,1,4,3.62,3.2,2,0,13.13,1,3,2,2,1,16,0,0,0,0,1,0,1,0,0
39,3290.28,38859.41,3,10,9.81,5.4,1,0,40.23,5,5,2,0,2,19,0,0,0,1,0,0,0,1,0
26,4829.1,57490.72,4,15,18.39,18.5,1,1,14.48,1,4,7,1,5,20,0,0,0,0,0,0,0,0,0
56,2552.66,30621.31,2,8,22.36,8.8,1,0,9.59,2,4,2,1,10,14,0,0,0,1,0,0,0,0,0
54,2391.85,28428.53,1,6,23.18,16.0,2,0,75.75,2,4,3,0,4,13,0,0,0,0,1,0,0,1,0
44,4953.34,59926.29,7,21,37.75,13.9,1,0,50.49,1,3,2,2,3,9,0,0,0,0,0,0,1,0,1
73,2888.57,35067.32,2,8,9.37,13.6,0,0,35.12,3,5,2,1,4,20,1,0,0,0,0,0,1,0,0
71,2844.02,34682.14,2,8,19.93,8.0,2,0,8.34,1,3,2,0,7,17,0,0,1,0,0,0,0,0,0
63,4149.19,49645.65,1,4,15.68,11.3,1,0,29.69,0,5,6,0,9,13,1,0,0,0,0,0,0,0,1
50,4392.03,51668.63,3,10,61.06,10.6,1,0,162.82,4,1,5,2,8,12,1,0,0,1,0,0,1,0,0
71,3399.44,41401.68,5,15,14.61,10.4,2,0,29.24,1,4,6,0,10,12,1,0,0,1,0,0,0,1,0
57,2627.49,30998.33,2,6,14.16,12.2,1,0,19.32,3,11,4,1,8,13,0,0,0,0,0,1,1,0,0
35,5032.82,59486.98,1,3,3.37,7.5,1,0,22.28,2,2,2,1,6,10,0,0,0,1,0,0,1,0,0
26,3482.0,42167.27,3,12,18.44,5.7,0,1,53.15,3,3,6,0,3,11,1,0,0,0,1,0,1,0,0
53,2468.43,29886.76,1,5,24.48,8.7,0,0,54.76,3,2,2,1,7,15,1,0,0,0,1,0,0,1,0
45,1763.05,20984.4,1,5,6.04,9.9,2,0,46.67,2,3,3,1,5,16,1,0,0,0,1,0,1,0,0
74,5384.53,65426.54,3,12,46.28,4.7,1,0,64.64,4,6,2,1,1,18,0,0,1,0,0,0,0,0,0
35,3203.54,37963.72,3,11,18.4,21.7,1,1,27.6,3,4,1,0,3,15,1,0,0,0,1,0,1,0,1
40,3001.91,35494.34,2,8,9.82,13.2,1,0,6.29,5,2,0,0,2,15,1,0,0,0,1,0,1,0,0
67,3438.75,41554.59,0,1,10.46,13.3,0,0,92.08,1,8,3,0,5,14,1,0,0,0,0,0,0,1,0
35,3725.48,43790.24,10,31,40.64,11.9,1,1,17.52,3,7,0,1,6,16,0,1,0,1,0,0,1,0,0
39,2258.13,27974.63,4,11,15.85,3.2,1,0,13.59,5,5,2,1,5,12,0,0,1,0,0,0,0,0,0
74,3304.45,40603.39,1,5,21.92,15.5,1,0,52.66,1,2,2,1,9,14,1,0,0,0,1,0,0,0,0
66,4217.6,50695.06,5,20,19.04,2.6,1,0,73.99,4,8,4,2,4,13,1,0,0,0,0,1,0,1,0
23,3397.62,41236.36,2,6,19.22,13.8,2,1,19.43,5,3,5,2,10,8,0,0,1,0,0,0,0,0,0
39,4511.74,54744.46,3,14,18.22,12.7,0,1,62.29,6,3,2,1,3,13,1,0,1,0,0,0,0,1,0
27,3306.8,39188.29,3,10,15.29,11.1,0,0,122.12,1,4,3,0,1,10,1,0,0,0,0,0,1,0,0
32,1999.92,23922.57,2,7,38.62,14.9,0,0,1.83,2,4,6,1,4,20,0,0,0,0,0,1,0,0,0
67,6243.07,74863.95,3,9,36.07,8.2,2,1,113.21,2,2,3,0,4,13,1,0,0,0,0,1,1,0,0
18,2752.09,33245.72,1,4,34.48,4.9,1,0,71.83,2,3,3,0,3,19,1,0,0,1,0,0,1,0,0
46,2809.24,34109.18,5,19,14.37,12.8,1,1,16.36,5,4,1,0,9,15,1,0,0,0,0,1,1,0,1
39,3258.97,39157.27,2,7,20.41,10.8,1,0,59.76,2,4,0,0,8,16,0,0,0,0,1,0,1,0,0
30,2749.31,32834.08,4,13,12.94,8.2,0,1,12.42,2,5,1,1,5,14,1,0,0,0,0,1,0,1,0
51,2193.08,26001.25,8,26,61.72,1.8,1,0,106.66,5,0,2,0,9,15,1,0,0,1,0,0,0,0,1
18,4933.23,59250.14,4,16,20.61,7.3,1,0,5.21,4,7,0,3,9,20,1,0,0,0,0,0,1,0,0
75,2212.27,26943.74,2,9,30.1,4.8,1,0,81.54,3,4,1,0,2,14,1,0,0,0,1,0,1,0,0
41,2531.32,30831.91,8,26,31.52,18.4,1,0,78.52,4,5,6,0,3,9,0,0,0,0,0,0,1,0,1
34,4702.0,56781.35,3,13,11.04,13.2,2,0,32.36,1,3,3,1,10,12,1,0,0,0,0,0,0,0,0
48,4245.68,50732.76,1,6,5.69,7.6,1,0,93.2,1,6,0,0,1,17,1,0,0,0,0,0,1,0,0
52,5558.24,66659.28,0,1,7.53,17.5,0,0,24.03,2,2,4,0,10,14,0,0,0,0,1,0,0,1,0
71,1805.92,21719.09,0,4,4.55,18.0,1,0,55.09,1,5,3,1,6,17,1,0,0,1,0,0,0,1,0
65,2827.71,33957.01,1,5,6.73,1.9,0,0,23.18,0,1,1,0,4,17,1,0,0,0,0,0,1,0,0
25,4413.3,53655.15,10,31,26.29,12.4,2,1,3.66,1,4,0,0,4,14,1,0,1,0,0,0,0,1,0
22,6622.05,79899.19,6,19,78.6,7.0,2,0,119.64,1,4,4,0,5,8,1,0,0,0,0,0,0,1,0
30,3660.79,44658.9,1,3,26.07,12.5,0,0,27.19,2,4,1,1,7,19,0,0,1,0,0,0,1,0,0
72,2916.18,35266.68,3,10,70.52,7.2,1,1,176.86,3,5,4,1,5,20,1,0,0,0,0,0,1,0,0
57,5152.55,61982.29,3,8,13.92,16.2,0,0,77.46,1,9,2,0,10,19,0,1,1,0,0,0,1,0,0
57,4352.09,51729.27,3,12,21.41,10.4,1,1,53.43,2,1,3,1,8,18,1,0,0,0,0,1,0,0,0
21,2369.71,28604.27,1,6,19.4,11.9,1,0,157.88,3,8,1,0,9,11,1,0,0,0,0,0,0,1,0
33,2735.31,32655.56,5,15,14.38,23.5,0,0,24.73,2,3,2,1,6,8,1,0,1,0,0,0,0,0,0
58,6560.97,79926.42,1,7,10.08,12.3,2,0,60.54,3,3,1,1,9,15,0,0,0,0,0,1,0,1,0
23,6368.77,76544.84,1,8,15.88,7.2,1,0,45.29,4,3,6,1,9,14,1,0,0,1,0,0,0,0,0
26,3311.49,40108.68,1,6,17.11,11.1,4,0,49.26,3,3,7,2,8,19,1,0,1,0,0,0,1,0,0
23,4349.81,51529.37,0,2,51.6,10.3,0,0,24.63,4,2,3,0,1,13,1,0,0,0,0,0,0,1,0
51,2112.38,25662.34,1,5,13.46,10.5,0,0,98.19,5,0,3,0,2,16,1,0,0,0,0,1,1,0,0
24,3038.84,36224.02,4,17,37.96,9.9,0,1,23.89,4,5,1,0,1,13,0,0,1,0,0,0,0,0,0
51,2063.5,24722.03,6,19,74.04,15.5,1,0,30.83,2,1,3,0,9,12,1,0,1,0,0,0,0,0,0
73,2218.25,26561.04,1,2,12.67,9.5,1,0,1.51,4,1,3,0,3,19,1,0,0,1,0,0,0,0,0
32,2292.57,27712.15,1,5,13.05,15.0,0,0,12.82,5,2,2,1,10,17,0,0,0,0,0,0,0,1,0
21,2738.3,32234.38,2,8,7.82,7.1,0,1,10.23,5,3,4,0,10,13,1,0,0,0,0,0,0,0,0
34,5955.21,71651.47,5,17,50.43,20.2,0,1,6.3,4,1,2,1,4,12,1,0,0,0,1,0,0,0,0
24,2709.8,33069.82,3,10,91.28,17.9,1,1,15.59,3,3,4,0,9,19,1,0,0,0,0,0,1,0,0
21,4354.61,51830.04,5,20,23.92,23.8,0,1,38.72,4,2,2,0,8,12,0,0,0,0,1,0,0,0,0
56,3562.37,41989.33,3,10,13.02,0.8,1,0,6.2,5,1,6,0,6,12,1,0,1,0,0,0,1,0,0
30,2533.53,30846.74,3,13,55.25,13.6,2,0,13.18,2,3,7,0,8,13,0,0,0,0,1,0,0,0,0
39,2814.91,34061.34,0,1,2.85,9.2,1,0,14.28,3,4,4,3,3,15,1,0,1,0,0,0,0,0,0
26,5691.25,69382.52,6,23,37.35,12.3,0,1,67.58,2,2,4,0,2,15,1,0,0,1,0,0,0,0,0
29,3619.12,42831.91,1,7,6.99,5.9,1,0,4.0,0,4,3,1,9,14,1,0,0,0,0,0,1,0,0
22,3662.32,43439.91,1,4,3.62,9.6,0,0,71.01,0,2,4,0,3,20,1,0,0,0,0,0,0,1,0
55,2496.59,30191.5,1,5,16.18,6.8,0,0,37.82,2,5,2,1,1,13,1,0,1,0,0,0,1,0,0
44,4531.14,54205.58,6,20,35.21,15.8,1,1,15.59,2,6,2,0,8,18,0,0,0,0,0,0,0,0,0
44,3121.14,37530.79,3,12,43.38,20.1,3,1,17.47,1,5,3,1,7,12,1,0,1,0,0,0,1,0,0
41,7260.37,86817.43,2,9,12.14,4.7,4,0,85.87,0,7,3,1,8,14,1,0,0,0,1,0,0,0,0
70,2172.26,26271.31,0,2,1.58,4.4,1,0,41.94,1,4,3,1,2,15,0,0,0,0,0,0,1,0,0
46,2300.06,27999.58,2,7,32.12,19.6,2,0,46.34,1,5,1,0,2,12,0,0,0,0,0,1,0,0,0
50,3623.72,44092.66,2,8,14.19,24.9,0,0,4.82,3,2,4,1,6,11,0,0,0,1,0,0,0,0,0
64,3011.69,36707.34,6,20,39.44,8.6,1,0,18.42,0,5,2,0,5,18,0,1,0,1,0,0,0,0,0
54,1507.2,18228.37,3,11,10.33,17.0,0,1,24.08,1,5,1,1,5,20,1,0,0,1,0,0,1,0,1
33,2917.8,35254.58,1,8,2.52,10.2,1,0,7.85,1,6,4,0,4,18,0,0,0,0,0,0,0,1,0
61,5046.39,60731.76,2,8,8.46,10.2,1,0,216.25,2,4,2,2,5,16,0,0,0,0,0,0,1,0,0
52,2158.13,26362.67,2,10,34.27,18.3,0,0,18.21,0,6,3,2,7,20,1,0,0,0,0,0,1,0,0
36,5733.79,68897.66,3,12,12.36,16.7,0,0,3.56,1,5,3,2,10,15,0,1,0,0,0,0,1,0,0
41,3353.79,40055.41,5,15,25.2,10.7,1,1,183.55,0,3,5,1,10,8,0,0,0,0,1,0,0,0,1
62,6919.13,83232.04,2,5,19.74,12.6,0,0,2.56,1,3,1,1,6,16,1,0,0,0,0,0,0,0,1
42,5468.99,65944.93,4,15,29.06,16.0,2,1,30.85,2,5,1,0,7,9,1,0,0,0,1,0,0,0,0
59,3565.21,43476.17,4,15,11.92,7.7,0,1,16.12,0,6,4,0,7,14,1,0,0,0,0,1,1,0,0
47,5273.44,63726.6,1,2,7.2,22.5,1,1,92.62,1,8,1,0,8,17,1,0,0,0,1,0,0,0,0
38,5272.42,63745.26,1,3,49.88,6.5,0,0,35.39,2,4,5,0,4,15,0,1,0,0,0,0,1,0,0
35,2503.52,30327.58,3,11,7.38,17.8,1,0,111.32,1,6,4,0,4,12,0,1,0,0,0,0,1,0,0
28,1990.39,23322.53,4,15,34.83,8.7,1,0,26.46,4,3,2,0,3,9,1,0,0,0,1,0,0,0,0
32,3263.39,40237.45,6,18,43.35,24.2,0,0,51.03,5,4,2,0,8,8,1,0,0,0,0,1,0,0,0
72,6735.89,77793.73,7,24,24.92,16.1,1,1,38.72,5,1,6,0,8,15,1,0,0,0,1,0,1,0,0
45,3740.4,44549.18,1,4,11.79,6.0,1,0,94.05,6,4,8,1,3,12,0,1,0,1,0,0,0,0,0
60,4323.43,52161.1,3,12,18.77,24.7,0,1,139.4,1,5,2,1,9,20,1,0,0,0,0,1,0,0,0
38,3530.6,42727.4,3,12,7.8,8.5,0,0,43.16,5,4,5,0,10,18,1,0,0,1,0,0,1,0,0
22,3832.12,45155.7,1,5,7.51,0.3,1,0,62.84,3,4,3,0,4,18,1,0,0,0,0,0,0,0,0
54,2852.33,34492.97,4,18,40.82,9.7,1,0,62.07,0,3,3,5,10,19,0,0,0,1,0,0,0,1,0
30,2338.43,28249.97,0,1,1.0,14.5,1,0,58.44,2,7,6,1,5,18,1,0,1,0,0,0,1,0,0
61,4904.52,58716.69,1,4,16.38,20.2,2,0,12.57,3,8,3,1,7,13,0,0,1,0,0,0,1,0,0
53,5304.76,62749.97,5,19,38.41,6.8,2,0,3.9,3,1,5,0,1,16,0,0,0,0,0,0,1,0,1
23,3643.78,44089.36,1,5,5.09,5.0,1,0,9.99,2,4,4,0,9,8,1,0,0,0,0,0,1,0,0
43,2952.2,36089.22,2,9,4.93,11.9,0,0,3.43,3,1,1,2,9,16,0,0,0,0,0,1,0,0,0
58,5324.47,64326.44,4,14,12.68,6.5,0,0,53.51,1,5,7,0,6,16,0,0,1,0,0,0,0,0,0
52,2261.02,27013.08,5,17,13.59,20.3,1,0,7.59,0,2,4,2,4,13,0,1,0,0,0,0,0,0,0
66,1361.89,16437.76,5,16,21.67,7.0,1,1,9.09,3,6,4,0,1,13,1,0,1,0,0,0,1,0,1
21,3232.77,38648.74,0,2,11.15,19.5,1,0,46.75,2,6,3,0,6,16,0,1,0,0,0,0,1,0,0
46,2385.55,28388.19,1,4,6.14,5.7,2,0,61.49,2,4,1,0,10,9,1,0,0,0,0,0,1,0,0
23,4132.17,49079.97,1,6,12.94,26.8,0,0,43.89,5,9,2,1,6,12,1,0,0,1,0,0,1,0,0
43,2664.15,32154.82,11,35,39.1,10.4,0,0,26.88,2,4,2,2,10,15,1,0,0,1,0,0,1,0,0
71,5564.66,68305.99,6,17,29.27,19.4,1,1,56.01,1,2,4,1,2,10,1,0,0,0,1,0,1,0,0
33,3322.59,40873.5,3,9,12.21,6.4,2,0,21.68,2,2,2,1,10,19,1,0,0,1,0,0,0,0,0
57,1980.66,23117.36,3,13,9.76,18.2,0,1,145.37,2,5,3,0,7,15,0,0,0,0,1,0,1,0,0
64,1536.1,18297.53,2,8,6.69,18.0,0,0,68.4,1,7,6,0,3,18,1,0,1,0,0,0,0,0,0
60,3793.41,44784.01,2,8,17.15,14.6,1,1,9.5,1,4,5,0,9,19,0,0,1,0,0,0,0,1,0
33,5551.0,65448.66,2,7,58.61,19.4,1,0,86.53,3,5,4,1,1,15,0,1,0,0,0,0,1,0,0
40,2409.94,28604.6,1,9,80.05,4.4,0,0,31.7,2,4,1,1,3,18,1,0,0,1,0,0,0,0,1
45,3034.56,36692.49,3,15,55.46,17.2,0,0,11.98,1,4,2,0,10,16,1,0,0,0,1,0,0,1,1
75,3580.27,43843.84,2,11,24.27,24.7,2,0,26.53,2,2,1,1,2,20,0,0,1,0,0,0,0,0,0
55,2415.91,28963.23,1,9,42.36,13.1,0,0,21.36,2,5,2,3,10,13,0,1,0,1,0,0,1,0,0
67,2240.09,26879.39,4,15,39.63,6.9,2,0,5.78,1,2,4,0,9,15,1,0,0,0,1,0,0,1,0
27,3722.62,44264.78,7,24,16.75,6.0,1,0,29.34,3,2,4,1,3,15,1,0,0,0,0,1,1,0,0
73,2888.57,34437.49,2,8,22.31,18.7,3,0,27.81,1,5,2,1,1,16,0,0,0,0,0,0,1,0,0
26,1604.37,19285.3,0,1,9.52,19.9,0,0,92.34,1,3,4,1,8,9,1,0,1,0,0,0,0,0,0
61,3654.94,43295.35,2,9,32.66,24.6,0,1,60.8,1,4,1,0,7,13,0,0,0,0,0,1,0,1,0
68,5581.73,67968.38,2,7,34.51,13.8,1,0,13.91,2,4,3,1,7,13,1,0,0,0,0,1,0,1,0
51,2735.2,32929.02,4,11,21.51,10.8,2,0,43.96,2,10,9,0,5,20,0,0,0,0,1,0,0,1,0
56,2552.66,30596.39,1,6,12.44,10.8,0,0,17.1,2,4,3,0,10,10,0,1,0,1,0,0,0,0,0
35,5978.56,72523.09,3,11,8.8,10.2,2,0,15.55,3,7,9,1,3,18,1,0,0,0,0,1,0,0,0
22,3018.15,35770.36,3,10,17.46,25.7,0,1,56.02,3,4,4,1,7,14,1,0,0,1,0,0,0,1,0
42,3239.56,39365.13,4,13,28.75,12.6,1,1,19.85,4,3,4,2,4,20,1,0,0,1,0,0,0,0,1
19,1882.54,22652.26,1,4,22.09,27.7,0,0,32.68,0,7,8,1,4,16,0,0,0,0,0,1,0,1,0
68,2812.12,33907.46,2,7,13.88,10.8,1,0,27.38,2,3,1,0,6,18,0,0,0,0,0,0,0,0,0
43,1296.11,15688.73,0,3,26.41,15.0,2,0,82.78,5,2,3,1,7,14,1,0,0,0,0,1,1,0,0
50,2790.11,33579.56,5,17,19.18,13.1,0,0,124.92,1,2,6,0,10,16,1,0,1,0,0,0,0,1,0
60,2556.51,31561.0,3,13,6.46,15.7,2,0,9.76,1,6,5,0,8,13,1,0,0,1,0,0,0,0,0
34,2037.19,24521.24,1,3,86.31,6.2,1,0,20.79,2,0,3,1,10,20,0,1,1,0,0,0,0,1,0
26,2328.18,28463.73,5,18,13.14,9.4,2,1,29.84,0,3,2,0,5,19,0,0,1,0,0,0,1,0,0
73,3409.09,40239.2,0,5,4.33,12.5,0,0,140.52,3,6,3,0,3,18,0,0,0,1,0,0,1,0,0
19,6218.23,73388.79,3,11,24.79,8.8,0,1,195.2,1,3,2,1,2,16,1,0,0,0,0,1,1,0,0
45,3104.66,38328.07,1,7,6.07,13.1,1,0,62.25,4,4,2,1,10,17,1,0,1,0,0,0,0,1,0
72,4104.78,49601.45,4,12,9.03,0.5,0,0,77.71,3,3,4,1,6,13,1,0,0,0,1,0,0,1,0
20,4076.5,48651.79,4,15,14.04,9.1,1,0,6.23,4,2,3,0,4,12,0,0,0,0,0,1,0,1,0
63,3534.64,42306.98,0,1,9.13,4.5,1,0,10.18,2,5,3,1,9,17,1,0,1,0,0,0,0,0,0
66,5043.63,61413.09,5,16,38.43,19.5,1,1,38.02,1,2,2,1,10,20,1,0,0,0,0,0,1,0,0
30,4994.58,60624.08,3,11,33.41,9.1,2,0,7.0,3,3,6,0,10,20,1,0,0,1,0,0,1,0,0
31,2493.74,30231.85,1,2,21.28,8.0,0,1,3.64,3,3,3,3,3,11,0,0,0,0,1,0,1,0,0
73,4275.71,50876.38,8,27,52.38,10.5,1,0,12.69,2,4,6,0,5,18,0,0,0,1,0,0,0,0,0
75,6590.11,79834.67,4,16,8.37,12.0,1,0,11.06,3,5,1,0,6,9,1,0,0,1,0,0,1,0,0
54,2040.33,24355.7,3,11,13.47,7.4,0,0,58.13,1,7,1,0,6,15,0,1,0,0,0,0,1,0,0
42,2190.23,26882.91,0,2,13.31,7.9,1,1,10.38,2,0,2,1,3,9,1,0,0,1,0,0,1,0,0
32,2519.16,29894.22,2,10,19.29,12.4,1,0,12.39,3,4,1,0,6,16,1,0,0,0,0,0,1,0,1
55,3242.09,39123.94,5,16,15.97,13.2,1,0,59.73,5,7,4,1,9,10,1,0,0,0,1,0,1,0,0
31,3766.21,43565.87,0,3,2.57,10.3,0,0,69.32,5,4,4,0,6,10,1,0,0,1,0,0,0,1,0
25,5814.77,69402.28,5,19,30.25,17.4,0,1,6.27,0,1,2,0,9,11,1,0,0,0,0,0,1,0,0
67,3390.65,39982.17,0,3,1.0,7.0,0,0,59.9,5,5,2,0,6,20,0,0,1,0,0,0,0,0,0
40,3215.08,37855.17,1,6,5.37,7.0,0,0,44.97,3,3,3,0,6,17,1,0,1,0,0,0,1,0,0
62,1756.06,21133.93,1,3,3.09,6.6,2,0,43.51,3,4,6,0,2,14,0,0,0,0,0,1,0,0,0
61,4821.68,58201.08,5,15,50.58,21.5,0,0,0.48,1,4,4,0,5,12,1,0,0,1,0,0,0,1,0
20,4017.18,47903.16,0,1,2.13,12.1,1,0,38.71,1,3,1,0,6,8,0,0,1,0,0,0,0,1,0
61,3793.1,45694.15,4,13,22.82,11.6,2,0,55.86,1,5,6,0,8,8,0,0,0,0,1,0,0,0,0
31,1848.06,22032.91,3,10,21.78,5.3,1,0,62.59,0,2,3,0,5,11,0,0,1,0,0,0,1,0,0
48,4374.15,53830.32,7,22,21.53,8.0,3,0,5.9,3,5,3,0,7,9,1,0,0,0,1,0,0,0,0
31,4691.35,56582.86,2,6,27.81,3.4,1,0,11.43,1,0,4,2,3,8,1,0,0,0,0,0,1,0,0
52,2700.79,33022.02,1,5,3.2,7.1,1,0,5.53,1,3,1,0,5,11,0,0,0,0,0,0,1,0,0
63,2559.4,30741.47,2,8,5.73,8.4,0,0,76.57,4,4,3,0,1,12,1,0,0,0,0,0,0,1,0
31,1707.17,20305.09,0,3,5.21,9.0,1,0,60.67,1,2,4,1,8,8,0,0,0,1,0,0,1,0,0
52,3921.95,47920.31,9,33,37.25,15.6,0,1,21.21,0,2,3,1,10,12,0,0,0,1,0,0,1,0,1
46,2553.18,30550.21,5,18,47.55,14.6,0,1,56.08,4,4,1,0,2,20,1,0,0,0,1,0,1,0,0
43,3826.82,46786.84,3,11,7.93,15.1,0,0,14.31,2,5,1,1,7,13,1,0,0,0,0,1,0,0,0
57,3914.33,47217.06,3,11,101.2,14.1,0,0,8.28,3,1,3,0,9,13,0,0,0,0,1,0,0,0,0
70,2172.26,26091.25,1,4,28.51,5.8,0,0,51.44,1,6,6,1,2,9,1,0,0,0,0,0,0,0,0
41,5522.54,66803.81,2,7,26.93,12.7,0,0,46.87,2,4,4,0,6,14,1,0,0,0,0,0,1,0,0
64,2680.76,32657.1,2,10,13.2,17.7,1,0,58.8,3,8,2,0,9,18,0,1,0,0,0,0,1,0,0
48,4431.42,52821.79,1,4,15.95,18.4,1,0,81.57,3,5,5,0,7,16,1,0,0,0,1,0,0,1,0
60,2829.15,33645.43,3,13,11.82,17.0,0,1,62.54,2,4,7,0,2,20,1,0,0,0,0,0,0,0,0
75,2521.3,30073.45,2,7,28.34,9.0,0,0,11.2,0,4,1,0,9,12,1,0,0,1,0,0,1,0,0
20,4422.56,54264.48,2,10,10.48,3.2,1,0,4.35,1,2,4,0,5,14,0,0,0,0,1,0,1,0,0
44,3121.14,37013.31,3,12,37.42,13.4,3,1,0.57,2,4,2,1,9,13,0,1,1,0,0,0,0,0,1
21,2680.55,31379.82,4,16,10.36,21.3,1,0,113.26,4,2,2,4,8,9,1,0,0,0,1,0,1,0,0
67,3307.81,38964.32,3,15,54.54,14.4,0,0,90.09,2,5,3,3,8,17,0,1,0,0,0,0,0,0,1
24,10949.53,128185.57,0,2,3.16,13.6,0,0,70.98,5,4,4,2,4,11,0,0,1,0,0,0,0,0,0
44,1756.37,20707.11,4,13,21.45,17.9,2,0,27.46,2,7,1,2,5,17,1,0,0,1,0,0,1,0,0
75,1949.71,23420.48,2,6,7.69,4.9,1,0,25.11,2,8,2,0,5,14,0,1,1,0,0,0,0,1,0
21,2381.48,28393.37,1,6,16.29,20.7,1,0,36.71,1,6,1,0,2,17,1,0,0,0,0,1,1,0,0
71,2847.17,35002.5,3,9,13.08,5.4,0,1,16.24,1,6,5,0,1,11,1,0,0,0,1,0,1,0,0
31,5850.54,69272.58,4,16,13.02,7.9,2,0,9.18,5,6,2,2,10,11,1,0,0,0,1,0,1,0,0
51,3697.16,44288.76,2,6,10.23,21.9,1,0,91.27,4,1,4,3,3,20,1,0,0,0,0,0,0,1,0
48,3694.75,44399.32,6,21,17.82,8.3,3,0,31.63,3,2,1,1,2,20,1,0,1,0,0,0,1,0,0
32,1964.69,23914.27,8,24,20.15,15.7,2,0,99.5,2,0,6,1,5,14,0,0,0,0,0,1,0,0,0
56,2027.49,24276.61,4,18,12.95,12.8,0,0,67.71,1,3,0,0,9,10,0,0,0,0,0,0,1,0,0
74,6095.6,73022.91,5,17,22.02,16.6,2,0,6.36,4,5,3,1,6,15,1,0,0,0,1,0,1,0,0
59,6052.02,72448.84,6,19,16.18,12.4,2,0,93.35,5,4,3,0,9,13,0,0,0,0,1,0,1,0,1
63,1898.64,22689.37,2,5,38.36,21.0,0,1,0.64,3,6,1,0,9,10,1,0,0,0,1,0,0,0,1
27,5425.1,66925.25,5,16,19.71,10.9,3,0,95.26,3,2,5,0,8,13,1,0,0,0,1,0,1,0,0
44,5817.81,68860.18,2,6,15.44,16.7,0,0,41.64,4,4,3,0,5,18,0,0,0,0,0,0,0,1,0
34,3018.44,35617.28,3,11,17.57,12.9,3,1,14.86,2,3,2,0,8,16,0,0,1,0,0,0,1,0,0
71,4475.63,53378.0,2,9,16.5,7.8,1,0,0.33,1,8,2,0,6,8,0,0,0,0,1,0,1,0,0
53,5550.08,68740.0,5,20,15.77,7.7,1,1,75.5,4,4,5,2,4,9,1,0,1,0,0,0,1,0,0
18,4471.99,54087.04,1,3,9.01,18.7,0,0,49.41,0,6,3,2,6,9,0,0,0,0,0,1,0,0,0
51,3918.22,47255.64,1,5,53.62,14.4,2,0,5.37,4,7,4,0,6,15,0,0,0,0,0,0,1,0,0
26,4625.38,56324.93,2,10,7.62,7.9,1,0,12.08,1,5,3,0,1,19,0,1,0,0,1,0,0,0,0
43,2228.02,26698.25,3,15,38.67,21.0,0,0,61.91,2,6,1,1,6,16,0,0,0,0,0,0,1,0,0
24,2709.8,31985.79,11,35,29.92,30.0,1,1,25.41,3,3,2,0,10,16,1,0,0,0,0,0,0,0,1
35,2196.42,26970.5,1,5,33.76,8.3,1,0,80.7,1,4,4,1,3,19,1,0,0,0,1,0,0,0,0
64,3037.54,35820.59,3,10,24.4,25.9,0,1,57.1,1,5,3,0,3,15,1,0,1,0,0,0,0,0,1
69,1256.42,15013.5,4,16,22.08,9.0,0,1,71.06,1,4,1,3,1,19,1,0,0,0,0,0,1,0,0
49,3118.44,36099.26,2,5,4.82,16.6,1,0,94.47,2,2,1,2,3,12,1,0,0,1,0,0,1,0,0
55,4284.97,49846.5,8,28,56.24,8.3,0,0,67.4,3,6,4,0,7,14,1,0,0,0,0,1,0,0,0
34,5454.61,65658.11,2,9,46.79,17.7,1,0,44.73,3,3,2,1,3,10,1,0,1,0,0,0,1,0,0
51,2112.38,25434.02,1,3,32.42,17.1,1,0,55.02,2,7,2,2,9,15,0,0,0,0,0,1,0,0,0
59,3565.21,42761.59,3,10,33.91,12.0,0,1,33.83,1,2,7,1,2,11,1,0,0,0,0,1,0,1,1
27,11100.46,136361.62,2,7,24.64,8.2,1,0,31.6,3,2,3,1,2,12,0,1,0,0,0,0,1,0,0
26,3303.18,39575.62,3,13,56.56,20.1,0,0,108.49,2,6,1,1,1,15,1,0,1,0,0,0,0,0,0
39,900.0,10664.63,0,2,23.18,5.1,1,0,69.6,2,3,3,0,3,12,1,0,0,0,1,0,1,0,0
73,3236.01,38962.05,2,8,15.15,9.4,1,0,6.14,4,6,5,1,7,14,0,1,0,0,0,0,0,0,0
63,4193.31,49727.01,3,10,16.9,6.3,1,0,9.62,2,2,3,0,1,16,0,0,0,1,0,0,1,0,1
57,2455.59,29805.58,3,12,47.73,11.8,1,0,35.63,2,6,4,0,8,13,1,0,0,1,0,0,1,0,0
71,1805.92,21617.74,2,8,19.09,7.9,3,0,0.82,1,6,0,1,5,10,0,0,0,1,0,0,1,0,0
70,2895.54,35562.65,3,9,19.77,13.5,1,0,51.54,3,7,3,1,9,12,1,0,0,0,0,0,1,0,1
39,4022.36,49068.11,2,7,40.87,17.1,0,1,23.52,3,2,6,1,8,13,0,0,0,0,0,0,1,0,1
62,2852.65,34959.39,2,9,7.03,4.4,1,0,43.54,4,7,3,2,10,8,1,0,1,0,0,0,0,1,0
52,2596.31,31249.39,2,9,7.99,16.0,2,1,195.82,2,4,1,2,1,14,0,0,0,1,0,0,1,0,0
26,4559.54,52862.68,2,6,25.72,17.8,1,1,16.2,2,3,2,1,10,14,1,0,0,0,1,0,1,0,0
46,2300.06,27062.78,4,13,22.87,10.4,0,0,216.47,0,4,4,0,8,10,0,0,0,0,0,1,0,0,0
23,4145.25,50276.84,5,19,15.96,27.9,1,1,38.37,1,5,4,2,8,13,1,0,0,0,0,1,0,0,0
33,2153.27,25841.7,1,7,22.53,5.9,1,0,2.09,3,5,6,1,10,20,1,0,0,0,0,0,1,0,0
30,7750.63,92512.71,2,8,16.23,18.4,1,1,224.12,4,5,4,0,8,15,1,0,0,1,0,0,1,0,0
33,2189.06,26517.48,6,23,29.54,3.8,0,0,33.62,1,5,1,0,8,11,0,0,1,0,0,0,1,0,1
43,2565.87,30455.56,2,7,26.0,5.7,0,0,3.9,2,1,3,0,7,9,1,0,0,0,1,0,0,0,1
62,4937.19,57648.4,2,8,5.7,21.9,1,0,22.41,3,2,5,2,8,18,1,0,0,0,0,1,0,1,0
56,2127.72,25158.72,6,20,40.85,14.0,0,1,34.64,1,3,1,1,6,20,0,1,0,0,0,1,0,1,1
20,3723.15,44114.0,6,18,55.05,17.4,0,1,29.37,4,3,4,0,10,12,1,0,1,0,0,0,0,0,0
60,4613.03,54515.55,2,10,55.78,7.1,0,0,208.65,4,5,2,1,1,9,0,0,0,0,0,0,0,0,0
50,6180.47,74770.94,4,14,38.51,9.9,0,0,95.87,1,1,3,0,6,8,1,0,0,1,0,0,0,0,1
45,4177.15,49854.37,2,7,9.88,11.4,1,1,42.8,3,2,2,0,5,9,1,0,0,0,0,1,0,0,0
54,2858.79,33262.38,5,16,21.02,8.1,0,1,56.63,4,5,3,0,8,9,0,1,0,0,0,0,0,0,0
49,5089.47,60927.82,2,6,10.85,27.3,0,1,8.08,1,3,3,0,10,17,1,0,0,0,0,0,1,0,0
38,1921.01,22884.26,4,15,12.89,12.8,1,1,53.22,2,5,2,0,10,8,1,0,0,0,1,0,0,0,0
22,4928.63,57505.09,6,23,39.41,17.3,3,1,10.79,0,3,3,0,4,12,1,0,0,0,1,0,1,0,0
68,5541.08,66164.81,4,12,9.74,9.0,1,0,47.63,2,4,4,1,9,18,1,0,0,0,0,0,0,0,0
53,2669.56,32379.53,2,6,10.83,24.1,0,0,214.39,5,6,2,0,5,14,1,0,0,0,1,0,0,0,0
54,1507.2,17959.18,2,6,7.24,9.1,1,1,22.98,0,4,2,1,4,15,1,0,0,1,0,0,1,0,0
45,3992.41,47440.4,1,4,4.87,1.7,2,0,26.7,1,1,9,0,2,20,1,0,0,0,0,0,0,1,0
69,5289.33,63094.27,3,9,26.92,13.2,1,1,26.87,3,4,4,1,3,17,1,0,0,1,0,0,1,0,1
47,3224.02,39800.17,8,26,26.57,17.3,0,0,27.3,2,3,2,0,7,13,1,0,0,0,0,0,0,0,0
33,2558.83,30376.72,2,7,11.09,4.2,2,0,26.55,6,5,5,0,9,12,0,0,0,0,1,0,1,0,0
46,1730.77,21323.93,1,6,18.96,5.5,2,0,45.41,6,1,5,3,10,16,1,0,0,0,0,0,1,0,0
69,2595.69,32214.53,2,7,5.64,4.7,1,0,44.66,5,6,4,0,10,9,0,0,1,0,0,0,0,1,0
34,3938.69,47064.05,3,13,9.18,7.8,2,0,57.41,2,2,1,0,8,20,1,0,0,0,0,1,0,0,0
46,4040.24,48230.79,6,20,38.41,29.1,1,1,0.5,2,1,3,1,5,18,0,0,0,0,0,0,1,0,1
71,4384.59,52259.28,1,3,16.46,2.7,1,0,40.1,3,5,3,1,8,13,1,0,0,0,1,0,1,0,0
67,1853.09,22324.93,3,12,9.04,10.1,0,0,32.75,4,10,2,0,2,9,1,0,0,0,1,0,0,0,1
61,1470.83,17140.99,3,11,8.38,4.0,1,0,77.61,5,3,2,0,4,11,1,0,0,0,1,0,0,0,0
34,2856.36,35066.36,4,12,36.83,8.4,0,1,133.39,3,2,2,0,9,8,1,0,0,1,0,0,0,1,0
51,2835.92,33062.28,1,5,4.14,19.4,1,0,42.98,0,4,3,1,5,11,0,1,0,0,0,1,1,0,0
53,4252.02,50462.7,2,6,16.81,10.6,1,1,6.76,4,7,2,1,9,18,0,1,0,0,1,0,1,0,0
24,2858.53,34707.32,2,9,11.76,14.8,1,0,63.96,4,5,2,0,6,10,1,0,0,0,0,0,1,0,0
75,6944.75,83459.42,1,3,5.38,15.3,1,1,65.87,2,0,4,0,2,19,0,1,0,0,0,0,0,1,0
30,5014.63,59036.19,2,7,17.86,13.3,3,0,11.24,2,3,0,1,10,9,0,0,0,0,1,0,0,1,0
71,2847.17,34637.5,1,7,11.62,17.4,0,1,3.72,0,9,4,0,1,20,0,1,0,0,1,0,1,0,0
75,2856.76,33673.17,2,5,17.9,8.0,2,0,78.78,1,3,3,3,5,9,0,0,1,0,0,0,1,0,0
62,4098.8,49797.9,2,9,23.43,5.6,1,0,100.72,2,4,4,2,8,15,0,0,0,0,0,1,1,0,0
50,2789.5,32918.91,3,14,19.01,20.5,1,1,71.47,1,8,5,0,7,18,0,1,0,0,0,0,1,0,0
21,1793.93,21550.96,1,4,49.96,9.5,0,0,40.79,5,8,2,0,8,20,0,0,0,0,0,1,0,0,0
41,7260.37,85830.1,5,16,39.07,22.2,0,0,207.37,2,2,1,2,2,11,1,0,0,0,1,0,0,0,0
28,3365.63,41592.35,5,18,15.06,6.2,1,1,51.9,2,4,3,1,1,18,1,0,0,0,0,0,0,0,0
49,3431.7,41153.57,3,12,19.84,6.4,2,0,45.06,1,1,4,1,9,18,1,0,0,1,0,0,0,0,0
38,1821.24,22379.35,4,15,10.94,21.9,1,0,39.38,3,6,2,1,7,15,1,0,0,1,0,0,1,0,1
40,1515.08,17762.8,4,13,13.06,5.7,0,1,102.14,4,5,3,3,3,18,1,0,1,0,0,0,0,1,0
68,2761.13,32856.04,4,18,9.53,5.2,0,0,17.74,2,3,3,2,5,15,1,0,0,0,0,0,1,0,0
75,3418.86,40696.28,2,8,14.01,13.0,0,1,123.69,3,4,2,0,6,10,0,0,0,0,0,1,0,0,1
54,6398.98,77764.08,7,23,54.01,11.4,0,0,24.91,1,4,2,0,7,14,1,0,0,0,1,0,1,0,0
44,2426.01,28723.02,2,8,7.47,11.9,2,0,96.01,3,4,5,1,5,10,1,0,1,0,0,0,1,0,1
36,1635.58,19722.42,1,5,11.77,16.1,0,0,123.51,0,4,4,0,9,20,0,0,0,0,1,0,1,0,0
71,4344.27,51746.41,4,12,65.66,10.7,0,1,35.39,0,2,2,0,3,11,1,0,1,0,0,0,1,0,1
27,4633.46,54837.54,1,4,31.03,19.6,2,1,125.86,2,6,2,1,9,10,1,0,1,0,0,0,1,0,0
53,2565.01,29663.98,1,4,4.46,3.3,0,0,133.39,1,1,1,0,2,15,1,0,0,0,1,0,1,0,0
52,2158.13,26105.58,6,20,65.83,15.5,3,0,123.99,0,2,6,1,8,20,1,0,0,0,0,0,0,1,0
50,4496.84,54014.2,4,15,29.0,5.9,1,0,50.3,2,1,6,0,9,15,1,0,0,0,1,0,0,1,0
34,2421.29,28483.52,3,9,12.34,15.7,1,1,64.33,1,3,2,0,8,19,1,0,0,0,0,0,0,1,1
67,2343.57,28342.49,0,2,38.74,12.3,0,0,22.74,4,3,4,1,3,9,0,0,0,0,0,1,0,0,0
25,2653.57,31871.73,2,12,7.17,4.2,1,0,95.0,3,5,3,1,6,8,0,0,0,1,0,0,0,0,0
52,1572.1,18916.15,0,1,31.45,28.3,1,0,9.4,2,3,2,0,8,13,0,0,0,1,0,0,0,0,0
46,2300.06,27011.19,2,8,18.87,2.7,0,0,78.86,0,3,2,0,9,9,1,0,0,0,0,1,0,0,0
60,2379.06,28551.27,5,17,15.36,8.6,0,0,3.84,1,7,3,0,10,20,1,0,0,0,0,0,0,1,0
67,2240.09,26730.4,1,4,3.38,2.1,0,0,19.53,3,5,4,1,9,10,0,0,0,0,1,0,0,1,0
45,2971.52,35858.13,4,13,17.41,5.7,0,0,42.83,1,4,3,1,7,16,0,0,0,0,0,0,1,0,0
37,2882.04,34638.62,1,3,22.05,13.7,0,1,12.62,2,5,5,0,6,17,1,0,0,0,0,0,0,0,1
44,11507.11,141198.73,2,9,51.89,20.2,1,0,40.53,2,2,0,0,7,15,1,0,0,1,0,0,1,0,1
35,7544.51,90762.16,4,11,11.32,7.7,1,0,103.25,3,2,2,1,10,19,0,0,0,0,0,1,1,0,0
30,3387.81,41046.06,3,12,18.13,23.7,3,1,60.42,3,6,1,3,9,10,0,1,0,1,0,0,1,0,0
55,3106.61,37906.38,5,17,12.52,8.1,2,0,10.73,1,7,2,0,1,17,1,0,0,0,0,0,0,1,0
68,4498.38,53474.97,2,7,36.36,9.8,0,0,8.18,0,4,2,0,10,9,0,0,0,1,0,0,0,1,0
55,5226.07,61278.62,1,8,43.55,15.6,0,1,43.22,3,8,1,0,3,10,0,0,1,0,0,0,1,0,1
43,2469.45,28941.61,3,11,15.61,7.7,1,1,64.42,1,7,1,0,8,17,1,0,0,0,1,0,1,0,0
59,3331.65,38839.67,2,7,25.53,9.8,2,0,14.71,2,5,3,0,2,12,0,0,0,0,1,0,0,0,0
32,1931.9,22908.04,2,7,9.28,17.6,2,1,16.62,1,4,4,2,6,14,0,0,1,0,0,0,1,0,0
23,2775.31,32981.88,1,6,11.1,7.8,1,0,12.85,1,2,5,0,7,11,1,0,0,1,0,0,0,1,0
21,1333.69,16278.8,1,3,30.75,14.2,1,0,70.73,2,2,3,3,4,20,1,0,0,0,0,0,0,0,0
68,5476.0,64452.78,1,5,9.35,23.3,1,1,13.88,5,3,2,1,9,13,0,1,0,1,0,0,0,0,0
50,1932.98,23996.28,5,17,20.49,12.4,0,1,119.27,1,9,1,0,8,9,1,0,0,0,1,0,0,0,0
66,1361.89,15745.54,3,10,18.54,19.1,0,1,29.51,4,3,2,0,4,16,1,0,1,0,0,0,0,0,0
70,3123.37,38071.73,2,6,19.05,2.3,0,0,27.5,2,2,2,0,4,14,1,0,0,0,1,0,1,0,0
53,4324.64,51706.9,7,23,24.71,15.0,1,0,93.07,1,6,2,0,9,8,1,0,0,1,0,0,1,0,0
65,6792.74,81133.59,0,0,11.72,13.4,0,1,123.27,2,7,3,0,9,11,0,0,1,0,0,0,0,0,0
72,2464.3,29651.98,1,5,15.71,7.3,0,0,1.89,3,1,2,0,4,8,0,0,0,1,0,0,1,0,0
37,3292.26,39580.86,5,18,28.55,4.9,2,1,120.66,2,2,5,2,9,16,1,0,0,0,1,0,0,1,0
22,3813.3,45150.6,6,19,27.03,18.5,0,1,20.15,4,3,4,0,8,12,1,0,0,0,1,0,1,0,0
20,2427.37,29213.69,4,16,17.12,8.1,1,1,17.59,2,2,2,0,3,18,1,0,0,0,0,0,0,0,0
74,6095.6,74753.71,5,17,12.13,7.9,1,0,37.51,1,5,1,0,3,18,0,0,0,0,1,0,0,1,0
74,2283.4,27636.3,1,3,31.97,16.9,1,0,2.92,3,3,4,0,10,12,1,0,0,1,0,0,1,0,0
72,2815.57,34150.96,0,4,15.38,16.2,1,0,126.34,2,6,1,0,6,10,0,1,0,0,0,1,0,1,0
62,5940.56,71388.9,2,6,20.6,23.6,0,0,217.39,2,8,1,0,1,13,0,1,1,0,0,0,1,0,0
48,4737.34,55862.94,3,10,85.58,29.6,0,0,75.63,2,6,3,0,7,18,0,0,0,0,0,0,1,0,1
40,3492.39,41962.21,6,21,15.97,11.9,0,0,97.4,3,7,2,2,5,12,1,0,0,1,0,0,1,0,0
73,3409.09,40929.77,5,18,31.15,7.3,0,0,30.5,1,4,11,1,1,17,1,0,0,1,0,0,0,1,0
67,10843.67,128706.67,6,20,43.22,27.1,0,1,30.81,2,4,1,1,7,20,1,0,0,0,0,0,1,0,1
52,7379.42,90388.2,2,7,22.04,3.8,2,0,125.9,5,5,3,1,10,9,1,0,0,1,0,0,1,0,0
75,2031.96,25320.79,6,17,44.26,20.7,1,1,6.88,3,3,9,1,4,17,1,0,0,1,0,0,1,0,1
40,2409.94,28758.52,4,14,11.85,10.5,1,0,10.44,1,6,4,0,4,13,1,0,0,1,0,0,0,0,0
25,2826.98,33590.47,6,19,20.61,14.3,0,1,8.5,0,5,4,1,6,12,1,0,0,0,0,1,1,0,1
58,1121.78,13684.59,4,17,18.98,6.3,2,1,64.47,5,5,6,0,3,20,0,1,0,1,0,0,0,0,0
35,7544.51,91735.93,2,9,87.5,0.5,2,0,16.27,2,4,5,2,3,16,1,0,0,0,0,1,0,1,1
33,1544.41,18508.01,1,6,8.76,4.2,2,1,77.56,4,4,7,2,9,12,0,0,0,0,1,0,0,0,0
37,2973.22,36186.86,3,11,48.46,6.0,1,0,24.83,3,5,0,1,1,13,0,0,0,1,0,0,0,1,0
33,5597.05,66669.07,3,9,16.42,18.6,1,0,25.15,3,2,3,1,10,20,0,0,1,0,0,0,1,0,0
33,1992.0,24447.92,2,5,18.91,11.3,1,0,49.06,1,5,1,1,7,19,1,0,0,0,0,1,0,0,0
48,2745.77,32812.88,2,7,48.23,12.4,1,0,309.56,5,1,3,1,2,18,0,0,0,0,0,1,0,1,0
18,2612.11,30843.6,4,14,21.97,10.5,0,0,33.17,2,8,4,0,3,9,1,0,0,0,0,0,0,0,0
46,3274.56,38797.03,2,7,14.06,27.5,1,0,90.53,1,2,2,0,1,9,0,0,0,0,1,0,1,0,0
43,3826.82,45936.46,1,6,8.54,5.8,2,0,75.85,1,3,4,1,9,16,0,0,0,0,0,1,0,1,0
50,3442.09,40461.21,2,7,57.48,9.0,2,0,40.6,0,3,3,2,1,12,0,0,1,0,0,0,0,0,0
75,3358.1,41235.22,1,5,3.77,9.7,0,0,19.31,2,5,5,2,2,13,1,0,0,0,0,0,0,0,0
65,5721.12,67637.96,5,19,11.19,14.8,0,0,9.32,2,3,5,0,7,11,1,0,0,0,1,0,1,0,0
21,2734.51,32710.87,0,2,29.1,13.2,1,0,86.11,1,6,5,2,10,18,0,0,0,0,1,0,0,1,0
70,4630.64,55382.91,4,17,27.12,18.2,0,0,11.21,0,8,3,0,6,12,1,0,0,0,0,0,0,0,0
30,4994.58,60881.42,5,17,16.38,5.5,1,0,13.06,2,2,2,0,9,8,1,0,0,1,0,0,1,0,0
31,4870.6,58468.07,0,0,32.36,16.4,2,0,28.51,3,5,2,0,6,13,0,1,1,0,0,0,0,0,0
61,3985.44,48708.81,6,20,22.53,11.9,4,1,33.24,0,4,2,1,8,8,0,0,0,0,0,0,0,0,0
62,6655.18,81806.71,7,24,51.97,6.7,1,0,41.92,3,5,7,0,1,14,1,0,0,0,0,0,0,0,0
46,4212.03,50723.74,2,6,33.08,10.9,2,1,10.28,1,8,1,1,3,17,1,0,0,0,0,0,0,0,0
46,4738.35,56231.7,0,2,1.75,5.4,1,0,34.44,5,3,7,2,10,17,0,0,0,0,1,0,0,0,0
67,3148.64,38270.73,1,3,19.31,16.6,1,0,81.05,2,5,2,0,7,8,1,0,0,0,0,1,0,0,0
54,8130.75,95402.26,5,19,13.97,3.5,0,0,164.7,2,2,2,0,1,19,1,0,0,0,1,0,0,0,0
73,5105.71,60354.16,0,0,20.52,11.3,0,1,190.49,1,4,3,0,6,9,1,0,0,0,0,0,0,0,0
46,3274.56,39262.33,4,15,9.29,7.5,0,0,36.43,6,1,1,0,7,12,1,0,0,0,1,0,1,0,0
41,2617.76,32135.31,7,24,14.75,6.5,0,0,45.34,3,0,5,0,2,9,1,0,0,0,0,0,1,0,0
69,1913.09,22468.7,2,7,38.25,7.7,1,0,14.82,1,3,4,1,2,8,1,0,1,0,0,0,0,1,0
43,4494.2,53880.86,1,4,19.4,4.5,0,0,12.11,2,3,3,0,1,12,0,0,0,0,0,0,1,0,0
18,4161.14,50314.8,6,21,32.3,13.8,0,1,53.75,6,6,3,0,7,14,0,1,0,0,1,0,1,0,0
35,3056.29,37646.88,3,13,10.21,5.2,2,0,96.7,2,1,4,1,8,18,1,0,0,0,0,0,0,1,0
24,5802.63,68931.05,4,13,81.66,18.1,0,1,52.07,3,10,3,0,9,8,1,0,1,0,0,0,0,0,0
49,3431.7,41384.07,4,17,20.53,8.4,2,0,14.65,1,4,5,0,1,11,1,0,0,1,0,0,1,0,0
47,7448.67,89228.14,4,12,27.71,4.7,1,0,34.4,4,5,2,2,4,14,1,0,0,0,0,1,0,0,0
55,4284.97,50756.25,5,18,23.09,19.0,0,0,160.23,2,7,6,0,4,11,0,1,0,0,0,1,0,0,0
21,5823.48,69987.96,1,4,10.8,9.4,1,0,18.2,5,6,4,0,1,17,0,0,0,1,0,0,0,1,0
54,4358.88,53551.93,2,8,16.36,12.3,0,0,26.69,0,6,1,0,8,10,1,0,0,0,1,0,1,0,0
46,2441.42,29385.54,4,13,31.98,10.9,0,1,37.25,2,7,2,1,8,20,0,0,0,0,1,0,0,0,0
37,3313.72,40168.23,1,5,46.69,9.8,1,0,66.89,1,3,2,2,2,16,0,0,1,0,0,0,0,0,0
32,3718.56,44788.26,4,14,30.73,23.7,0,1,61.2,4,9,4,0,6,16,1,0,0,0,0,0,1,0,1
66,2675.37,32152.19,1,5,2.36,15.0,0,0,12.13,0,6,3,0,8,15,0,1,0,0,0,1,1,0,0
46,2441.42,28777.33,3,10,9.62,16.3,1,1,9.87,2,4,3,2,4,11,1,0,0,0,1,0,0,1,0
34,2304.05,27450.52,7,24,21.56,26.3,3,1,8.99,2,3,2,0,2,17,1,0,0,0,0,1,0,1,0
23,4132.17,50235.12,2,9,23.6,5.5,0,0,38.19,5,6,3,1,3,14,1,0,0,1,0,0,0,0,0
19,1722.43,20461.79,1,4,37.45,6.1,1,0,107.78,1,5,3,1,1,14,1,0,0,0,0,0,1,0,0
66,3149.26,38300.72,6,21,39.86,4.8,0,0,16.94,2,8,2,1,3,19,1,0,0,1,0,0,1,0,0
45,2029.47,24593.32,1,6,6.46,7.9,1,0,1.48,2,6,3,2,8,16,0,0,0,0,1,0,1,0,0
34,4566.44,55409.05,6,20,21.27,6.7,0,0,65.59,3,7,4,2,5,17,1,0,0,0,0,0,0,0,0
61,5165.09,62070.36,1,4,11.38,18.0,0,1,5.38,2,4,0,0,2,13,0,0,0,0,1,0,0,0,0
57,4408.35,53392.47,8,26,20.41,24.1,0,1,20.45,4,0,0,1,4,12,0,0,0,0,1,0,0,0,1
72,2161.3,26152.2,2,11,17.36,10.7,0,0,22.05,2,4,2,0,7,14,1,0,0,0,1,0,1,0,0
39,5459.33,64407.78,5,18,34.75,16.3,1,0,33.23,2,3,4,1,6,8,0,0,0,0,0,1,0,0,0
69,4262.88,50160.43,8,26,29.94,19.7,1,0,7.06,1,4,3,1,4,12,0,1,1,0,0,0,0,0,0
48,4410.88,52519.64,4,14,11.88,10.2,0,1,56.45,0,3,2,2,5,13,1,0,0,0,0,1,1,0,0
27,3273.63,39690.87,5,16,20.69,4.8,1,0,13.05,7,4,2,0,1,9,1,0,0,0,1,0,0,1,0
47,3313.59,40164.51,3,11,14.93,9.5,1,0,43.25,4,5,4,0,5,14,1,0,0,0,0,0,1,0,0
26,1932.23,23552.9,3,9,45.28,10.3,0,0,28.1,2,7,3,0,7,18,1,0,0,1,0,0,0,1,0
43,6047.41,71509.19,1,7,29.83,2.2,0,0,19.7,1,5,3,0,6,15,1,0,0,0,0,1,0,0,0
75,3613.17,42724.66,4,14,35.68,26.7,1,1,63.87,2,6,1,1,9,17,0,0,0,1,0,0,0,1,0
67,6170.12,74189.96,3,10,25.45,10.5,1,0,44.35,3,5,4,2,8,17,1,0,0,1,0,0,0,1,0
56,4622.54,55161.95,1,4,53.45,4.2,0,0,24.53,1,7,5,2,2,16,0,0,1,0,0,0,0,0,0
37,3737.53,44820.66,2,9,8.7,14.5,2,0,113.24,3,5,5,1,2,9,0,1,0,0,1,0,0,0,0
64,2333.19,27639.25,3,11,43.94,9.7,2,0,1.14,4,9,1,0,10,15,1,0,1,0,0,0,1,0,0
24,3038.84,36240.89,5,18,17.01,5.9,1,1,94.0,3,5,5,3,4,14,1,0,1,0,0,0,0,1,1
75,2345.92,28379.38,1,6,3.57,12.8,0,0,29.02,2,4,3,1,3,9,1,0,0,0,1,0,0,0,0
32,7873.12,92922.72,3,10,7.69,1.7,0,0,132.72,2,4,0,0,3,15,0,0,0,1,0,0,1,0,0
40,5164.93,61997.09,4,16,42.99,3.0,2,0,159.39,3,4,0,1,7,11,1,0,0,0,1,0,0,0,0
51,1093.96,12764.61,0,1,5.16,2.7,1,0,119.49,3,2,4,0,6,20,1,0,0,1,0,0,1,0,0
72,4233.42,50970.64,5,15,12.11,12.3,2,0,90.04,3,3,4,0,8,19,1,0,0,0,1,0,0,1,0
50,3623.72,44063.38,1,5,2.96,16.2,0,0,12.23,4,4,2,1,10,17,0,0,0,1,0,0,1,0,1
25,4384.49,52558.26,1,4,20.19,17.4,1,0,150.8,1,5,2,1,7,8,1,0,1,0,0,0,1,0,0
34,5454.61,65576.81,4,14,48.72,6.0,2,0,64.23,1,2,1,0,2,20,1,0,1,0,0,0,0,0,0
68,2434.42,29197.97,3,11,46.02,13.1,0,0,72.4,1,4,3,0,1,17,0,1,0,1,0,0,1,0,0
42,5468.99,65246.69,4,11,23.3,21.7,4,1,39.14,3,2,1,0,6,14,1,0,0,0,1,0,1,0,0
67,5018.71,61962.48,8,24,50.05,22.0,0,0,32.3,1,2,5,0,2,9,0,0,0,0,1,0,0,1,0
24,2883.29,34963.48,2,7,9.46,6.0,0,0,50.74,1,4,6,0,6,18,1,0,0,1,0,0,1,0,0
45,6375.88,75365.89,0,1,26.34,11.5,2,0,55.78,2,9,1,1,5,18,1,0,0,0,0,0,1,0,1
59,3716.0,44152.65,2,9,33.09,9.5,2,0,80.87,3,6,5,1,6,13,1,0,0,0,0,1,0,0,0
29,2356.28,28605.02,4,16,18.9,9.3,1,0,102.01,3,6,2,0,1,10,1,0,1,0,0,0,0,0,0
71,4911.26,58121.1,3,12,47.99,6.4,0,0,10.33,3,4,0,2,3,18,1,0,0,0,0,0,1,0,0
51,3202.97,37961.77,1,4,28.76,14.7,1,0,50.36,4,6,8,0,6,18,1,0,0,0,0,0,0,0,0
63,4744.61,57205.86,6,21,51.43,14.9,2,0,24.23,2,3,4,1,10,9,1,0,0,0,0,1,0,0,1
58,2837.26,34615.24,2,8,9.11,11.6,2,0,59.96,7,3,4,2,4,19,1,0,0,0,0,0,1,0,0
65,4911.99,57998.19,4,14,17.84,10.6,0,0,122.04,2,3,4,0,6,19,0,1,0,0,0,0,0,0,0
52,2707.63,32808.01,4,12,22.17,11.8,1,1,55.77,1,5,2,1,8,13,1,0,1,0,0,0,1,0,0
63,4744.61,57269.78,0,2,9.9,17.5,1,0,2.53,2,1,3,0,2,17,0,0,0,0,0,1,0,1,0
30,3387.81,41218.3,2,9,10.46,13.0,2,1,65.81,3,3,4,1,3,20,0,0,0,1,0,0,0,1,0
23,1260.0,15386.91,0,1,2.59,6.2,0,0,8.94,0,3,2,0,9,18,1,0,0,1,0,0,0,0,0
19,5686.63,69162.24,0,6,43.82,2.2,4,0,14.36,1,2,3,3,4,14,0,0,0,0,0,1,1,0,0
19,4196.39,50345.09,6,17,80.62,12.5,0,0,29.41,2,6,4,3,8,10,1,0,0,0,1,0,1,0,0
22,1704.44,20458.71,1,8,25.49,12.2,1,0,28.04,2,5,5,1,3,15,1,0,0,1,0,0,0,0,0
33,1773.29,21973.89,3,10,37.39,6.0,1,0,28.98,4,3,2,2,10,12,1,0,0,1,0,0,0,0,0
50,6180.47,72939.82,1,4,7.41,3.6,0,0,110.33,4,4,3,1,6,13,1,0,0,1,0,0,1,0,0
51,3282.8,40066.51,1,5,8.67,14.9,2,1,68.89,3,6,2,0,2,10,1,0,0,1,0,0,1,0,0
48,4095.1,48420.11,5,17,37.09,14.4,0,1,35.91,1,9,4,1,1,14,0,0,0,0,1,0,0,0,0
37,4110.24,49550.97,3,10,14.04,4.6,1,1,2.11,1,5,5,0,7,18,0,0,0,0,0,0,0,1,0
62,968.51,11598.54,2,6,7.67,15.1,1,0,44.34,2,8,1,0,7,9,1,0,1,0,0,0,1,0,0
64,1536.1,18319.0,2,9,52.95,12.9,0,0,199.33,5,5,1,1,2,17,1,0,1,0,0,0,1,0,0
39,5259.95,63635.03,1,3,2.07,11.7,0,0,4.07,4,3,1,1,10,8,1,0,0,0,0,0,1,0,0
48,4431.42,53060.88,1,5,18.57,13.2,1,0,16.53,3,4,0,1,2,18,1,0,0,0,1,0,1,0,1
56,3504.14,41128.98,3,9,34.73,20.0,0,0,115.49,0,4,2,1,5,18,1,0,0,0,0,1,0,1,0
67,1853.09,22299.54,0,0,2.8,16.9,2,0,71.11,1,3,3,3,4,8,1,0,0,0,1,0,1,0,0
25,3347.45,39768.88,2,10,38.95,16.7,1,1,59.65,4,4,2,0,2,8,1,0,0,1,0,0,0,1,0
51,3932.76,46694.93,1,5,34.96,8.7,0,1,106.12,1,2,2,1,7,9,0,1,0,0,0,1,1,0,0
43,2332.97,27281.03,1,5,9.38,13.9,0,0,38.17,3,5,5,0,10,18,0,0,1,0,0,0,1,0,0
48,1802.7,21632.06,1,4,6.29,9.0,1,0,26.15,1,3,4,2,1,19,1,0,0,0,1,0,0,1,0
45,2971.52,36098.02,2,9,20.4,25.3,0,0,68.16,5,4,0,1,3,12,1,0,0,0,0,0,0,0,1
20,4017.18,47613.77,3,12,20.69,6.4,0,0,74.75,1,3,1,1,3,9,1,0,1,0,0,0,1,0,0
53,1968.17,23584.43,2,9,27.17,22.2,1,1,67.96,0,5,3,0,9,9,0,0,0,1,0,0,0,0,0
52,2158.13,25847.73,2,9,25.05,8.5,0,0,88.64,3,5,3,0,9,17,0,0,0,0,0,0,0,0,0
33,4228.43,50889.6,7,23,20.66,11.8,0,1,46.53,3,3,4,0,9,20,1,0,1,0,0,0,0,0,0
20,5064.97,58367.56,1,6,12.28,18.0,0,0,43.29,2,1,1,0,6,10,0,0,0,1,0,0,0,0,0
43,6881.27,81314.31,1,4,2.66,25.4,3,0,20.57,3,5,3,0,4,9,1,0,1,0,0,0,1,0,0
31,1848.06,22121.34,2,8,87.25,17.4,2,0,1.41,1,2,2,0,10,17,1,0,1,0,0,0,0,0,1
40,3574.49,42579.72,5,17,19.46,6.8,2,1,16.5,5,6,4,1,5,12,0,1,1,0,0,0,1,0,0
50,2589.53,31452.26,7,23,24.42,10.6,1,1,21.99,1,1,2,4,5,11,1,0,1,0,0,0,0,0,1
64,2450.71,29726.56,3,10,42.82,9.5,1,0,30.8,2,1,3,2,7,10,0,1,0,0,1,0,1,0,0
72,6574.93,77558.8,6,21,14.39,18.6,1,0,41.25,3,4,2,0,1,17,1,0,0,1,0,0,0,0,0
21,3813.81,45014.14,0,1,1.35,18.0,0,0,18.99,7,6,5,0,6,10,0,0,0,0,0,0,1,0,0
67,5018.71,61336.69,5,15,34.39,16.4,0,0,64.4,2,4,3,2,9,19,0,0,0,0,1,0,1,0,0
60,5629.89,68292.21,3,12,14.28,23.4,1,0,52.53,1,3,2,0,2,16,1,0,1,0,0,0,0,0,0
61,3492.42,41558.93,0,8,4.92,17.2,1,0,43.18,2,6,0,0,6,20,1,0,1,0,0,0,0,0,0
58,3829.0,46611.27,5,18,29.71,3.9,0,1,10.86,1,3,3,0,4,10,1,0,1,0,0,0,1,0,0
29,5234.79,62138.17,5,19,19.62,18.0,0,0,81.38,3,4,1,0,6,15,1,0,0,0,1,0,0,1,0
37,4809.93,57632.02,3,10,22.36,23.0,2,0,52.89,2,2,3,1,7,11,0,1,1,0,0,0,1,0,0
54,7148.86,86780.63,0,2,1.0,19.7,1,0,52.84,3,5,6,0,2,14,1,0,0,0,0,1,1,0,0
30,4021.52,48379.82,2,10,22.24,10.8,0,0,130.4,2,3,5,0,8,20,0,0,0,0,0,1,1,0,0
72,4593.66,54949.72,8,24,41.58,16.0,2,0,60.39,0,1,2,0,10,18,1,0,0,0,1,0,1,0,0
18,4933.23,57844.08,4,17,15.73,15.0,0,0,3.49,1,6,4,1,2,19,0,0,0,0,0,0,0,1,0
66,6942.82,83925.62,2,8,10.1,4.8,1,1,27.27,3,4,1,0,6,20,0,0,0,0,0,1,0,0,0
24,1499.92,17875.46,1,5,14.25,12.8,0,0,35.97,4,9,6,0,8,10,1,0,1,0,0,0,1,0,0
65,1866.73,22326.02,2,9,57.02,9.5,0,0,153.84,0,4,4,0,1,17,1,0,0,0,1,0,0,1,0
58,2517.7,30610.71,3,12,22.08,11.0,0,1,4.8,2,3,6,1,3,18,1,0,0,1,0,0,1,0,0
53,3256.59,38962.79,6,20,22.29,5.4,1,1,39.29,1,4,0,0,8,8,1,0,0,0,0,0,1,0,1
57,3656.56,43835.62,4,14,18.06,9.0,1,1,32.04,2,4,7,0,3,16,1,0,0,0,0,1,1,0,1
74,5322.83,63314.23,2,9,38.53,4.2,1,1,17.2,0,3,3,0,2,9,0,0,0,0,0,0,0,0,0
41,1717.78,20650.48,4,15,12.76,18.3,1,0,1.94,2,5,3,1,5,8,0,0,0,0,0,0,0,0,1
72,6735.89,79467.22,3,10,30.88,6.2,1,1,37.65,1,3,2,1,7,19,1,0,0,0,1,0,1,0,0
62,968.51,11831.74,5,16,17.5,16.5,2,0,34.91,1,4,1,0,6,19,1,0,1,0,0,0,1,0,0
58,1121.78,13481.48,4,14,86.25,6.3,0,1,19.87,2,6,2,1,7,20,1,0,0,1,0,0,0,0,1
59,6820.94,81778.33,4,13,52.07,21.6,0,1,2.2,0,3,2,0,2,14,1,0,0,0,1,0,0,1,1
41,1757.58,20355.85,3,12,11.54,8.4,0,0,11.18,3,3,2,1,8,20,1,0,0,0,0,1,0,0,0
69,3925.55,47780.26,2,6,25.05,12.4,1,0,7.46,0,4,0,0,6,15,1,0,1,0,0,0,1,0,0
57,2455.59,29286.81,2,9,5.41,15.4,1,0,35.05,2,5,3,0,2,18,1,0,0,1,0,0,1,0,0
51,3092.35,38386.21,6,19,45.46,9.1,1,1,32.68,3,2,4,2,4,19,0,0,0,0,0,0,1,0,1
74,3304.45,40937.08,2,9,34.01,11.1,0,0,50.2,3,4,6,0,2,14,1,0,0,0,1,0,1,0,0
63,1906.17,22360.08,2,6,24.68,1.8,0,0,1.75,0,5,5,0,1,19,1,0,0,1,0,0,0,1,0
33,2917.8,34974.07,2,8,14.19,8.4,1,0,94.19,4,3,1,0,1,9,1,0,0,0,0,0,0,0,0
19,3858.3,45307.54,1,3,13.06,16.5,0,0,6.38,1,3,3,1,3,14,0,0,0,0,0,1,1,0,0
58,2210.86,26607.94,5,15,27.34,3.2,0,0,7.02,1,2,1,1,7,20,0,0,1,0,0,0,0,0,0
28,3930.31,47528.46,1,4,31.96,10.5,0,0,15.81,1,6,0,1,8,18,0,0,0,0,0,0,1,0,0
70,3641.31,43779.08,3,9,20.42,11.8,2,0,74.06,5,5,4,0,9,10,0,0,1,0,0,0,1,0,0
21,1333.69,15584.33,3,13,6.32,6.9,3,0,66.38,0,2,3,1,4,12,0,1,0,0,0,0,1,0,0
18,4922.67,59040.33,1,7,6.67,21.4,0,0,17.68,1,2,6,0,3,9,0,0,0,1,0,0,0,0,0
46,3643.18,43566.97,5,18,16.87,17.0,3,1,29.08,2,7,2,0,1,19,1,0,0,0,0,1,0,0,0
73,2717.75,32298.85,2,8,26.79,15.6,3,0,25.28,4,7,3,1,9,10,1,0,1,0,0,0,1,0,0
20,3510.36,42158.03,2,6,11.4,10.3,5,0,138.21,3,4,2,1,9,20,1,0,0,0,0,1,1,0,0
67,2204.76,25888.73,1,4,5.59,17.9,2,0,33.23,0,4,3,1,5,10,0,1,0,0,1,0,0,0,0
57,4352.09,52952.75,6,19,34.25,7.7,3,1,103.21,3,6,6,3,10,8,1,0,0,0,0,1,0,0,0
73,2734.86,33993.76,2,8,19.28,3.9,0,0,28.82,1,2,2,0,7,9,0,0,0,0,1,0,1,0,0
66,2395.12,28253.02,1,2,27.57,8.1,0,0,7.36,2,6,0,1,3,14,1,0,0,0,1,0,0,1,0
45,4177.15,50185.14,2,9,15.53,8.2,1,1,85.07,4,2,4,0,2,11,1,0,0,0,0,1,0,1,0
63,3099.84,36774.58,3,9,31.58,12.7,2,0,27.47,1,3,0,0,5,10,1,0,0,1,0,0,0,0,0
53,9343.59,113931.14,2,7,5.37,13.5,2,0,67.54,4,0,2,1,6,20,1,0,0,0,1,0,1,0,1
19,6218.23,74160.42,1,4,17.4,9.5,0,1,288.38,3,5,2,1,10,11,1,0,0,0,0,1,0,1,0
49,3194.65,38314.63,5,16,31.37,26.7,0,0,83.16,3,5,4,2,9,12,1,0,0,0,0,0,1,0,1
57,3607.58,43766.52,3,12,23.99,14.0,0,0,8.12,1,5,1,0,7,20,0,0,0,0,0,1,0,0,1
61,4895.28,58319.55,3,11,56.83,13.5,0,0,15.38,2,2,7,2,8,17,1,0,0,1,0,0,0,0,0
74,3138.85,37614.5,6,20,50.29,13.7,0,0,5.62,3,3,2,1,10,9,0,0,0,1,0,0,1,0,0
19,900.0,10839.43,5,17,17.36,24.3,3,0,110.11,1,4,1,0,9,11,1,0,0,1,0,0,0,1,0
67,4878.66,57969.34,2,6,14.93,14.0,0,0,177.81,0,1,2,2,8,13,0,0,0,0,0,0,0,0,0
70,2172.26,26316.22,1,6,8.75,14.0,1,0,17.19,1,2,2,0,1,9,1,0,0,0,0,0,0,0,0
19,5623.05,68198.43,2,10,30.37,11.6,2,1,11.0,1,3,3,0,9,13,1,0,0,1,0,0,0,1,0
68,2812.12,34208.66,3,10,17.37,3.1,1,0,101.12,3,3,4,0,9,9,1,0,0,0,0,0,0,0,0
33,1773.29,21471.91,2,9,34.34,6.2,2,0,22.53,4,7,8,0,5,14,0,0,0,1,0,0,1,0,0
38,2012.69,24393.07,3,12,45.59,23.6,0,0,19.91,0,4,2,0,1,19,1,0,0,1,0,0,0,1,1
69,4082.34,49415.86,3,10,6.81,5.9,2,0,19.93,1,4,3,0,7,9,1,0,0,0,0,0,0,0,1
63,1879.39,22941.59,1,5,13.48,24.9,2,0,69.98,1,3,1,3,7,15,1,0,0,0,1,0,0,0,0
20,1942.75,23241.11,5,18,34.12,14.6,2,1,16.68,3,4,2,0,6,11,1,0,0,0,0,1,0,0,0
72,2916.18,34276.61,5,18,14.04,15.4,0,1,8.65,2,3,2,1,9,13,1,0,0,0,0,0,0,0,0
25,3432.56,42127.54,5,18,20.31,2.4,1,0,120.04,0,6,1,4,8,16,0,0,0,0,0,1,1,0,0
59,3565.21,42425.63,2,7,7.62,10.0,0,1,101.23,3,5,3,3,7,13,1,0,0,0,0,1,0,0,0
69,5289.33,63271.01,3,13,24.42,22.9,2,1,21.59,4,1,6,1,7,18,0,0,0,1,0,0,0,0,0
57,8520.93,100994.79,5,14,11.07,4.9,0,0,6.21,1,4,7,0,6,18,1,0,0,1,0,0,1,0,1
49,3480.27,41562.6,3,12,22.07,9.7,3,0,108.29,1,3,0,0,4,16,0,0,0,0,0,0,0,0,0
43,2332.97,27960.66,2,9,29.41,4.3,1,0,45.73,1,4,2,0,7,8,0,1,1,0,0,0,1,0,1
62,1756.06,21067.55,2,8,5.56,10.1,1,0,39.53,2,7,4,0,3,18,0,0,0,0,0,1,1,0,0
59,3429.67,41025.63,3,11,50.98,17.8,0,1,45.79,0,5,4,2,1,18,0,0,0,0,0,0,0,0,0
34,4996.51,58329.96,3,12,45.04,13.8,0,1,10.92,3,6,3,1,8,9,1,0,0,0,0,1,1,0,1
48,4245.68,50275.9,1,5,29.56,10.8,3,0,262.32,0,0,4,1,5,18,1,0,0,0,0,0,0,0,0
38,3547.52,42617.31,2,8,11.85,11.3,0,0,46.47,3,2,1,1,8,13,1,0,0,1,0,0,1,0,0
52,2621.32,31810.26,0,2,25.85,1.7,1,0,37.93,6,3,1,0,10,8,1,0,0,0,0,0,1,0,0
62,3185.21,37720.0,0,2,16.17,16.1,0,0,38.67,2,4,4,1,4,20,0,0,0,0,0,0,1,0,0
30,2608.68,31959.85,2,8,10.6,11.2,2,1,223.13,5,4,4,0,2,16,1,0,0,0,0,0,1,0,0
59,3078.49,36336.46,2,8,46.55,5.4,2,0,36.07,3,4,2,0,2,15,1,0,0,1,0,0,0,0,0
45,1670.09,19265.79,6,19,38.27,4.8,0,0,72.9,1,2,5,0,4,14,0,0,0,0,1,0,0,0,0
36,6031.27,70959.39,0,1,1.61,19.0,0,0,61.64,1,2,1,1,7,9,1,0,0,0,1,0,1,0,1
36,7434.48,89911.05,1,6,12.15,14.0,2,0,27.11,1,5,1,1,7,19,1,0,0,0,1,0,1,0,0
50,3186.77,38826.35,2,9,7.09,10.7,0,0,46.87,3,4,5,0,1,18,0,0,0,0,1,0,1,0,0
32,5283.8,62529.01,1,5,37.29,15.8,2,0,21.74,3,7,1,0,7,8,1,0,0,0,0,0,0,1,0
41,6591.09,80801.23,2,7,33.3,20.0,2,0,93.66,2,4,1,1,7,13,1,0,1,0,0,0,0,1,0
30,3387.81,40993.67,6,22,19.17,9.6,1,1,32.77,3,4,5,0,7,17,1,0,0,1,0,0,1,0,0
67,2300.14,28186.67,4,17,10.9,11.1,0,0,1.15,1,1,2,0,8,15,1,0,1,0,0,0,1,0,0
64,5245.58,63630.16,11,39,81.68,15.1,1,0,15.17,4,8,3,2,1,9,0,0,0,1,0,0,0,0,1
20,2284.53,27137.22,8,27,113.88,9.0,1,1,36.81,3,2,4,0,5,14,0,0,0,0,0,1,0,0,0
39,3258.97,38990.63,2,5,18.39,10.7,1,0,66.09,3,5,3,1,4,14,1,0,0,0,1,0,1,0,0
67,4088.54,49294.78,1,7,17.41,17.8,0,0,13.82,1,2,4,0,1,17,1,0,0,0,0,0,0,0,0
48,3603.9,44020.9,1,7,13.97,4.9,0,0,15.94,3,3,3,0,7,13,1,0,0,0,0,0,0,0,0
48,4737.34,57664.28,7,22,92.18,4.3,2,0,21.05,3,4,3,0,6,16,0,0,0,0,0,0,0,0,0
34,2673.54,32166.25,1,6,11.09,10.7,0,1,236.49,3,3,3,1,8,9,0,0,0,0,1,0,0,1,0
75,5093.6,60723.33,1,6,32.62,11.3,0,0,134.69,1,5,2,0,8,11,1,0,1,0,0,0,0,0,0
48,4460.03,53323.66,0,1,9.29,12.6,1,0,67.48,1,8,5,3,3,9,1,0,0,0,1,0,0,0,0
20,3783.52,45123.86,5,18,37.84,18.6,0,1,33.19,2,4,4,0,7,19,0,1,0,0,0,0,0,0,0
59,2616.14,31233.29,1,5,105.86,21.0,0,0,53.21,5,3,2,1,1,12,1,0,0,0,0,0,1,0,1
68,2524.63,30046.98,9,28,55.25,8.7,1,1,54.29,2,7,5,0,6,10,0,0,0,0,1,0,1,0,0
43,2584.29,30560.34,0,4,38.47,18.8,0,0,75.42,3,4,0,0,4,20,1,0,1,0,0,0,0,0,0
57,2278.12,28379.97,0,5,47.54,9.2,0,0,20.01,2,3,5,1,3,13,1,0,0,0,0,0,1,0,0
20,6790.18,84243.5,2,5,13.21,14.3,3,1,16.06,3,2,8,0,5,14,1,0,0,0,0,0,0,1,0
70,2811.66,33847.06,5,16,44.84,11.6,0,1,78.9,5,3,5,0,1,18,1,0,0,0,1,0,0,0,0
71,6084.59,74159.75,2,10,23.34,9.9,4,0,58.74,2,4,3,1,2,10,0,1,0,0,0,0,0,1,0
44,2119.13,24495.92,2,12,9.88,4.1,0,0,43.16,2,4,5,0,4,13,1,0,0,0,0,0,1,0,0
50,3424.13,40981.05,5,14,23.78,10.7,3,1,15.94,1,5,2,1,6,8,1,0,0,0,0,0,0,1,0
50,2562.9,29613.45,2,9,5.19,17.6,2,0,33.23,2,8,2,1,9,19,1,0,0,0,0,1,1,0,0
50,3288.46,39169.04,4,13,35.24,9.5,0,0,31.01,1,3,3,1,8,9,0,1,0,0,0,0,1,0,1
34,4566.44,53860.77,1,7,19.56,11.6,0,0,10.26,3,3,2,0,4,16,1,0,0,0,0,0,0,0,0
50,4061.47,48676.11,5,19,17.13,22.7,2,0,15.08,2,6,2,1,9,12,1,0,1,0,0,0,0,0,1
38,1821.24,22209.82,3,15,25.25,17.7,3,0,19.76,4,3,1,0,3,8,1,0,0,1,0,0,1,0,0
52,2700.79,32020.54,3,12,18.66,12.6,2,0,303.17,0,7,3,1,1,8,0,0,0,0,0,0,1,0,0
74,3425.02,40404.5,4,13,13.27,17.8,1,1,24.45,0,3,3,0,9,19,1,0,0,1,0,0,0,1,0
30,2204.63,26398.64,2,7,12.11,2.9,1,0,8.85,3,3,1,3,10,9,0,0,1,0,0,0,0,1,0
40,5164.93,62825.78,2,7,5.39,9.2,0,0,6.69,4,9,2,0,4,14,1,0,0,0,1,0,0,0,1
37,4116.12,49198.11,3,11,13.63,3.3,0,0,144.19,2,1,3,1,7,14,1,0,0,0,0,0,1,0,0
69,4137.4,49651.64,1,6,51.13,2.8,0,0,89.07,5,6,2,1,7,9,1,0,0,0,0,0,0,0,0
42,5956.23,70375.48,3,13,9.11,8.1,2,0,130.83,2,4,4,1,7,16,0,1,0,0,0,0,0,0,0
62,9804.64,118222.08,3,12,11.62,6.9,1,1,47.99,5,1,4,1,3,8,1,0,0,0,1,0,1,0,0
20,4422.56,54703.77,2,8,17.95,7.1,2,0,10.05,2,5,5,0,6,9,1,0,0,0,1,0,1,0,0
49,3431.7,41119.42,2,9,29.54,7.3,2,0,40.27,3,3,3,3,1,8,1,0,0,1,0,0,1,0,0
43,2952.2,34704.19,1,4,22.93,11.5,3,0,10.25,3,3,4,0,8,17,1,0,0,0,0,1,1,0,0
63,6725.99,78657.89,3,11,34.64,9.6,0,0,49.43,3,4,5,1,1,17,1,0,0,0,1,0,0,1,0
33,2735.31,33473.04,7,23,21.75,5.1,3,0,6.09,1,2,1,1,5,19,0,1,1,0,0,0,1,0,0
62,5917.72,70057.38,1,4,37.55,16.7,0,0,3.27,5,3,3,0,9,11,0,0,0,0,0,0,0,0,1
48,1802.7,21081.1,0,2,17.47,8.8,1,0,4.39,4,3,5,1,5,19,0,0,0,0,1,0,0,0,0
59,6052.02,70386.95,4,15,13.09,3.1,0,0,25.42,1,6,2,1,2,9,0,0,0,0,1,0,0,0,0
63,8115.16,96872.86,5,18,26.0,12.1,0,0,46.68,0,0,1,0,6,19,0,0,0,0,0,0,0,0,0
51,2735.2,32791.71,3,10,14.28,7.2,1,0,99.06,3,5,4,0,5,12,0,0,0,0,1,0,0,0,0
75,3962.83,47493.03,0,3,15.04,16.1,1,0,4.47,4,5,5,0,3,10,1,0,1,0,0,0,1,0,0
18,5172.36,62138.95,2,9,26.97,4.6,1,0,15.27,2,0,3,1,2,12,0,0,0,0,1,0,0,0,0
54,5123.67,60894.61,3,9,28.53,6.9,1,1,97.73,1,4,1,1,2,8,0,0,0,0,0,1,0,1,0
73,2491.0,29202.87,2,7,17.79,4.1,0,0,71.0,4,4,4,1,3,18,1,0,1,0,0,0,0,0,0
66,4379.2,52826.98,0,2,3.79,1.7,0,0,46.67,1,5,4,1,2,20,1,0,0,1,0,0,0,0,0
20,4017.18,47620.85,3,11,19.8,26.7,0,0,38.23,1,4,3,1,1,8,0,0,1,0,0,0,0,0,0
68,1423.17,16756.67,2,12,11.41,9.0,1,1,23.17,0,2,2,0,6,10,1,0,0,0,0,0,0,0,0
25,3640.43,43082.68,3,11,23.7,17.1,0,1,88.08,1,3,3,1,5,10,1,0,0,0,0,0,1,0,0
39,2814.91,33406.08,1,4,17.77,3.6,1,0,298.63,0,5,3,1,7,17,1,0,1,0,0,0,0,0,0
43,4735.07,56962.79,3,13,9.98,14.7,2,0,88.18,2,0,2,0,2,14,0,0,0,1,0,0,0,0,0
21,2369.71,28389.64,3,13,7.47,9.8,1,0,5.85,3,4,4,0,7,10,1,0,0,0,0,0,0,1,0
34,1984.1,23701.05,5,18,35.43,11.9,2,1,1.01,1,1,1,0,5,8,1,0,0,0,1,0,0,0,0
75,2521.3,30997.5,4,15,24.69,8.6,4,0,73.64,0,3,8,1,4,15,0,0,0,1,0,0,0,0,0
57,5162.64,63034.78,5,18,31.33,5.7,1,0,12.55,1,5,2,1,8,19,1,0,0,0,0,0,0,0,0
69,1931.05,22801.08,3,10,83.09,26.7,1,0,55.26,2,6,1,1,9,14,1,0,0,0,1,0,1,0,0
42,3132.59,37993.1,5,18,19.86,12.5,1,1,42.86,3,4,1,0,5,14,1,0,0,0,0,1,1,0,1
52,3816.6,45243.62,2,9,4.3,23.5,2,0,130.82,4,5,3,1,1,20,0,0,1,0,0,0,0,1,0
55,3106.61,37939.69,2,5,31.94,1.5,1,0,0.05,0,2,2,0,4,17,1,0,0,0,0,0,0,0,0
24,1841.43,22102.17,3,8,11.48,6.3,1,0,46.91,1,3,5,2,5,9,0,0,0,1,0,0,0,0,0
49,2818.73,32927.39,2,7,9.44,5.3,2,0,141.02,1,4,1,1,3,12,0,1,0,0,0,0,0,1,0
64,5736.78,70078.64,3,12,9.9,10.2,0,1,62.91,2,1,2,1,7,14,1,0,0,0,0,0,0,0,0
31,3469.21,42335.0,7,23,24.19,5.0,1,1,26.04,3,7,5,2,3,20,1,0,0,1,0,0,1,0,0
37,3861.61,47265.49,3,9,18.88,17.7,0,1,158.19,2,7,3,2,10,18,0,0,0,0,0,1,1,0,0
69,5289.33,61907.1,8,24,21.54,14.3,1,1,0.16,2,5,3,0,9,11,1,0,0,1,0,0,0,1,1
58,2268.69,27019.04,4,14,49.01,6.6,0,1,3.33,3,5,5,1,9,13,0,0,0,0,0,0,0,0,1
40,1709.29,20827.9,6,21,22.71,5.1,0,0,22.22,4,3,3,1,4,20,1,0,1,0,0,0,1,0,0
48,2840.16,35564.46,5,16,45.21,25.6,2,1,28.7,2,3,4,4,9,10,0,0,0,0,0,0,0,0,1
52,3816.6,45056.39,2,7,11.54,9.3,3,0,3.27,1,7,1,0,8,13,1,0,1,0,0,0,0,0,0
67,7856.32,95100.26,4,15,34.57,22.7,1,1,101.77,3,1,4,0,7,18,1,0,0,0,0,0,1,0,1
18,6328.39,75591.22,5,15,10.77,19.3,0,0,14.13,3,6,2,0,4,19,1,0,1,0,0,0,0,0,0
63,4149.19,49626.79,0,0,3.55,31.3,0,0,36.06,3,3,1,1,9,14,0,0,0,0,0,0,0,0,0
23,2497.1,30055.39,0,2,1.0,11.1,2,0,100.41,0,4,2,0,1,20,0,1,0,0,1,0,0,1,0
37,1820.64,21389.52,3,11,47.63,8.4,1,1,85.39,3,4,3,1,9,18,0,0,0,1,0,0,0,0,0
67,3390.65,41220.52,1,5,7.03,15.1,1,0,2.89,3,3,7,2,4,8,0,1,1,0,0,0,1,0,0
58,5324.47,64053.57,5,17,13.77,6.3,0,0,1.01,2,6,5,0,10,10,0,0,1,0,0,0,0,1,1
34,5566.32,64839.11,1,4,12.23,19.9,1,0,82.93,1,1,0,1,7,15,0,0,0,0,1,0,0,1,0
19,1883.06,22515.39,5,17,11.33,20.1,0,0,75.19,0,3,2,1,6,11,0,1,0,0,0,0,1,0,0
30,3935.58,47253.96,2,9,12.5,17.3,0,1,24.88,3,3,3,0,10,18,1,0,0,0,1,0,1,0,0
66,2675.37,32728.47,3,12,10.09,9.0,0,0,35.83,4,6,1,0,8,9,1,0,0,0,0,1,1,0,0
43,2220.97,27290.77,6,22,65.84,6.6,0,1,36.0,3,3,3,5,1,18,0,0,0,0,0,1,0,0,0
47,3224.02,38597.42,3,11,15.53,9.2,1,0,24.13,2,9,2,0,5,16,1,0,0,0,0,0,1,0,0
49,6479.95,78194.39,1,3,58.73,6.9,0,1,85.86,3,4,2,0,4,12,1,0,0,0,0,0,0,0,0
33,4228.43,49569.4,3,10,18.13,10.2,0,1,119.0,0,2,5,0,8,12,0,0,1,0,0,0,0,0,0
73,8996.39,108914.14,0,1,1.54,19.7,0,0,30.81,2,2,1,1,7,16,1,0,0,0,1,0,0,0,0
26,3088.72,36718.44,5,17,34.07,13.1,0,0,103.57,4,3,3,1,5,13,0,0,0,0,0,1,0,1,0
45,3430.86,40929.68,1,6,3.67,11.1,1,0,12.35,1,3,5,0,9,8,0,0,0,1,0,0,0,0,0
24,4325.92,50378.39,2,11,35.21,7.1,2,0,100.15,2,2,5,0,2,17,1,0,0,0,1,0,0,0,0
28,3365.63,40378.1,4,12,17.66,11.8,1,1,27.64,1,2,5,1,9,9,0,0,0,0,0,0,0,0,0
23,4035.52,49427.2,1,6,19.85,8.9,1,0,9.26,3,4,2,0,8,18,1,0,0,0,0,1,1,0,0
19,2697.0,32085.7,4,13,21.92,12.6,0,0,7.02,0,3,3,1,6,17,0,0,0,0,0,1,0,0,0
38,3783.15,45743.74,3,9,34.02,10.1,1,0,15.43,1,2,5,3,3,13,0,1,1,0,0,0,0,0,0
39,3258.97,39051.05,3,11,14.98,11.5,0,0,43.08,0,3,2,0,7,17,1,0,0,0,1,0,0,1,0
41,3129.07,37587.32,1,5,56.35,22.8,0,0,33.0,3,7,0,0,1,9,1,0,0,1,0,0,1,0,0
68,2264.99,27458.31,3,12,10.74,15.4,0,1,4.6,2,4,7,0,10,10,0,1,0,0,0,0,0,0,0
67,5018.71,59838.64,1,4,32.79,15.6,0,0,129.82,0,0,1,0,7,14,0,0,0,0,1,0,0,0,0
27,5455.67,64305.49,3,11,21.17,25.7,0,1,74.93,1,7,1,2,8,20,1,0,0,1,0,0,0,0,1
64,3589.07,43458.47,5,16,12.2,3.4,1,0,58.24,5,3,3,0,2,16,1,0,0,0,0,1,1,0,0
43,3869.08,46572.63,4,13,24.94,25.8,0,1,25.24,1,7,2,1,2,15,1,0,1,0,0,0,0,0,0
21,2738.3,32448.14,3,9,23.58,10.0,2,1,72.54,3,4,2,0,1,9,1,0,0,0,0,0,0,1,0
27,3954.23,47757.65,1,5,11.62,11.9,1,0,136.91,5,2,5,0,10,17,1,0,0,0,0,0,0,1,0
57,1583.14,18390.44,4,14,16.06,19.9,1,0,8.63,3,5,1,1,5,20,0,0,0,0,0,1,0,0,0
20,5064.97,61874.9,2,5,42.49,3.3,1,0,24.21,1,7,5,2,4,10,0,0,0,1,0,0,0,0,0
20,2209.73,26337.27,4,15,50.16,13.2,0,0,31.79,2,4,2,3,4,13,1,0,0,0,0,1,0,0,0
51,2063.5,24777.49,1,4,5.29,19.1,3,0,109.55,3,7,3,1,10,18,1,0,1,0,0,0,0,0,0
23,4662.92,56674.91,0,4,4.96,9.4,1,0,19.22,1,2,1,0,7,8,0,1,0,1,0,0,1,0,0
63,4313.63,51757.21,2,7,6.44,8.6,3,0,9.92,0,4,5,0,4,20,0,0,0,1,0,0,1,0,0
48,1802.7,21570.84,4,15,64.86,7.1,0,0,31.19,1,4,2,1,7,12,1,0,0,0,1,0,0,1,0
50,4392.03,52553.61,3,10,24.23,12.7,0,0,67.96,2,4,2,1,6,10,0,0,0,1,0,0,0,0,1
67,5037.38,61846.26,1,2,22.36,15.1,0,0,173.22,0,4,1,0,7,19,1,0,0,1,0,0,1,0,0
18,2612.11,31886.94,3,13,19.81,5.5,1,0,32.31,0,3,2,1,10,17,0,1,0,0,0,0,0,0,0
63,2848.82,34923.06,4,13,27.3,13.2,0,0,33.11,1,7,2,1,3,13,1,0,1,0,0,0,0,1,0
53,3105.87,38771.29,4,14,9.96,3.4,1,0,3.77,1,2,3,0,1,10,1,0,0,0,0,0,0,0,1
74,2744.95,32801.66,4,13,27.64,18.4,1,0,22.1,3,2,2,0,3,9,1,0,1,0,0,0,1,0,0
71,4633.17,54942.54,1,4,5.77,17.0,2,1,20.35,2,2,0,1,5,14,0,0,1,0,0,0,0,0,0
60,2379.06,28531.52,4,15,60.55,10.2,1,0,72.77,4,4,3,2,3,14,0,0,0,0,0,0,1,0,0
57,8157.26,97044.07,1,4,12.77,11.9,0,0,57.88,3,5,6,1,6,14,1,0,0,0,0,0,0,1,1
32,4366.77,50858.93,3,9,29.48,16.2,0,1,20.95,1,3,3,0,5,8,0,0,0,0,0,0,0,1,0
21,4746.35,57385.17,6,22,26.63,20.5,2,1,7.68,2,6,2,0,7,20,0,1,0,0,0,1,1,0,1
22,3842.5,46055.34,1,3,13.01,9.0,1,0,8.04,4,5,3,3,5,8,1,0,0,0,1,0,1,0,0
67,4878.66,58504.02,2,8,19.32,10.5,0,0,68.31,0,5,1,0,4,13,0,0,0,0,0,0,1,0,0
41,3096.63,36383.68,6,20,41.4,5.5,0,0,0.4,3,1,1,3,5,10,0,0,0,0,0,0,1,0,1
19,4858.0,58075.86,5,18,20.63,17.4,1,0,5.3,4,2,2,1,2,8,1,0,0,0,1,0,0,1,0
68,3837.08,46060.32,5,18,47.81,6.6,2,0,13.66,2,4,3,0,10,18,1,0,0,0,0,1,1,0,0
49,2367.66,28360.47,4,12,27.32,17.7,0,0,128.67,5,2,5,1,1,14,0,0,0,0,1,0,1,0,0
37,4110.24,49240.52,3,8,12.78,20.9,1,1,8.63,3,3,2,0,10,20,0,1,0,0,0,0,1,0,0
43,4665.52,56238.91,3,10,41.7,14.0,0,0,11.63,2,4,4,1,6,12,1,0,0,0,0,0,1,0,0
40,2267.25,27222.54,8,27,41.04,1.7,0,0,89.18,2,4,6,1,4,17,1,0,0,0,0,0,1,0,0
57,2606.6,31880.09,6,22,41.01,15.4,1,0,196.11,2,6,2,2,5,17,1,0,0,0,1,0,0,0,0
45,5466.68,67188.18,1,3,14.25,12.4,0,0,1.57,3,4,2,3,1,15,1,0,1,0,0,0,1,0,0
19,1883.06,22479.32,4,14,18.56,10.2,1,0,17.63,1,1,1,2,6,9,1,0,0,0,0,0,0,0,0
39,6888.5,82008.12,1,5,22.73,10.6,1,0,66.62,2,3,0,0,3,16,1,0,0,1,0,0,1,0,0
53,1917.9,23528.65,1,9,25.16,6.9,1,0,79.68,0,4,0,1,10,14,1,0,1,0,0,0,1,0,1
70,2816.32,33277.63,2,6,10.96,17.4,0,0,32.36,1,6,1,2,9,13,1,0,0,0,0,0,0,1,0
39,3134.68,38881.66,1,4,31.36,6.9,0,0,0.05,0,5,3,1,9,17,0,1,0,0,0,1,0,1,1
57,2716.34,32647.65,4,15,16.55,22.9,1,1,28.45,0,1,6,0,10,10,0,0,1,0,0,0,1,0,0
66,3073.05,37214.02,2,8,28.69,7.2,0,0,21.26,2,5,3,0,8,16,1,0,0,1,0,0,0,1,0
62,4123.78,47976.88,1,3,2.52,9.8,0,0,56.97,4,0,2,2,7,12,1,0,0,0,1,0,0,1,0
70,2811.66,34239.95,6,18,31.61,23.7,1,1,35.2,1,6,5,0,1,13,1,0,0,0,1,0,1,0,0
19,4545.41,54468.77,2,7,8.05,11.1,0,0,30.75,3,8,2,0,9,11,0,0,0,0,0,0,0,0,0
31,3654.63,44159.87,1,4,27.09,2.4,1,0,20.6,6,6,3,0,6,18,0,0,0,0,0,0,0,0,0
49,9187.72,111358.29,1,3,6.17,3.9,2,0,27.75,0,6,2,2,7,10,0,1,0,0,0,1,1,0,1
23,3503.16,42353.93,2,8,6.78,5.2,0,0,77.6,1,3,3,0,9,13,0,0,0,0,1,0,1,0,0
59,2938.28,35047.35,2,8,17.11,2.3,0,0,12.73,0,2,1,1,2,10,0,0,0,0,0,0,0,0,0
53,1917.9,22813.99,4,15,50.78,10.0,1,0,5.72,1,9,2,0,10,11,0,1,1,0,0,0,0,1,1
37,2790.48,33816.56,3,11,15.43,17.1,1,1,14.66,2,7,5,1,8,10,1,0,1,0,0,0,1,0,0
51,4468.85,52249.11,3,10,7.9,15.9,1,0,183.97,3,2,4,0,3,16,0,0,0,1,0,0,0,0,1
66,8631.47,105164.6,5,16,44.51,27.3,2,0,33.1,2,4,2,1,9,20,1,0,0,0,1,0,0,1,0
20,3768.95,43691.94,2,8,59.84,3.0,0,0,17.65,1,6,1,2,3,14,1,0,0,0,1,0,1,0,0
35,5978.56,71256.24,3,12,19.65,18.5,0,0,83.2,2,2,3,0,2,8,1,0,0,0,0,1,0,0,0
44,2119.13,24847.13,1,4,51.03,9.3,0,0,26.31,5,3,1,0,5,19,0,0,0,0,0,0,0,1,1
23,4232.56,50549.44,1,5,30.58,5.3,0,0,63.97,1,8,4,0,5,14,1,0,0,1,0,0,1,0,0
19,6333.16,73773.11,0,3,39.97,20.9,0,0,15.89,3,3,5,2,9,13,1,0,0,0,0,0,0,1,0
32,4662.7,56454.48,7,23,22.66,21.4,1,1,6.51,3,2,1,0,7,13,1,0,0,0,0,0,0,1,0
18,4203.03,49974.78,8,25,76.47,21.2,0,0,8.19,3,4,6,1,9,13,1,0,0,1,0,0,0,0,0
45,3103.55,37257.58,3,13,8.11,12.3,0,0,88.98,2,6,2,0,1,16,1,0,0,0,0,1,1,0,0
43,2469.45,29178.25,3,10,19.91,12.3,0,1,95.2,1,4,3,0,7,18,1,0,0,0,1,0,1,0,0
32,1931.9,22613.98,2,6,13.3,20.6,1,1,42.69,2,3,3,0,7,18,1,0,1,0,0,0,1,0,0
37,4736.22,56572.47,1,5,18.65,5.6,1,0,61.75,1,2,1,2,8,13,0,0,0,1,0,0,0,0,0
26,3629.49,43487.62,0,2,5.64,18.1,4,1,70.53,4,5,3,0,2,17,0,0,0,1,0,0,0,0,0
24,3038.84,36179.9,1,5,63.23,8.0,0,1,55.85,1,2,5,1,2,9,1,0,1,0,0,0,0,1,0
29,3619.12,42012.02,0,4,9.68,6.2,1,0,285.56,1,4,4,1,8,12,0,0,0,0,0,0,0,1,0
72,1896.3,22947.27,1,5,5.76,14.8,0,0,14.86,1,8,2,0,6,16,1,0,0,1,0,0,1,0,0
56,4622.54,55134.33,7,23,39.81,15.9,2,0,25.38,0,5,5,2,6,17,1,0,1,0,0,0,1,0,1
67,2770.07,33900.42,0,2,46.1,10.2,1,0,119.82,2,4,4,0,8,16,1,0,0,0,1,0,1,0,0
31,3573.94,42619.08,1,7,5.33,9.4,0,0,9.49,2,4,4,1,5,12,0,0,1,0,0,0,1,0,0
42,1700.25,20663.88,3,13,35.79,21.7,0,0,68.5,4,7,5,1,3,12,0,1,0,0,1,0,0,0,0
63,3358.06,40026.99,1,5,17.27,23.3,1,0,147.77,1,3,2,2,7,19,0,0,0,0,0,1,0,0,0
39,4022.36,48588.7,4,15,13.87,10.0,1,1,9.44,4,3,3,1,10,16,1,0,0,0,0,0,0,0,0
52,7379.42,85464.67,2,9,19.17,8.0,1,0,26.87,1,5,2,0,8,20,0,0,0,1,0,0,0,1,0
63,3401.62,41098.32,10,31,26.17,11.3,0,1,16.54,4,6,4,1,5,13,1,0,0,0,1,0,0,0,1
49,1340.81,16035.24,7,22,25.08,7.3,1,0,0.97,0,2,2,0,8,18,1,0,0,1,0,0,0,0,0
66,3580.2,44044.74,1,4,16.63,20.3,0,0,66.33,2,1,3,0,10,19,1,0,0,1,0,0,1,0,0
43,4224.28,50018.92,2,7,21.19,3.6,1,0,5.84,3,6,3,0,9,15,1,0,0,0,1,0,1,0,0
51,3092.35,37711.32,4,14,68.96,17.6,0,1,20.02,2,3,2,0,8,18,1,0,0,0,0,0,1,0,0
69,1606.83,18701.52,2,10,21.79,32.0,0,0,30.11,3,6,1,1,3,19,1,0,0,0,0,1,0,0,0
62,2852.65,33270.85,2,8,4.31,11.9,1,0,6.52,2,3,1,0,2,12,1,0,1,0,0,0,1,0,0
74,2237.92,26938.24,1,5,19.82,11.4,2,0,107.59,1,2,3,0,3,13,1,0,0,0,0,0,1,0,0
56,3951.52,47399.44,4,13,35.69,11.0,1,0,10.23,2,5,5,0,7,14,0,1,0,0,1,0,0,1,0
32,3850.91,47389.09,8,27,41.39,13.0,1,1,20.07,2,4,5,1,1,16,1,0,0,1,0,0,1,0,0
41,900.0,10698.69,1,3,20.17,17.6,0,0,14.94,4,9,3,0,2,10,1,0,0,0,1,0,0,1,0
31,6028.68,71114.5,3,12,70.74,24.1,1,1,341.14,1,4,4,0,6,8,1,0,0,0,0,0,0,0,1
27,3481.13,41712.55,2,6,8.24,5.8,1,0,9.96,1,2,6,0,9,20,1,0,0,0,0,0,1,0,0
19,6553.87,78296.3,2,7,14.23,11.1,0,0,2.6,3,2,4,2,2,12,1,0,0,0,1,0,0,0,0
41,5939.56,72186.52,3,14,8.05,11.4,0,0,123.41,2,3,4,1,6,9,0,0,0,0,1,0,0,0,0
40,2167.08,26060.32,3,12,25.72,5.6,1,1,27.19,3,6,2,1,8,15,1,0,1,0,0,0,0,0,1
43,10433.13,122849.82,2,6,4.5,26.4,1,0,36.82,3,5,5,0,5,11,1,0,0,0,1,0,1,0,0
63,1879.39,22848.33,0,2,1.44,10.6,1,0,125.49,3,1,2,0,1,10,1,0,0,0,1,0,1,0,0
56,4152.78,50191.03,11,35,25.3,14.3,2,1,28.71,2,3,4,1,7,13,1,0,1,0,0,0,1,0,0
50,4153.72,49372.39,1,7,78.59,7.2,1,0,50.37,3,3,5,0,7,16,1,0,0,0,1,0,0,0,0
70,5754.53,71628.92,0,1,10.49,8.0,1,0,112.64,6,5,5,0,2,17,1,0,0,0,0,0,1,0,0
44,6630.95,80271.73,2,9,15.09,11.0,0,0,38.09,3,4,1,2,2,10,1,0,0,0,0,1,0,0,0
20,2527.98,30118.7,2,9,20.24,7.9,0,0,76.5,4,6,3,1,5,10,0,0,0,0,0,0,1,0,0
41,2990.49,36542.25,4,15,17.98,4.3,1,1,142.87,3,4,0,1,1,20,1,0,0,0,0,0,0,0,0
55,2058.61,24530.87,3,10,31.3,13.1,0,1,58.11,3,4,2,1,4,12,1,0,0,0,0,1,1,0,1
40,3336.45,39904.84,2,7,22.09,14.5,1,0,62.06,0,3,1,1,4,17,1,0,0,1,0,0,1,0,0
55,2806.18,33776.88,4,13,20.97,19.4,0,0,23.69,2,4,3,0,7,8,0,0,0,0,0,0,0,1,0
23,4232.56,51166.39,1,4,29.5,5.7,1,0,24.9,3,4,1,0,7,8,1,0,0,1,0,0,1,0,0
20,4391.66,52950.95,3,11,20.05,8.4,1,0,59.66,2,3,0,0,10,19,1,0,0,0,1,0,0,1,0
28,8627.92,103848.97,2,10,5.9,10.8,1,0,60.13,1,4,2,0,2,16,1,0,0,0,0,1,0,1,0
75,3016.53,36315.84,2,8,7.81,6.2,1,0,256.54,2,7,4,1,8,16,1,0,0,1,0,0,0,0,0
73,2491.0,29723.71,4,14,30.41,2.7,0,0,78.55,2,2,1,2,5,15,0,0,1,0,0,0,0,0,0
46,6060.97,72131.63,5,17,49.44,20.1,1,0,7.89,1,5,7,1,3,12,0,0,1,0,0,0,0,0,1
57,3180.52,38139.55,3,8,6.03,11.1,0,0,44.11,1,4,4,0,1,11,0,0,0,1,0,0,1,0,0
61,3793.1,46664.12,3,11,81.05,0.7,1,0,60.56,1,4,2,2,8,13,1,0,0,0,1,0,0,1,0
53,4288.37,50679.42,3,10,39.69,5.8,0,0,20.18,3,2,1,2,6,8,1,0,0,0,0,1,1,0,1
41,3502.72,42052.08,1,8,10.45,4.5,2,0,29.46,0,6,3,0,7,20,1,0,0,0,0,0,1,0,0
64,4507.02,54505.27,4,17,12.58,21.4,0,0,40.56,3,6,4,0,7,15,1,0,0,0,0,1,0,1,0
30,2012.86,23567.98,3,12,27.95,7.3,1,0,262.15,3,3,4,0,2,15,1,0,0,0,0,0,0,0,0
61,2302.04,27278.96,1,4,34.39,12.5,1,0,14.74,1,6,4,0,2,19,1,0,0,0,0,0,1,0,1
59,2938.28,35427.67,3,10,12.43,6.4,1,0,44.81,1,6,3,0,3,8,0,0,0,0,0,0,1,0,0
35,1542.23,18506.64,0,3,7.35,14.6,1,0,1.17,1,6,1,2,8,18,1,0,0,0,0,1,0,1,0
32,6849.08,82524.89,2,8,10.04,23.0,1,1,33.34,1,6,4,0,7,15,0,1,0,1,0,0,1,0,0
65,3045.2,36190.85,6,19,36.53,9.4,0,1,56.96,3,4,4,1,2,19,1,0,0,0,1,0,0,1,0
25,3667.77,43444.25,7,25,21.59,10.9,1,0,107.75,4,3,1,0,5,12,1,0,0,0,0,0,1,0,0
34,2282.85,26978.77,1,5,6.08,14.0,1,0,193.91,1,5,4,0,8,14,0,0,0,0,1,0,0,0,0
23,6368.77,78167.15,2,6,75.42,1.8,5,0,80.24,4,8,0,0,5,13,0,0,0,1,0,0,0,1,0
29,4522.39,54822.45,2,8,8.23,16.8,1,0,40.71,1,3,2,1,9,15,1,0,0,0,0,1,0,0,0
24,10949.53,132115.12,0,3,4.3,9.3,1,0,51.76,3,3,4,0,10,12,1,0,1,0,0,0,1,0,0
55,1097.86,12992.09,0,1,18.88,26.5,0,1,67.02,2,1,0,1,7,20,0,0,0,0,0,0,1,0,1
56,3951.52,47161.61,1,9,12.61,18.7,0,0,228.94,2,5,3,2,1,14,1,0,0,0,1,0,0,1,0
20,1539.03,18103.36,3,11,7.71,10.5,0,0,6.42,0,4,2,0,8,8,0,0,0,0,0,1,0,0,0
18,2716.38,32613.68,2,10,12.59,1.4,0,0,57.04,3,3,4,0,10,10,0,0,0,0,1,0,1,0,0
52,5708.57,68152.47,5,14,52.37,5.8,1,0,6.55,2,4,5,1,3,15,0,0,1,0,0,0,1,0,1
34,3657.09,43727.67,3,10,87.02,29.8,2,1,25.54,3,4,4,1,6,12,0,0,0,0,0,1,0,0,1
52,2444.65,28674.65,3,11,18.57,5.9,2,1,191.49,4,6,2,1,9,8,1,0,1,0,0,0,0,0,0
39,4332.1,52764.64,6,18,25.67,17.1,0,1,16.51,1,9,5,1,1,10,1,0,0,1,0,0,1,0,0
64,2737.36,33006.92,1,2,5.42,6.4,0,0,12.81,1,2,3,2,10,12,1,0,1,0,0,0,0,0,0
48,2956.78,35804.86,1,6,22.16,16.0,0,1,15.98,4,4,5,0,1,13,0,0,0,1,0,0,1,0,0
18,1878.31,22498.09,4,14,34.72,5.9,0,0,231.36,4,1,1,2,8,13,1,0,1,0,0,0,1,0,0
30,4299.46,51448.12,3,9,36.48,16.0,1,0,106.21,2,5,1,1,4,13,0,0,0,1,0,0,1,0,0
27,3306.8,40528.3,2,7,10.66,10.1,0,0,70.36,1,6,4,1,2,18,1,0,0,0,0,0,0,0,0
61,2735.72,32611.88,2,7,11.33,18.3,0,0,111.28,7,2,4,2,4,16,1,0,0,0,1,0,0,1,0
73,7981.42,98377.48,0,3,2.48,11.1,2,0,32.01,0,2,1,0,5,12,0,0,1,0,0,0,1,0,0
33,4278.21,51577.28,3,12,10.12,10.0,0,1,54.64,3,0,1,1,3,17,1,0,0,1,0,0,1,0,0
27,11028.41,129791.06,8,28,29.53,8.8,1,0,141.35,1,6,3,1,8,17,1,0,0,0,0,0,0,0,0
63,4149.19,50161.17,2,8,28.49,8.6,0,0,105.59,3,6,3,0,7,10,1,0,0,0,0,0,0,1,0
37,7086.35,84418.27,5,17,43.84,22.9,1,1,41.33,4,4,5,0,4,11,1,0,0,0,0,0,0,1,1
62,3092.42,37906.76,0,4,15.56,8.9,1,0,46.37,1,1,2,0,7,18,0,0,0,0,0,1,1,0,1
26,3781.2,44680.48,4,15,15.48,17.1,1,1,162.26,1,4,5,0,1,18,1,0,0,1,0,0,1,0,0
46,3421.8,41534.66,2,10,58.27,9.5,1,0,30.21,1,7,1,1,10,15,0,0,0,0,0,0,0,0,0
38,2806.83,34235.67,2,12,16.34,7.4,1,0,44.89,1,5,3,0,7,12,1,0,0,0,0,1,0,0,0
53,2669.56,31449.64,1,6,5.65,7.6,1,0,49.44,0,2,1,1,3,11,1,0,0,0,1,0,1,0,0
59,3445.78,41935.28,7,23,17.95,5.6,0,1,118.08,2,3,3,1,3,19,1,0,0,1,0,0,0,0,1
24,4850.42,58344.29,3,11,7.63,18.4,0,0,176.45,3,5,1,0,1,17,1,0,0,0,1,0,1,0,0
64,2214.84,26621.45,4,14,10.96,11.3,1,0,37.77,3,2,1,2,5,13,0,1,1,0,0,0,0,0,0
63,3447.92,41766.62,2,7,5.7,8.0,0,0,68.14,3,4,2,1,2,8,0,0,0,0,0,0,0,1,1
24,1512.07,18550.74,3,11,8.7,3.5,0,0,43.76,4,2,3,0,5,19,1,0,0,0,0,0,1,0,0
62,2123.19,25749.69,2,11,21.68,4.5,0,0,6.61,2,4,4,2,2,20,1,0,0,1,0,0,0,1,0
51,2897.58,34467.2,1,5,13.03,4.5,0,0,19.82,6,4,0,0,6,10,1,0,0,0,0,0,0,0,0
62,5281.8,63025.34,3,11,18.3,11.5,0,0,46.34,2,6,3,1,7,16,0,0,0,0,0,1,1,0,0
62,2852.65,33630.31,0,4,7.59,3.7,0,0,18.21,1,5,3,1,10,9,0,0,1,0,0,0,0,1,0
67,5018.71,58952.12,3,10,10.9,11.3,1,0,147.51,1,7,2,0,4,18,0,0,0,0,1,0,0,1,0
43,3672.79,44873.06,1,4,24.96,6.4,0,0,22.39,0,3,3,0,4,17,1,0,0,0,0,1,1,0,1
55,4284.97,50647.63,7,23,20.31,1.7,0,0,117.37,4,5,2,0,7,10,1,0,0,0,0,1,0,0,0
68,2137.09,25488.88,2,9,23.21,14.1,0,0,20.0,1,0,1,0,10,10,1,0,0,1,0,0,1,0,0
32,1771.47,21925.2,0,3,7.22,10.3,0,1,37.43,1,1,3,2,8,10,1,0,0,0,0,1,0,1,0
73,3236.01,39936.61,7,25,24.47,26.3,0,0,34.15,3,3,0,2,7,13,1,0,0,0,0,0,1,0,0
66,2340.76,28046.46,1,5,28.39,3.1,1,0,50.48,2,6,2,1,9,12,1,0,1,0,0,0,1,0,0
55,3877.87,47112.63,0,4,4.85,12.4,1,0,0.04,1,3,1,0,7,17,1,0,0,1,0,0,0,1,0
67,1640.08,19729.51,2,6,26.39,6.6,0,1,111.49,0,2,4,1,4,15,0,0,0,0,0,0,1,0,0
66,4161.79,49465.67,3,11,57.35,8.5,1,0,78.62,4,5,3,0,9,9,1,0,0,0,0,1,0,1,0
54,4379.55,52988.06,3,10,94.6,5.8,1,0,42.91,1,6,4,1,8,11,0,0,0,0,1,0,1,0,0
52,5708.57,66974.09,4,13,46.7,18.1,0,0,25.42,2,4,6,0,6,18,1,0,1,0,0,0,0,1,1
69,3892.11,46474.74,2,7,4.45,11.1,1,0,297.45,4,10,5,2,10,17,1,0,0,0,1,0,0,0,0
49,3387.54,40739.3,6,21,21.01,5.4,0,1,1.08,2,1,3,2,9,10,0,1,0,1,0,0,1,0,1
66,4209.02,50180.45,1,2,6.26,14.1,1,0,6.12,3,3,5,1,6,12,0,1,1,0,0,0,0,0,0
40,6103.66,72479.83,1,7,15.32,6.2,0,0,72.95,1,5,3,0,2,12,0,0,0,1,0,0,1,0,0
44,1756.37,20853.19,5,16,12.39,4.7,0,0,5.58,2,7,7,0,3,14,1,0,0,1,0,0,0,1,0
40,4496.77,55514.75,2,5,7.42,2.4,0,0,29.48,3,6,2,0,4,10,1,0,0,0,0,1,0,0,0
25,2720.47,32306.53,3,9,26.9,11.4,0,0,46.72,2,6,1,0,8,20,0,1,0,0,0,0,0,0,0
61,3475.24,41438.54,2,7,39.27,15.5,1,0,36.11,4,5,0,3,1,8,1,0,0,0,0,0,0,1,0
43,2664.15,32785.95,1,6,70.58,13.7,0,0,37.33,1,5,1,1,3,13,1,0,0,1,0,0,1,0,0
20,2651.5,31825.52,6,21,30.66,30.6,1,1,25.93,2,3,4,2,8,10,0,0,0,0,0,0,0,0,0
69,5407.17,63010.74,0,1,22.2,20.5,1,0,45.41,3,3,2,0,5,10,1,0,0,1,0,0,0,0,0
22,8451.31,101607.67,4,11,11.64,10.8,1,0,4.36,3,4,1,1,10,9,1,0,0,0,1,0,0,0,0
75,3352.63,40615.0,6,22,19.31,18.4,0,1,39.03,2,5,3,0,10,18,1,0,0,0,0,0,1,0,0
26,3815.19,45298.61,4,14,64.59,8.5,1,0,47.16,3,8,2,2,10,13,1,0,1,0,0,0,0,0,0
75,2212.27,26517.4,0,5,2.35,19.5,0,0,21.4,2,0,6,0,8,17,0,0,0,0,1,0,0,1,0
54,2019.68,24670.97,2,8,9.35,12.8,1,1,14.65,1,8,1,1,6,11,1,0,0,1,0,0,1,0,0
22,3559.15,43219.5,7,24,26.48,19.4,0,0,31.66,3,5,3,0,8,19,0,0,0,0,1,0,1,0,0
30,2204.63,27137.04,4,16,10.74,15.3,2,0,47.71,2,4,2,0,2,12,0,0,1,0,0,0,0,0,1
37,3313.72,39419.87,1,2,14.88,11.7,2,0,0.79,2,5,3,1,2,13,0,1,1,0,0,0,0,0,0
38,6539.24,81282.64,2,11,6.15,16.7,0,0,44.19,5,6,1,0,1,18,1,0,1,0,0,0,1,0,1
18,3542.77,42522.54,3,13,50.14,16.2,1,1,137.4,1,1,1,1,4,16,1,0,0,1,0,0,0,0,0
60,4251.02,51328.93,2,6,13.45,4.4,0,0,25.29,3,6,3,0,7,18,1,0,0,0,0,1,0,0,0
60,4571.09,54481.48,2,6,10.78,12.9,1,1,15.19,2,5,2,1,2,9,0,1,0,1,0,0,0,0,0
71,3399.44,41804.87,3,9,7.3,13.4,3,0,31.94,0,0,5,0,10,11,0,0,0,1,0,0,0,0,0
48,3618.88,42653.86,4,15,43.18,17.7,0,1,1.32,1,2,5,0,4,18,1,0,1,0,0,0,0,1,0
47,1967.68,23553.74,3,12,14.76,3.6,0,0,125.41,1,4,3,1,9,11,0,1,0,0,0,1,0,1,0
64,4029.23,48814.1,4,11,33.21,11.0,2,0,24.02,0,3,5,2,9,14,0,1,0,0,0,0,1,0,0
56,2648.03,32070.01,1,7,7.71,15.4,0,1,26.4,0,8,3,0,4,11,1,0,0,1,0,0,0,0,0
41,3963.25,48099.06,1,3,10.05,2.5,0,0,50.06,0,4,5,0,6,12,1,0,0,0,0,0,0,0,0
75,2551.15,30810.06,4,14,57.17,10.7,0,0,44.04,4,6,3,1,1,18,1,0,0,0,0,0,1,0,0
73,4275.71,51606.52,5,18,19.47,18.8,1,0,4.05,3,1,4,1,2,15,1,0,0,1,0,0,0,0,0
32,4200.56,49698.42,2,8,6.87,2.4,1,0,41.59,5,2,1,2,9,20,1,0,1,0,0,0,0,0,0
27,5425.1,64547.47,0,4,2.82,11.2,0,0,8.36,5,6,7,0,10,18,1,0,0,0,1,0,1,0,0
44,6630.95,80508.82,1,7,11.52,15.7,3,0,76.17,3,4,5,0,3,17,1,0,0,0,0,1,0,1,0
61,2485.57,29683.02,2,7,15.65,14.9,0,0,72.68,1,6,2,1,7,8,1,0,1,0,0,0,1,0,0
75,3860.96,47178.01,5,18,27.17,21.3,2,1,252.31,4,7,2,1,1,15,1,0,0,0,1,0,1,0,0
75,6527.57,79193.76,4,16,13.96,10.6,1,0,52.94,4,1,1,1,5,17,1,0,0,0,0,0,0,1,0
71,4384.59,51452.79,1,4,2.76,21.7,0,0,185.11,4,7,2,2,3,9,1,0,0,0,1,0,0,0,0
50,3267.53,39639.69,4,14,55.1,5.5,3,0,25.15,2,4,2,1,8,11,1,0,0,1,0,0,0,0,1
23,1742.28,21252.71,3,8,23.33,14.6,0,1,80.73,0,6,7,0,2,18,0,0,1,0,0,0,0,1,0
37,4110.24,49529.8,2,6,8.6,13.4,1,1,301.91,2,4,2,1,2,10,0,0,0,0,0,0,1,0,0
62,3092.42,37342.75,4,13,37.47,7.5,2,0,10.88,2,5,0,1,4,12,1,0,0,0,0,1,1,0,0
38,2360.58,28166.65,6,20,37.81,13.6,1,0,78.47,1,3,2,2,7,13,0,0,1,0,0,0,0,0,0
20,1942.75,23330.77,5,20,16.75,10.2,0,1,90.54,0,5,3,1,9,13,1,0,0,0,0,1,0,0,0
62,1285.59,15317.29,2,9,30.53,19.8,1,0,18.87,3,6,1,0,9,18,1,0,0,1,0,0,0,0,1
74,2581.01,31384.04,0,1,5.66,11.3,1,0,16.02,0,5,0,0,4,16,0,0,0,0,1,0,0,0,0
67,4054.11,50108.5,5,17,30.99,6.1,1,1,6.7,3,4,6,0,1,14,0,0,0,0,0,1,0,0,0
67,10843.67,134950.71,7,22,71.9,17.0,0,1,29.76,2,3,2,1,5,15,0,1,0,0,0,0,1,0,1
35,5032.82,60021.58,1,5,23.36,9.1,1,0,38.73,3,3,3,1,7,16,0,0,0,1,0,0,0,1,0
43,1847.51,22318.22,2,5,45.95,7.4,1,0,99.0,3,3,2,3,1,13,0,0,0,1,0,0,1,0,0
72,3963.97,47403.89,2,8,16.31,17.0,1,0,154.77,0,6,4,0,1,15,1,0,1,0,0,0,0,1,0
39,4255.26,51108.43,4,14,30.21,6.3,1,1,4.58,1,3,3,0,8,11,1,0,0,0,0,0,0,0,1
72,2916.18,34589.3,7,21,19.77,11.1,0,1,5.88,4,2,0,1,4,17,0,0,0,0,0,0,1,0,0
45,3103.55,36727.49,4,13,11.85,20.7,1,0,4.63,4,4,5,0,2,15,1,0,0,0,0,1,1,0,1
26,1604.37,19823.54,1,3,14.23,26.0,1,0,4.41,6,4,6,2,1,11,0,0,1,0,0,0,1,0,0
38,3705.69,45180.23,2,5,4.72,12.2,1,0,55.33,4,5,1,1,3,13,0,1,0,0,0,1,0,0,0
70,5221.87,62031.29,1,5,30.71,4.8,1,0,5.74,1,2,2,0,2,10,1,0,0,0,0,0,1,0,0
51,1825.46,21895.0,5,20,44.79,14.1,0,1,54.27,4,4,1,3,5,15,1,0,0,0,1,0,1,0,1
35,3401.22,40700.72,9,26,48.92,14.3,1,1,39.08,5,2,5,2,6,8,1,0,0,0,1,0,0,1,0
59,3429.67,41182.95,5,14,39.2,26.5,1,1,63.42,4,2,3,0,3,12,1,0,0,0,0,0,1,0,0
29,1241.45,14906.96,5,18,19.76,12.4,2,0,184.83,6,6,5,0,5,17,0,0,0,0,1,0,0,1,0
69,1376.1,16411.25,5,18,13.35,9.6,0,1,95.27,4,3,3,2,3,14,1,0,0,1,0,0,0,1,0
74,3425.02,42020.59,4,15,48.95,5.2,0,1,62.24,3,4,1,0,8,13,0,0,0,1,0,0,0,0,0
43,4926.78,60663.11,3,13,26.26,9.0,0,0,78.82,2,3,5,0,6,13,1,0,0,1,0,0,1,0,1
47,3979.94,48204.97,5,20,22.71,1.1,1,0,85.97,3,4,3,1,6,8,1,0,0,0,0,0,1,0,1
31,3381.53,40446.62,2,8,12.58,25.0,0,0,13.65,1,6,0,0,9,15,0,1,0,0,0,1,0,1,1
48,4431.42,53269.91,3,11,8.99,10.0,1,0,34.1,3,3,4,0,8,9,0,0,0,0,1,0,0,0,0
71,1975.43,23028.35,6,22,27.01,13.7,0,0,50.95,3,5,2,0,8,10,0,0,0,0,0,1,0,1,0
24,4975.35,60069.88,2,9,29.58,13.0,2,0,10.09,3,2,0,0,10,17,1,0,0,0,0,0,0,0,0
63,3592.01,42622.53,3,9,15.01,12.9,1,0,23.44,3,5,3,0,3,15,0,0,0,1,0,0,1,0,0
31,2383.47,29516.92,4,16,25.83,6.4,2,1,28.62,1,2,3,0,3,9,1,0,0,0,0,0,0,1,1
40,3137.06,37794.96,0,1,17.2,10.8,0,0,38.38,2,4,3,1,6,8,1,0,0,0,0,0,1,0,0
30,2608.68,31684.48,3,9,23.99,25.1,2,1,37.27,2,7,1,2,9,19,1,0,0,0,0,0,1,0,0
33,1773.29,20953.51,3,15,16.03,11.4,0,0,7.54,6,6,2,0,5,8,1,0,0,1,0,0,1,0,0
69,2988.03,36202.1,1,5,9.22,5.9,3,0,118.29,2,7,2,0,7,17,1,0,0,0,0,1,1,0,0
65,4080.29,47447.4,1,5,13.24,2.8,2,0,61.76,2,3,0,0,5,8,1,0,0,0,0,0,0,1,0
50,3186.77,38346.45,0,1,42.29,19.9,1,0,41.85,0,5,2,0,10,9,0,1,0,0,1,0,0,0,0
64,3117.4,37623.83,3,11,16.17,25.5,0,1,62.01,1,3,1,2,7,20,0,0,0,0,0,1,0,0,0
61,7736.87,93765.32,2,9,7.84,8.5,0,1,82.15,3,4,0,0,2,9,0,0,1,0,0,0,1,0,0
31,3469.21,41285.09,7,22,28.04,8.6,2,1,23.91,1,2,3,2,6,12,1,0,0,1,0,0,1,0,0
75,6944.75,84315.55,4,14,17.75,15.0,1,1,33.68,1,4,5,1,2,15,0,0,0,0,0,0,0,1,0
50,2790.11,32672.36,3,9,19.8,7.6,1,0,10.6,2,5,1,0,5,12,1,0,1,0,0,0,0,1,1
54,4167.18,49571.1,0,0,16.44,7.3,2,0,190.31,0,3,3,1,10,13,0,0,0,0,0,0,1,0,0
50,3493.79,42495.12,0,0,30.37,14.4,1,0,3.11,4,8,4,0,4,10,0,0,1,0,0,0,1,0,1
48,4460.03,54297.5,2,7,14.33,15.6,3,0,292.31,4,3,1,1,10,18,0,0,0,0,1,0,1,0,0
69,2988.03,35399.89,5,16,10.93,5.9,2,0,41.43,3,5,2,0,5,19,1,0,0,0,0,1,0,0,0
27,4131.55,49616.69,3,11,8.18,17.0,2,0,77.34,3,4,3,1,6,13,0,0,0,0,0,1,0,0,0
60,5454.33,66845.63,2,6,7.77,23.6,1,1,64.77,3,3,6,1,10,17,1,0,0,1,0,0,0,0,1
66,4217.6,51560.73,3,9,12.95,22.1,2,0,33.69,1,2,4,0,9,14,1,0,0,0,0,1,0,0,0
75,3352.63,40093.15,3,11,37.13,15.9,0,1,26.06,5,3,0,0,4,15,0,0,0,0,0,0,0,0,0
35,2851.97,34440.84,3,12,35.66,21.7,0,0,29.04,5,7,4,1,5,12,1,0,1,0,0,0,1,0,0
18,1305.48,15594.08,6,21,45.43,14.0,1,0,39.08,0,3,3,1,2,11,1,0,0,0,1,0,1,0,0
66,4161.79,51014.63,5,15,34.35,9.8,0,0,22.2,4,4,0,0,5,11,1,0,0,0,0,1,0,0,0
71,8806.48,102660.64,0,1,40.44,19.3,2,0,55.84,2,6,1,1,6,13,1,0,0,0,0,0,0,0,0
52,5191.98,61427.37,4,15,23.16,14.2,0,1,0.43,2,7,6,0,9,12,0,0,0,1,0,0,0,0,1
20,6790.18,81449.23,3,12,38.38,15.0,0,1,107.33,2,3,1,0,2,12,1,0,0,0,0,0,0,0,0
58,2569.13,31414.27,3,15,17.7,20.0,1,1,1.5,1,6,2,1,2,17,1,0,0,0,0,1,1,0,0
40,6103.66,71654.51,3,11,31.1,18.6,0,0,10.48,3,5,4,0,3,10,0,1,0,1,0,0,0,0,0
26,1604.37,18780.97,1,4,24.95,6.0,1,0,45.8,1,5,2,0,10,11,0,0,1,0,0,0,0,1,0
23,3643.78,43897.67,3,10,11.53,5.1,2,0,44.32,2,1,1,2,6,15,1,0,0,0,0,0,0,0,0
74,3425.02,42147.47,3,11,60.11,9.1,1,1,43.42,2,5,5,0,4,17,0,1,0,1,0,0,1,0,0
52,2151.59,25632.51,2,8,7.76,21.3,0,0,12.41,2,3,3,1,4,8,1,0,0,0,0,0,1,0,1
29,5441.17,65586.5,3,12,14.93,2.8,1,0,124.47,3,2,0,0,10,13,1,0,0,0,0,0,0,0,0
19,5147.38,62002.47,2,9,17.69,7.3,4,0,41.94,2,8,5,1,6,15,1,0,0,0,0,1,1,0,0
28,2765.55,32974.24,4,16,32.48,11.9,1,0,84.08,3,2,6,1,8,18,0,0,1,0,0,0,0,0,0
26,2328.18,28070.47,7,21,65.8,7.0,0,1,3.17,1,6,4,0,6,12,1,0,1,0,0,0,0,1,0
30,5412.75,63970.23,1,3,3.14,13.3,1,0,120.04,3,7,3,0,2,11,1,0,0,1,0,0,1,0,0
75,3333.44,40067.49,3,9,14.44,14.6,2,0,0.14,1,5,2,0,10,15,1,0,0,0,1,0,0,0,0
63,3310.3,39554.55,0,2,45.5,2.8,0,0,345.02,2,5,1,0,2,15,0,0,0,0,0,1,0,0,0
29,1241.45,14777.23,2,6,23.85,17.6,0,0,13.02,2,3,3,0,8,11,0,1,0,0,1,0,0,1,0
73,5105.71,60188.87,3,13,33.92,17.8,2,1,3.62,4,5,2,1,6,10,1,0,0,0,0,0,1,0,0
18,5153.81,62682.32,1,6,16.85,14.7,0,0,41.6,1,7,2,0,10,18,1,0,0,0,0,1,0,0,0
53,3864.0,47344.42,4,14,13.59,16.9,1,1,79.51,2,3,4,1,6,15,1,0,1,0,0,0,0,0,1
56,3951.52,47230.27,4,14,40.73,9.1,0,0,19.37,4,2,2,0,10,16,1,0,0,0,1,0,0,0,1
46,3321.79,39868.14,4,14,22.78,2.4,2,0,21.28,1,2,7,0,9,9,0,1,0,1,0,0,0,0,1
23,3830.51,46591.06,3,12,31.64,14.9,0,1,26.94,2,2,2,2,5,12,1,0,0,0,1,0,0,0,0
39,3290.28,39876.85,5,17,16.94,16.4,2,0,11.32,2,7,3,0,1,12,0,0,0,1,0,0,1,0,0
51,3918.22,46792.42,1,3,7.25,9.6,2,0,27.33,1,8,1,0,8,20,0,1,0,0,0,0,1,0,0
30,2012.86,24195.99,3,13,52.74,3.0,0,0,1.29,0,4,3,0,4,15,0,0,0,0,0,0,0,0,0
39,3290.28,38475.91,3,11,12.59,10.3,0,0,82.28,3,2,1,0,9,13,1,0,0,1,0,0,1,0,0
27,1705.11,20465.47,0,1,10.48,17.1,0,0,17.84,2,2,4,0,1,19,1,0,0,1,0,0,0,0,0
40,2402.07,29255.48,3,9,10.74,9.2,0,0,51.81,1,3,1,0,4,17,1,0,1,0,0,0,0,0,0
54,6398.98,76174.8,5,16,16.54,12.5,1,0,47.82,2,5,2,1,2,11,1,0,0,0,1,0,0,1,0
73,4783.58,58092.44,5,20,52.26,23.8,2,0,41.88,3,0,6,0,6,14,1,0,0,1,0,0,0,1,0
66,3848.22,47116.76,4,13,36.43,19.7,1,0,106.13,5,2,2,0,6,12,0,1,0,1,0,0,0,1,0
34,4702.0,56878.24,2,8,28.84,26.3,1,0,33.65,1,4,3,2,2,18,1,0,0,0,0,0,0,1,0
23,4820.96,57741.27,2,7,20.38,4.7,1,0,46.91,4,2,4,1,6,13,0,0,0,0,1,0,1,0,0
58,3452.5,39909.27,1,7,14.36,11.6,2,0,4.75,3,5,1,0,5,13,1,0,0,1,0,0,0,1,0
49,2309.34,28022.18,6,21,41.54,24.2,0,1,69.79,0,5,4,1,2,9,1,0,0,1,0,0,0,1,1
48,6482.28,77817.68,0,7,13.53,12.7,2,0,16.98,2,4,1,0,8,11,1,0,0,0,0,1,0,0,1
21,2680.55,32717.84,2,7,29.7,15.5,1,0,48.75,2,5,3,1,10,10,1,0,0,0,1,0,0,1,0
64,3381.44,41075.82,3,13,21.77,16.4,0,0,3.95,1,5,1,1,6,17,1,0,0,0,1,0,0,0,0
44,3997.31,48507.92,4,15,13.76,7.5,0,1,54.67,0,6,3,0,8,15,1,0,0,0,0,0,0,0,0
72,2303.72,27678.17,4,14,54.58,14.2,1,1,1.8,1,6,1,0,6,14,0,0,0,0,1,0,0,0,0
69,4355.81,52574.17,2,5,16.37,5.2,0,0,104.19,4,4,3,1,6,17,1,0,0,0,0,0,1,0,0
46,6795.14,81666.86,3,13,20.88,6.0,1,0,111.19,2,3,2,1,2,14,0,1,0,0,1,0,0,1,0
33,4058.9,49255.51,3,11,14.85,0.0,1,0,105.79,4,5,3,1,10,9,1,0,0,0,0,0,0,0,0
56,4622.54,56009.22,4,15,9.73,19.0,1,0,10.36,2,1,6,0,6,12,1,0,1,0,0,0,1,0,0
31,4691.35,57247.6,3,11,56.41,26.8,0,0,131.95,2,1,1,0,3,13,0,1,0,0,0,0,0,0,1
26,2607.65,31411.73,1,2,28.57,20.7,1,0,131.15,3,4,3,1,5,20,0,1,0,1,0,0,0,1,0
72,2021.61,24138.93,1,3,12.05,22.0,1,1,28.56,2,6,0,1,10,15,1,0,0,1,0,0,1,0,0
52,2273.38,26818.16,6,20,16.3,6.6,2,1,13.86,2,4,3,0,8,18,0,0,0,0,1,0,0,1,0
68,5601.89,69205.68,2,6,4.51,12.3,0,0,7.72,2,4,6,0,6,19,1,0,1,0,0,0,1,0,0
24,1512.07,18576.94,2,8,18.1,4.9,2,0,85.08,2,2,2,1,1,9,0,1,0,0,0,0,0,0,0
58,3829.0,45566.61,2,5,8.66,10.2,1,1,34.5,2,3,3,3,9,14,1,0,1,0,0,0,1,0,0
48,4737.34,57152.31,1,4,38.05,13.5,0,0,128.3,2,5,2,0,8,16,1,0,0,0,0,0,1,0,0
53,3913.86,45451.62,4,11,12.9,10.5,1,1,78.38,4,2,1,2,7,14,0,0,0,0,0,0,1,0,1
58,3100.48,38255.24,4,16,15.08,8.2,3,0,135.74,3,4,4,0,4,13,1,0,0,0,1,0,0,1,1
56,3426.85,42168.88,4,16,49.58,16.8,1,0,19.87,1,1,3,1,3,9,1,0,0,0,1,0,0,0,0
70,4630.64,55369.3,2,8,4.57,9.6,3,0,85.08,4,6,8,0,1,19,0,0,0,0,0,0,1,0,0
48,4095.1,47470.08,2,6,69.24,6.8,0,1,36.13,3,5,1,0,10,16,0,0,0,0,1,0,1,0,0
23,2925.34,34957.66,3,13,20.62,26.4,2,1,8.62,2,2,2,1,10,17,1,0,0,0,0,1,0,0,1
69,3892.11,46237.28,1,7,20.54,11.2,0,0,219.63,2,8,2,1,5,20,0,0,0,0,1,0,0,1,0
18,4260.26,52544.68,2,7,18.78,13.9,1,0,8.33,2,4,3,1,2,19,0,0,1,0,0,0,0,0,0
20,3083.28,36585.64,6,19,20.94,14.6,1,1,65.17,2,4,0,0,9,18,0,0,0,0,0,1,1,0,0
45,8941.5,108615.13,4,14,54.71,6.8,0,0,174.19,3,6,2,0,3,14,1,0,0,0,0,0,1,0,0
75,3358.1,41032.71,2,9,16.96,16.0,0,0,81.32,0,5,1,0,2,9,1,0,0,0,0,0,0,0,0
65,4911.99,59474.83,4,18,16.75,17.4,0,0,21.69,2,1,5,1,1,17,1,0,0,0,0,0,1,0,0
29,1759.27,21338.64,6,21,41.69,17.0,1,1,18.25,3,5,3,0,2,12,0,0,1,0,0,0,0,0,0
72,4071.61,48382.69,1,6,6.03,27.1,1,1,7.93,4,5,2,1,7,16,1,0,0,1,0,0,0,0,0
40,3526.93,41622.53,5,18,32.95,12.3,1,0,45.02,1,5,4,1,1,9,0,1,0,0,0,0,1,0,0
53,4332.18,52965.0,3,13,16.66,5.1,1,0,28.59,3,6,3,1,2,9,0,0,0,1,0,0,1,0,0
35,2222.7,26202.67,3,9,9.16,10.8,2,0,31.19,2,3,3,0,7,17,0,0,0,0,1,0,0,0,0
53,3976.83,46937.39,3,14,10.09,12.1,0,0,166.25,2,3,4,1,10,8,1,0,0,0,0,1,0,1,1
46,6795.14,82798.6,5,16,30.1,16.0,0,0,28.58,3,2,4,0,4,13,1,0,0,0,1,0,1,0,1
43,1847.51,21951.22,3,11,8.63,10.8,1,0,44.52,0,4,5,0,7,13,1,0,0,1,0,0,1,0,0
52,2621.32,31612.72,1,2,7.88,2.6,0,0,28.12,0,5,4,1,5,18,0,0,0,0,0,0,1,0,0
56,8781.68,107751.45,3,11,7.72,16.3,1,0,56.32,2,3,5,0,9,11,1,0,0,1,0,0,1,0,0
50,2154.53,26724.73,1,5,6.57,6.3,4,0,63.5,4,3,4,1,1,10,0,1,0,1,0,0,1,0,0
29,3333.25,40731.71,2,10,16.26,11.7,0,0,44.55,2,4,3,1,10,15,0,0,0,1,0,0,1,0,0
69,3971.72,48055.71,6,20,31.05,6.4,1,0,83.24,0,1,3,0,5,8,1,0,0,0,0,1,1,0,0
46,3471.03,41126.75,7,23,18.22,32.3,0,1,2.46,5,2,2,0,8,9,0,0,0,0,0,0,0,0,0
73,3255.31,38938.78,3,13,12.06,5.6,2,0,182.16,1,4,3,2,9,9,1,0,0,0,1,0,0,1,0
35,5602.71,67276.83,1,6,63.11,17.5,1,0,72.65,2,8,1,2,8,17,0,0,0,0,0,0,0,1,0
63,1879.39,23039.75,3,14,36.66,13.3,1,0,5.25,3,4,5,1,1,20,0,0,0,0,1,0,0,1,0
21,4237.8,50494.96,3,14,10.98,5.0,0,0,111.72,6,3,3,0,4,13,1,0,0,0,0,0,0,0,0
23,4096.4,49001.41,0,0,34.9,2.1,0,0,131.08,1,3,5,1,3,19,1,0,0,1,0,0,0,1,0
70,4294.87,51235.19,4,15,41.74,3.7,1,0,50.49,0,0,0,0,3,17,1,0,0,0,1,0,0,1,0
63,9716.29,120585.37,4,14,25.86,11.6,0,0,174.52,0,2,4,0,4,9,1,0,1,0,0,0,1,0,0
24,1742.81,20951.45,0,2,46.97,33.2,1,1,88.88,0,1,2,1,3,19,1,0,0,0,0,1,1,0,0
72,2916.18,35372.46,6,22,17.65,11.0,0,1,66.96,2,2,2,3,2,10,1,0,0,0,0,0,1,0,0
29,4522.39,53325.65,5,18,56.41,12.3,2,0,6.16,2,4,5,1,3,17,1,0,0,0,0,1,1,0,0
49,2662.42,31263.16,0,2,101.58,18.0,1,0,88.25,3,2,3,0,2,19,1,0,0,0,0,0,0,0,0
57,4449.66,54848.1,0,1,3.04,8.3,2,0,13.96,2,0,2,0,5,12,1,0,0,0,1,0,0,1,0
57,4075.87,49859.52,0,4,6.09,14.2,1,0,24.95,3,4,2,2,5,17,1,0,0,0,0,1,1,0,0
52,2310.55,27626.92,3,11,31.74,15.0,2,0,205.75,4,1,4,0,10,15,0,0,1,0,0,0,1,0,0
66,2395.12,28813.34,3,12,7.99,13.8,1,0,109.12,2,3,3,1,4,12,0,1,0,0,1,0,0,0,0
68,3884.25,47706.86,5,16,25.33,22.5,1,0,178.38,1,1,2,0,2,9,0,0,0,1,0,0,1,0,0
50,3282.96,39496.4,2,8,6.89,0.4,2,0,169.17,1,8,5,1,5,11,1,0,0,0,1,0,0,1,1
48,4245.68,51798.39,1,8,6.08,20.5,2,0,21.4,2,4,6,0,7,14,1,0,0,0,0,0,1,0,1
27,3469.83,41240.31,3,10,23.52,11.6,0,0,108.17,1,3,4,1,6,17,0,0,1,0,0,0,1,0,0
46,3471.03,42117.14,5,18,37.74,11.4,0,1,160.9,1,0,2,1,8,18,1,0,0,0,0,0,0,1,0
41,5454.54,64084.24,3,11,27.15,14.3,0,0,10.94,3,4,1,0,5,16,1,0,0,0,0,1,0,0,0
63,11663.24,142562.76,2,9,24.04,21.4,1,0,22.6,4,4,2,1,9,11,1,0,0,0,0,1,0,0,0
67,10843.67,131081.06,3,13,20.99,22.5,1,1,20.38,1,3,4,0,7,13,0,0,0,0,0,0,0,0,0
22,3018.15,36026.19,9,30,52.1,9.2,1,1,10.6,2,6,3,2,10,20,0,0,0,1,0,0,0,1,0
71,3303.32,39073.95,2,10,35.43,18.3,2,0,95.52,1,1,6,0,6,12,0,1,0,0,1,0,0,1,0
32,1603.13,19116.51,0,0,53.47,14.8,0,1,72.59,2,3,2,1,10,11,0,0,0,0,0,0,1,0,0
32,3850.91,45966.22,3,13,41.74,14.6,0,1,62.7,0,3,1,1,6,8,1,0,0,1,0,0,1,0,0
44,11507.11,135192.84,3,10,35.67,1.5,0,0,16.39,2,3,2,0,8,9,0,0,0,1,0,0,1,0,0
52,3263.72,39081.9,1,6,10.11,4.3,0,0,5.76,1,4,3,2,5,14,1,0,0,0,0,0,1,0,0
71,3944.16,48368.06,4,11,13.36,0.2,0,0,7.48,0,4,2,0,1,10,1,0,0,1,0,0,0,0,0
31,1839.25,21561.26,6,21,26.06,19.3,0,1,25.49,4,4,4,0,5,13,0,1,1,0,0,0,1,0,1
27,2776.05,32978.95,5,16,16.0,5.5,3,0,84.65,1,3,2,0,2,9,0,0,1,0,0,0,0,0,0
53,3151.85,37351.17,3,12,15.84,19.5,1,0,22.33,0,7,2,1,2,14,1,0,0,0,1,0,0,0,0
19,3921.52,46766.81,3,10,35.86,5.6,3,1,9.28,2,1,2,0,5,11,0,0,1,0,0,0,0,0,0
63,2705.73,32920.36,3,15,11.94,4.3,1,0,52.29,2,6,4,1,5,12,1,0,0,0,0,0,0,0,0
69,2767.72,32984.69,1,7,24.52,8.2,2,0,12.63,0,4,3,1,4,12,1,0,0,1,0,0,1,0,0
73,3935.19,47960.94,7,27,35.59,15.9,0,0,29.63,2,6,4,1,8,12,0,1,0,0,0,0,0,0,0
51,5533.04,65527.58,4,12,11.54,7.8,2,0,162.24,1,2,6,0,3,18,1,0,0,0,0,1,1,0,0
54,3643.78,44058.68,2,10,35.93,5.1,2,0,99.4,2,3,7,1,7,16,0,0,0,0,1,0,0,1,0
55,2315.6,28502.79,0,2,35.85,14.5,1,0,65.23,3,4,4,1,2,13,1,0,0,0,0,0,1,0,0
48,4243.86,51198.05,3,12,35.23,5.5,0,0,8.16,5,5,4,0,4,13,1,0,0,1,0,0,0,0,1
48,4095.1,49121.73,2,10,24.07,8.8,1,1,22.05,5,3,1,0,3,13,1,0,0,0,1,0,0,0,0
25,3764.74,45770.2,4,14,47.37,8.7,2,0,16.75,1,2,4,0,6,18,1,0,0,0,1,0,0,0,0
54,2282.36,27615.47,1,6,8.8,20.1,1,0,106.77,2,4,2,1,5,17,1,0,0,1,0,0,0,0,1
34,4566.44,54735.53,3,11,9.17,9.0,2,0,32.55,2,0,3,0,8,12,0,0,0,0,0,0,0,1,0
63,2848.82,33940.49,1,4,19.12,18.5,1,0,253.06,4,3,4,1,7,19,1,0,1,0,0,0,0,0,0
69,2512.11,30542.82,2,10,20.49,4.3,0,1,43.15,2,3,1,0,3,8,1,0,0,0,0,1,0,0,0
24,6804.19,82682.97,3,13,7.1,9.1,0,0,37.19,4,5,3,1,10,19,1,0,0,0,1,0,1,0,0
71,1805.92,21129.1,3,9,17.82,23.4,0,0,192.69,1,6,2,0,6,11,1,0,0,1,0,0,0,1,0
60,4613.03,56029.07,1,6,25.01,7.4,1,0,93.12,1,7,2,0,10,14,1,0,0,0,0,0,1,0,0
60,4973.83,60763.19,2,8,11.73,23.5,0,1,49.5,2,4,6,1,3,20,0,0,0,0,0,0,1,0,1
34,5955.21,69579.98,2,5,52.3,15.3,0,1,34.33,1,3,3,1,6,20,0,0,0,0,1,0,0,1,0
29,7900.59,93230.06,8,25,19.42,14.5,1,1,50.7,1,2,3,1,7,14,1,0,0,0,0,0,1,0,0
38,2806.83,33024.22,3,11,64.37,19.6,0,0,26.82,2,3,2,0,7,18,1,0,0,0,0,1,0,0,0
27,3515.38,42600.59,1,4,2.44,16.0,1,0,141.01,4,6,4,1,7,12,1,0,1,0,0,0,1,0,0
74,2364.58,28430.55,5,15,50.24,14.2,0,0,18.49,2,2,3,0,7,8,1,0,0,1,0,0,0,0,0
52,3459.27,42475.91,1,5,17.43,10.1,1,1,34.17,1,5,1,0,5,8,1,0,0,1,0,0,0,0,1
44,4531.42,53665.9,2,9,20.46,15.0,0,0,87.53,2,6,3,0,5,8,1,0,0,1,0,0,1,0,0
63,3099.84,36835.26,3,8,17.33,3.9,2,0,89.72,1,3,4,1,2,15,0,0,0,1,0,0,1,0,0
30,4994.58,61114.78,6,22,20.42,26.1,1,0,6.48,1,5,4,0,4,18,0,0,0,1,0,0,1,0,1
68,4828.05,58701.43,4,13,11.85,4.9,0,1,66.78,4,2,2,1,4,15,1,0,0,0,0,0,1,0,0
38,1821.24,21765.44,0,2,39.94,6.4,0,0,12.21,0,7,3,0,8,19,0,1,0,1,0,0,1,0,0
40,1522.39,18632.49,2,7,24.18,11.8,3,1,14.85,1,5,1,1,9,17,1,0,1,0,0,0,0,1,1
65,3776.15,46420.87,1,2,41.8,5.0,2,1,16.92,2,2,1,1,2,19,1,0,1,0,0,0,0,1,0
39,3764.91,45822.2,2,6,16.0,4.9,2,0,71.07,3,6,5,1,3,16,0,0,0,0,1,0,0,0,0
29,3862.14,45091.04,1,9,28.44,12.0,0,0,15.36,5,11,6,0,10,17,0,0,0,1,0,0,0,0,0
74,2213.08,27471.76,5,18,36.69,7.5,0,1,37.47,1,4,3,1,10,12,0,1,0,1,0,0,0,1,0
67,3208.09,37387.48,0,2,36.71,0.8,0,0,12.55,2,4,3,0,10,16,1,0,0,1,0,0,1,0,0
73,4275.71,49957.87,1,4,5.14,7.7,1,0,12.02,0,4,4,1,1,16,0,0,0,1,0,0,1,0,0
75,3580.27,42905.17,1,2,56.71,4.2,1,0,25.39,1,1,1,0,1,15,0,0,1,0,0,0,0,0,0
53,1959.99,23566.27,3,12,24.76,19.2,0,0,1.06,4,1,2,1,4,10,0,1,0,1,0,0,1,0,1
41,3096.63,36007.64,3,11,11.36,3.8,1,0,4.57,6,4,4,1,2,20,0,0,0,0,0,0,1,0,0
59,7491.87,89234.01,1,2,51.36,6.3,2,0,10.86,3,3,2,1,6,8,0,0,0,0,1,0,0,0,0
49,3387.54,39878.93,2,6,45.13,33.7,1,1,31.15,2,2,3,0,5,19,1,0,0,1,0,0,0,0,1
23,4820.96,57694.82,2,6,19.82,7.1,1,0,124.84,3,5,2,0,7,11,1,0,0,0,1,0,0,1,0
18,2716.38,31982.71,2,10,40.45,11.1,1,0,154.24,2,5,2,0,7,17,1,0,0,0,1,0,1,0,0
47,2839.83,34978.84,0,2,5.4,4.5,1,0,83.68,0,3,3,2,9,12,0,0,0,0,1,0,0,1,0
51,1755.93,21139.43,1,5,36.51,9.8,1,1,19.28,1,3,3,4,8,20,0,0,0,0,0,0,0,1,0
46,4577.63,54813.67,2,8,26.4,14.7,2,1,75.24,3,0,2,2,1,14,1,0,0,0,1,0,1,0,0
35,3676.61,43336.73,0,1,24.09,16.4,0,0,7.64,1,4,2,0,2,15,0,0,1,0,0,0,0,1,0
32,4662.7,57033.32,5,20,16.38,13.7,1,1,142.05,3,4,3,2,3,15,1,0,0,0,0,0,0,0,0
18,3542.77,41378.2,4,14,15.9,14.8,2,1,53.86,0,6,4,1,8,12,0,1,0,1,0,0,0,0,0
49,4286.1,51147.37,0,0,12.6,8.1,0,0,16.31,3,6,2,2,8,10,0,1,0,0,0,1,1,0,0
24,6523.73,79999.93,3,12,44.07,25.8,2,1,99.52,7,5,3,0,7,17,1,0,0,0,0,0,1,0,0
73,3934.75,47836.68,0,3,35.45,2.2,1,0,11.28,1,9,4,0,9,8,1,0,0,0,0,1,0,1,0
47,2871.48,34505.84,4,14,51.42,10.2,1,1,10.13,0,7,1,0,9,9,0,1,0,0,0,0,1,0,1
41,2213.41,26897.26,6,21,52.12,28.3,0,0,8.68,1,8,2,0,2,11,0,0,1,0,0,0,0,1,0
60,4323.43,52959.45,7,23,36.57,20.7,2,1,23.62,1,1,2,1,9,19,0,0,0,0,0,1,0,1,0
73,1846.95,21831.47,2,8,15.51,19.2,0,1,35.3,1,3,5,2,5,8,0,0,0,0,0,1,1,0,0
19,6333.16,75847.34,1,9,4.46,14.2,0,0,32.56,2,3,4,0,6,14,0,0,0,0,0,0,0,1,0
42,4204.87,50214.71,3,11,55.43,15.1,0,0,9.46,2,4,2,3,3,9,1,0,0,0,0,0,0,0,0
55,2431.72,29100.18,0,1,12.59,8.5,2,0,5.4,3,1,3,1,10,15,1,0,0,0,0,0,0,1,0
41,3096.63,37766.03,7,25,26.16,9.4,2,0,73.69,2,3,3,2,7,14,1,0,0,0,0,0,0,0,0
18,4203.03,51344.8,4,14,14.12,10.3,0,0,28.55,4,4,0,2,3,8,1,0,0,1,0,0,1,0,0
27,6545.43,79432.23,0,1,23.8,18.2,0,0,139.14,2,5,6,0,5,10,1,0,0,0,1,0,1,0,0
40,4496.77,52012.9,0,2,14.41,11.6,1,0,57.0,6,3,4,0,8,8,1,0,0,0,0,1,0,0,0
47,6423.88,76369.85,0,3,3.96,8.6,0,0,185.4,5,4,7,0,3,15,1,0,0,0,1,0,0,0,0
56,7080.36,83778.65,1,5,38.86,13.4,5,0,47.39,2,9,2,1,1,17,0,0,0,0,0,1,0,0,0
51,3092.35,36946.79,5,18,32.6,11.4,1,1,4.64,0,5,2,2,9,9,0,0,0,0,0,0,1,0,0
35,3056.29,36777.61,1,3,19.66,11.0,1,0,119.02,0,2,8,0,1,20,0,1,0,0,0,0,0,0,0
30,5412.75,65315.2,0,2,7.76,14.9,1,0,93.73,1,5,3,0,7,9,0,0,0,1,0,0,0,0,0
36,3117.05,36991.25,2,8,12.95,17.6,1,0,29.49,0,3,6,1,7,15,0,0,1,0,0,0,0,1,0
32,3655.63,42938.05,2,9,17.34,7.7,0,0,32.55,1,4,4,0,5,9,1,0,0,1,0,0,1,0,0
52,3135.32,38486.65,4,14,13.84,13.5,1,0,120.41,2,2,3,0,5,20,1,0,1,0,0,0,0,0,0
73,1936.51,23385.62,6,19,21.36,7.9,0,0,82.01,2,2,6,0,8,11,0,0,0,0,0,1,1,0,0
74,9298.08,108697.81,3,14,29.97,20.8,2,1,22.31,4,8,5,0,7,10,1,0,0,1,0,0,1,0,0
66,4161.79,50363.81,5,15,34.48,8.0,5,0,27.72,2,2,3,4,1,19,1,0,0,0,0,1,0,1,0
52,4823.88,57822.1,6,23,15.62,15.2,0,1,106.22,0,1,8,2,7,15,0,1,0,1,0,0,0,0,0
23,3643.78,42960.48,2,11,25.0,24.9,0,0,41.47,4,2,2,1,10,15,1,0,0,0,0,0,1,0,0
48,7155.3,86780.12,9,29,28.57,16.6,0,1,33.12,6,3,1,0,6,8,1,0,1,0,0,0,0,0,1
39,6888.5,82274.61,3,11,8.86,7.5,0,0,135.89,5,9,2,1,3,14,1,0,0,1,0,0,1,0,0
64,4029.23,47553.76,3,10,18.55,2.0,1,0,82.19,1,1,5,0,7,9,0,0,0,0,0,0,0,1,0
20,4693.97,56197.77,5,18,19.6,6.7,0,1,8.84,2,3,2,0,4,10,0,0,0,1,0,0,0,0,0
62,6919.13,81697.12,3,12,16.35,3.9,1,0,8.33,1,4,5,1,4,16,0,0,0,0,0,0,1,0,0
34,2673.54,32352.48,3,10,19.11,17.4,1,1,34.89,1,5,3,0,9,18,0,0,0,0,1,0,0,0,0
24,3591.2,42253.08,2,7,35.4,15.2,0,0,1.01,5,3,4,0,8,12,0,0,0,0,1,0,0,0,0
57,8138.14,95940.55,1,6,15.83,14.2,1,0,132.46,2,3,2,0,9,19,1,0,0,0,0,0,0,1,0
49,3483.95,41477.04,2,9,42.87,13.4,0,0,48.14,0,5,2,1,4,9,1,0,0,0,0,1,0,0,0
57,3113.13,37684.95,3,11,51.5,17.0,3,0,66.19,1,3,3,0,10,15,0,0,0,0,1,0,1,0,0
27,1963.16,23736.26,4,16,17.65,12.4,0,0,59.14,4,4,3,2,7,14,1,0,0,0,0,1,1,0,0
51,5533.04,65049.48,8,24,16.75,19.5,1,0,66.7,2,1,1,1,10,19,1,0,0,0,0,1,1,0,0
68,2852.23,33719.11,2,8,45.58,17.7,3,0,63.0,4,0,5,0,1,14,1,0,0,0,1,0,1,0,0
22,1843.55,22130.55,2,7,20.51,7.6,1,0,23.69,2,2,5,0,7,13,0,1,0,0,0,1,1,0,0
29,4144.6,50629.65,6,22,17.79,24.1,1,0,52.04,1,4,1,1,4,13,1,0,0,1,0,0,0,0,1
24,2429.29,29726.27,3,14,10.56,3.9,0,0,53.57,0,6,5,0,8,19,1,0,0,0,0,0,0,0,0
22,3559.15,43146.19,3,13,17.89,8.8,3,0,65.23,3,2,5,2,4,17,1,0,0,0,1,0,0,1,0
60,1905.54,23198.88,1,3,9.16,22.0,0,0,35.54,2,4,4,0,8,9,1,0,1,0,0,0,0,0,0
66,3464.08,41230.19,3,12,7.27,10.3,2,0,46.15,4,2,1,2,6,12,1,0,0,0,0,0,1,0,0
25,4126.39,49823.85,4,16,25.17,6.0,1,0,34.14,4,4,1,1,3,15,0,1,0,0,0,1,0,1,0
22,3662.32,44606.24,0,2,16.11,9.0,0,0,21.5,3,2,1,0,6,12,1,0,0,0,0,0,0,0,0
61,6051.48,72943.09,5,17,51.86,25.7,0,0,19.44,2,1,2,2,4,20,1,0,1,0,0,0,1,0,0
60,7594.72,92085.14,4,14,11.4,25.1,0,1,104.43,3,4,2,1,2,11,0,0,0,0,0,0,0,0,1
40,2409.94,28813.33,4,13,16.5,12.4,0,0,36.25,3,1,2,0,2,13,1,0,0,1,0,0,1,0,0
29,3980.02,47599.05,4,13,45.41,4.9,1,0,6.49,4,5,3,1,9,10,1,0,1,0,0,0,1,0,0
47,5135.48,62612.46,0,1,20.36,14.3,0,1,53.84,1,2,1,1,5,11,1,0,0,0,0,1,0,0,1
69,2222.52,26941.97,1,3,20.2,17.5,1,1,147.38,2,1,6,2,8,12,1,0,0,0,0,0,1,0,0
55,3765.9,45302.41,4,14,44.56,2.5,1,0,3.29,4,1,4,3,8,10,1,0,0,0,1,0,1,0,0
33,2433.71,29596.47,5,20,25.24,26.5,0,1,161.0,0,5,2,0,3,10,0,1,0,0,1,0,0,1,0
21,2547.23,30580.51,0,2,4.93,5.1,5,0,37.05,2,1,2,0,2,10,1,0,0,0,0,0,1,0,0
60,3377.61,40136.04,1,7,13.7,17.4,0,0,15.23,1,2,3,0,2,13,0,0,0,0,0,0,0,1,0
40,3160.02,38002.42,6,18,19.6,24.7,2,1,23.86,4,4,7,2,1,13,1,0,0,0,1,0,1,0,0
57,2455.59,29215.49,3,11,33.44,9.2,1,0,85.27,2,7,3,0,2,12,1,0,0,1,0,0,1,0,0
31,2664.32,31867.53,1,3,27.38,17.0,1,0,20.4,2,8,3,2,2,8,0,0,0,0,1,0,1,0,0
61,3797.93,46021.68,7,27,20.92,7.8,1,0,9.62,3,8,2,0,6,13,1,0,0,0,0,0,0,1,0
45,6375.88,73902.76,1,4,13.89,13.9,0,0,144.29,4,2,3,2,1,9,0,0,0,0,0,0,0,0,0
32,5456.15,65108.37,1,4,23.07,4.5,0,0,9.09,4,6,3,1,6,18,0,0,0,0,0,1,1,0,0
25,3764.74,44666.44,4,14,16.07,2.5,1,0,110.8,1,6,6,0,9,8,1,0,0,0,1,0,0,1,0
59,1926.52,23165.41,2,7,18.28,24.4,2,0,15.27,1,4,2,1,6,19,1,0,1,0,0,0,0,1,0
46,6060.97,73638.37,8,25,39.92,9.0,0,0,127.21,2,4,2,1,7,11,0,0,1,0,0,0,1,0,0
68,2761.13,32772.52,3,14,41.94,7.3,0,0,125.24,1,9,0,1,7,18,1,0,0,0,0,0,0,1,0
68,2731.41,32975.17,7,22,57.18,12.1,1,0,72.59,4,3,5,2,4,11,0,0,0,0,0,1,0,1,1
35,4134.14,48853.07,0,2,32.01,7.0,0,1,60.72,4,3,3,0,2,16,0,0,1,0,0,0,0,1,0
59,3716.0,46509.25,2,8,8.38,8.6,0,0,9.74,2,2,3,0,8,19,1,0,0,0,0,1,1,0,0
26,5132.09,60366.4,6,23,35.89,8.0,0,1,106.06,1,2,1,0,6,12,1,0,0,0,0,0,0,0,1
28,3898.07,46167.73,4,12,29.06,19.0,1,1,15.55,0,4,0,0,10,19,1,0,0,0,0,0,1,0,0
64,2333.19,27349.22,0,0,2.06,24.0,1,0,5.84,1,6,3,0,6,11,0,0,1,0,0,0,0,0,0
41,2243.44,26774.08,3,11,68.96,4.9,0,0,35.29,4,3,0,1,8,17,0,0,0,1,0,0,1,0,0
70,5754.53,69380.84,3,12,9.33,15.2,2,0,9.67,1,8,4,0,3,12,1,0,0,0,0,0,0,1,0
18,3820.17,46062.75,3,13,61.26,9.6,3,1,25.86,2,10,2,2,3,12,0,0,0,0,0,0,1,0,0
51,9365.14,112548.36,3,15,46.38,5.1,1,0,84.08,0,2,2,1,5,8,1,0,0,1,0,0,1,0,0
65,1187.75,14384.77,3,11,6.18,16.3,0,0,119.11,3,1,4,2,1,9,1,0,0,0,0,0,0,0,0
73,8996.39,109363.42,5,18,23.2,10.3,1,0,22.22,2,1,1,1,6,17,0,0,0,0,1,0,0,0,0
61,3645.08,44424.3,4,16,21.37,13.1,1,0,82.75,2,4,1,2,10,19,0,0,0,0,0,1,0,0,0
60,6222.23,73028.16,3,9,16.6,6.8,0,0,89.29,1,2,4,1,7,11,1,0,0,1,0,0,0,0,0
68,1423.17,16765.99,2,9,12.08,19.5,0,1,62.98,1,4,3,0,10,9,1,0,0,0,0,0,1,0,0
45,2570.57,30212.42,0,0,5.11,16.3,1,0,210.29,2,4,2,1,6,13,0,0,0,0,0,0,1,0,0
63,3099.38,37984.44,2,9,42.12,7.4,0,0,64.55,2,2,4,2,10,17,0,1,0,0,0,1,1,0,0
60,4571.09,53877.39,5,17,19.45,6.8,3,1,3.53,2,5,1,0,9,18,0,0,0,1,0,0,1,0,0
54,4083.49,47675.95,7,20,31.84,17.5,0,1,1.17,0,6,3,2,3,15,0,0,1,0,0,0,1,0,0
73,3934.75,46780.58,1,3,11.19,15.7,0,0,69.97,2,3,4,0,1,13,0,1,0,0,0,1,0,0,0
43,4826.51,58712.93,3,11,10.34,23.2,0,0,7.34,2,4,0,1,7,17,1,0,0,0,0,1,1,0,1
44,4536.15,55027.38,0,0,18.74,20.6,0,0,15.94,1,3,5,0,10,11,1,0,0,0,1,0,1,0,0
46,2809.24,33635.57,5,17,48.02,7.2,2,1,135.61,3,5,4,0,3,18,1,0,0,0,0,1,0,1,1
31,3381.53,40933.95,3,10,37.93,12.2,0,0,222.24,2,4,1,0,2,9,1,0,0,0,0,1,0,0,0
60,3436.67,40129.46,6,21,70.88,25.2,0,1,9.39,1,3,3,0,4,18,0,0,0,0,1,0,0,0,1
34,2958.52,35794.81,1,7,54.02,2.8,0,0,201.26,2,3,2,0,3,19,0,0,0,0,1,0,1,0,0
72,4168.18,51495.31,1,4,23.26,18.5,0,1,144.43,3,5,2,0,2,14,1,0,0,1,0,0,0,1,0
35,5032.82,61163.27,2,10,6.8,3.2,0,0,84.12,2,8,7,0,4,17,1,0,0,1,0,0,0,1,0
50,4319.29,52033.67,1,4,22.62,15.1,2,0,136.94,0,5,3,1,9,8,1,0,1,0,0,0,1,0,0
41,1726.38,20379.89,1,5,20.43,3.5,0,0,100.18,3,3,3,1,6,11,1,0,0,0,0,1,1,0,0
71,4344.27,52334.86,4,16,39.27,7.5,0,1,28.28,0,4,1,0,5,20,0,1,1,0,0,0,0,1,0
42,3717.71,44582.62,5,19,27.3,6.1,2,0,121.89,4,2,2,2,9,11,1,0,0,0,1,0,0,0,1
38,5795.65,69046.99,1,8,71.64,4.2,1,0,6.6,2,6,3,1,3,20,0,0,1,0,0,0,0,0,0
73,1799.42,22235.23,5,19,22.26,2.4,0,0,16.71,1,7,2,0,1,18,1,0,0,0,0,0,0,0,0
43,4826.51,56883.37,5,18,20.1,10.0,1,0,131.56,4,6,4,1,6,11,0,0,0,0,0,1,0,0,1
59,3954.97,47797.4,2,7,31.73,9.1,2,1,48.22,3,2,0,0,3,15,0,0,0,0,0,0,1,0,0
63,3492.68,42121.78,5,15,23.66,11.2,0,1,12.59,2,6,4,0,1,14,1,0,0,0,0,1,0,1,0
63,9716.29,116045.69,2,8,6.3,3.3,2,0,9.58,1,4,1,0,5,17,0,0,1,0,0,0,0,0,0
26,4829.1,58329.6,5,16,23.42,25.4,1,1,25.55,1,7,2,0,4,16,0,0,0,0,0,0,0,0,0
18,5000.5,61013.83,3,9,21.62,2.6,1,0,5.12,2,4,1,2,6,9,1,0,1,0,0,0,0,0,0
22,6035.78,73351.34,3,12,130.82,7.3,1,0,6.37,3,2,5,1,10,17,0,0,0,0,0,0,1,0,0
48,4245.68,50624.74,0,3,47.62,2.7,1,0,11.99,2,5,3,0,9,17,1,0,0,0,0,0,0,1,0
23,4128.7,50059.89,6,19,23.76,11.2,0,0,150.9,1,3,4,1,9,15,0,0,0,0,0,0,1,0,1
36,2510.34,30156.61,4,13,13.07,14.2,0,0,8.81,0,2,1,0,9,15,0,0,0,0,1,0,1,0,0
43,3193.85,38008.12,4,13,10.81,13.0,1,0,44.39,0,2,1,1,7,8,1,0,0,0,1,0,1,0,0
35,1717.39,20831.97,1,5,9.16,13.9,2,0,30.75,5,2,3,0,2,20,0,0,0,0,1,0,0,0,0
72,1267.2,15279.27,1,6,2.12,4.8,0,0,9.94,0,0,3,0,4,10,0,0,0,0,0,0,1,0,0
35,2156.93,25672.07,3,10,45.05,6.0,0,0,29.47,3,1,4,1,10,17,1,0,0,1,0,0,0,0,0
68,3156.19,38561.96,8,24,27.52,18.3,0,1,15.65,3,2,5,2,6,20,0,0,0,0,0,0,1,0,1
60,5411.26,65097.52,0,3,1.34,6.5,1,0,32.31,4,5,1,1,5,11,1,0,0,1,0,0,1,0,0
45,3036.61,36729.81,0,1,42.87,26.8,2,1,21.86,2,4,3,0,10,12,1,0,1,0,0,0,0,1,1
63,2848.82,34457.24,0,2,27.06,10.9,1,0,0.41,1,3,5,0,8,15,0,0,1,0,0,0,1,0,0
73,4317.22,52099.41,6,19,102.7,6.4,0,0,8.16,1,4,1,0,2,18,1,0,1,0,0,0,1,0,0
74,3950.09,48003.41,2,6,46.36,8.8,1,0,43.17,2,3,2,3,7,14,1,0,1,0,0,0,0,0,0
59,3328.88,39962.04,0,2,1.0,1.4,1,0,43.07,1,3,3,0,8,10,0,0,1,0,0,0,1,0,0
27,5191.36,62221.65,4,14,9.07,17.1,1,0,62.91,4,1,4,0,8,8,1,0,0,0,0,0,0,0,0
66,4379.2,52366.56,2,8,16.15,8.6,3,0,65.51,3,5,3,0,2,17,1,0,0,1,0,0,0,1,0
63,3358.06,39868.13,3,8,8.95,8.8,1,0,49.24,1,2,0,0,9,12,0,0,0,0,0,1,1,0,0
31,2694.24,32862.47,2,6,10.23,31.0,0,0,23.17,0,8,6,1,6,14,1,0,0,0,0,0,0,0,0
73,2675.55,32413.65,2,9,20.72,2.5,1,0,5.85,2,6,1,0,4,10,1,0,0,0,1,0,1,0,0
67,2912.79,34938.59,5,19,17.26,6.8,4,1,22.45,2,4,2,0,4,15,1,0,1,0,0,0,1,0,0
42,3132.59,36998.71,3,13,23.44,19.1,0,1,49.15,0,6,1,1,7,18,1,0,0,0,0,1,0,1,0
35,3556.96,42814.35,2,8,5.48,2.4,0,0,11.15,5,5,3,1,10,8,1,0,1,0,0,0,0,1,0
75,3333.44,40305.93,2,10,13.84,10.3,1,0,11.56,2,3,3,0,9,11,0,0,0,0,1,0,1,0,0
61,4904.52,59356.84,5,22,13.66,8.4,2,0,70.42,3,5,3,0,6,18,0,1,1,0,0,0,0,1,0
36,5733.79,69095.55,2,7,11.48,8.5,0,0,65.75,0,2,4,0,10,19,1,0,0,0,0,0,0,1,0
61,2570.53,31254.45,1,4,21.32,4.6,1,0,80.95,3,5,4,0,4,11,1,0,1,0,0,0,1,0,0
18,2290.79,27489.52,3,11,26.06,16.1,1,1,44.49,0,3,3,0,1,17,0,0,1,0,0,0,1,0,0
64,3311.91,39449.83,9,30,47.74,16.2,0,1,56.53,2,3,6,1,1,12,0,1,0,1,0,0,0,0,1
73,3236.01,39190.48,5,16,20.34,13.2,0,0,24.04,1,4,2,2,4,20,1,0,0,0,0,0,0,1,0
63,2390.93,28741.77,2,6,8.94,14.6,0,0,41.76,6,3,2,0,6,18,0,1,1,0,0,0,0,0,0
72,1896.3,21993.2,1,5,61.68,8.6,1,0,30.63,0,4,2,0,7,8,1,0,0,1,0,0,1,0,0
54,8130.75,98892.1,5,15,48.16,25.8,1,0,56.51,1,8,2,1,5,14,0,1,0,0,1,0,0,0,1
58,2569.13,30505.0,1,5,44.75,21.1,0,1,85.22,3,5,3,0,5,10,0,0,0,0,0,1,0,0,0
73,3935.19,47876.04,4,14,42.32,3.7,1,0,161.89,2,3,1,0,2,16,1,0,0,0,0,0,1,0,0
73,3078.21,36858.95,2,8,61.38,13.7,0,0,149.87,2,9,4,1,10,10,1,0,1,0,0,0,0,0,0
73,1700.58,20576.06,0,3,13.7,2.8,0,0,56.4,1,3,5,1,8,19,0,0,0,1,0,0,0,0,0
29,2356.28,28906.98,6,20,15.9,10.1,1,0,99.47,0,6,5,1,10,19,1,0,1,0,0,0,0,0,0
54,7148.86,85775.09,4,15,8.62,8.7,2,0,133.28,2,5,3,1,6,15,1,0,0,0,0,1,1,0,0
38,3535.4,42222.95,1,8,34.96,2.8,1,0,6.24,1,6,1,0,2,13,0,0,0,0,0,0,1,0,0
73,2214.38,26340.13,1,6,3.29,15.9,1,0,203.49,2,5,4,1,9,17,1,0,0,0,0,0,1,0,0
44,2151.49,25361.64,2,7,12.98,3.4,0,0,22.16,1,2,5,0,6,14,1,0,1,0,0,0,0,1,0
51,3181.14,38055.06,3,13,7.71,7.0,2,0,32.75,1,3,2,0,2,8,1,0,0,0,0,1,0,0,0
60,4446.77,53266.8,0,3,1.0,16.9,0,0,32.81,1,4,3,1,2,19,1,0,1,0,0,0,0,0,0
59,4730.75,57384.16,5,19,29.33,10.1,0,0,51.85,6,2,4,0,7,19,0,0,0,0,0,1,1,0,0
66,3073.05,36310.05,4,14,23.04,18.5,0,0,19.17,1,4,1,0,10,13,1,0,0,1,0,0,1,0,0
75,1949.71,22974.91,3,12,9.56,17.9,2,0,62.11,2,1,3,1,8,20,1,0,1,0,0,0,0,0,0
51,1093.96,12872.12,1,4,12.02,3.1,1,0,35.04,1,5,3,1,9,10,1,0,0,1,0,0,1,0,0
69,4355.81,52816.3,2,6,30.16,7.3,0,0,33.79,1,4,1,1,7,20,1,0,0,0,0,0,0,0,0
45,3728.56,45381.7,5,16,75.65,14.5,0,1,24.04,1,3,3,0,5,11,0,0,0,1,0,0,0,1,0
33,2153.27,24899.67,2,9,12.59,4.8,0,0,7.43,1,3,4,3,4,14,0,0,0,0,0,0,1,0,0
26,7011.88,82116.6,1,5,20.42,8.1,1,0,143.14,4,4,5,2,1,15,1,0,0,0,0,0,1,0,0
72,2959.67,35469.11,4,14,12.18,12.1,1,0,170.21,2,4,2,0,1,16,0,0,0,0,0,1,1,0,0
73,2218.25,27141.07,1,6,25.4,5.2,2,0,78.78,1,2,2,1,7,8,1,0,0,1,0,0,0,0,0
36,6003.62,72680.73,1,5,23.05,7.0,1,0,16.25,7,2,3,0,6,18,1,0,0,0,1,0,0,0,0
46,2544.64,30118.74,4,16,9.26,3.4,4,0,15.82,3,2,5,1,2,11,0,1,0,0,0,0,1,0,0
73,3990.03,48526.17,2,5,19.52,14.0,0,0,112.04,0,4,4,1,8,13,0,0,0,0,0,0,0,1,0
33,1544.41,18887.84,3,10,22.5,4.7,0,1,116.38,3,4,4,2,10,12,1,0,0,0,1,0,0,1,0
38,2360.58,28846.13,2,10,12.88,11.2,4,0,4.82,3,5,3,0,10,9,0,0,1,0,0,0,1,0,0
74,7668.16,89771.83,2,10,22.44,17.1,0,0,12.45,1,5,2,1,6,10,1,0,0,0,0,0,0,0,0
57,5981.09,72368.21,1,5,10.22,4.7,0,0,73.76,1,3,6,0,4,15,1,0,0,0,1,0,0,1,0
43,4469.78,52983.58,3,10,10.62,16.9,0,0,89.12,3,3,4,1,9,14,1,0,0,0,0,1,1,0,0
58,2837.26,33465.2,3,11,8.83,12.7,3,0,278.27,1,5,4,0,8,9,1,0,0,0,0,0,0,1,0
28,3808.62,45475.32,2,11,11.79,5.9,1,1,23.09,2,3,5,1,3,12,1,0,0,0,1,0,0,1,0
42,3717.71,44330.67,4,16,26.02,10.3,1,0,16.96,5,6,1,1,9,12,0,0,0,0,1,0,1,0,0
23,7724.8,95104.19,4,17,13.2,15.0,0,0,16.43,1,4,2,2,5,17,1,0,0,0,0,1,0,1,0
68,5476.0,64298.85,3,8,33.96,7.8,0,1,4.19,1,1,3,1,8,17,0,0,0,1,0,0,0,1,0
21,2535.63,30201.45,4,13,34.05,4.1,1,1,27.59,1,4,2,0,1,17,0,1,0,0,0,1,0,1,0
19,3247.96,38417.72,5,18,19.71,30.7,1,0,65.64,3,4,5,0,2,9,1,0,0,0,1,0,1,0,0
74,2581.01,31416.06,0,5,1.17,4.0,0,0,102.6,3,4,5,0,1,9,1,0,0,0,1,0,1,0,0
66,1542.44,18929.37,3,9,33.81,25.3,1,0,44.29,0,0,1,0,10,16,1,0,0,0,0,0,1,0,0
60,6283.74,75020.99,4,13,13.82,18.7,0,0,40.83,2,4,2,1,6,12,1,0,0,0,1,0,0,0,1
42,8264.61,101412.26,3,10,18.61,12.3,0,0,118.7,1,8,2,1,1,18,1,0,0,1,0,0,0,0,0
51,3918.22,47068.22,3,11,8.69,13.4,1,0,76.32,4,3,2,0,9,13,0,0,0,0,0,0,1,0,0
30,4207.25,49601.59,1,6,3.86,15.7,0,0,17.68,4,5,2,0,1,10,1,0,0,0,0,0,1,0,0
24,2858.53,34482.16,0,6,63.14,6.6,2,0,21.62,6,5,2,0,1,15,1,0,0,0,0,0,0,0,0
61,1904.69,22976.76,2,9,14.54,2.4,0,0,13.58,2,5,5,2,6,20,0,0,1,0,0,0,1,0,0
73,1700.58,20210.26,1,6,10.21,17.6,0,0,39.85,1,2,2,0,8,16,1,0,0,1,0,0,1,0,0
20,2427.37,29255.85,4,14,15.99,16.2,0,1,24.57,5,6,8,1,3,8,1,0,0,0,0,0,0,0,0
66,2791.21,33594.77,0,0,14.87,10.2,3,0,52.37,7,4,9,0,1,19,0,0,0,0,1,0,0,1,0
55,2921.24,35357.32,3,10,33.65,9.2,0,0,60.1,2,4,4,0,7,19,1,0,0,0,1,0,1,0,0
32,4662.7,55203.02,4,12,46.91,18.2,1,1,88.64,1,6,2,1,7,18,1,0,0,0,0,0,1,0,0
21,4354.61,51482.34,5,18,19.6,13.7,0,1,3.03,5,2,4,0,7,18,1,0,0,0,1,0,1,0,0
41,5454.54,66818.32,4,13,11.55,4.6,0,0,89.29,0,4,4,2,6,20,1,0,0,0,0,1,0,0,0
49,5638.88,68319.2,0,2,9.48,20.4,0,0,141.67,1,6,5,0,7,11,1,0,0,0,0,0,0,0,0
64,6599.07,79421.26,1,3,4.96,10.7,0,0,22.39,2,2,3,0,3,12,1,0,0,0,1,0,0,1,0
48,4243.86,49571.36,1,6,8.21,10.1,1,0,5.18,2,5,3,0,4,14,1,0,0,1,0,0,1,0,0
22,3813.3,44903.17,4,14,11.33,18.8,0,1,39.63,4,5,2,1,4,20,0,0,0,0,1,0,1,0,0
21,1756.69,20796.48,1,4,6.01,10.0,2,1,58.95,2,3,1,0,4,11,0,0,0,0,0,1,0,0,0
72,1604.45,18993.43,2,8,10.3,10.2,0,1,6.57,2,3,4,1,2,13,0,1,0,0,0,0,0,1,0
37,3442.35,41452.28,6,22,32.49,2.8,0,0,57.97,7,2,0,2,8,8,0,0,0,0,0,0,0,1,1
51,5340.18,64779.4,0,2,6.61,12.4,1,0,97.21,1,3,5,0,4,12,1,0,0,1,0,0,1,0,0
65,3995.92,48424.06,2,9,18.18,13.8,1,0,4.3,3,7,5,0,2,19,1,0,0,0,0,1,0,0,1
45,2845.71,34682.5,0,0,1.22,6.0,0,0,11.44,3,1,4,1,5,11,1,0,0,0,1,0,0,1,0
63,3492.68,41715.44,1,4,27.9,6.0,1,1,42.38,5,5,4,1,9,20,0,0,0,0,0,1,1,0,0
60,5629.89,67706.99,4,18,10.69,10.4,1,0,16.56,1,7,2,0,2,17,1,0,1,0,0,0,0,0,0
67,3332.38,39454.71,3,14,16.97,17.1,1,1,7.28,2,6,2,1,9,9,1,0,0,0,0,0,0,1,0
45,3790.29,45399.76,3,9,14.33,7.6,0,1,134.38,2,2,3,0,6,15,1,0,0,0,0,0,0,1,0
62,1808.19,21501.53,3,12,18.09,6.5,0,1,34.14,4,2,2,1,7,11,0,0,0,0,0,1,0,0,1
26,2375.4,28877.86,2,10,35.36,17.1,0,0,109.54,5,3,7,2,5,9,0,1,0,1,0,0,1,0,0
20,6790.18,81182.65,3,11,77.71,21.4,0,1,84.12,2,6,3,0,6,11,1,0,0,0,0,0,0,0,0
40,3488.32,42109.45,3,10,15.86,16.4,1,1,26.87,1,1,2,1,2,8,0,0,0,0,0,1,0,0,0
50,8259.02,97002.22,8,27,45.11,18.1,1,0,26.04,2,5,5,1,8,17,1,0,0,0,0,1,0,0,1
75,6675.91,81172.13,1,6,101.04,17.6,0,1,20.09,3,3,6,1,10,13,1,0,0,0,1,0,0,1,0
60,3400.65,41551.16,2,7,20.31,7.7,2,1,17.11,0,4,4,2,6,20,1,0,1,0,0,0,1,0,0
67,3390.65,41187.04,2,9,49.47,29.4,1,0,6.63,2,6,1,1,7,16,0,0,1,0,0,0,1,0,1
56,7080.36,86215.53,3,11,20.58,23.0,0,0,7.01,0,3,4,1,9,9,1,0,0,0,0,1,0,0,0
56,3426.85,40688.89,2,7,25.91,14.5,3,0,1.56,2,3,1,1,5,8,1,0,0,0,1,0,1,0,0
68,2327.68,27830.74,6,22,14.36,8.6,0,0,0.27,0,5,4,0,7,18,1,0,1,0,0,0,0,0,0
68,2812.12,34177.5,2,9,4.55,5.1,1,0,63.67,0,4,5,2,10,13,0,1,0,0,0,0,1,0,0
57,2606.6,31248.05,2,8,4.78,24.1,2,0,107.77,2,4,3,2,10,18,1,0,0,0,1,0,0,0,0
55,1287.54,15586.24,3,8,8.92,13.7,2,0,19.99,1,4,2,0,5,18,0,0,0,0,1,0,0,0,0
23,1672.48,20194.98,8,25,21.01,9.5,0,1,17.88,3,6,6,0,8,13,1,0,0,0,0,0,0,1,0
68,3884.25,46208.29,1,5,7.38,11.4,1,0,146.99,5,2,2,1,6,17,0,1,0,1,0,0,0,0,0
20,3506.14,41681.28,2,7,17.04,9.9,0,0,27.35,0,3,2,0,2,16,1,0,1,0,0,0,1,0,0
72,4965.84,59535.54,2,8,10.86,9.5,0,0,108.31,0,2,5,0,4,19,0,0,0,0,1,0,0,0,0
68,5476.0,64307.09,3,14,33.04,15.7,0,1,6.19,3,3,1,0,10,12,0,0,0,1,0,0,0,0,0
21,2680.55,31959.62,2,7,13.94,1.6,1,0,159.5,3,2,2,0,3,15,0,0,0,0,1,0,1,0,0
68,3156.19,38161.69,6,20,39.08,19.2,1,1,143.91,4,9,2,1,6,9,1,0,0,0,0,0,0,1,0
70,3662.45,44343.43,1,4,9.11,7.0,1,0,53.48,0,5,4,0,2,13,1,0,0,1,0,0,1,0,0
43,5884.54,69591.72,6,19,18.26,11.4,3,1,1.68,3,2,2,0,7,9,1,0,0,1,0,0,0,1,1
46,6795.14,84328.4,4,13,10.17,19.0,0,0,126.33,3,3,3,1,5,9,0,0,0,0,1,0,1,0,0
48,4460.03,53575.21,0,0,8.99,3.8,2,0,35.94,0,3,4,0,10,20,0,0,0,0,1,0,1,0,0
64,5378.41,64474.41,5,19,15.73,18.6,1,0,92.24,2,3,4,0,5,9,1,0,0,0,0,0,0,0,0
20,3723.15,45002.3,1,5,35.16,4.0,1,1,16.45,1,4,2,0,4,9,0,0,1,0,0,0,1,0,0
72,5231.25,61423.02,1,6,21.01,5.6,1,1,37.38,3,4,4,1,3,18,1,0,0,0,0,1,0,0,0
48,2629.38,31912.41,0,2,30.09,14.0,1,0,46.97,2,4,5,3,9,15,0,0,0,0,0,1,1,0,0
55,4261.7,51324.8,3,10,12.19,6.4,2,0,196.13,3,6,3,0,5,9,1,0,0,0,0,1,1,0,0
53,4252.02,52949.96,1,4,8.08,31.1,1,1,125.27,2,2,4,0,6,19,0,0,0,0,1,0,0,0,0
35,4609.6,55571.29,3,13,9.05,13.6,2,0,94.32,2,4,4,1,8,11,1,0,0,0,0,0,0,0,0
44,3678.0,45410.71,2,8,21.62,7.5,1,0,85.23,2,5,2,0,4,18,0,0,0,0,1,0,0,0,1
22,3005.1,36420.21,2,6,4.65,6.6,2,0,23.04,2,5,4,0,7,19,1,0,1,0,0,0,0,0,0
31,2128.72,26067.96,4,14,8.91,5.4,0,0,11.68,2,6,2,1,7,8,1,0,0,0,1,0,1,0,0
51,2112.38,25049.22,3,12,42.25,1.9,0,0,78.58,2,3,3,2,10,8,0,1,0,0,0,1,0,0,0
49,4444.75,52925.59,2,9,44.24,12.4,1,1,160.07,3,2,3,0,3,10,1,0,1,0,0,0,0,1,0
27,11100.46,134543.25,8,29,53.39,13.6,0,0,51.76,2,7,4,0,10,15,0,0,0,0,0,0,0,1,0
28,4858.44,56476.07,6,21,22.52,7.0,0,0,166.87,2,2,2,0,10,10,1,0,0,0,0,0,0,0,0
32,2554.21,29547.91,1,7,9.59,9.8,1,1,62.81,5,2,2,0,10,9,1,0,0,0,0,1,1,0,0
71,2847.17,33567.54,6,18,24.65,13.6,3,1,0.33,2,5,1,0,8,11,1,0,0,0,1,0,0,0,0
49,3972.19,48327.52,2,5,10.93,27.0,1,1,15.5,3,3,4,0,10,12,0,0,0,0,1,0,1,0,1
69,3925.55,47787.89,3,12,11.79,10.8,2,0,27.86,6,3,6,0,10,15,1,0,1,0,0,0,0,0,0
27,4629.64,55148.44,1,5,10.8,11.6,0,1,31.18,3,6,1,0,9,18,1,0,0,0,0,1,0,0,0
51,6224.47,75694.4,3,11,17.24,9.6,2,1,11.49,3,5,1,0,8,18,1,0,0,0,1,0,0,1,0
53,3105.87,36990.58,6,22,26.73,10.4,1,0,11.94,1,6,1,0,1,20,1,0,0,0,0,0,0,0,0
71,4384.59,52661.16,0,2,9.68,10.4,0,0,21.85,3,3,0,0,7,19,1,0,0,0,1,0,1,0,0
59,4262.43,50331.13,7,25,38.68,22.9,1,1,32.48,2,4,2,1,7,12,0,0,0,1,0,0,0,1,1
45,3430.86,41748.54,3,12,21.53,8.5,1,0,87.08,1,7,2,0,8,11,1,0,0,1,0,0,0,0,0
43,2220.97,26592.49,4,13,52.49,8.1,1,1,10.01,1,9,0,0,8,14,0,0,0,0,0,1,1,0,0
40,1486.38,17936.55,2,6,18.69,5.7,2,1,70.24,4,6,4,1,8,8,0,1,1,0,0,0,0,1,0
26,5691.25,68640.4,6,21,24.4,17.1,1,1,53.79,1,4,2,0,9,9,1,0,0,1,0,0,0,0,0
32,3850.91,46232.35,4,15,52.59,16.3,0,1,179.47,4,4,2,1,1,11,1,0,0,1,0,0,1,0,0
41,3103.39,37085.5,1,7,3.94,19.9,1,0,7.75,1,5,3,1,10,13,1,0,0,1,0,0,1,0,0
68,4828.05,56483.27,1,7,12.48,17.9,0,1,293.24,4,3,2,0,4,20,0,0,0,0,0,0,0,1,0
60,2780.87,33500.57,4,12,74.52,6.8,1,0,20.71,3,5,2,0,5,20,0,0,0,0,0,1,0,0,0
29,7538.66,91174.81,3,10,35.81,35.1,1,1,91.14,1,4,2,0,5,9,0,0,0,0,1,0,0,0,0
55,2415.91,28976.62,0,3,11.88,23.6,2,0,18.38,2,4,1,0,8,18,1,0,0,1,0,0,0,1,1
73,2362.8,28362.99,2,6,30.67,23.3,0,0,28.07,1,2,2,1,8,14,1,0,0,0,0,1,0,0,0
21,1793.93,21675.56,3,9,56.03,8.3,2,0,34.36,4,5,2,0,5,9,1,0,0,0,0,1,0,0,0
29,7748.36,92981.57,2,7,8.05,7.3,0,0,41.45,1,5,3,0,1,20,1,0,0,0,0,0,0,0,0
56,4450.17,52498.66,4,16,33.74,20.6,0,1,49.06,3,4,3,0,10,8,1,0,1,0,0,0,0,0,1
49,5637.93,69517.79,1,7,2.14,4.3,1,0,62.01,2,5,5,0,3,18,1,0,1,0,0,0,0,0,0
58,2517.7,30588.87,5,22,25.37,12.7,1,1,39.6,0,5,3,1,5,19,0,1,0,1,0,0,1,0,0
50,2154.53,25603.64,1,4,7.75,21.5,0,0,5.65,3,7,1,2,1,17,1,0,0,1,0,0,0,0,1
65,2216.77,26771.29,6,20,78.96,5.8,0,1,45.27,3,4,3,1,6,18,1,0,0,0,1,0,0,1,1
38,3705.69,44593.01,0,2,8.33,22.7,0,0,45.17,3,2,5,1,7,14,1,0,0,0,0,1,1,0,0
35,4549.01,53293.03,2,7,6.24,13.9,2,0,11.76,5,1,2,1,6,17,0,0,0,0,0,0,0,0,0
70,2195.37,26008.22,3,11,11.71,15.7,0,0,19.55,2,6,5,0,5,17,1,0,1,0,0,0,1,0,0
28,7467.08,91685.71,6,19,22.58,9.2,0,0,36.23,0,1,0,1,2,19,1,0,0,0,0,0,1,0,0
40,1486.38,17867.08,3,14,28.36,18.7,1,1,246.54,4,4,5,1,7,18,0,0,1,0,0,0,1,0,0
56,2887.13,35020.35,4,16,14.75,17.2,0,0,45.14,1,5,3,1,5,15,1,0,0,1,0,0,0,0,1
43,1628.94,19941.07,3,13,12.36,22.7,0,1,52.57,1,5,4,1,8,8,0,0,0,0,1,0,0,0,0
26,6283.63,75376.4,2,9,10.67,26.9,6,0,0.79,2,6,5,2,5,15,1,0,1,0,0,0,1,0,0
71,5609.24,66596.01,5,19,13.67,32.5,0,1,9.42,4,3,3,0,9,19,1,0,0,0,0,1,0,0,1
51,2735.2,32375.79,3,12,28.5,10.8,1,0,64.51,1,5,1,1,1,12,0,0,0,0,1,0,0,0,0
56,8781.68,106583.93,4,17,24.72,10.0,1,0,6.93,4,1,6,1,6,18,0,0,0,1,0,0,1,0,0
57,2716.34,33498.58,4,12,17.09,7.3,1,1,80.97,1,4,3,1,9,14,0,0,1,0,0,0,1,0,0
62,6919.13,82967.78,2,10,8.09,17.6,0,0,43.18,2,8,1,1,4,15,1,0,0,0,0,0,1,0,1
45,2334.29,27921.2,1,6,20.67,14.3,0,1,3.75,1,2,2,0,2,19,1,0,0,0,0,1,0,0,1
42,2618.39,31076.79,6,20,16.39,9.8,0,1,24.12,0,4,4,3,4,14,1,0,0,0,0,0,1,0,1
51,1869.06,22102.33,2,10,17.03,12.3,0,1,210.3,5,10,5,1,1,20,1,0,0,1,0,0,0,1,0
57,8520.93,102329.91,2,6,23.29,4.0,3,0,111.31,2,4,1,0,9,20,1,0,0,1,0,0,1,0,1
37,1991.24,23326.43,2,6,18.63,5.2,0,0,102.3,2,3,3,0,9,14,1,0,0,0,1,0,1,0,0
32,4983.56,60430.67,1,5,2.57,14.7,3,0,57.5,3,3,8,0,9,14,0,0,1,0,0,0,1,0,0
21,2755.38,32266.59,2,8,12.85,0.5,3,0,25.49,3,2,2,0,10,9,1,0,0,0,1,0,0,0,0
60,2856.1,33530.4,2,8,8.11,4.3,2,0,2.22,1,0,2,0,6,10,1,0,0,0,0,0,0,0,1
70,2230.19,27185.99,2,7,25.35,8.8,0,1,10.11,5,4,1,0,4,15,1,0,0,0,0,0,0,1,0
73,4252.52,50751.99,1,6,17.95,1.4,0,0,83.66,1,2,4,0,2,16,0,0,0,0,0,0,1,0,0
18,2290.79,28510.24,4,17,11.15,6.2,0,1,44.04,3,2,1,2,2,19,0,0,1,0,0,0,0,1,0
31,1707.17,20533.16,0,2,1.95,14.0,2,0,7.31,0,5,2,1,5,11,1,0,0,1,0,0,0,1,0
25,5301.22,64114.55,2,11,16.13,22.2,0,0,44.32,2,1,4,0,9,10,1,0,1,0,0,0,1,0,0
72,3034.67,35321.62,0,1,7.06,14.9,1,0,18.61,0,3,6,0,2,20,1,0,1,0,0,0,0,1,0
33,2175.29,26320.48,0,3,26.1,9.1,1,0,21.39,2,4,2,1,7,8,1,0,0,0,1,0,1,0,0
39,3290.28,39083.73,3,11,25.47,27.3,1,0,86.07,3,7,4,2,8,9,1,0,0,1,0,0,1,0,0
19,2366.12,27720.49,1,5,44.65,9.6,1,0,20.6,1,3,5,0,3,19,1,0,1,0,0,0,0,0,0
60,4613.03,55334.68,1,4,16.82,20.0,0,0,20.94,3,2,2,0,5,19,1,0,0,0,0,0,0,0,0
64,3057.53,37788.57,1,4,10.83,10.3,0,0,196.43,3,3,0,0,2,20,1,0,1,0,0,0,0,1,0
28,3186.04,38627.0,6,20,67.88,12.4,0,0,139.27,1,7,2,1,5,17,1,0,0,0,1,0,0,0,0
53,4252.02,51465.33,2,8,14.43,26.3,1,1,53.46,3,2,2,3,3,20,0,0,0,0,1,0,1,0,0
45,3512.9,42516.44,8,28,32.1,0.4,3,0,118.0,2,7,1,0,7,11,1,0,0,0,1,0,1,0,0
48,4243.86,51017.21,5,14,10.27,17.7,0,0,88.09,3,4,4,0,10,20,1,0,0,1,0,0,0,0,0
48,1802.7,21293.84,5,17,48.54,5.6,1,0,192.47,1,6,1,0,10,19,1,0,0,0,1,0,0,0,0
32,4301.87,50272.82,5,18,79.28,6.4,1,0,42.84,4,1,4,1,8,13,1,0,0,1,0,0,1,0,0
57,2979.93,36033.08,8,28,53.48,8.4,1,1,24.06,2,4,1,1,2,17,1,0,0,1,0,0,0,0,1
18,5000.5,59159.33,3,8,30.32,12.2,1,0,19.06,2,2,5,0,3,14,1,0,1,0,0,0,1,0,0
48,2955.08,36442.09,2,6,86.09,15.0,0,0,17.7,3,3,2,0,4,17,1,0,0,1,0,0,1,0,0
19,5421.54,64711.52,2,11,4.64,12.9,2,0,8.83,2,8,8,2,8,11,1,0,1,0,0,0,0,1,0
56,3720.47,44692.58,3,12,20.33,20.7,1,0,81.7,4,2,2,3,3,19,1,0,0,0,0,0,0,1,0
71,2622.44,31355.1,2,7,42.73,14.2,0,0,1.61,4,5,4,0,6,15,0,0,0,0,0,0,0,0,0
43,2942.74,34731.0,0,1,7.64,21.3,1,0,179.55,1,5,3,0,6,15,0,1,0,0,1,0,0,0,0
50,3493.79,40697.1,1,6,26.83,18.6,0,0,13.34,3,5,5,1,9,15,1,0,1,0,0,0,1,0,0
62,2283.64,26844.83,2,7,32.92,8.9,1,1,183.47,1,4,4,0,2,9,0,0,0,0,0,1,0,0,0
35,1717.39,20382.24,2,5,20.21,4.1,0,0,113.25,5,1,2,0,7,17,1,0,0,0,1,0,0,0,1
23,2925.34,33994.27,4,15,25.94,26.1,0,1,68.94,1,3,2,0,10,12,0,0,0,0,0,1,0,0,0
27,3273.63,39429.69,1,3,16.18,6.8,1,0,111.24,2,6,2,1,2,8,1,0,0,0,1,0,0,1,0
40,3574.49,41905.17,4,13,32.47,16.3,1,1,59.85,4,3,5,0,9,8,1,0,1,0,0,0,0,1,0
75,2031.96,24243.2,7,22,30.81,11.6,0,1,48.19,3,2,4,0,7,18,0,1,0,1,0,0,0,0,0
29,3333.25,39025.12,0,0,1.0,20.9,2,0,30.11,1,5,2,0,8,18,1,0,0,1,0,0,1,0,0
32,2554.21,30692.27,2,12,48.88,14.7,2,1,4.25,2,1,3,1,5,17,1,0,0,0,0,1,0,0,0
59,3328.88,41090.76,2,7,5.33,7.7,0,0,68.97,1,4,5,0,10,17,0,1,1,0,0,0,0,0,0
71,2847.17,34467.19,2,7,10.42,8.1,2,1,103.25,4,5,1,1,9,10,1,0,0,0,1,0,1,0,0
71,8806.48,106978.03,3,13,7.94,18.8,0,0,37.25,3,3,6,3,9,17,1,0,0,0,0,0,1,0,0
27,3469.83,41707.95,0,3,6.14,21.8,1,0,40.99,1,2,3,1,1,10,1,0,1,0,0,0,0,0,0
75,2212.27,27509.47,2,10,9.76,9.8,0,0,84.51,2,1,3,0,2,15,1,0,0,0,1,0,0,0,0
20,6790.18,82460.26,3,15,20.98,7.3,0,1,104.29,3,6,2,1,3,17,1,0,0,0,0,0,0,0,0
72,1896.3,22653.57,4,12,15.56,2.3,0,0,13.2,1,7,2,0,9,15,0,0,0,1,0,0,1,0,0
72,3239.06,38761.3,5,15,24.77,14.4,1,1,52.35,1,3,7,0,5,18,0,0,1,0,0,0,1,0,0
69,3690.88,44852.43,4,13,25.82,9.6,2,1,3.68,0,5,5,1,10,8,0,1,0,0,0,0,0,1,0
38,3530.6,41914.63,1,4,3.71,15.1,1,0,60.71,3,1,2,1,5,14,1,0,0,1,0,0,1,0,0
68,3371.82,40859.41,3,8,28.35,14.3,1,0,93.67,3,8,3,1,3,19,1,0,1,0,0,0,1,0,0
31,10375.2,124137.17,6,22,24.39,5.4,0,0,5.5,5,6,3,1,3,11,1,0,0,0,0,1,0,0,0
29,4522.39,54919.16,9,30,19.87,7.9,4,0,152.02,2,0,1,0,4,16,0,0,0,0,0,1,0,1,0
28,3345.11,40288.33,2,11,4.29,3.2,0,0,14.21,4,2,5,0,2,15,1,0,0,1,0,0,1,0,0
48,4221.69,50485.7,6,21,39.64,12.8,0,0,73.22,2,2,4,0,2,8,1,0,1,0,0,0,0,0,1
23,4820.96,59342.56,1,5,35.18,16.4,1,0,25.34,2,4,2,1,1,19,0,0,0,0,1,0,1,0,0
74,2277.24,28100.59,3,11,16.68,5.3,0,0,58.92,1,11,4,0,8,16,0,0,0,0,0,1,1,0,0
56,3951.52,46356.85,4,13,54.54,1.0,2,0,30.68,1,3,3,0,1,8,0,1,0,0,1,0,1,0,0
26,2101.42,24945.0,1,9,15.32,7.5,0,0,40.06,1,3,3,0,9,17,1,0,0,1,0,0,0,1,0
34,4434.46,53891.96,8,26,24.47,17.0,0,1,0.36,1,4,1,1,10,14,1,0,0,0,0,1,1,0,0
53,3025.15,35937.47,2,8,10.7,12.6,1,0,24.01,3,4,2,2,4,20,1,0,0,0,0,0,1,0,0
72,3239.06,39113.2,5,18,16.89,6.1,0,1,29.39,0,1,4,0,1,8,1,0,1,0,0,0,1,0,0
20,2209.73,25349.01,3,12,7.94,6.3,0,0,81.97,1,4,2,0,3,11,0,0,0,0,0,1,0,0,0
35,3556.96,42848.94,2,6,19.72,18.7,1,0,30.13,1,6,0,0,1,10,1,0,1,0,0,0,0,0,0
41,3129.07,37739.51,0,0,16.05,4.9,1,0,114.39,3,3,1,0,4,12,1,0,0,1,0,0,0,0,0
73,3093.25,37308.65,6,20,14.35,28.1,0,0,11.86,1,8,1,0,5,15,1,0,0,0,1,0,1,0,1
48,3001.52,36408.32,5,14,15.62,15.9,1,0,36.51,2,3,3,1,8,13,0,1,0,0,0,0,1,0,0
51,7452.89,91821.04,1,5,7.93,18.9,0,0,2.59,2,3,4,2,2,13,1,0,0,0,0,0,1,0,1
29,2703.56,32035.72,4,16,12.48,17.1,0,1,38.85,0,1,5,1,6,11,1,0,1,0,0,0,0,1,0
37,3442.35,41370.26,4,12,19.63,1.5,0,0,21.73,0,4,0,1,1,14,1,0,0,0,0,0,1,0,1
46,3326.56,39776.06,5,18,55.39,12.7,1,0,159.61,0,5,5,0,5,16,1,0,1,0,0,0,0,0,1
74,3425.02,40576.01,0,0,6.44,10.7,0,1,44.36,2,3,2,0,6,16,0,0,0,1,0,0,1,0,0
60,12000.0,140111.61,4,15,36.6,22.9,2,1,50.51,0,5,8,1,10,11,0,0,0,0,0,0,0,0,1
26,5505.47,65626.17,10,32,49.46,13.7,3,1,102.15,1,3,2,1,6,9,0,0,0,0,0,0,1,0,0
33,2917.8,35269.34,4,13,25.52,15.9,0,0,227.05,0,5,1,0,3,17,1,0,0,0,0,0,1,0,0
60,5411.26,63806.51,1,6,15.65,11.4,0,0,12.12,1,6,3,2,5,17,1,0,0,1,0,0,0,0,0
67,2665.32,31604.78,6,21,16.15,4.6,2,0,49.82,2,2,5,0,10,19,1,0,0,0,0,1,1,0,0
51,6224.47,75701.04,3,11,79.93,15.7,0,1,24.12,2,4,2,0,7,11,1,0,0,0,1,0,1,0,1
52,3339.07,40724.1,4,16,18.9,9.0,0,0,44.06,1,4,5,0,7,20,1,0,0,0,0,1,0,0,0
60,4571.09,55810.69,1,5,22.3,22.3,0,1,17.03,4,4,8,0,6,11,0,0,0,1,0,0,0,0,1
18,5153.81,61163.22,2,7,5.72,12.0,1,0,1.5,1,5,4,2,10,14,1,0,0,0,0,1,0,1,0
38,5567.5,67728.23,3,10,12.6,20.5,0,1,14.59,1,4,4,1,10,13,1,0,0,0,1,0,0,0,1
49,4887.88,58396.28,5,15,37.67,8.7,0,1,3.9,2,4,3,1,10,12,1,0,0,0,0,0,1,0,0
72,4593.66,55557.16,1,3,5.71,4.9,2,0,89.73,3,2,3,0,3,11,1,0,0,0,1,0,0,0,0
26,1273.12,14794.36,0,3,1.0,4.9,2,0,47.88,4,3,4,1,4,9,1,0,1,0,0,0,0,0,0
63,3534.64,42087.0,1,6,18.64,16.2,1,0,109.75,2,1,3,0,2,19,1,0,1,0,0,0,0,1,0
62,4262.05,51753.65,3,9,9.27,17.7,0,0,42.19,0,1,3,1,2,10,1,0,0,0,0,1,0,1,0
47,3345.25,40562.13,2,7,68.27,16.5,0,0,80.13,4,5,4,0,10,16,1,0,0,1,0,0,0,1,1
50,3186.77,38731.57,4,13,51.47,17.1,0,0,2.06,2,4,1,1,6,9,1,0,0,0,1,0,0,1,1
67,2343.57,27483.2,8,26,24.78,10.5,0,0,192.43,2,3,4,2,4,11,1,0,0,0,0,1,1,0,0
48,2629.38,31034.14,3,14,29.47,16.0,0,0,26.05,0,2,2,1,4,13,0,1,0,0,0,1,0,0,0
75,2478.96,30028.5,3,12,12.63,10.6,0,0,59.58,0,3,3,0,2,15,1,0,1,0,0,0,1,0,0
58,2825.4,34598.34,2,10,9.34,10.0,1,0,172.93,3,2,3,2,4,8,1,0,0,1,0,0,1,0,0
22,2552.32,30731.39,4,14,12.66,4.4,1,1,34.26,4,5,4,1,10,15,0,0,0,0,0,0,0,1,0
48,5584.17,66229.87,1,8,3.77,22.7,1,0,3.47,1,2,0,2,6,16,1,0,0,1,0,0,0,0,0
61,3912.43,47790.55,0,2,30.45,23.8,0,1,58.98,3,5,1,0,1,16,0,0,0,0,0,0,1,0,0
20,1942.75,23182.04,4,15,38.28,19.7,1,1,214.4,2,3,0,0,10,10,1,0,0,0,0,1,0,1,0
73,3990.03,48464.56,6,18,16.6,2.5,1,0,7.76,6,5,2,1,7,20,1,0,0,0,0,0,0,0,0
45,3104.66,38045.01,2,7,4.91,5.8,0,0,43.78,1,3,4,1,6,14,0,0,1,0,0,0,0,0,0
50,3186.77,38330.97,0,0,4.45,30.7,2,0,26.41,0,4,5,3,1,12,1,0,0,0,1,0,0,0,0
72,2959.67,35770.36,0,4,3.21,5.8,1,0,49.4,3,3,3,1,4,14,0,1,0,0,0,1,0,0,0
31,1839.25,22181.09,1,3,29.83,13.2,1,1,5.55,3,4,3,0,5,20,1,0,1,0,0,0,1,0,0
34,3201.39,40303.0,0,2,8.03,6.6,1,0,289.76,2,7,3,2,6,12,0,0,0,0,0,0,0,1,0
21,1777.22,20975.45,3,15,22.04,7.6,0,0,107.34,2,5,4,1,9,13,0,1,1,0,0,0,1,0,0
59,4263.36,52334.41,5,16,20.43,22.8,0,1,127.97,2,5,7,0,4,16,1,0,0,1,0,0,1,0,0
55,2058.61,24481.44,2,10,10.29,17.3,1,1,23.71,7,3,7,1,8,15,0,0,0,0,0,1,0,1,0
60,2856.1,34088.22,4,13,11.31,10.6,2,0,180.45,2,1,3,1,4,15,1,0,0,0,0,0,0,1,0
61,2302.04,27281.52,0,2,9.44,6.8,1,0,51.04,3,2,0,1,7,14,0,0,0,0,0,0,0,1,0
70,4442.67,53412.8,3,11,34.6,5.4,1,0,70.73,1,5,6,0,4,12,0,0,0,0,1,0,1,0,0
48,4410.88,52574.31,6,22,70.01,11.2,0,1,9.85,1,2,5,0,7,12,1,0,0,0,0,1,0,0,1
25,3667.77,43970.26,7,24,65.52,16.1,1,0,11.59,2,3,3,0,9,20,0,0,0,0,0,0,0,0,1
51,1093.96,12991.13,1,8,3.64,13.6,1,0,73.63,0,6,3,0,6,12,1,0,0,1,0,0,0,1,0
61,5046.39,60881.51,1,4,16.54,4.5,2,0,168.8,1,5,4,1,2,16,1,0,0,0,0,0,1,0,0
63,1514.75,18044.07,3,10,32.37,15.1,1,1,109.41,4,6,4,1,9,12,1,0,0,0,1,0,0,1,0
29,3619.12,43604.76,7,22,14.05,14.5,0,0,11.33,4,2,1,0,7,16,0,0,0,0,0,0,1,0,0
28,4054.61,47591.82,6,19,25.09,5.1,0,0,33.19,4,4,5,2,5,20,1,0,0,0,0,1,1,0,0
43,1176.22,13945.84,2,8,4.93,8.4,2,0,15.25,1,2,3,0,5,13,0,0,1,0,0,0,0,0,0
64,2446.8,28984.91,3,11,33.05,12.3,2,0,42.62,1,1,0,0,9,14,0,0,0,0,0,0,1,0,0
48,7155.3,85268.12,8,25,21.19,5.1,3,1,45.95,0,3,0,0,7,9,0,0,1,0,0,0,1,0,0
22,1704.44,20500.02,2,6,15.16,18.9,4,0,0.36,2,3,2,0,5,9,0,1,0,1,0,0,0,1,0
30,2749.31,32795.63,2,7,46.25,7.8,1,1,190.94,4,4,1,1,10,10,1,0,0,0,0,1,1,0,0
26,1604.37,19170.49,2,7,46.18,19.4,1,0,38.46,3,1,3,1,6,18,0,0,1,0,0,0,0,0,0
57,4572.67,54940.44,3,13,13.04,5.1,1,0,28.59,3,5,5,1,5,9,1,0,0,0,0,0,0,0,0
44,4385.79,52345.86,0,2,17.66,1.9,0,0,105.77,2,5,4,0,5,14,1,0,0,1,0,0,1,0,0
34,3938.69,46126.02,3,11,12.94,8.6,1,0,22.88,4,5,2,1,1,14,1,0,0,0,0,1,0,1,0
48,3900.99,46108.58,9,29,19.84,17.8,1,0,15.48,2,7,7,1,8,8,1,0,0,1,0,0,1,0,0
32,3928.63,46190.77,2,9,8.87,34.8,0,0,15.84,5,3,3,2,6,15,1,0,0,0,0,0,0,0,0
32,4392.61,53270.94,2,6,10.41,2.2,0,0,280.33,1,4,2,3,4,17,1,0,0,0,0,0,0,1,0
57,4688.64,55001.67,6,20,30.27,12.4,1,0,65.19,3,6,2,1,7,17,0,0,0,0,0,0,0,1,0
52,2707.63,32216.07,4,16,13.8,25.5,1,1,100.34,1,3,3,1,1,19,0,0,1,0,0,0,0,0,0
57,2721.95,32245.33,5,14,34.58,3.1,1,1,46.97,1,6,4,0,9,8,1,0,1,0,0,0,1,0,0
55,2648.97,32471.53,1,5,6.48,4.0,1,1,58.21,1,6,1,0,7,14,1,0,0,1,0,0,0,1,0
53,2422.15,28948.96,2,7,14.56,8.9,0,1,22.9,1,3,3,1,1,19,1,0,1,0,0,0,1,0,0
30,4098.86,49908.66,1,3,19.35,14.1,2,0,1.87,2,3,4,0,2,20,1,0,0,1,0,0,1,0,0
65,4911.99,60387.12,2,5,10.85,22.0,0,0,121.3,3,8,5,1,5,13,1,0,0,0,0,0,0,0,0
39,2429.24,29516.04,1,7,7.26,9.0,0,0,19.08,4,4,3,1,10,16,1,0,0,0,0,1,1,0,0
63,2936.26,35536.51,5,19,50.5,18.3,4,0,6.98,5,4,5,0,5,9,0,0,0,0,0,0,1,0,0
27,7418.09,89388.79,2,8,4.81,5.5,0,0,15.14,3,4,5,0,2,14,1,0,1,0,0,0,0,0,0
44,3415.05,41750.53,4,14,26.18,8.7,0,0,0.82,3,11,1,0,10,17,1,0,0,0,0,1,0,1,0
47,1692.46,20730.11,1,5,64.96,9.3,0,0,123.76,0,4,3,1,10,12,1,0,1,0,0,0,1,0,0
26,7849.23,92821.27,2,8,4.61,11.6,0,0,1.53,3,2,4,0,4,18,1,0,0,0,1,0,0,0,0
70,3278.09,39294.78,4,15,22.16,9.5,0,0,80.54,1,2,3,0,7,13,1,0,0,0,1,0,1,0,0
45,2392.63,29065.49,0,2,13.29,10.6,0,0,2.17,2,7,3,1,1,19,1,0,1,0,0,0,0,0,1
48,3618.88,43016.43,3,12,11.37,9.8,0,1,34.47,2,6,5,1,2,20,1,0,1,0,0,0,1,0,0
25,4384.49,53600.97,3,10,23.48,9.4,1,0,38.84,3,2,5,0,4,17,1,0,1,0,0,0,1,0,0
71,4173.84,51136.97,0,1,28.45,12.3,1,0,65.14,4,5,2,2,1,8,1,0,0,0,0,0,0,0,0
30,3145.22,37522.02,3,13,18.53,9.7,1,0,129.94,2,3,2,1,1,9,1,0,0,0,1,0,1,0,0
56,2355.81,28206.07,1,5,4.41,10.0,2,0,80.83,4,4,2,0,3,9,0,0,0,1,0,0,1,0,1
58,1924.82,22618.54,1,5,31.61,12.5,0,0,20.77,2,4,1,1,4,16,0,0,0,0,0,0,1,0,0
18,3616.68,44455.14,3,11,44.41,7.0,0,0,159.49,4,6,6,0,4,19,1,0,0,0,0,0,0,0,0
34,5961.7,72258.58,2,9,16.17,15.7,3,0,41.3,3,2,2,0,10,13,1,0,0,0,0,1,1,0,0
50,4533.82,55057.54,0,4,29.77,10.0,0,0,2.22,2,6,1,0,6,15,1,0,0,0,0,0,0,0,1
25,3667.77,43296.48,5,16,22.81,12.5,2,0,20.65,2,4,2,1,5,8,1,0,0,0,0,0,0,1,0
74,5577.39,65440.57,7,22,19.11,9.2,2,0,34.73,4,1,2,1,4,8,1,0,0,0,1,0,1,0,0
67,2847.59,33955.53,6,20,27.2,12.3,0,1,7.08,5,3,4,0,1,10,0,0,1,0,0,0,0,0,0
50,3288.46,39621.2,0,1,64.56,8.2,0,0,31.02,5,3,5,0,6,11,1,0,0,0,0,0,0,0,1
22,3092.93,37006.14,8,24,44.91,11.3,1,0,6.89,2,3,2,0,4,18,1,0,0,1,0,0,0,0,0
60,4468.28,53991.66,2,8,4.97,15.0,1,0,8.48,5,6,1,0,9,8,1,0,0,0,0,1,0,0,0
55,4284.97,51669.69,7,24,17.44,5.3,3,0,50.51,3,4,3,1,6,19,1,0,0,0,0,1,0,0,1
37,4736.22,56963.15,1,4,23.2,5.9,0,0,65.4,3,3,8,0,10,9,1,0,0,1,0,0,1,0,0
62,6143.2,73377.78,6,20,26.91,8.7,1,0,24.28,1,3,3,2,8,8,0,0,0,0,0,0,0,0,0
40,4063.1,49442.4,5,17,43.25,13.3,0,1,17.03,1,1,5,0,10,8,0,0,0,0,0,0,1,0,1
39,4544.0,55177.33,2,10,19.34,1.7,1,0,40.55,2,2,1,0,6,15,0,0,0,0,0,1,1,0,0
46,2438.44,28685.34,1,3,5.87,16.1,1,0,59.81,3,3,3,1,9,15,0,0,0,1,0,0,1,0,0
28,5869.64,68018.1,0,0,4.18,23.1,0,0,8.13,3,12,0,1,6,19,1,0,0,1,0,0,1,0,0
57,8520.93,102377.23,1,4,9.64,12.7,0,0,78.53,1,3,2,1,8,20,0,1,0,1,0,0,1,0,0
75,1813.25,21827.29,5,17,38.15,4.2,0,0,96.28,1,3,4,0,8,19,1,0,0,0,0,1,0,0,0
74,9298.08,112220.64,3,10,30.68,14.6,0,1,7.64,1,5,1,1,10,19,1,0,0,1,0,0,1,0,1
34,3657.09,44803.5,5,16,19.51,18.6,1,1,89.29,0,8,3,0,3,9,1,0,0,0,0,1,0,1,1
70,2653.59,31326.86,1,7,49.77,8.8,1,0,0.29,2,5,4,1,4,8,0,0,0,0,0,0,1,0,0
23,2789.93,33762.58,2,9,15.48,14.9,0,0,25.22,4,3,0,0,10,16,1,0,0,0,0,0,0,1,0
49,3056.47,35726.18,6,22,16.33,8.6,0,0,28.98,1,2,2,0,6,12,1,0,0,0,0,0,1,0,0
27,3722.62,44443.65,3,11,16.24,5.3,0,0,11.99,2,5,5,0,7,19,1,0,0,0,0,1,1,0,0
46,3923.33,47007.77,3,12,16.17,5.1,0,0,74.96,2,5,3,1,5,8,1,0,0,0,1,0,0,1,0
46,3471.03,41739.06,2,8,12.5,24.4,2,1,86.82,4,5,3,1,2,13,0,1,0,0,0,0,0,1,0
74,2364.58,27812.77,3,12,12.87,20.8,0,0,56.1,4,3,2,1,10,15,1,0,0,1,0,0,1,0,0
20,4076.5,49073.25,1,4,14.59,4.3,2,0,83.29,3,4,4,0,4,8,1,0,0,0,0,1,0,1,0
57,2606.6,31361.83,4,13,15.32,16.1,3,0,137.23,2,9,3,0,9,13,1,0,0,0,1,0,0,0,0
28,11859.81,144577.45,6,19,20.28,11.3,0,1,50.64,2,5,3,1,4,18,1,0,0,0,0,0,1,0,1
24,4607.86,55365.87,4,14,12.75,15.7,1,0,54.62,1,5,4,1,4,15,0,0,0,0,0,1,0,0,0
66,2791.21,34184.35,1,3,12.29,12.2,1,0,8.95,2,8,5,1,6,17,1,0,0,0,1,0,1,0,0
25,2650.46,31137.13,5,15,20.19,8.5,3,1,4.14,3,3,8,1,6,15,1,0,0,0,0,1,1,0,0
43,4735.07,57326.96,2,9,8.9,8.7,2,0,126.01,4,3,1,0,6,19,1,0,0,1,0,0,0,0,0
38,3085.98,36543.04,1,2,5.17,5.5,0,0,38.51,4,2,1,1,1,11,1,0,0,0,0,0,0,1,0
48,4737.34,58530.92,4,13,11.98,10.7,0,0,2.32,1,3,1,1,8,20,1,0,0,0,0,0,0,0,0
24,10949.53,131039.82,0,1,1.0,7.3,1,0,30.52,6,6,2,1,2,17,1,0,1,0,0,0,0,1,0
64,2450.71,30302.09,0,2,16.34,10.4,3,0,51.65,3,3,8,0,3,11,1,0,0,0,1,0,1,0,0
60,2856.1,33699.28,4,14,23.82,13.9,1,0,13.27,2,3,3,0,1,17,1,0,0,0,0,0,0,0,0
44,3121.14,36437.4,6,19,27.59,12.8,1,1,1.02,5,3,2,0,3,15,0,0,1,0,0,0,1,0,1
71,4475.63,53219.03,1,5,12.87,16.6,0,0,122.11,2,4,5,0,8,9,1,0,0,0,1,0,0,1,0
34,3657.09,43949.27,4,17,14.66,12.3,0,1,20.13,2,2,6,2,9,11,0,0,0,0,0,1,0,0,0
44,4016.29,46969.22,3,11,42.88,10.1,1,0,27.8,2,3,3,0,8,18,1,0,1,0,0,0,1,0,0
41,5536.45,65079.92,0,3,3.51,16.1,0,0,49.38,4,2,4,2,8,20,1,0,0,0,0,1,1,0,0
40,4441.96,54319.02,2,7,64.97,5.0,1,0,7.04,1,7,1,0,7,15,0,1,0,0,0,0,0,1,0
25,2805.33,33950.79,3,12,56.03,3.6,1,0,88.74,1,4,2,0,10,13,0,0,0,0,1,0,0,0,0
37,1991.24,24179.14,2,8,11.72,7.2,2,0,79.02,0,5,3,0,6,19,1,0,0,0,1,0,0,0,0
75,2478.96,30343.62,0,2,19.18,6.6,0,0,60.34,1,1,3,3,10,16,1,0,1,0,0,0,0,0,0
64,5736.78,70072.88,4,16,42.85,10.2,0,1,27.47,2,3,6,1,9,10,1,0,0,0,0,0,0,0,1
44,3635.97,44095.97,2,7,25.29,13.4,1,0,52.41,2,5,6,1,9,16,0,0,0,0,1,0,0,1,0
36,1405.19,16918.5,2,8,12.18,11.0,2,0,77.28,2,1,4,1,3,16,1,0,0,0,0,0,0,0,0
49,2818.73,34624.42,3,11,36.01,25.9,2,0,2.75,1,1,4,2,2,17,0,1,0,0,0,0,0,1,1
52,2864.46,34986.89,7,22,20.56,12.6,1,1,4.4,3,6,4,0,8,20,0,0,0,0,1,0,0,0,0
29,3199.54,38403.76,0,7,6.99,8.5,0,0,8.54,2,4,3,0,3,8,0,0,0,0,0,1,0,0,0
43,2584.29,31859.57,1,7,9.23,6.4,0,0,211.94,4,6,3,0,1,12,1,0,1,0,0,0,1,0,0
34,1984.1,23364.34,3,12,13.91,9.0,0,1,9.79,0,2,3,1,5,13,1,0,0,0,1,0,1,0,0
66,3848.22,45643.89,4,16,11.34,18.5,0,0,120.77,2,2,3,1,2,14,1,0,0,1,0,0,0,0,0
70,2884.32,34904.01,1,5,5.72,8.5,0,0,15.74,3,1,2,1,3,14,1,0,0,1,0,0,0,1,0
51,1093.96,12925.47,3,10,46.73,12.5,0,0,26.26,1,3,1,1,9,8,1,0,0,1,0,0,1,0,0
64,2333.19,27195.59,3,11,18.97,13.3,1,0,37.62,3,3,1,1,5,10,1,0,1,0,0,0,0,1,0
35,4609.6,56312.82,3,10,40.89,6.5,2,0,13.07,0,2,2,0,6,8,0,0,0,0,0,0,0,1,0
52,5341.67,65587.79,3,11,23.42,2.3,3,0,17.51,2,5,3,3,4,9,1,0,0,1,0,0,0,0,0
27,2093.98,25020.65,2,8,22.61,25.3,2,0,14.3,4,3,2,1,6,12,1,0,0,0,0,0,0,0,0
63,3099.38,37245.8,0,4,6.75,15.1,0,0,14.22,0,3,1,0,9,14,1,0,0,0,0,1,0,0,0
34,4833.86,56683.52,5,18,35.76,16.5,2,1,43.93,3,5,5,0,2,19,1,0,0,0,0,1,1,0,0
69,2237.11,27116.73,4,18,23.2,3.0,1,0,10.57,3,2,7,2,6,15,1,0,1,0,0,0,1,0,0
68,3276.27,38227.37,2,8,12.38,26.0,1,1,110.23,3,6,4,0,9,17,1,0,0,0,1,0,0,1,0
63,1514.75,18463.7,5,19,14.56,12.8,1,1,125.27,3,5,3,2,6,14,0,0,0,0,1,0,0,0,0
47,5135.48,61742.9,5,19,26.31,7.6,0,1,28.86,1,4,7,1,3,18,0,1,0,0,0,1,1,0,1
28,3209.98,38801.02,0,3,43.95,8.7,2,0,18.88,2,4,5,1,1,14,1,0,0,1,0,0,1,0,0
55,2515.65,30246.66,7,23,25.0,18.9,1,1,95.08,3,3,4,0,1,17,1,0,0,0,0,0,1,0,0
23,4820.96,56852.2,6,22,28.96,11.8,0,0,5.06,2,5,3,0,2,13,0,0,0,0,1,0,0,0,0
25,3764.74,44498.11,0,1,62.56,9.3,2,0,32.13,1,3,3,1,5,8,0,0,0,0,1,0,0,1,0
46,1307.18,15822.78,2,8,46.37,15.4,0,0,49.14,5,3,2,0,1,9,0,0,0,1,0,0,0,0,0
46,3657.06,43782.13,1,6,4.93,14.0,0,0,114.54,1,0,1,0,7,15,0,0,0,0,0,1,1,0,0
38,3487.84,41907.9,3,12,10.67,21.2,0,0,59.05,4,2,2,1,5,8,0,0,0,1,0,0,0,1,0
45,6210.99,73146.91,4,16,17.92,6.5,0,0,58.4,2,3,2,0,7,20,1,0,0,0,0,1,0,0,1
47,1913.81,22879.82,2,10,86.33,20.0,1,1,120.72,3,4,1,2,9,20,1,0,0,1,0,0,0,0,0
75,6944.75,83515.16,4,13,12.8,9.7,1,1,10.99,2,4,3,0,6,20,0,0,0,0,0,0,1,0,0
46,4577.63,54877.13,2,9,10.13,26.2,3,1,6.01,1,2,2,1,8,19,1,0,0,0,1,0,0,0,0
71,2440.19,29555.84,2,9,55.13,9.8,0,1,37.15,3,6,5,1,5,8,1,0,0,0,0,0,0,0,1
45,6210.99,76096.55,3,10,12.18,12.1,4,0,63.72,2,3,1,1,9,11,1,0,0,0,0,1,0,1,0
34,5475.81,68026.42,0,3,20.41,14.4,0,0,102.47,2,6,1,0,8,15,0,1,1,0,0,0,0,1,0
38,3530.6,42735.88,5,15,17.95,0.7,0,0,58.72,2,3,2,1,8,17,1,0,0,1,0,0,0,0,0
68,5541.08,67298.04,5,17,28.73,14.7,0,0,3.08,5,8,5,0,6,11,1,0,0,0,0,0,1,0,0
27,4131.55,48474.29,0,5,36.77,7.8,2,0,138.01,3,3,1,2,6,19,1,0,0,0,0,1,1,0,0
52,2707.63,32161.26,1,4,7.15,8.3,1,1,97.37,4,2,4,0,5,14,0,0,1,0,0,0,0,0,0
53,2640.23,31120.02,8,24,21.08,14.4,0,0,25.12,4,6,3,0,3,11,0,0,0,0,0,0,0,1,1
51,5006.73,61676.65,4,15,18.58,10.3,1,0,90.82,0,2,2,0,1,20,1,0,0,0,0,0,1,0,0
27,3515.38,42705.63,7,22,14.8,11.6,1,0,118.95,1,4,2,0,10,8,0,0,1,0,0,0,0,0,0
48,2512.42,30842.56,5,15,28.39,32.4,2,1,121.47,1,2,2,0,7,17,0,0,0,0,1,0,1,0,1
26,4559.54,53829.18,2,7,31.65,9.6,0,1,45.71,5,2,0,1,10,8,1,0,0,0,1,0,0,0,0
58,2837.26,33756.52,1,4,3.43,0.8,1,0,56.57,6,5,1,1,8,11,0,0,0,0,0,0,1,0,0
53,3256.59,39144.08,2,5,35.65,9.3,1,1,61.52,3,2,3,1,7,8,0,0,0,0,0,0,1,0,0
27,3515.38,41313.51,4,16,10.75,12.1,1,0,51.82,4,11,2,1,9,12,1,0,1,0,0,0,0,1,0
19,1983.23,23978.38,2,7,30.31,0.8,1,0,34.32,2,2,1,2,1,18,0,0,0,0,1,0,0,0,0
23,2789.93,33512.48,4,11,51.6,25.5,0,0,0.15,3,6,1,0,4,11,0,1,0,0,0,0,0,1,0
72,1604.45,19534.77,0,3,26.63,4.7,2,1,8.48,3,4,3,1,1,11,1,0,0,0,0,0,1,0,0
19,7994.41,95986.94,3,12,33.4,19.4,0,0,0.35,0,6,3,0,5,8,0,0,0,0,1,0,0,1,0
50,2471.96,29664.09,2,8,70.37,15.1,1,0,16.67,1,2,3,1,9,13,1,0,0,0,0,0,0,0,0
43,4274.83,52696.43,0,3,16.97,3.6,3,0,36.36,4,5,3,0,6,10,1,0,0,1,0,0,1,0,0
64,2217.42,26077.69,0,1,1.0,19.7,0,0,2.17,1,7,2,0,1,12,1,0,1,0,0,0,0,0,0
65,9170.33,111218.51,2,9,38.29,9.9,1,0,38.48,1,3,3,0,8,9,1,0,0,0,0,0,1,0,1
27,5191.36,61800.67,2,10,5.0,5.2,1,0,7.55,8,7,3,0,5,16,1,0,0,0,0,0,0,1,0
68,2731.41,32559.39,3,12,22.96,6.9,1,0,79.53,4,5,3,2,8,9,1,0,0,0,0,1,0,1,0
28,3831.8,45110.38,4,14,34.24,12.3,0,1,15.63,0,6,4,2,6,19,1,0,1,0,0,0,0,0,1
44,4953.34,60199.63,4,13,14.85,7.9,2,0,4.79,1,3,2,1,10,20,1,0,0,0,0,0,0,1,0
42,3354.95,40715.71,1,5,16.04,4.6,0,1,26.42,3,5,3,2,2,19,1,0,0,0,1,0,1,0,0
25,4485.88,55952.75,2,7,32.5,28.4,0,0,51.41,1,6,2,0,2,13,0,1,0,0,1,0,0,1,0
47,3224.02,38787.7,4,11,9.73,8.9,1,0,7.57,0,5,0,0,3,13,0,0,0,0,0,0,1,0,0
33,2735.31,33276.37,4,12,50.38,22.2,1,0,112.04,2,4,2,2,4,12,0,0,1,0,0,0,0,0,0
75,6804.65,81334.04,5,16,66.5,11.6,0,0,4.79,3,3,4,1,2,9,0,0,0,0,0,0,1,0,0
39,1984.0,23243.39,6,19,70.08,17.5,0,1,44.83,0,4,3,0,10,13,0,1,1,0,0,0,0,0,1
45,2971.52,35739.33,4,14,18.47,6.7,0,0,28.18,1,4,3,0,8,12,1,0,0,0,0,0,0,1,0
45,7186.91,85110.58,1,5,5.08,16.8,0,0,92.51,2,3,2,1,6,15,1,0,0,0,1,0,0,0,0
63,3592.01,43355.64,1,3,21.52,11.9,1,0,47.07,1,2,3,0,9,10,0,1,0,1,0,0,0,0,0
54,2755.78,32536.73,2,8,12.08,12.5,1,0,7.85,1,6,2,2,8,10,0,1,0,0,0,0,0,1,1
53,4324.64,52769.57,2,10,20.02,4.2,3,0,30.35,3,1,4,1,9,20,1,0,0,1,0,0,0,0,0
45,10042.18,118221.43,4,11,11.83,19.4,1,0,71.04,6,2,4,1,9,16,0,0,0,0,0,1,0,0,1
72,4104.78,49006.09,4,11,38.97,10.5,4,0,61.61,4,4,4,2,7,9,0,0,0,0,1,0,0,0,0
32,3263.39,39514.57,2,7,28.07,6.0,0,0,84.75,2,5,3,1,3,15,1,0,0,0,0,1,1,0,0
56,7356.43,88335.48,4,14,43.7,18.8,1,1,30.29,2,2,5,0,10,20,1,0,0,0,0,1,0,0,1
34,4996.51,59659.14,5,18,17.05,12.7,2,1,3.78,2,4,3,0,5,15,1,0,0,0,0,1,1,0,1
36,2410.8,28201.53,1,5,33.62,19.7,1,0,115.65,0,3,4,0,1,16,1,0,0,0,0,1,0,0,0
18,3616.68,44025.3,4,14,47.77,14.3,0,0,8.75,2,1,1,0,7,13,0,0,0,0,0,0,0,0,0
29,2859.95,34442.61,4,11,14.42,13.2,0,1,24.56,3,6,4,1,10,17,1,0,0,1,0,0,0,0,0
40,4441.96,54017.43,3,11,21.36,10.0,0,0,1.87,4,3,6,2,4,18,1,0,0,0,0,0,1,0,0
31,3381.53,40050.6,4,14,11.17,10.5,0,0,23.81,1,2,2,1,5,9,0,1,0,0,0,1,0,0,0
50,2517.49,30261.18,2,13,92.9,7.4,0,1,80.28,1,5,4,0,1,9,1,0,0,0,1,0,0,0,1
28,7467.08,89752.03,1,5,20.09,16.3,1,0,108.67,2,1,7,1,1,9,1,0,0,0,0,0,0,0,0
39,1984.0,23493.99,4,15,13.68,14.8,2,1,6.53,0,3,5,1,8,10,1,0,1,0,0,0,0,0,0
59,2655.17,31785.74,4,11,14.04,4.3,0,0,25.88,2,0,2,1,10,16,0,1,0,0,0,0,0,0,0
37,3274.89,39079.58,0,0,7.73,18.4,0,0,2.77,0,4,1,1,5,15,1,0,0,0,0,1,1,0,1
44,4536.15,55661.71,2,8,5.31,23.1,0,0,8.96,1,6,1,1,3,8,0,0,0,0,1,0,0,1,0
24,4975.35,59974.31,2,11,58.21,3.2,1,0,75.91,4,3,6,0,1,8,1,0,0,0,0,0,1,0,0
42,6771.78,81009.12,2,8,8.33,11.8,1,0,93.99,2,6,4,0,8,17,0,0,0,0,1,0,0,0,0
31,3251.74,38976.01,3,11,51.95,16.1,1,1,26.4,2,3,2,0,10,18,1,0,0,0,1,0,1,0,0
65,5614.43,69764.51,5,16,32.76,11.8,1,0,57.94,4,12,4,0,10,11,1,0,1,0,0,0,0,0,0
56,7518.64,90239.25,4,14,8.18,14.9,1,0,77.27,2,4,2,3,8,14,1,0,1,0,0,0,1,0,1
21,3232.77,38672.38,1,3,15.19,6.7,1,0,27.31,7,4,6,1,6,8,1,0,0,0,0,0,0,0,0
42,3649.93,44066.15,5,17,12.63,15.3,1,0,71.83,2,0,1,1,2,16,0,0,0,0,0,1,0,0,0
26,3419.19,41338.09,2,7,10.73,9.3,1,1,21.39,2,5,0,0,9,8,1,0,1,0,0,0,0,1,0
65,2216.77,26730.2,7,23,20.47,14.4,2,1,19.6,5,5,2,2,2,14,1,0,0,0,1,0,1,0,0
31,3469.21,42937.63,2,9,15.3,11.3,0,1,69.3,2,4,3,0,1,14,1,0,0,1,0,0,1,0,0
63,6725.99,81473.79,4,14,73.35,17.6,2,0,64.4,1,6,1,2,10,12,1,0,0,0,1,0,1,0,0
75,3962.83,47165.03,2,7,9.24,12.1,3,0,25.82,2,3,4,1,8,20,1,0,1,0,0,0,1,0,0
44,11507.11,138227.27,1,4,25.49,13.0,1,0,52.78,2,3,4,1,5,15,1,0,0,1,0,0,0,1,1
21,3813.81,46624.5,0,1,18.76,8.9,2,0,36.41,1,8,0,0,7,19,1,0,0,0,0,0,1,0,0
35,3556.96,41968.27,1,3,11.26,23.1,1,0,57.11,1,5,2,1,8,9,0,0,1,0,0,0,0,0,0
57,5141.67,61402.51,4,13,22.92,15.4,2,1,57.21,2,4,1,1,6,16,0,0,0,0,1,0,1,0,0
64,6599.07,80322.93,3,10,54.21,3.4,1,0,45.75,2,5,1,0,5,16,1,0,0,0,1,0,0,0,0
25,2805.33,34230.9,2,10,76.8,15.7,1,0,28.07,3,2,2,0,2,15,1,0,0,0,1,0,0,1,0
29,2953.05,35387.65,6,20,26.35,12.2,3,0,57.81,1,1,5,0,9,19,0,0,0,0,0,1,0,1,0
62,4262.05,51296.37,3,8,7.23,10.8,2,0,15.84,1,2,3,1,10,15,1,0,0,0,0,1,0,0,0
57,4572.67,55258.43,4,15,9.22,22.5,1,0,35.19,2,2,3,0,4,11,0,0,0,0,0,0,0,1,0
54,4358.88,52176.25,3,15,9.62,3.3,0,0,73.71,2,1,5,0,8,17,1,0,0,0,1,0,0,1,0
40,1515.08,17663.47,3,12,25.38,28.3,3,1,80.76,4,2,7,2,3,14,1,0,1,0,0,0,0,0,0
67,7856.32,94400.01,7,22,34.43,18.2,0,1,20.96,4,1,2,2,7,14,1,0,0,0,0,0,1,0,1
69,2595.69,30837.92,2,8,13.39,15.9,2,0,28.24,2,4,3,1,8,13,0,0,1,0,0,0,0,1,0
43,1931.26,23535.05,3,8,36.15,12.3,2,1,67.48,2,3,0,3,2,9,1,0,0,1,0,0,0,0,1
75,2995.46,35835.62,3,10,20.13,7.5,0,0,38.95,2,2,2,0,5,14,1,0,1,0,0,0,0,0,0
44,6496.96,76499.14,1,5,6.5,12.6,0,0,72.86,4,6,2,1,2,19,1,0,0,0,1,0,0,0,0
51,2897.58,33917.02,1,5,3.36,20.2,0,0,20.87,3,2,2,0,5,17,1,0,0,0,0,0,1,0,0
33,3049.9,37545.95,3,10,20.28,8.0,1,0,19.44,3,1,2,1,7,12,0,0,0,0,0,0,0,0,0
21,2548.67,31466.28,2,7,31.62,12.7,1,1,26.66,2,3,0,0,7,10,1,0,0,0,1,0,1,0,0
57,3914.33,45927.85,1,5,17.74,18.1,2,0,5.79,3,4,5,0,3,18,1,0,0,0,1,0,0,0,0
29,1026.33,11936.87,3,8,32.48,8.1,0,0,23.24,2,5,2,0,2,10,1,0,0,0,0,1,0,1,0
56,5808.83,70574.32,5,17,17.86,23.1,0,0,116.43,2,6,4,0,9,11,0,1,1,0,0,0,1,0,0
19,5355.15,64500.0,2,8,7.29,4.2,2,0,0.86,2,6,2,1,2,10,1,0,0,1,0,0,1,0,0
33,2735.31,33467.91,0,0,1.0,8.6,2,0,22.26,0,3,8,1,8,8,0,0,1,0,0,0,0,0,0
54,7148.86,83430.2,1,5,2.08,9.6,0,0,84.54,0,3,0,1,9,18,0,0,0,0,0,1,1,0,0
21,4354.61,52083.78,5,19,28.19,13.5,2,1,2.23,3,6,1,1,1,18,0,0,0,0,1,0,0,1,0
59,3138.39,36833.96,0,2,17.39,6.0,1,0,109.46,0,3,2,1,2,14,0,0,0,1,0,0,1,0,0
50,1932.98,22986.07,4,13,52.01,15.1,0,1,0.96,2,4,1,0,4,18,0,0,0,0,1,0,0,1,0
35,3900.23,47151.58,4,13,11.68,15.5,0,1,35.21,2,2,5,0,1,20,1,0,0,1,0,0,0,0,0
70,2811.66,33761.29,2,6,9.66,9.3,1,1,18.95,2,5,0,1,4,13,1,0,0,0,1,0,0,0,0
25,5747.78,69338.08,6,20,45.82,12.5,0,1,68.05,0,5,0,0,10,14,1,0,0,0,0,1,0,1,0
62,968.51,11421.96,1,5,21.0,6.1,0,0,123.65,2,3,2,0,9,14,0,0,1,0,0,0,0,0,0
51,5340.18,64434.7,3,9,34.38,24.8,1,0,15.22,1,3,4,0,4,18,1,0,0,1,0,0,0,0,0
32,1964.69,23821.05,1,2,6.24,3.8,1,0,17.6,3,6,3,1,1,8,1,0,0,0,0,1,1,0,0
41,8490.52,100848.39,5,17,21.25,10.3,1,1,9.31,1,4,1,0,5,15,1,0,0,1,0,0,0,1,0
44,6496.96,77201.14,1,6,14.91,10.9,5,0,128.61,4,0,4,0,2,16,1,0,0,0,1,0,0,0,0
38,3157.63,38534.82,3,10,73.46,1.4,0,0,21.14,1,3,2,1,4,12,0,0,0,0,0,0,1,0,0
64,2737.36,31720.17,2,5,4.6,12.4,1,0,61.69,3,5,3,1,3,12,1,0,1,0,0,0,0,1,0
20,3723.15,45309.99,5,16,60.59,8.0,0,1,45.82,0,4,4,1,6,18,0,0,1,0,0,0,1,0,0
38,1821.24,22479.46,1,4,5.32,6.9,0,0,90.38,2,7,1,1,5,8,1,0,0,1,0,0,1,0,0
33,2433.71,29280.22,5,16,88.37,10.9,0,1,137.89,2,4,0,0,4,11,1,0,0,0,1,0,0,1,0
19,1722.43,20162.14,5,17,19.47,15.4,2,0,82.86,2,1,3,0,4,18,0,0,0,0,0,0,1,0,0
29,3071.3,37193.65,1,7,58.75,11.5,2,1,40.46,2,5,3,1,1,15,1,0,1,0,0,0,0,0,0
57,2716.34,32375.18,7,22,20.92,16.6,3,1,30.12,5,5,5,0,10,19,1,0,1,0,0,0,1,0,1
33,2181.46,26591.43,3,11,50.0,16.0,2,1,17.15,2,4,5,0,3,13,0,0,0,0,1,0,0,1,0
53,3105.87,37398.53,0,0,40.93,4.4,3,0,70.24,1,2,2,1,1,13,1,0,0,0,0,0,0,0,0
63,1514.75,17612.93,4,14,29.11,9.3,2,1,82.54,4,3,2,1,1,13,0,0,0,0,1,0,0,0,0
67,2118.96,25850.02,3,11,8.01,13.0,1,0,97.44,3,2,3,1,2,11,1,0,1,0,0,0,1,0,0
69,1931.05,22818.85,5,14,11.15,7.9,1,0,43.28,2,6,4,0,9,8,1,0,0,0,1,0,1,0,0
47,5766.43,68910.62,0,0,34.87,6.3,1,0,0.52,2,5,2,0,5,11,1,0,0,0,1,0,0,1,0
25,3432.56,41426.71,5,18,33.77,14.3,0,0,31.24,2,9,3,1,9,9,0,1,0,0,0,1,0,1,0
45,10042.18,120714.29,3,13,7.13,1.0,1,0,36.05,2,3,0,1,8,12,1,0,0,0,0,1,1,0,0
38,1768.87,21120.09,1,8,41.74,19.4,1,1,83.81,0,1,7,0,6,20,1,0,0,1,0,0,1,0,0
50,4153.72,50458.26,0,2,38.56,10.7,0,0,2.64,3,4,2,1,7,9,1,0,0,0,1,0,0,1,0
48,1802.7,21631.69,2,8,9.32,7.5,2,0,139.32,4,5,4,1,9,8,1,0,0,0,1,0,1,0,0
28,3930.31,46622.3,2,5,34.67,4.2,1,0,29.98,6,2,2,1,1,13,0,0,0,0,0,0,1,0,0
23,1742.28,21084.6,4,18,16.03,10.1,0,1,16.27,2,7,2,3,1,10,0,1,1,0,0,0,0,1,0
19,2425.19,28619.7,4,13,20.44,16.4,0,1,91.25,2,5,3,0,1,20,0,0,0,0,0,0,0,1,0
75,5319.19,62694.82,6,20,40.99,9.0,1,0,78.76,0,2,4,0,8,8,1,0,0,0,0,1,1,0,0
32,3850.91,45689.3,5,14,21.27,4.4,1,1,18.71,2,3,3,0,10,20,1,0,0,1,0,0,0,1,0
56,7518.64,92040.05,4,12,26.32,28.1,0,0,1.87,5,2,5,0,6,16,1,0,1,0,0,0,1,0,1
25,2650.46,31645.4,0,1,13.98,16.5,0,1,13.16,3,3,5,0,1,14,1,0,0,0,0,1,1,0,0
62,6655.18,79042.58,3,9,26.57,6.5,1,0,38.29,3,2,3,2,10,18,0,0,0,0,0,0,0,1,0
21,2369.71,28010.77,0,1,37.16,6.4,1,0,85.78,2,8,4,0,7,10,1,0,0,0,0,0,0,1,0
75,1813.25,21483.69,1,5,14.88,5.9,0,0,4.84,1,1,6,0,10,11,1,0,0,0,0,1,0,0,0
27,2776.05,33080.95,4,13,41.72,20.0,2,0,54.84,2,5,4,0,9,8,1,0,1,0,0,0,1,0,0
50,3186.77,38323.65,3,12,38.88,17.6,2,0,134.78,2,6,2,0,2,14,0,0,0,0,1,0,1,0,0
22,3375.04,40794.16,3,10,18.34,8.3,4,0,0.72,2,3,2,1,2,16,1,0,0,1,0,0,1,0,0
45,2971.52,35322.57,2,8,50.5,7.1,2,0,92.96,1,2,3,1,1,9,0,0,0,0,0,0,1,0,0
47,4220.2,49193.48,2,9,7.89,5.1,0,0,85.95,1,8,1,2,9,12,1,0,0,0,0,0,1,0,1
26,3088.72,37400.52,1,6,6.61,20.3,3,0,208.34,5,3,2,0,4,16,0,0,0,0,0,1,0,0,0
43,1847.51,22171.04,1,7,3.27,7.1,1,0,1.88,2,2,3,0,8,9,1,0,0,1,0,0,0,1,0
51,5006.73,60323.3,1,5,10.75,5.9,1,0,16.71,5,5,5,1,9,19,1,0,0,0,0,0,1,0,0
52,3816.6,45516.49,4,14,30.83,1.7,2,0,66.27,2,2,3,1,6,20,1,0,1,0,0,0,1,0,0
57,3367.73,39578.33,1,8,8.73,4.2,1,0,99.39,0,10,2,4,1,11,1,0,0,0,1,0,1,0,0
36,6095.47,74048.01,5,16,49.79,13.5,1,0,338.91,2,5,2,2,4,20,1,0,0,1,0,0,1,0,1
59,1926.52,23406.35,5,17,15.9,7.0,1,0,87.35,3,4,4,1,6,16,1,0,1,0,0,0,0,1,0
64,5245.58,64853.19,4,15,14.01,10.2,0,0,55.66,1,3,2,0,7,13,1,0,0,1,0,0,0,0,0
34,5635.51,66819.83,2,6,24.53,7.8,0,1,22.87,2,4,1,1,3,20,0,0,1,0,0,0,1,0,0
50,2846.42,34416.22,1,9,22.52,2.9,2,0,28.08,3,6,3,0,5,13,1,0,1,0,0,0,1,0,1
64,2214.84,25561.52,1,7,56.24,16.9,3,0,15.49,1,6,2,0,8,8,0,1,1,0,0,0,1,0,0
68,5476.0,66093.72,3,14,39.59,10.7,0,1,56.08,4,6,2,0,9,15,1,0,0,1,0,0,0,0,0
54,2987.23,35494.86,1,3,27.26,27.2,0,0,295.25,0,4,2,1,8,13,0,0,0,0,0,1,0,0,0
66,3275.86,39017.42,3,12,37.73,12.7,0,1,32.88,2,5,0,2,5,8,0,0,0,0,0,1,1,0,0
41,5215.41,63226.4,1,5,6.63,8.4,1,0,32.15,2,4,1,0,4,20,1,0,0,1,0,0,0,0,0
21,2680.55,32264.25,2,10,18.4,12.5,0,0,78.63,0,5,2,0,5,16,1,0,0,0,1,0,0,0,0
48,8824.75,105113.49,7,23,49.8,14.4,0,1,17.36,5,2,6,0,1,20,1,0,0,0,0,0,0,0,1
27,4629.64,55641.72,5,17,24.35,18.2,2,1,44.88,4,4,3,1,5,12,0,1,0,0,0,1,1,0,0
21,3709.2,44864.14,0,1,35.2,2.3,0,0,31.6,3,5,3,1,5,10,1,0,0,0,0,1,0,0,0
43,1176.22,14153.67,2,8,9.21,3.6,0,0,17.83,5,5,3,0,1,13,0,0,1,0,0,0,0,0,0
50,1932.98,23533.39,2,9,10.57,15.6,0,1,27.0,3,3,5,0,4,18,1,0,0,0,1,0,0,0,1
50,1882.13,22387.2,6,23,17.28,16.9,0,0,57.44,4,2,5,1,3,13,0,0,0,0,1,0,0,0,1
72,1135.24,13738.93,7,21,32.71,7.6,1,1,12.46,5,3,2,1,2,13,1,0,0,1,0,0,0,0,1
43,4926.78,58353.67,1,5,73.07,3.8,2,0,133.06,2,4,3,1,8,8,0,0,0,1,0,0,0,0,1
26,3419.19,41262.58,4,12,15.41,19.2,1,1,3.16,2,3,4,0,7,20,0,1,1,0,0,0,1,0,0
40,4610.59,54365.7,0,2,64.01,9.6,1,0,21.54,0,0,0,0,9,9,1,0,1,0,0,0,0,0,0
53,4279.66,51341.16,1,7,4.12,6.8,0,0,102.53,1,3,5,0,4,17,1,0,0,0,0,0,1,0,0
63,1775.53,21200.97,1,6,69.08,12.9,1,0,144.34,1,3,2,0,8,12,1,0,0,0,0,1,0,0,0
65,3097.28,37271.62,6,17,27.8,5.2,0,1,144.54,2,5,2,0,9,20,0,0,0,1,0,0,1,0,0
46,4040.24,47160.87,8,23,23.96,9.3,3,1,94.26,2,3,2,2,6,9,0,1,0,0,0,0,0,1,1
67,3608.6,42517.15,9,28,24.39,13.4,1,1,80.36,4,3,5,0,5,14,1,0,0,0,0,1,0,1,0
25,9531.65,114574.81,4,14,10.3,12.5,1,0,34.89,2,5,2,0,3,9,1,0,0,0,0,1,0,0,0
70,4630.64,56004.23,3,9,17.65,9.6,1,0,253.08,5,6,4,1,3,12,0,1,0,0,0,0,0,0,0
46,1307.18,15748.43,5,18,10.04,16.5,1,0,19.0,4,0,3,0,1,19,0,1,0,1,0,0,0,0,0
33,1943.71,23835.74,4,13,15.7,12.2,1,0,0.05,3,7,4,0,2,12,1,0,0,1,0,0,1,0,0
40,2167.08,26056.51,5,15,29.13,14.1,0,1,26.79,2,3,6,1,5,18,1,0,1,0,0,0,1,0,0
64,2680.76,32489.72,0,1,14.39,8.4,2,0,25.82,0,3,3,1,8,16,1,0,0,0,0,0,1,0,0
24,2590.16,31102.8,0,0,68.91,10.3,2,0,96.42,3,3,2,0,2,18,1,0,0,1,0,0,1,0,0
55,2415.91,28866.85,0,1,7.81,8.7,1,0,24.63,2,5,5,1,6,20,1,0,0,1,0,0,1,0,0
51,4531.95,54919.85,3,10,12.91,4.0,1,0,56.76,4,3,2,1,10,15,0,0,0,0,1,0,0,0,1
59,3138.39,38153.82,3,12,93.88,5.1,1,0,73.97,2,3,2,1,9,11,1,0,0,1,0,0,0,0,0
69,5289.33,63845.73,2,6,16.95,21.0,0,1,20.11,4,4,1,0,2,8,1,0,0,1,0,0,1,0,1
34,2537.35,31538.64,4,13,29.96,6.6,1,0,48.81,0,4,1,0,10,11,1,0,0,0,1,0,1,0,0
46,4363.6,54285.79,2,8,5.08,20.2,0,0,70.15,5,4,3,0,2,19,1,0,0,0,0,1,0,0,0
43,2332.97,27793.12,1,6,31.19,8.1,0,0,101.47,2,3,0,2,7,15,0,0,1,0,0,0,0,1,1
41,5939.56,70339.35,2,6,36.56,12.6,0,0,17.33,2,3,2,0,1,15,1,0,0,0,1,0,1,0,0
69,6388.67,77784.24,6,21,26.76,7.5,0,1,132.05,2,4,4,1,9,16,1,0,0,1,0,0,0,0,0
63,4023.96,48232.57,1,5,8.88,10.2,2,1,82.16,3,4,1,0,6,14,0,0,0,0,0,0,1,0,0
56,4373.71,51064.13,5,16,11.81,7.1,1,0,60.7,1,6,4,1,8,17,1,0,1,0,0,0,1,0,0
28,3930.31,46699.0,3,15,18.6,14.9,3,0,40.95,3,5,4,0,1,18,0,0,0,0,0,0,0,0,0
25,7136.75,84816.83,9,31,19.28,5.0,1,0,10.23,1,3,3,1,7,16,1,0,0,0,1,0,0,0,0
42,3132.59,36436.56,6,19,21.17,15.9,1,1,4.68,4,4,2,1,5,10,0,0,0,0,0,1,1,0,1
51,3697.16,45653.85,1,7,22.47,13.0,0,0,13.49,2,4,0,1,10,14,1,0,0,0,0,0,0,0,0
35,3785.1,45140.69,4,14,23.28,20.0,2,1,4.3,3,4,6,1,10,19,1,0,0,1,0,0,0,0,0
35,2683.35,32859.38,1,5,39.35,5.1,0,0,0.05,3,8,2,1,3,17,1,0,1,0,0,0,0,0,0
43,1911.68,23139.96,1,11,14.64,21.6,0,0,21.22,4,5,5,1,6,11,1,0,0,1,0,0,0,0,0
71,4911.26,59391.05,6,20,31.6,7.7,2,0,16.01,1,5,6,0,6,8,0,1,0,0,0,0,0,1,0
39,1984.0,23483.02,0,0,38.98,8.5,0,1,48.21,1,4,1,1,7,12,0,1,1,0,0,0,1,0,0
44,2019.77,24363.46,0,1,27.43,11.7,3,0,30.15,0,7,2,0,5,15,1,0,0,0,1,0,0,0,0
38,2806.83,33726.98,1,3,80.95,21.5,3,0,85.44,5,3,0,0,7,10,0,1,0,0,0,1,0,1,0
34,3938.69,46747.99,4,12,30.11,30.8,3,0,38.53,2,3,3,1,9,19,1,0,0,0,0,1,1,0,0
22,2179.99,25770.82,1,5,7.55,23.6,1,0,55.17,4,5,2,0,7,13,0,0,0,1,0,0,1,0,0
57,5333.66,63620.83,2,5,12.41,6.8,1,0,5.08,2,4,3,0,6,10,1,0,1,0,0,0,1,0,0
72,4403.28,52801.83,1,5,14.31,14.3,0,0,75.3,0,0,6,0,4,12,1,0,0,1,0,0,0,1,0
19,5623.05,68635.05,5,15,20.46,6.4,3,1,132.9,1,6,4,0,3,12,1,0,0,1,0,0,1,0,0
70,4529.74,54394.64,5,17,17.27,18.3,0,0,7.95,2,2,4,1,1,11,1,0,0,1,0,0,0,0,0
64,2450.71,29270.66,3,10,8.7,7.8,1,0,9.59,2,7,2,0,1,10,1,0,0,0,1,0,1,0,0
67,2240.09,26303.84,0,2,6.59,2.9,2,0,42.43,3,3,3,2,5,11,1,0,0,0,1,0,0,0,0
25,3640.43,43116.55,2,11,8.08,21.5,2,1,38.52,2,2,4,2,3,17,0,0,0,0,0,0,0,0,0
41,3103.39,38263.24,3,9,16.14,8.5,4,0,22.3,1,3,2,0,10,19,1,0,0,1,0,0,1,0,0
63,2342.92,27393.89,4,14,41.89,11.4,1,1,72.19,4,7,4,1,7,9,1,0,0,0,1,0,0,0,0
75,2031.96,24608.29,9,28,39.56,21.9,0,1,118.26,0,3,5,0,3,17,1,0,0,1,0,0,0,1,0
68,3211.17,37910.19,2,8,8.05,10.5,1,1,159.68,5,6,4,0,8,13,0,0,0,0,0,0,0,1,0
34,2304.05,27940.62,4,16,37.28,15.3,1,1,70.29,3,5,4,0,6,12,1,0,0,0,0,1,1,0,0
32,7873.12,95205.62,2,7,65.73,3.1,0,0,66.92,1,3,3,1,3,12,1,0,0,1,0,0,0,1,0
45,3034.56,36556.12,3,10,24.46,16.1,1,0,128.5,1,2,3,0,8,18,0,0,0,0,1,0,0,1,0
40,3215.08,39105.66,6,20,25.84,27.7,1,0,76.43,2,6,1,0,6,19,1,0,1,0,0,0,0,0,0
26,4559.54,54684.49,1,5,55.96,22.3,2,1,11.26,1,6,3,0,3,20,1,0,0,0,1,0,1,0,0
29,3333.25,40240.52,3,12,27.1,13.9,0,0,1.39,3,4,5,1,2,18,1,0,0,1,0,0,0,1,0
20,5064.97,60060.41,5,18,33.0,2.7,0,0,56.27,3,3,6,0,5,8,0,0,0,1,0,0,1,0,0
64,3314.17,40381.38,4,11,21.42,0.9,2,0,54.25,0,4,4,0,6,15,1,0,0,0,1,0,0,1,0
60,4323.43,52823.19,3,9,66.31,6.1,0,1,26.85,2,4,1,0,10,18,1,0,0,0,0,1,0,1,1
51,7452.89,89039.96,2,8,38.84,25.3,1,0,29.57,3,4,3,0,3,20,0,0,0,0,0,0,0,0,1
65,3729.5,43800.15,0,2,20.02,16.0,1,1,30.62,2,3,3,2,4,13,1,0,0,0,0,0,1,0,1
22,3842.5,46323.46,1,8,18.47,2.7,2,0,36.48,4,3,2,0,2,17,0,0,0,0,1,0,0,0,0
34,3201.39,38921.08,1,2,32.98,15.6,0,0,4.66,4,4,3,1,4,18,0,0,0,0,0,0,0,0,0
40,2542.61,30594.29,4,12,19.71,14.0,5,0,275.44,1,5,3,1,7,9,1,0,1,0,0,0,1,0,0
25,2908.53,34263.5,0,0,42.68,2.3,0,0,107.59,1,3,6,0,10,15,1,0,1,0,0,0,0,0,0
56,7518.64,89661.44,7,25,20.81,8.5,0,0,94.84,2,0,0,0,6,9,1,0,1,0,0,0,0,0,1
32,3850.91,46204.11,0,3,54.92,23.8,1,1,29.42,1,4,3,0,5,14,1,0,0,1,0,0,1,0,0
47,10465.63,126581.93,8,27,23.32,16.6,0,0,35.58,1,2,2,2,3,19,0,1,0,0,1,0,0,0,0
74,5322.83,64229.67,4,11,22.55,26.1,1,1,74.24,1,7,5,1,8,17,0,1,0,0,0,0,1,0,0
50,2471.96,30441.33,1,7,62.88,1.6,2,0,109.25,4,2,3,1,8,14,0,0,0,0,0,0,0,1,0
57,5141.67,62397.03,3,12,54.88,14.9,0,1,4.37,0,5,5,0,4,20,0,0,0,0,1,0,0,0,0
66,4181.97,49866.31,5,18,12.42,21.9,1,0,46.19,4,4,1,1,8,16,1,0,1,0,0,0,0,0,0
68,3947.89,48362.31,1,6,94.5,8.1,3,0,58.94,2,3,3,0,10,15,1,0,0,0,0,1,0,1,0
72,2786.83,33661.54,2,9,30.11,18.3,0,1,8.8,0,4,5,1,10,11,0,0,0,1,0,0,0,0,0
32,3655.63,44025.79,1,4,17.87,6.8,0,0,289.61,4,3,2,1,6,8,1,0,0,1,0,0,1,0,0
35,7544.51,89588.25,5,15,17.1,3.4,2,0,17.31,3,7,2,0,7,10,0,0,0,0,0,1,1,0,0
42,5468.99,65281.4,2,8,33.56,6.3,1,1,0.36,0,6,4,2,5,20,1,0,0,0,1,0,0,0,0
44,4385.79,52831.7,5,16,17.27,8.2,1,0,51.24,3,8,2,0,4,20,1,0,0,1,0,0,1,0,0
38,2377.84,29299.79,5,16,19.68,10.0,0,0,19.17,1,2,7,0,1,15,1,0,0,0,1,0,0,1,0
31,5351.86,62941.11,2,9,6.64,9.3,0,0,8.8,4,1,1,0,1,16,0,0,0,1,0,0,0,0,0
63,1514.75,18558.94,5,21,21.42,6.2,1,1,3.68,2,1,0,1,7,18,1,0,0,0,1,0,1,0,0
63,3099.84,37242.58,2,7,10.57,6.6,1,0,132.77,6,2,2,0,6,14,1,0,0,1,0,0,1,0,0
67,1109.44,13498.54,2,8,10.05,19.1,0,1,64.2,0,2,3,0,6,15,1,0,0,0,1,0,1,0,0
55,5226.07,61922.32,1,7,23.75,13.2,0,1,84.95,4,5,3,0,6,20,0,0,1,0,0,0,0,1,1
60,2789.61,33495.87,3,11,10.06,7.1,3,0,61.23,6,4,1,0,6,18,1,0,0,1,0,0,0,0,0
38,3458.16,41713.74,7,20,17.02,17.4,3,0,3.58,6,6,5,1,3,10,1,0,0,0,0,1,1,0,0
39,5459.33,66360.25,4,13,26.91,12.5,1,0,107.12,1,2,4,1,3,19,0,0,0,0,0,1,1,0,0
52,1572.1,18693.92,0,3,54.16,4.5,0,0,48.26,3,4,0,1,2,18,1,0,0,1,0,0,1,0,0
54,4573.71,54893.23,1,4,69.05,20.1,0,1,49.26,6,5,6,0,3,20,0,0,1,0,0,0,0,0,1
60,4446.77,54213.9,0,1,5.55,8.7,2,0,8.44,1,1,2,1,7,17,1,0,1,0,0,0,0,0,0
29,3140.17,37876.03,2,6,17.84,2.2,2,0,29.09,3,4,4,1,8,15,1,0,0,1,0,0,0,1,0
68,5374.32,64667.02,1,2,23.12,17.7,0,0,0.21,1,9,3,1,2,12,1,0,0,0,1,0,0,0,0
27,3445.32,41606.35,3,12,89.39,7.1,1,0,25.77,3,2,3,1,3,16,0,0,0,0,0,0,0,0,0
67,6394.09,76314.3,3,9,19.54,5.4,1,1,35.96,2,2,4,2,3,15,0,0,0,0,1,0,1,0,0
58,4990.6,62365.86,3,9,11.13,11.7,1,1,166.7,3,5,2,1,7,11,1,0,0,1,0,0,1,0,0
32,4662.7,56379.85,3,11,32.61,5.2,0,1,13.98,0,6,2,1,3,15,0,0,0,0,0,0,0,1,0
61,9287.34,109756.82,2,9,28.03,6.1,0,0,103.54,3,4,3,2,3,16,0,0,1,0,0,0,0,0,0
28,4376.24,53165.91,3,10,12.02,1.4,0,0,0.0,3,8,3,0,1,15,0,0,1,0,0,0,0,0,0
54,4900.14,59521.12,3,12,15.83,17.7,2,1,45.27,6,6,7,0,2,16,0,0,1,0,0,0,1,0,1
27,1963.16,23289.09,0,0,66.23,5.6,2,0,11.35,1,3,2,0,2,18,1,0,0,0,0,1,0,1,0
19,6623.38,78104.82,0,3,6.56,5.1,2,0,77.97,2,8,3,1,4,8,1,0,0,0,0,1,0,0,0
35,3203.54,38249.22,7,24,37.85,8.2,0,1,52.65,0,6,4,2,2,20,1,0,0,0,1,0,1,0,0
61,3686.42,44281.64,1,4,4.04,7.7,0,0,27.41,1,11,6,0,6,13,1,0,0,0,0,1,1,0,0
61,3440.73,40861.99,3,9,12.48,11.6,0,0,25.24,3,4,2,0,1,16,1,0,1,0,0,0,0,0,0
67,6170.12,73245.23,6,20,13.31,14.4,3,0,121.14,4,5,3,0,3,16,1,0,0,1,0,0,1,0,0
45,3103.55,37203.02,3,12,24.0,10.2,0,0,7.24,1,1,2,0,10,10,1,0,0,0,0,1,0,0,0
32,4983.56,59533.42,4,13,20.52,7.0,1,0,0.76,2,5,4,2,4,14,0,0,1,0,0,0,0,0,0
61,6098.96,72047.83,1,7,3.15,3.5,0,0,36.75,5,3,0,2,3,17,0,1,0,0,0,1,1,0,0
66,2217.25,26533.12,2,11,37.92,18.5,1,0,62.46,4,2,5,1,3,16,1,0,1,0,0,0,0,0,0
46,2809.24,33739.82,5,16,17.33,13.1,1,1,113.83,1,3,4,2,2,15,1,0,0,0,0,1,0,0,0
74,1938.91,23071.11,1,3,6.98,7.7,1,0,30.75,0,6,3,1,7,18,1,0,0,1,0,0,0,0,0
53,2422.15,28423.91,2,9,18.09,19.3,0,1,38.73,3,4,4,1,3,10,1,0,1,0,0,0,1,0,0
41,12000.0,142248.13,0,2,27.27,23.9,1,0,62.16,3,2,1,2,4,19,1,0,0,1,0,0,0,0,0
72,2959.67,35749.86,1,4,28.82,6.2,1,0,49.66,1,3,2,0,2,18,1,0,0,0,0,1,0,1,0
67,2847.59,34270.39,3,12,12.98,12.2,3,1,11.43,1,7,0,2,9,10,1,0,1,0,0,0,0,1,0
46,8045.17,96651.03,3,9,12.87,21.2,1,0,14.16,3,6,1,0,3,20,1,0,0,1,0,0,1,0,1
57,4116.96,48945.86,1,5,23.06,16.5,0,0,59.57,0,5,1,1,9,19,1,0,0,1,0,0,1,0,0
70,4051.33,46695.24,3,11,37.34,2.5,1,0,30.71,0,1,2,0,1,12,0,0,0,0,1,0,1,0,0
32,4864.3,57868.06,0,1,47.87,17.4,2,0,4.74,3,6,6,1,2,11,0,0,1,0,0,0,1,0,1
26,1847.39,21902.55,1,3,3.29,12.9,2,0,32.22,7,6,3,2,2,10,1,0,0,1,0,0,0,0,0
48,6482.28,77215.09,7,24,15.08,2.6,0,0,57.97,3,7,1,0,8,8,0,1,0,0,0,1,0,0,1
32,4392.61,52009.71,4,13,12.25,7.4,1,0,237.68,3,8,1,0,3,9,1,0,0,0,0,0,0,0,0
59,3429.67,41099.45,1,6,58.2,19.1,0,1,8.33,3,8,3,0,5,15,1,0,0,0,0,0,1,0,0
38,3535.4,43676.14,6,22,87.49,14.0,0,0,71.21,2,6,2,2,8,16,1,0,0,0,0,0,0,0,0
61,5165.09,62748.54,4,17,32.18,14.8,1,1,74.56,4,3,3,0,3,14,0,1,0,0,1,0,1,0,0
75,6527.57,76547.89,2,6,10.85,7.7,1,0,24.37,0,3,3,0,7,14,0,0,0,0,0,0,0,1,0
52,4655.51,55163.69,1,5,11.87,12.1,2,1,26.16,5,7,4,0,10,17,1,0,0,0,0,1,1,0,0
64,4507.02,54402.97,4,17,14.32,22.6,0,0,11.07,0,1,5,1,9,20,0,0,0,0,0,1,1,0,0
55,3765.9,44163.14,1,2,22.1,17.6,0,0,54.06,1,3,1,2,6,8,1,0,0,0,1,0,0,0,0
18,4922.67,58627.06,1,6,4.43,10.0,1,0,71.17,3,3,3,2,10,19,1,0,0,1,0,0,1,0,0
21,2680.55,32339.84,3,10,39.02,7.6,1,0,4.07,0,4,3,1,5,10,0,0,0,0,1,0,1,0,0
42,3727.95,44271.79,1,5,17.89,5.2,0,0,62.87,1,3,3,1,5,20,1,0,0,0,0,0,1,0,0
53,4324.64,52388.75,2,8,49.0,5.3,1,0,71.02,0,1,5,1,6,12,0,0,0,1,0,0,1,0,0
30,4299.46,52287.11,8,24,43.37,8.2,2,0,37.29,3,9,0,2,2,8,1,0,0,1,0,0,0,1,0
21,2680.55,32484.75,1,2,20.8,13.4,2,0,15.49,2,3,4,0,2,12,1,0,0,0,1,0,1,0,0
28,8627.92,102925.08,2,8,13.96,11.1,1,0,6.51,1,5,5,1,9,13,1,0,0,0,0,1,0,0,0
67,10220.82,119429.51,3,13,22.15,24.9,0,1,27.43,1,2,5,1,4,8,1,0,1,0,0,0,0,0,1
46,1307.18,15617.61,3,14,14.63,16.1,0,0,73.66,2,1,5,0,7,10,1,0,0,1,0,0,1,0,0
51,5006.73,60934.73,4,11,21.9,11.5,0,0,3.86,2,3,10,0,2,9,0,0,0,0,0,0,0,1,1
30,7750.63,94031.51,3,10,13.38,19.2,2,1,38.05,0,8,2,0,5,18,0,0,0,1,0,0,1,0,0
73,4252.52,51224.54,3,11,38.47,19.3,0,0,147.06,3,3,5,4,1,8,1,0,0,0,0,0,1,0,0
67,4878.66,58576.12,8,27,29.19,26.0,0,0,45.76,3,5,2,1,2,17,0,0,0,0,0,0,0,0,0
38,3157.63,37456.07,4,14,30.35,9.2,1,0,44.88,0,7,1,1,3,8,1,0,0,0,0,0,1,0,0
64,5378.41,64403.73,1,7,5.0,6.5,1,0,51.74,3,5,3,0,3,9,0,1,0,0,0,0,0,1,0
46,2438.44,28715.23,1,5,22.57,16.3,2,0,10.38,1,5,4,1,2,13,1,0,0,1,0,0,0,1,0
73,3409.09,40950.33,4,14,12.25,24.0,2,0,31.8,4,6,2,2,10,14,1,0,0,1,0,0,0,0,0
25,2118.41,25164.83,2,9,25.1,20.2,1,0,155.35,2,6,4,1,4,8,1,0,0,0,1,0,0,1,0
45,3992.41,47321.84,3,11,14.16,16.8,0,0,84.72,0,4,3,1,10,18,0,0,0,0,0,0,0,0,0
60,2829.15,35218.4,1,7,31.86,22.3,2,1,11.8,4,1,3,0,9,8,1,0,0,0,0,0,0,0,0
62,4262.05,51249.35,1,2,18.63,4.9,1,0,23.83,0,8,3,2,6,20,0,0,0,0,0,1,0,1,0
65,5225.37,61130.69,6,19,28.94,15.1,2,1,79.7,1,4,2,0,5,20,1,0,0,0,1,0,0,1,0
73,2205.38,26716.37,2,8,8.43,6.0,3,1,87.61,2,2,5,1,6,16,1,0,1,0,0,0,1,0,0
33,5552.96,66269.94,2,8,12.73,19.9,2,0,93.77,1,4,3,0,6,13,1,0,0,0,1,0,1,0,0
46,7022.26,84464.81,4,13,16.3,8.9,0,1,24.63,2,3,1,0,7,14,1,0,0,0,0,0,0,0,1
55,6200.09,74428.88,2,7,75.76,17.2,2,0,339.85,3,3,1,0,4,16,1,0,1,0,0,0,0,0,0
63,3399.84,40199.39,2,8,7.42,9.7,0,1,36.2,4,1,6,0,4,17,1,0,1,0,0,0,0,1,0
70,4051.33,48518.34,2,8,16.67,21.4,0,0,69.56,4,3,4,0,7,15,1,0,0,0,1,0,0,0,0
27,1758.04,21202.62,4,14,30.67,22.0,0,0,13.76,3,1,8,1,5,15,0,0,1,0,0,0,0,1,0
34,2199.49,26107.46,0,3,3.4,7.8,0,0,2.07,3,4,5,0,4,17,1,0,0,1,0,0,0,0,0
75,3352.63,40579.92,4,17,17.11,22.7,0,1,2.42,1,5,2,0,5,8,0,0,0,0,0,0,0,0,0
19,2842.33,33457.34,3,11,35.94,4.8,1,0,247.85,4,5,3,0,4,17,0,0,0,0,0,0,0,0,0
72,2513.87,30605.61,3,11,26.83,17.7,2,0,95.58,1,10,4,1,7,20,0,0,0,0,0,1,0,0,0
51,6085.09,72715.58,0,0,2.13,17.5,2,0,5.01,3,4,4,1,1,17,1,0,0,0,0,1,1,0,0
21,9364.1,113350.19,5,16,13.2,15.1,0,0,61.59,1,1,4,0,4,14,0,0,1,0,0,0,0,0,0
64,2446.8,29530.97,3,12,24.67,8.3,0,0,8.71,3,4,4,0,2,14,1,0,0,0,0,0,0,0,0
37,3760.19,45181.48,3,12,9.82,12.0,3,0,207.21,1,2,3,1,10,17,1,0,0,0,1,0,1,0,0
25,2805.33,34305.56,2,8,12.73,15.2,2,0,41.04,4,3,3,2,5,19,1,0,0,0,1,0,0,0,0
21,2381.48,29090.79,2,5,36.52,3.2,2,0,103.84,2,2,2,0,1,9,0,0,0,0,0,1,0,0,0
61,4904.52,59179.74,4,11,17.78,27.8,3,0,53.67,4,9,2,1,3,10,1,0,1,0,0,0,1,0,0
36,6541.89,77397.96,5,16,15.77,15.6,0,1,13.56,0,4,1,2,6,15,0,0,0,0,1,0,0,0,0
57,3607.58,43525.43,0,3,1.3,16.2,0,0,29.74,3,4,2,0,5,15,0,0,0,0,0,1,0,1,0
67,3307.81,39307.41,4,14,22.84,13.2,1,0,158.2,4,2,1,1,1,16,0,0,0,0,0,0,0,1,1
73,3944.79,49029.83,3,10,9.11,6.6,1,0,54.14,1,3,2,1,3,17,1,0,0,1,0,0,0,0,0
64,4029.23,47718.39,1,3,9.2,3.8,2,0,22.4,3,4,1,2,6,16,1,0,0,0,0,0,1,0,0
32,4301.87,51820.54,0,2,41.47,13.8,0,0,3.83,5,5,6,1,2,14,1,0,0,1,0,0,0,0,0
20,3859.03,46886.08,3,9,17.38,4.0,2,0,17.86,4,4,3,1,8,20,1,0,1,0,0,0,1,0,0
37,2382.08,28790.41,2,5,15.62,23.1,1,1,96.42,1,6,3,2,7,18,0,0,0,0,0,0,1,0,0
73,2205.38,25704.86,7,22,38.47,7.7,0,1,26.04,1,4,2,0,6,11,1,0,1,0,0,0,1,0,0
37,3831.38,45043.16,1,2,24.11,20.1,0,0,139.48,0,5,1,1,6,8,1,0,0,0,1,0,0,0,0
37,3474.72,41648.11,1,3,22.61,6.1,1,0,8.2,1,2,1,0,9,14,1,0,0,1,0,0,0,0,0
36,1688.84,20302.78,2,7,5.6,21.2,1,0,23.61,1,4,2,0,10,9,1,0,1,0,0,0,1,0,0
68,2883.57,34823.6,3,9,16.45,18.3,1,0,31.02,2,7,1,1,3,19,0,0,1,0,0,0,0,1,0
23,2472.82,30468.06,2,6,139.25,4.0,1,0,2.89,0,3,0,0,5,12,1,0,0,0,0,1,0,0,0
18,4922.67,59360.05,1,7,5.57,20.3,1,0,170.04,0,1,2,0,10,14,1,0,0,1,0,0,0,1,0
45,3073.53,36812.9,5,17,68.7,18.3,1,0,5.05,0,4,3,1,5,13,0,1,0,0,1,0,0,1,0
58,1121.78,13470.09,2,6,26.48,9.4,2,1,81.45,1,5,1,0,2,19,1,0,0,1,0,0,0,0,0
58,6848.82,81646.76,5,15,29.08,13.9,1,1,30.04,2,3,2,2,9,11,1,0,1,0,0,0,1,0,0
62,6919.13,82669.17,1,5,5.14,22.5,1,0,14.77,2,8,5,0,8,11,1,0,0,0,0,0,0,1,0
18,2814.36,33628.95,4,15,24.27,4.5,1,0,94.62,3,4,3,2,8,18,1,0,0,0,0,0,0,0,0
73,2218.25,27134.28,0,3,28.93,10.6,0,0,34.47,2,3,1,1,5,18,1,0,0,1,0,0,0,1,0
60,1982.29,23646.88,2,8,25.83,16.3,1,1,91.15,2,3,2,1,10,19,0,0,1,0,0,0,1,0,1
70,3799.15,45174.16,1,5,3.74,2.2,1,0,77.36,4,5,5,0,10,14,0,0,0,0,0,0,1,0,0
34,5842.15,70603.53,5,15,33.87,21.5,1,1,11.92,3,3,4,0,10,16,0,0,0,0,1,0,1,0,0
21,3813.81,45374.84,3,9,21.01,4.0,0,0,7.61,0,3,3,0,1,9,1,0,0,0,0,0,0,1,0
38,6539.24,76690.64,0,2,29.54,11.1,1,0,186.44,6,3,2,1,4,16,1,0,1,0,0,0,0,1,0
38,4852.75,58142.3,3,13,28.0,20.1,0,0,7.78,1,2,2,2,3,10,0,0,0,0,0,1,0,1,1
53,2669.56,32271.1,1,4,21.44,14.9,0,0,110.89,1,6,3,2,8,12,1,0,0,0,1,0,1,0,0
27,1705.11,20565.28,0,1,3.63,9.0,0,0,44.14,0,6,5,0,10,20,0,0,0,1,0,0,1,0,0
51,9365.14,112696.53,3,13,21.51,13.0,3,0,45.34,2,3,2,1,4,13,1,0,0,1,0,0,0,0,0
20,2427.37,28931.01,3,9,13.9,4.9,1,1,122.8,2,6,2,0,4,18,1,0,0,0,0,0,0,1,0
52,10074.86,117584.05,2,9,15.76,7.4,0,0,104.45,3,3,4,2,3,11,1,0,1,0,0,0,0,0,1
46,2364.78,28621.16,2,7,6.94,20.8,2,0,50.91,4,4,7,2,6,20,0,0,0,0,1,0,1,0,0
55,1453.8,17920.25,1,3,15.69,23.4,0,0,34.66,1,2,3,3,7,18,1,0,0,1,0,0,0,0,0
46,4711.19,57269.28,10,33,42.19,11.2,0,0,34.5,4,4,10,1,1,19,0,1,0,0,0,1,0,0,0
18,4203.03,49593.95,3,13,26.05,16.2,2,0,6.07,5,5,2,2,3,14,1,0,0,1,0,0,1,0,0
31,1848.06,22293.29,0,5,11.08,20.2,1,0,14.57,1,2,4,0,3,15,1,0,1,0,0,0,0,1,0
67,3690.0,44686.6,2,6,8.12,2.8,0,0,20.35,2,7,3,2,5,17,1,0,0,0,0,1,1,0,0
50,2252.88,26756.1,2,7,19.48,16.9,0,0,44.53,1,4,0,1,1,15,1,0,0,0,1,0,1,0,0
38,3487.84,42277.03,1,5,56.09,3.7,1,0,4.36,0,1,0,0,9,18,1,0,0,1,0,0,0,1,0
35,2003.58,23706.16,3,11,20.75,19.0,1,0,23.64,7,2,2,0,10,13,1,0,1,0,0,0,0,0,0
18,5000.5,61828.95,3,11,69.56,19.4,1,0,58.22,0,4,3,1,6,20,0,0,1,0,0,0,1,0,0
64,3589.07,44074.21,1,4,2.88,10.6,2,0,17.93,1,1,4,1,2,14,0,1,0,0,0,1,0,0,0
32,2843.93,34598.85,6,19,28.18,19.1,2,1,72.21,1,4,2,2,5,14,1,0,0,0,1,0,1,0,0
23,4035.52,47615.59,1,4,37.35,8.7,0,0,52.45,2,2,5,0,8,14,0,1,0,0,0,1,1,0,0
43,5083.85,61318.38,5,17,22.38,28.1,1,1,40.5,3,4,0,1,4,17,1,0,0,0,1,0,1,0,1
73,3904.99,46772.77,6,20,53.76,20.8,1,0,10.13,3,1,1,0,1,8,1,0,0,1,0,0,0,0,0
38,2728.21,32264.09,1,5,51.6,6.9,0,0,6.44,1,4,5,0,4,16,1,0,0,0,0,0,0,1,0
56,3190.84,38432.4,4,14,12.09,10.1,0,0,22.73,3,7,1,1,4,18,0,0,0,0,0,1,0,0,0
70,3123.37,37578.31,1,6,73.06,10.8,1,0,56.67,0,4,1,0,4,19,1,0,0,0,1,0,0,0,0
69,3971.72,46963.96,2,9,12.99,6.3,0,0,96.57,3,3,2,0,5,11,1,0,0,0,0,1,0,0,0
54,10097.74,120152.52,4,16,45.51,28.2,0,0,38.96,3,2,3,1,2,15,1,0,0,0,0,1,0,0,1
50,1338.7,16033.01,3,9,22.94,19.0,1,1,105.03,2,3,1,0,4,17,0,1,0,1,0,0,1,0,0
43,2757.01,33025.48,2,8,23.61,15.1,2,0,5.17,3,2,3,2,5,14,1,0,0,0,0,1,0,0,0
59,6052.02,72542.87,4,14,24.61,7.4,2,0,55.3,2,8,2,2,5,20,1,0,0,0,1,0,0,1,0
39,5259.95,62485.98,2,9,11.51,11.8,2,0,17.41,0,5,1,0,3,10,0,0,0,0,0,0,0,0,0
67,4334.94,50981.53,4,16,60.52,13.3,0,0,56.18,3,3,2,1,3,12,1,0,1,0,0,0,1,0,0
73,3310.02,41182.84,1,6,7.17,14.1,1,1,65.0,3,2,3,0,1,9,1,0,0,0,1,0,1,0,0
39,2429.24,29412.27,0,2,3.9,9.3,1,0,29.16,3,5,4,0,6,8,1,0,0,0,0,1,0,0,0
70,3799.15,44199.11,0,2,5.93,7.6,1,0,47.9,1,7,4,3,8,20,0,0,0,0,0,0,1,0,0
18,3295.84,40263.53,0,3,59.55,6.1,1,0,78.26,1,0,1,1,3,11,0,0,0,0,1,0,0,1,0
41,2135.02,26011.29,8,25,27.7,5.0,2,0,71.56,1,4,3,0,4,10,1,0,1,0,0,0,0,0,0
70,1503.07,18401.91,7,26,37.21,10.8,0,1,10.87,5,2,2,1,6,16,0,0,1,0,0,0,1,0,0
25,4413.3,53952.91,4,14,27.78,22.6,1,1,6.98,1,4,3,0,6,19,0,0,1,0,0,0,1,0,0
72,2303.72,27851.82,4,13,29.72,26.3,0,1,83.67,1,3,3,1,1,16,1,0,0,0,1,0,0,0,0
72,5231.25,63637.29,3,12,27.62,9.6,0,1,12.18,0,4,3,0,8,9,1,0,0,0,0,1,0,0,0
21,2755.38,33082.12,2,8,15.94,7.7,0,0,43.56,0,3,5,0,3,9,1,0,0,0,1,0,0,0,0
68,1397.22,16950.26,2,9,5.62,19.6,0,0,35.34,4,3,8,1,6,8,1,0,1,0,0,0,1,0,0
50,4153.72,49356.32,3,13,9.34,27.8,1,0,6.31,1,0,1,0,5,14,1,0,0,0,1,0,0,0,0
25,2908.53,34970.72,3,11,14.05,3.3,0,0,152.74,2,9,4,0,1,20,0,1,1,0,0,0,0,0,0
39,3768.59,45449.13,4,13,77.57,3.9,1,0,9.14,3,3,2,2,8,9,0,0,0,0,1,0,0,1,1
29,5234.79,63088.98,9,26,32.66,14.1,0,0,86.34,4,6,4,1,10,15,0,0,0,0,1,0,0,0,0
69,3364.79,40269.51,2,11,14.42,7.9,1,0,100.5,3,9,5,2,7,10,1,0,0,1,0,0,0,0,0
34,2421.29,28491.28,9,33,34.12,11.3,0,1,100.08,8,4,0,0,7,18,0,0,0,0,0,0,0,1,1
41,2213.41,27066.47,5,14,18.98,9.3,0,0,4.62,3,6,5,0,9,9,1,0,1,0,0,0,0,1,0
48,4095.1,49730.75,5,16,24.33,12.8,1,1,6.03,3,8,2,2,5,10,1,0,0,0,1,0,0,1,0
55,2058.61,24903.08,4,15,14.01,6.5,3,1,21.06,6,2,2,1,1,18,1,0,0,0,0,1,1,0,0
71,4336.05,52972.75,1,9,22.16,4.9,1,0,53.85,1,3,1,0,8,12,1,0,0,0,0,0,1,0,0
54,2282.36,27030.52,0,1,5.8,9.9,1,0,15.22,2,2,3,4,1,15,1,0,0,1,0,0,1,0,0
43,2696.68,31818.85,3,13,24.15,13.9,1,0,87.53,1,9,6,2,1,10,1,0,0,0,0,0,0,0,1
66,3371.48,39965.49,5,17,24.01,21.7,1,0,10.2,5,5,0,1,8,16,1,0,0,0,0,0,0,1,0
33,2153.27,26029.9,2,10,7.56,19.0,2,0,46.66,0,4,4,1,6,13,0,0,0,0,0,0,1,0,0
26,4829.1,58678.48,2,10,21.71,16.4,1,1,38.64,2,5,2,0,1,15,1,0,0,0,0,0,0,0,0
66,3464.08,40864.95,4,13,27.3,21.8,0,0,18.66,2,3,2,1,3,11,1,0,0,0,0,0,0,0,0
47,4227.86,50646.22,3,13,7.9,8.1,2,0,67.73,2,5,2,1,9,16,1,0,0,0,1,0,0,0,0
31,1990.03,24160.99,7,24,36.73,5.1,0,0,35.27,2,7,1,0,8,12,1,0,0,0,1,0,1,0,0
19,5147.38,61468.0,2,9,6.99,9.7,1,0,89.93,4,2,3,0,2,16,1,0,0,0,0,1,1,0,0
68,3371.82,40951.19,0,2,35.06,20.8,1,0,96.07,5,4,1,0,7,8,1,0,1,0,0,0,0,0,0
35,3056.29,36415.68,2,9,13.5,20.9,0,0,93.62,0,9,6,1,3,13,0,1,0,0,0,0,0,0,0
32,1771.47,20801.06,8,24,19.42,22.6,0,1,88.71,3,3,8,0,2,17,0,0,0,0,0,1,0,0,0
61,3797.93,44540.65,3,9,8.82,10.3,0,0,85.57,1,5,4,0,1,11,1,0,0,0,0,0,0,1,0
23,1742.28,21043.9,2,7,46.94,14.2,2,1,69.14,2,3,4,0,5,13,0,1,1,0,0,0,1,0,0
45,3487.01,41683.88,3,14,31.18,11.9,1,0,2.31,3,2,4,0,4,19,1,0,1,0,0,0,0,0,0
59,3445.78,41621.37,4,11,24.18,9.7,0,1,163.86,1,5,2,1,4,13,1,0,0,1,0,0,1,0,0
40,2542.61,30499.46,1,5,19.19,1.0,5,0,14.93,2,1,3,0,3,11,1,0,1,0,0,0,1,0,0
18,9852.13,117156.29,5,17,64.61,6.4,1,1,134.17,3,2,3,0,8,12,1,0,0,0,0,0,0,0,0
32,7873.12,95817.95,1,3,2.1,11.2,1,0,82.88,0,7,0,1,6,9,0,0,0,1,0,0,0,1,0
58,4761.7,57309.41,3,12,9.73,3.5,3,1,173.9,3,5,1,0,8,14,0,0,0,0,0,0,0,0,0
66,1935.28,22720.42,3,14,24.27,12.8,2,0,3.24,1,2,3,0,3,9,1,0,0,0,1,0,0,1,0
19,2699.29,32157.65,2,9,35.54,5.3,2,0,49.38,1,4,4,2,4,14,0,0,0,0,0,1,0,1,0
39,4332.1,51854.72,1,4,13.8,9.8,3,1,124.43,3,2,4,1,6,19,0,0,0,1,0,0,1,0,0
29,2708.4,31768.69,3,10,11.3,14.3,0,0,13.62,1,3,2,4,10,8,1,0,0,0,0,1,1,0,0
38,1821.24,21232.52,1,4,3.1,8.5,2,0,41.69,1,3,7,1,4,14,0,0,0,1,0,0,0,0,0
24,4327.63,51248.44,2,5,70.87,26.8,1,0,18.23,3,4,2,0,10,17,0,0,1,0,0,0,1,0,0
49,3480.27,41890.89,1,6,18.13,1.6,1,0,3.84,0,3,3,1,6,18,1,0,0,0,0,0,0,0,0
49,2732.7,32650.64,5,16,24.7,4.9,0,0,56.64,1,8,1,1,2,18,0,0,0,0,1,0,1,0,1
62,5281.8,63902.96,3,15,15.02,10.9,1,0,34.52,2,2,3,0,9,13,1,0,0,0,0,1,0,0,0
68,2761.13,32889.0,4,15,14.51,19.4,3,0,52.37,1,4,4,0,1,19,0,1,0,0,0,0,0,0,0
42,3132.59,37461.95,5,20,46.72,16.3,0,1,70.46,1,4,1,1,6,14,1,0,0,0,0,1,1,0,0
47,5837.06,71789.88,6,23,17.15,4.5,0,0,299.23,3,3,0,1,10,13,1,0,0,1,0,0,0,0,0
32,2292.57,27152.46,0,4,9.82,7.9,0,0,14.12,1,3,4,1,8,13,0,0,0,0,0,0,0,0,0
64,5544.9,65064.23,5,18,22.22,16.3,0,0,162.97,4,1,1,0,10,12,0,0,0,0,0,1,1,0,1
62,3858.54,47105.36,6,19,19.58,14.6,2,0,199.99,2,4,9,1,9,10,0,0,0,0,0,0,1,0,0
33,5551.0,67339.33,4,13,39.27,10.6,2,0,86.74,0,3,1,1,9,12,1,0,0,0,0,0,0,0,0
60,1763.8,21040.29,2,9,12.4,17.0,0,0,139.75,2,6,8,1,2,14,1,0,1,0,0,0,0,0,0
74,9298.08,110474.37,2,8,19.47,14.9,0,1,6.44,2,7,2,0,2,9,1,0,0,1,0,0,0,1,0
50,5570.19,66166.59,5,18,35.39,14.2,1,0,105.62,1,7,3,1,5,13,0,0,0,0,0,0,0,0,0
64,3550.6,43155.15,5,17,29.87,20.3,0,0,46.43,3,3,3,0,8,12,1,0,0,0,0,0,0,0,0
58,1641.53,19804.12,0,1,35.35,2.8,1,0,8.63,1,4,4,0,8,12,1,0,0,0,0,1,0,0,1
49,2367.66,27773.89,2,11,25.02,14.3,1,0,9.84,2,7,1,0,5,8,0,0,0,0,1,0,1,0,0
60,3081.45,36766.39,2,9,9.33,17.4,2,0,35.75,5,4,0,0,9,11,0,0,0,0,0,1,0,0,0
41,4357.19,51540.23,7,22,24.89,12.2,0,1,10.05,0,3,5,0,7,17,1,0,0,0,1,0,0,0,0
45,3034.56,36538.43,3,12,53.39,13.6,0,0,49.64,1,0,5,1,10,13,1,0,0,0,1,0,1,0,1
69,4082.34,49444.8,4,15,13.58,26.2,3,0,43.31,1,4,1,2,5,10,0,0,0,0,0,0,1,0,0
73,3391.13,40698.58,2,8,9.27,21.0,1,0,81.04,2,8,3,0,2,15,0,0,0,0,1,0,1,0,0
63,4808.22,57800.32,7,21,17.83,9.5,0,0,13.49,1,3,6,2,2,16,1,0,0,0,0,0,1,0,0
47,3345.25,40708.94,2,8,37.85,4.3,0,0,102.75,3,2,1,3,2,11,1,0,0,1,0,0,0,0,0
62,2123.19,25535.32,2,7,49.83,18.5,0,0,39.17,3,2,1,1,8,19,0,0,0,1,0,0,1,0,0
35,7730.27,93086.76,1,7,13.9,6.9,1,0,58.61,3,3,8,0,7,11,1,0,1,0,0,0,0,1,0
65,5225.37,64250.42,2,10,42.54,14.7,0,1,6.27,2,5,1,2,4,19,1,0,0,0,1,0,1,0,1
75,3358.1,40798.11,3,10,17.29,19.9,0,0,26.62,2,11,3,3,8,19,1,0,0,0,0,0,1,0,0
46,3646.35,44476.65,6,19,31.16,19.4,1,0,129.05,3,3,5,0,8,12,1,0,0,1,0,0,1,0,0
70,3662.45,44260.88,1,5,8.85,21.1,0,0,48.21,3,2,1,1,2,18,0,1,0,1,0,0,1,0,0
50,2846.42,34129.71,4,14,24.53,23.5,2,0,83.78,4,4,3,1,4,20,0,0,1,0,0,0,0,1,0
65,3449.89,41720.22,3,12,10.17,4.6,1,0,85.3,4,6,3,1,3,11,1,0,0,0,0,0,0,1,0
50,3486.25,42319.78,3,10,6.9,17.6,1,0,22.26,2,2,2,0,2,19,1,0,1,0,0,0,1,0,0
67,3390.65,41190.39,0,2,14.5,5.5,0,0,33.94,2,4,4,0,3,12,0,0,1,0,0,0,0,1,0
31,5914.6,70873.15,6,21,41.07,10.7,0,1,60.56,1,4,5,1,3,10,0,0,0,1,0,0,1,0,0
68,5601.89,68686.28,2,9,13.76,10.6,0,0,17.4,2,4,5,0,9,14,1,0,1,0,0,0,1,0,0
31,1716.42,20330.4,0,3,9.3,17.5,2,0,128.52,2,3,2,1,10,12,1,0,0,0,1,0,0,1,0
31,5351.86,65631.76,3,9,24.39,5.0,1,0,70.68,1,3,12,1,8,13,1,0,0,1,0,0,1,0,1
65,1805.8,22231.31,0,2,11.51,4.0,1,0,12.42,1,5,3,0,10,11,0,0,1,0,0,0,1,0,0
19,4015.78,49238.04,4,15,27.27,9.8,0,1,124.11,0,0,4,1,9,11,1,0,0,0,0,1,0,1,0
61,3793.1,45032.49,3,11,11.77,11.1,0,0,16.38,4,4,2,1,5,20,1,0,0,0,1,0,0,0,0
47,1421.86,17426.26,2,6,4.96,6.7,0,0,18.78,2,1,2,1,1,9,0,0,1,0,0,0,1,0,0
25,2650.46,31053.43,3,9,20.69,11.4,0,1,181.85,2,3,1,0,3,14,1,0,0,0,0,1,0,0,0
29,1985.96,23704.62,2,7,13.16,9.9,3,0,5.48,1,4,2,0,3,13,1,0,1,0,0,0,0,0,0
27,5381.98,63895.33,0,2,16.48,11.2,0,0,25.46,3,2,6,0,2,11,1,0,0,0,1,0,0,0,0
58,2718.21,33029.19,4,12,13.14,26.2,1,0,141.62,1,3,2,0,7,11,1,0,0,1,0,0,0,1,0
42,4327.45,51008.6,4,13,14.82,6.3,0,1,44.66,3,3,4,0,6,14,1,0,0,1,0,0,0,1,0
57,4056.71,49468.84,1,4,4.05,12.7,1,0,18.82,1,4,3,1,6,17,0,1,0,1,0,0,1,0,0
44,3545.39,42110.31,2,7,43.37,9.7,1,0,98.29,4,3,4,1,1,19,0,0,1,0,0,0,1,0,0
68,2137.09,25468.21,2,11,29.46,5.4,1,0,4.16,1,3,0,0,9,13,0,0,0,1,0,0,1,0,1
28,5869.64,68932.46,2,10,15.66,13.2,1,0,175.72,3,1,4,1,8,14,1,0,0,1,0,0,0,1,0
59,2655.17,31968.26,5,17,10.47,3.1,3,0,22.51,2,5,2,0,6,14,1,0,0,0,0,0,1,0,0
53,1917.9,22974.49,1,4,16.52,10.0,0,0,78.94,3,3,5,0,1,17,1,0,1,0,0,0,0,0,0
24,3266.08,38060.46,3,13,40.09,12.6,1,1,189.3,4,2,3,3,9,15,1,0,1,0,0,0,0,0,0
52,2700.79,32217.88,4,16,27.86,6.4,1,0,55.18,1,2,1,0,4,13,1,0,0,0,0,0,1,0,0
56,3720.47,44381.93,6,21,71.9,4.2,2,0,91.62,2,1,3,0,2,11,1,0,0,0,0,0,0,1,0
40,1486.38,17877.6,4,13,23.54,7.3,0,1,59.86,2,7,4,2,10,13,0,0,1,0,0,0,0,0,0
30,3994.56,45719.28,0,2,6.61,10.3,0,0,46.99,2,4,4,0,5,14,0,0,0,0,1,0,1,0,0
23,2789.93,33496.16,2,5,20.35,7.5,0,0,25.5,0,2,8,0,8,9,0,0,0,0,0,0,1,0,0
54,2391.85,29115.58,1,3,8.67,9.7,0,0,44.24,2,3,2,0,1,10,0,0,0,0,1,0,1,0,0
54,1398.9,17078.43,2,8,10.06,5.2,1,1,18.63,4,5,4,1,2,14,1,0,0,0,1,0,1,0,0
73,3236.01,37233.55,2,12,34.91,17.3,0,0,87.22,1,4,6,0,10,13,0,0,0,0,0,0,1,0,0
68,3211.17,37663.9,2,8,45.15,29.5,1,1,4.16,1,2,3,1,9,20,1,0,0,0,0,0,0,0,1
74,4004.86,47404.5,1,4,7.37,20.0,1,1,44.08,2,2,3,0,8,13,0,1,0,0,0,1,0,0,0
63,3358.06,40552.84,2,8,9.45,10.9,2,0,57.93,2,2,3,1,8,14,1,0,0,0,0,1,0,1,0
18,2612.11,31945.34,7,23,40.85,23.3,0,0,78.31,4,1,3,2,3,16,1,0,0,0,0,0,0,0,0
69,4262.88,50112.02,4,15,44.39,2.9,1,0,69.61,2,6,3,1,5,20,0,0,1,0,0,0,1,0,0
31,4691.35,55798.63,1,5,19.86,14.4,2,0,0.53,6,5,1,2,8,13,0,0,0,0,0,0,0,1,0
73,3748.77,45070.15,5,16,17.16,23.5,0,1,5.61,2,2,3,0,1,10,1,0,1,0,0,0,1,0,1
63,4193.31,49043.34,2,7,23.87,6.3,0,0,1.82,1,2,3,0,5,12,1,0,0,1,0,0,0,1,0
43,3193.85,39230.88,4,12,34.64,4.8,2,0,0.04,2,1,4,1,4,16,0,0,0,0,1,0,1,0,0
50,8259.02,98427.87,0,1,27.03,6.9,0,0,10.68,0,2,3,2,3,20,1,0,0,0,0,1,1,0,0
49,5638.88,68484.87,2,8,15.36,9.3,0,0,25.23,1,5,5,0,3,10,1,0,0,0,0,0,0,0,0
41,5233.33,63886.3,0,2,4.66,20.7,0,0,63.74,3,5,1,1,8,12,0,0,1,0,0,0,1,0,1
42,4204.87,50208.66,3,9,33.06,22.3,1,0,44.21,2,2,4,0,2,14,1,0,0,0,0,0,1,0,0
64,2227.89,26139.59,1,4,29.58,16.1,1,0,77.27,2,5,1,1,4,15,1,0,0,0,0,0,0,1,0
55,2515.65,30399.02,6,20,23.32,15.3,2,1,28.59,0,2,2,3,5,17,1,0,0,0,0,0,0,0,0
37,2026.65,24599.5,3,11,46.83,6.9,1,0,110.15,3,3,2,0,5,12,1,0,0,1,0,0,0,0,0
19,2337.22,28703.5,0,0,16.43,6.4,1,1,6.83,3,6,2,0,6,17,1,0,0,1,0,0,0,0,0
44,3875.82,48358.16,8,27,31.33,5.9,0,1,15.66,2,2,1,1,5,8,1,0,0,0,0,1,1,0,0
70,3641.31,43926.05,8,24,21.73,24.0,2,0,69.22,2,2,2,1,10,10,1,0,1,0,0,0,0,1,0
23,3143.41,37467.08,1,4,11.65,5.7,3,0,22.74,0,6,2,0,1,15,0,0,0,0,0,1,1,0,0
57,3180.52,36959.99,4,11,14.22,10.0,2,0,54.08,1,3,4,0,4,20,0,0,0,1,0,0,0,0,0
41,5536.45,67860.74,1,8,43.63,22.3,1,0,37.36,2,12,4,2,2,10,0,1,0,0,0,1,1,0,1
48,6482.28,76935.45,3,13,32.14,3.2,1,0,166.84,3,4,5,0,1,15,0,0,0,0,0,1,0,1,0
36,2633.91,31435.88,5,17,15.34,11.8,1,0,19.29,4,1,5,1,1,20,0,0,0,0,0,1,0,0,1
54,3171.56,39007.65,4,12,90.17,10.6,0,0,22.05,1,4,2,0,2,8,1,0,0,0,0,0,1,0,0
43,3672.79,44266.85,0,3,5.74,11.0,1,0,19.1,3,3,6,1,3,13,1,0,0,0,0,1,0,0,0
34,1295.92,15928.06,8,27,28.02,12.5,2,0,23.34,1,4,3,1,5,14,0,0,0,0,1,0,1,0,0
37,1991.24,23597.63,1,4,13.36,10.9,0,0,3.81,3,1,1,1,5,14,1,0,0,0,1,0,1,0,0
20,3510.36,42498.47,2,9,17.96,7.7,1,0,11.58,0,4,4,3,8,12,0,0,0,0,0,1,0,0,0
23,1260.0,15167.76,4,14,27.48,10.4,0,0,16.55,3,3,4,1,8,16,1,0,0,1,0,0,0,0,0
48,3499.91,42388.47,1,4,49.57,15.5,1,0,188.05,0,4,1,1,1,10,1,0,0,0,1,0,1,0,0
72,1267.2,15536.58,3,11,12.05,13.9,1,0,82.82,2,3,2,1,3,15,0,1,0,0,0,0,0,0,0
33,4617.86,54539.96,6,18,14.55,9.8,0,0,10.77,4,6,2,3,8,12,0,1,0,0,0,0,1,0,0
39,2814.91,33315.41,0,2,7.45,3.4,0,0,0.26,1,5,5,0,10,15,1,0,1,0,0,0,0,1,0
19,3502.86,41664.07,5,14,12.24,19.4,2,0,10.54,1,4,4,1,6,19,1,0,0,0,0,1,0,1,1
22,1893.12,23128.03,4,14,75.35,2.4,0,0,8.34,2,4,5,0,9,10,0,0,0,0,0,0,1,0,0
57,8157.26,97152.2,5,15,35.3,8.7,3,0,21.09,1,3,2,1,6,14,1,0,0,0,0,0,0,0,0
18,1787.85,21007.46,1,3,30.48,2.4,2,0,7.31,1,3,1,0,8,17,1,0,0,0,0,0,1,0,0
44,6630.95,81378.1,3,11,8.3,6.0,1,0,22.16,3,3,2,1,4,20,0,1,0,0,0,1,1,0,0
33,4581.8,55128.73,0,0,8.44,18.0,0,0,18.07,2,6,1,0,5,14,1,0,0,0,1,0,1,0,0
19,2366.12,28305.73,0,2,2.81,30.1,1,0,53.06,2,3,2,1,2,15,1,0,1,0,0,0,1,0,0
46,2692.66,33053.89,4,14,12.95,9.4,0,0,28.55,3,4,8,1,3,19,1,0,0,0,0,0,1,0,0
21,2424.8,29799.04,5,15,30.85,13.4,1,1,34.99,0,3,4,0,3,16,0,0,0,0,0,0,1,0,0
73,4252.52,51237.16,0,0,1.0,16.6,0,0,137.06,1,3,4,0,3,12,1,0,0,0,0,0,1,0,0
66,1542.44,18560.26,0,4,11.37,3.2,0,0,113.85,1,4,4,3,9,8,1,0,0,0,0,0,1,0,0
71,5564.66,67364.4,3,9,10.51,21.3,0,1,17.05,2,5,3,0,9,19,1,0,0,0,1,0,0,0,0
40,2409.94,29614.66,1,4,2.17,6.1,1,0,9.02,0,6,1,1,6,8,1,0,0,1,0,0,1,0,0
35,2823.59,33802.33,1,6,9.34,8.8,0,0,26.62,1,6,3,2,2,16,1,0,0,0,0,1,1,0,0
39,5064.34,59560.64,7,24,14.37,12.2,1,0,44.06,2,7,4,1,5,8,1,0,0,0,0,0,1,0,0
31,3654.63,43972.6,1,5,106.97,4.5,3,0,73.47,4,4,1,0,1,11,1,0,0,0,0,0,1,0,1
66,4095.86,50241.0,3,10,8.97,8.0,1,0,12.9,1,1,5,1,9,20,1,0,0,1,0,0,1,0,0
19,3247.96,38289.35,4,14,19.23,13.0,2,0,111.31,4,4,7,1,10,13,1,0,0,0,1,0,1,0,0
71,6194.46,74845.99,1,3,12.91,4.6,1,1,162.44,1,4,3,1,8,11,0,0,0,0,0,1,0,0,0
54,10097.74,123429.36,2,9,19.87,24.2,1,0,75.96,5,2,3,1,9,19,0,0,0,0,0,1,0,0,1
20,2283.64,27720.45,5,16,24.46,5.7,2,0,11.91,8,6,1,0,3,19,1,0,0,1,0,0,1,0,0
66,2340.76,28474.34,3,9,71.71,9.8,0,0,74.92,1,1,5,1,9,20,1,0,1,0,0,0,0,0,0
40,2481.75,29488.24,2,8,9.8,16.2,1,1,7.94,1,3,4,1,2,17,0,0,0,0,0,0,0,0,0
54,2391.85,29210.33,1,4,12.53,10.1,0,0,56.65,1,7,6,1,10,9,0,0,0,0,1,0,1,0,0
37,2428.9,29283.65,0,0,6.04,27.1,0,0,9.39,3,6,5,0,3,8,1,0,0,0,1,0,0,0,0
29,7748.36,94758.1,0,1,4.44,13.2,2,0,37.75,1,4,3,0,5,15,0,0,0,0,0,0,0,0,0
31,1990.03,23744.06,2,6,18.44,16.3,1,0,7.84,4,1,0,2,9,18,1,0,0,0,1,0,0,0,0
67,7856.32,95774.66,2,10,19.04,18.3,0,1,86.34,1,5,3,1,5,19,0,0,0,0,0,0,0,0,1
50,2589.53,30795.29,4,15,12.87,25.5,0,1,45.92,2,4,4,0,4,13,1,0,1,0,0,0,0,1,1
70,4137.92,47898.95,3,8,8.75,20.8,2,0,79.39,2,3,2,1,3,18,0,0,0,0,0,0,0,0,0
35,3785.1,46080.31,3,12,33.34,30.9,2,1,14.1,3,2,0,2,3,20,0,0,0,1,0,0,1,0,1
28,3831.8,46205.0,4,16,15.31,13.3,0,1,36.38,1,2,4,1,2,9,0,0,1,0,0,0,1,0,0
42,5956.23,71942.17,7,22,25.53,9.1,0,0,29.61,2,3,4,0,2,12,1,0,0,0,0,0,1,0,0
50,3424.13,40863.92,3,12,61.1,14.8,1,1,146.89,1,3,4,0,7,18,0,0,0,0,0,0,1,0,1
65,3776.15,43750.61,5,19,16.3,18.3,1,1,96.63,1,4,1,1,2,12,1,0,1,0,0,0,1,0,1
31,4870.6,59050.54,4,14,15.09,7.9,3,0,25.82,2,5,1,1,3,19,1,0,1,0,0,0,1,0,0
28,2356.68,27939.59,2,6,8.29,8.5,1,0,32.66,1,3,3,0,3,19,0,1,0,1,0,0,0,1,0
75,6804.65,81849.18,1,5,46.21,16.4,3,0,26.13,0,2,2,0,3,14,1,0,0,0,0,0,0,0,0
63,3447.92,42874.78,2,8,4.95,22.1,1,0,36.37,2,4,2,0,7,11,0,1,0,0,0,0,0,0,0
39,3290.28,38739.51,2,11,10.35,15.6,2,0,62.26,2,0,3,1,7,12,1,0,0,1,0,0,0,0,0
25,3434.45,40243.15,3,9,16.34,11.1,1,0,38.53,0,4,4,2,5,14,1,0,0,0,1,0,0,0,0
51,2419.65,29359.28,0,1,17.47,3.8,1,0,21.82,4,3,6,1,6,12,1,0,0,0,1,0,0,0,0
34,4434.46,52713.57,3,11,9.4,18.1,0,1,11.92,1,4,0,0,3,12,0,0,0,0,0,1,1,0,0
51,3430.59,41895.91,6,19,28.77,21.5,1,0,37.79,3,4,3,0,3,12,0,1,0,0,0,1,0,0,0
35,5602.71,67530.78,2,8,6.1,6.8,0,0,125.34,5,4,3,0,8,20,1,0,0,0,0,0,1,0,0
30,3994.56,46870.3,1,4,7.58,4.2,0,0,88.64,4,3,6,0,6,15,1,0,0,0,1,0,1,0,0
70,2816.32,32521.71,0,2,27.04,7.8,0,0,23.08,1,4,3,0,3,10,0,0,0,0,0,0,0,1,0
37,3237.71,37856.22,2,7,7.82,12.1,1,0,111.8,0,3,3,0,1,11,1,0,0,0,1,0,1,0,0
59,6052.02,72342.43,3,9,21.27,22.7,1,0,31.59,0,2,6,0,6,10,0,0,0,0,1,0,0,1,0
51,3866.91,45977.12,2,9,18.94,9.8,4,0,80.06,3,2,4,1,2,19,1,0,0,0,1,0,1,0,0
64,4427.38,51581.53,2,9,9.07,17.9,1,0,104.2,1,2,1,1,8,18,1,0,0,1,0,0,1,0,0
65,2562.97,30396.86,2,5,6.16,11.3,0,0,4.71,2,7,3,1,3,20,1,0,0,0,0,1,1,0,0
62,1808.19,21313.56,1,6,5.85,12.6,0,1,154.58,1,4,3,1,6,13,1,0,0,0,0,1,0,1,1
75,2345.92,27949.55,3,12,16.01,9.7,0,0,68.24,3,4,1,1,10,19,0,1,0,0,1,0,0,0,0
38,3416.14,40609.12,7,23,68.38,11.2,3,1,2.0,1,2,4,1,1,11,0,0,0,0,1,0,1,0,0
68,1423.17,16820.04,0,3,49.14,13.3,2,1,31.85,1,5,2,0,5,15,1,0,0,0,0,0,1,0,0
43,3193.85,38487.14,4,12,19.43,9.0,0,0,31.48,4,3,4,0,10,10,0,1,0,0,1,0,0,0,1
48,2956.78,35436.66,3,11,11.88,6.8,1,1,8.4,2,5,4,0,4,10,1,0,0,1,0,0,0,1,0
65,1989.72,23667.53,0,1,9.78,24.7,0,0,51.9,2,2,2,0,1,16,1,0,1,0,0,0,1,0,0
37,3831.38,45522.06,1,4,17.59,21.4,2,0,11.81,4,3,5,0,3,11,0,0,0,0,1,0,1,0,0
51,2575.42,31314.12,4,13,8.88,10.7,3,0,11.87,2,7,3,1,6,10,0,1,0,0,0,0,0,0,1
68,7564.91,91219.69,1,7,5.04,7.3,1,0,3.15,2,3,4,0,6,9,1,0,0,1,0,0,1,0,0
43,4665.52,55008.66,4,15,21.62,2.6,0,0,5.5,1,5,2,1,3,16,0,1,0,0,0,0,0,0,0
75,6804.65,81811.08,6,20,17.1,3.6,1,0,110.04,3,2,8,2,2,13,0,0,0,0,0,0,1,0,0
27,2955.23,35867.34,3,9,31.53,8.4,0,0,16.86,4,3,4,3,3,19,1,0,0,0,0,1,1,0,0
42,4327.45,52287.36,2,9,9.4,6.6,0,1,6.18,4,4,4,1,3,12,1,0,0,1,0,0,0,0,0
66,4181.97,51926.67,3,10,17.52,18.9,0,0,39.53,5,5,1,1,2,16,1,0,1,0,0,0,0,1,0
26,2375.4,28483.33,1,5,5.67,11.5,3,0,180.98,2,7,6,1,3,10,1,0,0,1,0,0,1,0,0
19,4360.15,51305.3,3,11,46.58,8.0,0,0,71.92,4,2,4,2,1,18,0,1,0,1,0,0,0,0,0
73,3904.99,46194.94,4,15,36.06,2.3,1,0,163.93,1,4,3,1,8,13,1,0,0,1,0,0,1,0,0
58,1121.78,13651.59,2,7,40.78,19.8,2,1,7.77,1,6,5,2,3,10,1,0,0,1,0,0,1,0,0
67,2992.49,36019.53,7,21,42.92,9.1,1,0,10.66,4,1,4,1,4,13,1,0,0,0,1,0,0,1,0
55,2806.18,33963.55,2,7,14.92,10.1,0,0,11.34,3,2,2,0,2,19,0,0,0,0,0,0,0,0,1
69,1913.09,22883.87,5,14,18.59,15.5,0,0,148.25,2,4,0,2,10,8,0,0,1,0,0,0,0,0,0
53,4410.22,53267.38,5,18,35.45,5.2,0,1,96.73,2,3,2,2,6,19,1,0,0,1,0,0,0,0,1
73,4317.22,51876.23,4,14,17.51,21.5,1,0,155.68,1,5,2,0,5,20,0,0,1,0,0,0,1,0,0
46,2106.47,25290.67,2,9,8.32,8.5,1,0,35.62,3,5,1,0,3,14,0,0,0,0,0,1,1,0,1
73,3310.02,38710.49,3,10,10.7,20.5,1,1,32.05,1,3,1,0,5,18,1,0,0,0,1,0,1,0,0
61,2789.71,33016.26,1,8,12.16,13.2,0,0,149.71,4,3,3,2,2,13,1,0,0,0,0,1,1,0,0
61,1904.69,23135.94,5,19,30.91,5.2,2,0,74.03,2,5,3,1,4,19,1,0,1,0,0,0,1,0,0
32,3655.63,44955.54,5,15,11.62,6.5,0,0,4.62,1,8,0,0,1,15,0,0,0,1,0,0,0,0,0
28,4858.44,58698.0,1,3,32.95,11.9,2,0,36.35,1,4,2,1,2,12,1,0,0,0,0,0,1,0,0
40,2167.08,26463.86,5,17,23.57,15.4,0,1,110.59,1,4,2,0,2,13,1,0,1,0,0,0,1,0,1
39,5064.34,59979.65,4,14,31.22,17.6,0,0,47.78,1,9,1,1,8,20,1,0,0,0,0,0,0,0,0
65,1974.8,23738.57,3,9,10.8,11.2,1,0,3.71,4,5,2,2,7,8,1,0,0,0,1,0,1,0,0
27,2093.98,25653.94,5,18,13.01,11.0,2,0,15.14,1,2,5,2,4,11,1,0,0,0,0,0,0,1,0
63,3401.62,40053.52,6,17,43.06,12.4,0,1,12.23,3,1,1,1,4,18,0,0,0,0,1,0,1,0,1
32,5456.15,66122.19,3,9,7.3,31.1,1,0,36.91,1,3,1,1,3,14,0,1,0,0,0,1,0,1,0
47,1967.68,23707.83,2,6,25.89,21.7,0,0,54.87,3,4,3,2,3,9,0,0,0,0,0,1,1,0,0
28,3831.8,45027.06,5,20,15.8,13.8,0,1,53.44,4,2,1,1,9,17,1,0,1,0,0,0,0,0,1
52,3339.07,39651.59,2,6,6.84,5.5,3,0,2.64,1,4,3,0,7,16,1,0,0,0,0,1,0,0,0
23,5815.47,70952.18,0,0,23.28,17.5,0,1,28.58,0,5,3,0,7,10,1,0,0,0,0,0,1,0,0
38,4199.78,48806.4,2,9,13.83,6.4,2,0,4.68,4,6,2,1,6,20,0,0,1,0,0,0,0,0,0
23,3830.51,47271.11,1,3,13.07,10.7,0,1,8.14,4,4,4,1,7,9,0,0,0,0,1,0,0,0,0
46,1733.51,20820.67,0,2,34.32,19.8,0,0,0.71,4,5,3,0,5,14,1,0,0,0,0,1,0,0,0
44,5523.71,65276.17,2,7,70.54,18.2,1,0,174.94,3,7,0,1,6,16,1,0,0,1,0,0,1,0,0
20,4459.82,53121.11,1,3,34.28,6.7,2,0,98.6,0,3,4,1,9,16,1,0,0,0,0,0,0,0,0
47,2515.8,28957.99,3,11,18.65,11.4,0,1,6.49,2,6,6,1,9,13,1,0,0,1,0,0,1,0,1
63,1879.39,23025.3,1,4,71.31,12.8,1,0,33.39,1,7,1,0,8,15,1,0,0,0,1,0,0,1,0
30,1767.17,21193.89,1,4,7.29,12.0,1,0,150.55,4,3,1,0,4,12,0,0,1,0,0,0,1,0,0
73,2218.25,26674.51,3,10,31.58,19.6,1,0,65.91,5,4,4,1,5,19,0,0,0,1,0,0,0,0,0
30,2700.96,32347.63,3,8,28.05,11.7,0,1,205.02,2,3,2,1,7,9,1,0,0,1,0,0,0,0,0
62,3900.72,46747.05,2,9,16.02,1.5,0,0,18.89,4,3,2,0,5,13,0,0,0,1,0,0,1,0,1
56,3951.52,47112.73,3,11,7.61,5.0,0,0,35.78,4,3,2,2,7,20,0,0,0,0,1,0,0,0,0
74,2213.08,26549.87,7,21,36.46,6.5,0,1,1.38,0,4,3,1,9,13,1,0,0,1,0,0,1,0,0
37,3237.71,38229.57,7,22,45.16,15.5,2,0,161.58,2,3,3,1,8,17,0,0,0,0,1,0,0,1,0
40,2256.44,27824.81,1,6,34.73,7.6,2,0,0.6,3,6,7,0,3,18,1,0,0,0,0,0,0,0,0
36,6541.89,80043.29,1,6,50.53,11.3,1,1,2.16,2,9,0,2,10,12,0,0,0,0,1,0,1,0,0
57,2278.12,28035.08,0,0,8.71,14.4,1,0,12.63,2,2,0,0,3,13,1,0,0,0,0,0,0,1,0
61,3475.24,41994.63,0,1,20.64,16.3,3,0,17.07,3,3,2,0,8,16,1,0,0,0,0,0,0,1,0
39,5259.95,63808.13,6,20,23.62,6.0,0,0,123.65,1,3,1,0,3,19,1,0,0,0,0,0,0,0,0
69,4082.34,48890.94,1,3,15.96,19.2,1,0,6.29,2,5,3,1,3,12,0,0,0,0,0,0,0,1,0
63,6725.99,80857.21,3,13,8.03,10.7,0,0,10.52,0,5,3,1,6,8,1,0,0,0,1,0,1,0,0
67,3608.6,42438.72,4,14,14.44,9.4,0,1,199.0,1,5,2,1,1,20,1,0,0,0,0,1,0,1,0
29,4339.94,52643.18,6,19,23.09,6.1,0,1,63.05,3,4,4,0,3,11,1,0,0,0,0,1,0,0,0
62,7720.01,90890.48,5,18,17.68,6.6,2,1,145.29,1,0,4,0,5,18,1,0,0,1,0,0,1,0,0
50,3424.13,41953.71,4,12,11.98,9.2,0,1,52.5,1,3,3,0,1,9,1,0,0,0,0,0,0,0,0
71,5768.02,68559.15,3,14,12.56,10.4,0,1,9.91,1,2,1,1,4,15,1,0,0,1,0,0,1,0,0
46,6213.97,76171.63,3,13,10.8,7.5,1,1,70.67,1,6,1,0,3,19,1,0,0,0,1,0,1,0,0
32,6849.08,82276.56,4,14,11.07,20.0,1,1,30.64,0,2,0,2,5,19,0,1,0,1,0,0,1,0,0
44,2314.68,28066.9,2,8,33.14,11.6,0,1,31.44,1,4,1,0,7,8,1,0,1,0,0,0,1,0,0
65,4555.11,55326.22,4,14,26.84,6.0,0,1,32.13,1,5,0,0,10,15,1,0,0,0,1,0,0,0,0
48,1644.49,19762.19,8,28,28.43,2.7,1,0,125.45,4,2,5,1,7,12,1,0,0,0,0,1,0,0,1
25,3123.27,37308.07,3,9,29.44,1.4,0,0,90.47,2,2,2,1,4,8,0,0,1,0,0,0,1,0,0
33,5363.37,66241.95,6,19,23.08,8.3,2,0,38.76,2,1,3,1,5,12,0,0,0,0,1,0,0,1,0
57,3914.33,48404.57,2,10,8.64,18.9,0,0,13.25,1,4,3,0,6,20,0,1,0,0,1,0,1,0,0
38,3705.69,43819.32,0,3,21.66,4.8,2,0,21.48,5,2,5,0,10,13,1,0,0,0,0,1,0,0,0
64,1536.1,18477.59,3,10,26.69,16.8,0,0,22.81,2,2,4,0,3,10,1,0,1,0,0,0,0,0,0
33,2588.05,31205.16,4,14,35.12,16.2,1,0,8.64,1,4,4,2,9,20,0,0,0,0,1,0,1,0,0
22,2433.54,29081.91,2,9,9.57,7.6,1,1,24.09,4,3,2,0,1,17,1,0,0,1,0,0,0,0,0
27,1758.04,21201.1,6,21,33.21,10.1,2,0,30.63,3,3,5,0,7,19,1,0,1,0,0,0,0,1,0
56,3951.52,48152.22,2,6,28.54,8.8,2,0,26.14,4,1,3,0,1,16,1,0,0,0,1,0,1,0,0
51,4468.85,52849.55,5,15,14.95,15.6,1,0,106.75,1,4,3,0,4,11,1,0,0,1,0,0,1,0,0
67,10220.82,123753.49,2,10,31.02,15.2,2,1,24.02,3,3,5,1,2,12,1,0,1,0,0,0,1,0,1
58,6848.82,80091.9,1,3,9.32,12.2,0,1,264.41,5,4,3,1,4,10,1,0,1,0,0,0,1,0,0
64,2214.84,27049.85,3,11,7.84,6.2,2,0,71.26,2,6,2,1,10,20,1,0,1,0,0,0,1,0,0
51,6224.47,74772.07,1,4,15.96,18.5,0,1,42.14,3,1,5,2,8,12,1,0,0,0,1,0,0,0,0
62,2891.94,34347.83,1,5,2.99,13.9,1,0,25.69,2,6,4,0,6,20,0,0,0,0,0,1,1,0,0
19,1882.54,22465.93,0,3,1.59,13.1,0,0,60.37,2,3,7,0,10,17,0,0,0,0,0,1,1,0,0
27,1963.16,23067.81,1,2,36.71,16.6,1,0,26.24,1,5,2,0,5,9,1,0,0,0,0,1,1,0,0
20,5631.82,66024.93,2,8,5.7,4.5,2,0,125.56,1,3,1,2,3,20,1,0,0,0,1,0,0,0,0
41,5215.41,63417.89,1,3,3.19,3.0,0,0,31.39,5,3,1,3,6,9,0,0,0,1,0,0,0,0,0
44,3494.75,42164.06,1,4,16.98,27.2,2,0,30.11,1,2,1,2,10,19,1,0,0,1,0,0,0,0,1
32,6849.08,81061.52,3,12,25.92,8.4,1,1,17.63,2,8,5,1,8,11,0,0,0,1,0,0,1,0,0
55,4730.73,57277.83,0,3,55.7,4.3,1,0,47.14,3,5,2,0,8,19,0,0,0,0,0,1,0,0,0
64,3057.53,36056.75,3,10,7.71,15.3,2,0,121.71,0,3,2,1,3,11,1,0,1,0,0,0,1,0,0
22,4576.84,54241.81,2,9,18.54,10.5,2,1,109.77,3,4,1,0,9,14,1,0,0,1,0,0,0,0,0
73,3255.31,38917.01,2,7,22.25,7.1,1,0,11.99,1,3,4,2,3,15,0,0,0,0,1,0,0,0,0
38,4199.78,50432.52,7,23,27.26,23.9,0,0,164.5,2,1,1,0,6,8,0,0,1,0,0,0,0,1,0
30,5014.63,60903.68,6,19,59.9,11.4,1,0,90.98,2,1,2,0,2,9,0,0,0,0,1,0,0,1,0
64,2737.36,33417.64,3,10,21.06,19.1,1,0,79.44,2,5,1,0,3,13,1,0,1,0,0,0,1,0,0
27,11028.41,134437.05,3,11,7.23,9.7,1,0,48.1,2,1,1,1,4,19,0,0,0,0,0,0,1,0,0
69,3195.24,37976.92,1,6,4.01,8.0,1,0,3.33,1,4,3,0,1,14,0,0,0,0,1,0,0,1,0
23,1379.74,16680.96,1,5,5.48,20.8,0,1,13.6,1,3,2,0,10,13,1,0,1,0,0,0,0,0,0
62,3900.72,46642.03,0,3,5.19,18.9,1,0,185.93,1,6,3,3,9,11,0,0,0,1,0,0,1,0,0
38,3535.4,42476.36,0,2,19.01,21.1,1,0,33.39,1,7,2,0,7,11,0,0,0,0,0,0,0,0,1
66,2340.76,28211.14,1,5,10.51,12.1,0,0,51.46,6,2,5,2,6,15,1,0,1,0,0,0,0,0,0
39,2958.41,35438.64,0,1,7.21,10.0,2,0,22.19,2,1,3,0,3,15,1,0,0,0,1,0,1,0,0
72,1135.24,13554.03,5,17,15.32,10.9,0,1,38.27,2,4,2,1,4,13,0,0,0,1,0,0,0,1,0
69,4870.27,59527.93,5,15,19.08,15.3,1,1,157.36,3,3,4,1,7,16,1,0,0,0,1,0,1,0,0
39,3258.97,38115.32,1,7,4.97,12.9,0,0,7.81,4,2,4,0,9,20,1,0,0,0,1,0,0,0,0
73,956.03,11676.51,3,12,36.44,3.7,0,0,59.4,2,3,4,2,2,8,0,1,0,0,0,1,0,1,0
39,2258.13,26982.26,2,9,16.65,8.8,0,0,29.01,4,4,4,0,10,16,0,0,1,0,0,0,0,0,0
52,3339.07,39934.67,5,21,28.28,1.0,3,0,27.68,1,1,3,3,7,13,0,0,0,0,0,1,0,1,0
41,3096.63,36563.34,4,13,9.41,7.3,1,0,53.01,1,4,2,0,10,13,0,0,0,0,0,0,1,0,0
27,3006.81,35775.85,5,17,17.54,12.7,0,0,56.54,5,4,2,0,9,11,1,0,1,0,0,0,1,0,0
41,3264.82,39699.88,2,9,16.18,4.0,1,0,47.48,4,1,2,2,9,17,0,0,0,0,0,0,0,1,0
67,3223.6,38948.74,1,4,13.54,15.4,0,0,15.64,2,2,4,1,9,8,0,0,0,0,0,0,0,0,0
19,6218.23,77866.43,2,8,11.72,10.9,0,1,186.68,2,5,1,1,4,8,1,0,0,0,0,1,1,0,0
43,2942.74,35194.98,4,13,19.2,18.0,2,0,23.86,4,1,1,2,4,12,1,0,0,0,1,0,1,0,0
49,4286.1,51454.61,2,11,46.46,4.6,0,0,20.82,1,5,2,1,10,20,1,0,0,0,0,1,0,1,0
50,1789.4,21229.11,3,9,7.96,4.0,0,0,38.75,3,3,4,0,2,18,0,0,0,0,0,0,1,0,0
71,6681.56,81628.11,4,12,48.28,7.3,0,0,8.24,0,6,1,0,9,15,1,0,0,0,0,1,0,0,0
19,4360.15,52183.05,6,22,63.34,20.0,2,0,7.93,2,5,2,1,3,13,1,0,0,1,0,0,0,0,0
68,3947.89,47731.52,1,4,9.49,10.3,2,0,147.05,4,6,0,2,4,9,1,0,0,0,0,1,0,0,0
37,2927.52,35333.98,0,3,2.36,19.9,1,0,31.75,2,4,2,0,4,14,1,0,1,0,0,0,0,0,0
68,5708.51,70092.38,1,7,10.87,11.5,1,0,24.34,1,6,4,1,1,12,1,0,1,0,0,0,0,0,0
73,3236.01,37433.29,7,23,34.61,23.2,1,0,19.45,3,4,2,0,8,13,1,0,0,0,0,0,0,0,0
56,1968.63,23400.67,1,3,22.6,11.1,1,0,3.35,1,3,2,2,4,15,1,0,0,0,1,0,1,0,0
38,2360.58,28679.25,5,17,54.07,17.6,0,0,20.06,2,6,4,0,1,12,0,0,1,0,0,0,1,0,0
40,2705.62,31729.78,3,9,36.64,15.3,2,0,108.2,3,4,1,1,3,18,1,0,0,0,0,1,1,0,1
75,1813.25,22440.89,3,10,16.23,5.0,0,0,3.48,0,5,2,2,6,15,0,0,0,0,0,1,1,0,0
50,3424.13,40499.7,4,11,28.04,8.5,1,1,53.01,3,4,3,0,8,15,0,0,0,0,0,0,0,1,1
67,4088.54,49410.83,1,7,15.81,14.2,1,0,7.74,1,4,0,0,10,17,1,0,0,0,0,0,0,0,0
38,4043.17,50212.96,3,9,31.51,11.2,0,1,23.74,4,4,1,0,7,15,0,0,0,0,0,0,1,0,0
34,1904.54,23092.3,1,6,2.34,16.4,2,0,17.27,1,3,4,1,2,20,1,0,1,0,0,0,0,0,0
50,2293.0,27341.27,2,8,24.7,13.9,0,0,6.78,3,4,3,1,9,14,0,0,0,0,0,1,0,0,1
21,3709.2,44362.75,6,20,16.72,7.7,5,0,214.72,2,4,3,1,2,10,1,0,0,0,0,1,0,1,0
74,4646.02,57124.94,4,14,74.51,19.8,0,0,10.79,4,8,1,2,9,9,0,0,0,1,0,0,1,0,0
24,10406.48,126561.06,2,7,22.33,6.7,1,0,60.04,0,10,2,1,7,16,1,0,0,0,1,0,0,0,0
48,4243.86,51137.62,0,3,11.75,5.5,1,0,12.21,1,5,5,2,1,11,1,0,0,1,0,0,0,0,0
68,2264.99,26889.28,3,9,38.92,8.6,1,1,11.53,0,4,1,0,7,17,0,0,0,0,0,0,1,0,1
44,3635.97,43425.55,1,8,23.6,13.5,3,0,38.61,0,2,4,1,9,20,0,0,0,0,1,0,0,0,0
32,1964.69,23653.07,5,19,48.59,28.8,0,0,9.75,1,5,2,2,3,13,1,0,0,0,0,1,1,0,0
31,5850.54,70182.0,1,6,9.3,2.4,1,0,60.09,3,2,3,1,8,15,1,0,0,0,1,0,1,0,0
62,4937.19,60082.19,1,4,29.12,19.6,0,0,15.77,0,5,11,1,1,15,0,0,0,0,0,1,1,0,0
56,7356.43,87037.34,2,6,48.81,24.6,2,1,115.32,5,6,4,1,2,9,1,0,0,0,0,1,0,0,1
73,4526.66,53994.54,3,10,19.4,28.1,1,1,169.92,4,2,1,2,4,20,1,0,0,0,0,0,0,0,0
70,2811.66,34993.83,3,12,40.12,25.9,0,1,65.85,3,4,1,1,8,18,0,1,0,0,1,0,1,0,0
27,11028.41,130539.67,3,12,19.17,10.7,0,0,116.08,3,3,5,1,9,15,1,0,0,0,0,0,1,0,0
35,2597.28,31379.83,2,6,45.46,8.3,1,0,89.82,2,0,5,0,7,8,1,0,1,0,0,0,0,0,0
67,4878.66,57750.01,5,16,34.82,21.3,1,0,76.49,2,4,3,0,4,10,0,1,0,0,0,0,0,0,0
39,2814.91,33840.91,0,1,29.48,16.9,1,0,20.7,3,3,2,1,7,14,1,0,1,0,0,0,0,0,0
70,3662.45,43775.78,2,5,4.22,14.3,1,0,39.65,5,4,5,0,3,8,1,0,0,1,0,0,0,0,0
74,5322.83,61436.72,2,7,11.98,11.2,3,1,99.84,1,2,2,1,5,13,0,1,0,0,0,0,0,0,0
23,4662.92,56684.03,2,8,14.13,5.8,0,0,60.01,1,4,5,0,10,16,0,0,0,1,0,0,1,0,0
29,4339.94,51878.43,4,14,13.39,11.2,1,1,15.77,0,0,6,1,5,11,0,0,0,0,0,1,1,0,0
30,1889.52,22964.16,1,7,56.77,10.5,1,0,10.2,5,4,3,1,9,9,1,0,0,0,0,1,0,1,0
33,3398.0,40098.96,2,6,26.05,20.8,0,0,14.02,3,1,3,0,6,14,1,0,0,0,0,1,0,0,0
63,2390.93,28990.25,5,18,27.47,15.7,1,0,139.68,0,4,4,0,2,11,1,0,1,0,0,0,1,0,0
68,1423.17,17229.05,2,8,11.25,7.8,1,1,103.81,2,8,3,1,5,13,1,0,0,0,0,0,0,0,0
75,3333.44,39671.24,4,12,27.45,9.7,0,0,26.76,3,7,6,1,3,18,1,0,0,0,1,0,0,1,0
57,4116.96,50172.75,2,11,92.62,16.7,2,0,104.51,2,4,10,2,7,17,1,0,0,1,0,0,0,1,0
24,3038.84,36681.74,3,11,83.62,18.9,1,1,77.27,4,3,2,1,4,16,1,0,1,0,0,0,0,0,0
34,2348.32,28379.87,3,12,77.32,13.5,0,0,10.09,3,5,5,0,10,8,1,0,1,0,0,0,0,0,0
29,4640.48,54489.6,4,16,85.13,14.5,3,1,10.17,2,6,4,2,3,12,1,0,0,0,0,0,0,0,0
50,2815.4,32810.94,1,6,16.12,12.6,0,0,25.82,3,5,4,0,6,15,0,0,0,1,0,0,0,0,1
45,3430.86,41771.99,6,18,24.46,7.4,2,0,15.96,4,3,6,0,2,19,1,0,0,1,0,0,0,1,0
40,1515.08,18196.54,1,5,29.45,7.9,1,1,67.84,1,2,4,2,10,13,0,0,1,0,0,0,0,1,0
21,1777.22,21479.03,4,12,22.47,14.6,0,0,54.12,0,1,4,2,1,17,1,0,1,0,0,0,0,1,0
21,1793.93,21860.11,1,4,24.53,18.9,1,0,12.1,2,3,7,0,9,20,0,1,0,0,0,1,0,1,0
37,4736.22,56713.87,1,6,13.74,4.7,1,0,19.03,2,5,2,1,7,14,0,0,0,1,0,0,1,0,0
51,3282.8,39747.87,6,20,26.93,15.4,1,1,36.08,4,4,4,2,7,9,0,0,0,1,0,0,0,0,0
24,8407.05,102716.13,2,11,13.77,12.8,1,0,2.05,2,2,1,0,6,13,1,0,0,0,0,1,0,0,0
31,1848.06,21996.13,1,4,10.78,8.2,1,0,14.0,2,5,2,1,7,18,1,0,1,0,0,0,1,0,0
21,1777.22,21165.34,8,27,26.76,17.7,2,0,25.01,3,6,7,0,1,9,1,0,1,0,0,0,0,0,0
20,4422.56,52720.13,2,9,37.6,27.9,1,0,95.81,2,3,4,1,9,20,0,1,0,0,1,0,1,0,0
38,2454.24,30240.35,0,1,13.6,14.0,1,0,234.43,4,5,1,1,10,20,1,0,1,0,0,0,1,0,0
68,4116.95,49820.45,2,9,14.12,20.0,0,0,22.26,2,4,6,1,2,19,1,0,1,0,0,0,1,0,0
23,5815.47,68620.98,1,6,37.38,11.6,0,1,5.87,6,1,1,0,1,14,0,0,0,0,0,0,1,0,0
51,7452.89,89506.1,1,4,32.22,14.6,0,0,208.41,2,6,2,0,7,19,0,0,0,0,0,0,0,0,0
51,6752.97,83851.57,4,15,9.49,15.5,1,0,10.49,0,3,2,2,1,18,1,0,0,0,0,0,1,0,1
33,5597.05,67331.7,6,20,33.12,9.9,1,0,0.21,4,4,4,0,7,16,0,0,1,0,0,0,1,0,0
59,9743.33,115761.14,1,7,6.82,2.0,1,0,228.57,1,5,5,0,5,13,1,0,0,0,0,0,1,0,0
67,2118.96,25244.12,1,7,27.45,13.0,2,0,31.52,1,5,3,0,9,18,0,0,1,0,0,0,1,0,0
63,3447.92,40527.79,4,12,10.81,22.5,0,0,106.46,6,1,3,0,9,8,0,1,0,0,0,0,0,1,0
67,4054.11,48744.51,1,4,32.4,15.2,1,1,128.68,4,6,6,1,8,18,1,0,0,0,0,1,0,1,0
59,2655.17,32391.02,4,12,10.03,15.8,1,0,24.95,2,4,2,0,1,15,0,1,0,0,0,0,1,0,1
53,2640.23,31737.1,5,18,23.19,21.4,1,0,3.53,5,4,5,0,3,14,1,0,0,0,0,0,0,1,1
60,3400.65,40236.36,3,9,55.12,7.7,2,1,0.03,1,5,4,0,10,8,0,0,1,0,0,0,0,0,1
73,2258.36,27366.78,4,13,25.89,19.1,1,1,92.47,2,5,4,0,6,16,1,0,0,0,0,1,0,0,0
63,4726.13,57035.89,3,13,34.24,4.0,0,0,16.4,2,8,4,1,4,9,0,0,0,1,0,0,1,0,0
37,3260.67,40470.14,6,18,16.83,17.9,0,0,96.7,2,3,2,0,8,13,0,0,1,0,0,0,1,0,1
49,6720.01,77608.71,5,16,19.88,9.4,1,1,14.36,4,4,5,1,1,17,0,0,0,1,0,0,1,0,1
54,2947.73,35519.57,3,10,23.07,0.7,1,0,6.6,2,2,2,0,1,16,1,0,1,0,0,0,1,0,0
55,2056.63,24419.11,3,11,33.56,11.1,2,1,68.07,2,3,2,1,3,12,0,1,0,0,0,0,1,0,0
64,4427.38,52444.53,2,6,6.3,7.4,0,0,19.25,0,7,3,1,2,17,1,0,0,1,0,0,0,0,0
34,9681.85,114579.34,3,9,23.94,1.6,1,0,58.23,4,8,0,0,2,8,0,0,0,0,1,0,1,0,0
22,2542.87,30661.46,2,8,9.57,20.3,2,0,20.89,4,4,5,1,10,10,0,1,0,0,1,0,1,0,0
42,3458.29,41924.43,0,1,2.14,6.2,0,0,172.77,1,6,2,0,1,14,0,0,0,0,0,0,0,0,0
33,2588.05,31559.12,2,9,115.76,8.5,0,0,58.54,2,1,1,0,8,13,1,0,0,0,1,0,1,0,0
35,2222.7,26244.79,5,15,28.94,14.7,0,0,58.9,1,1,1,2,3,18,1,0,0,0,1,0,0,0,0
73,8996.39,107890.58,2,7,13.79,14.1,2,0,20.3,4,1,4,2,2,9,1,0,0,0,1,0,1,0,0
31,3469.21,41951.29,3,10,14.77,13.4,1,1,93.87,2,4,4,0,7,8,0,0,0,1,0,0,0,1,0
39,2337.59,28592.12,1,2,6.38,13.7,2,0,1.27,2,4,4,1,9,20,1,0,0,0,1,0,1,0,0
37,3474.72,40645.69,3,9,9.9,18.3,1,0,113.72,2,4,2,0,1,8,1,0,0,1,0,0,1,0,0
71,2622.44,31204.84,3,9,34.29,4.3,0,0,167.86,2,3,1,0,9,10,1,0,0,0,0,0,0,1,0
58,1924.82,23311.07,3,11,9.84,25.6,2,0,31.55,0,3,2,2,1,8,1,0,0,0,0,0,1,0,0
56,3397.87,41514.87,6,21,24.5,10.4,2,1,147.09,0,4,3,1,1,14,0,0,0,0,1,0,1,0,0
31,3547.58,41963.66,7,21,18.31,16.6,0,1,15.38,3,2,1,0,6,15,0,0,0,0,0,0,0,0,0
20,3044.94,37155.75,0,1,2.17,11.3,0,0,10.47,2,2,4,0,7,14,0,0,1,0,0,0,0,1,0
41,4226.09,50012.18,9,32,66.67,19.2,1,1,78.52,1,6,1,0,10,10,1,0,1,0,0,0,0,1,1
49,3056.47,36592.47,2,7,37.06,12.8,1,0,62.68,4,3,3,2,10,9,0,0,0,0,0,0,0,0,0
63,2559.4,31037.37,3,9,25.92,11.7,1,0,91.28,0,4,1,0,7,19,1,0,0,0,0,0,1,0,0
63,2304.78,27745.69,8,26,29.8,10.7,1,1,48.81,2,6,4,0,5,17,1,0,1,0,0,0,1,0,1
51,2677.3,32171.48,5,19,15.36,9.0,1,0,30.33,4,6,3,2,5,13,0,0,1,0,0,0,0,0,0
35,7730.27,91501.06,0,3,51.19,13.1,2,0,119.71,0,6,1,0,7,19,0,0,1,0,0,0,1,0,0
55,5226.07,61465.74,2,8,11.37,6.6,2,1,9.71,3,3,7,1,4,19,0,0,1,0,0,0,0,0,0
36,7434.48,88531.99,4,14,12.36,6.3,0,0,82.71,3,3,3,3,10,20,0,0,0,0,1,0,1,0,0
27,5455.67,66353.25,1,9,29.85,11.6,1,1,5.22,1,4,5,0,10,16,1,0,0,1,0,0,0,0,0
23,4662.92,56680.63,1,5,5.07,8.0,1,0,135.26,1,8,5,0,1,15,1,0,0,1,0,0,1,0,0
20,5774.15,66701.49,5,17,39.73,10.5,2,1,29.76,7,6,4,2,8,20,0,1,0,0,1,0,0,1,0
19,4858.0,56308.69,4,16,11.85,1.6,1,0,70.73,2,6,2,2,1,10,1,0,0,0,1,0,0,0,0
36,1405.19,16368.51,2,7,7.81,15.8,1,0,68.93,7,3,2,1,1,9,0,1,0,0,0,0,1,0,0
34,5635.51,67030.83,2,7,26.95,10.9,0,1,21.79,0,6,3,1,3,17,1,0,1,0,0,0,0,0,0
19,900.0,10722.37,4,14,20.04,8.6,0,0,43.59,5,3,1,1,3,13,0,0,0,1,0,0,1,0,0
39,2832.17,33516.73,4,14,13.48,2.5,1,0,3.1,2,4,4,0,6,16,0,0,0,0,1,0,1,0,0
58,2517.7,30782.47,3,11,18.71,7.4,2,1,2.39,0,9,4,0,5,11,0,0,0,1,0,0,1,0,0
63,1645.68,19952.19,5,17,17.79,13.3,0,0,19.01,3,2,4,0,7,10,0,0,0,0,0,0,0,0,0
73,7981.42,96618.65,1,5,101.02,3.1,0,0,19.94,3,1,2,0,7,13,1,0,1,0,0,0,0,0,0
22,2677.48,32038.24,0,4,14.78,6.0,0,0,35.75,1,7,7,0,9,8,0,0,0,0,0,0,0,0,0
43,5083.85,60496.25,3,13,22.77,21.6,0,1,52.34,1,1,0,0,3,14,0,0,0,0,1,0,1,0,1
67,2770.07,33189.95,2,11,52.66,16.8,0,0,31.68,4,8,4,1,7,16,1,0,0,0,1,0,1,0,0
36,2410.8,29056.7,2,7,35.12,17.7,0,0,145.61,2,6,2,0,4,19,0,1,0,0,0,1,0,1,0
25,3764.74,44212.55,2,8,5.82,9.5,0,0,64.96,2,6,3,2,8,20,1,0,0,0,1,0,1,0,0
34,1295.92,15604.93,2,13,25.23,12.7,0,0,101.64,2,3,2,0,4,18,1,0,0,0,1,0,0,1,0
24,4850.42,57213.26,3,11,20.31,3.4,0,0,95.06,1,4,0,0,4,20,1,0,0,0,1,0,0,0,0
73,2258.36,26907.48,4,15,18.71,11.4,1,1,8.17,2,7,3,2,9,14,1,0,0,0,0,1,0,0,0
61,3492.42,41507.41,0,2,4.98,9.4,1,0,189.87,2,5,4,1,10,8,1,0,1,0,0,0,0,0,0
61,2735.72,32772.92,2,11,11.99,14.3,0,0,44.62,2,5,1,0,5,14,1,0,0,0,1,0,1,0,0
29,2703.56,32365.17,4,16,11.36,8.9,1,1,32.43,1,5,1,0,3,14,1,0,1,0,0,0,0,1,0
63,2559.4,30750.6,0,3,2.54,5.6,3,0,51.52,5,3,0,1,10,11,1,0,0,0,0,0,1,0,0
75,6675.91,78736.13,1,4,10.17,12.6,1,1,36.86,4,5,4,2,7,16,1,0,0,0,1,0,1,0,0
38,3187.46,38482.24,0,0,11.86,14.7,1,0,11.09,2,4,4,1,3,8,1,0,0,1,0,0,1,0,0
72,2021.61,24134.82,1,8,5.66,9.5,2,1,52.93,0,4,7,0,8,14,1,0,0,1,0,0,0,0,0
67,7316.51,87817.82,4,15,20.83,14.3,1,1,5.88,3,6,1,0,9,17,1,0,0,0,0,1,0,0,0
42,2943.21,35195.99,1,4,36.26,12.5,3,0,101.45,1,3,4,1,3,15,1,0,0,0,0,0,1,0,0
29,2859.95,34566.89,5,16,19.22,27.6,0,1,47.53,2,2,2,0,4,18,0,0,0,1,0,0,1,0,0
47,2871.48,34055.77,1,8,86.76,18.8,1,1,315.04,1,8,4,0,5,20,1,0,0,0,0,0,0,1,0
52,2596.31,31292.33,4,14,11.85,12.6,1,1,40.03,1,8,3,3,1,9,1,0,0,1,0,0,0,1,0
29,1241.45,14846.49,4,14,28.14,9.4,1,0,55.05,2,3,2,0,7,11,1,0,0,0,1,0,0,1,0
33,1773.29,21333.78,0,4,30.2,12.2,0,0,39.52,3,3,1,1,7,8,1,0,0,1,0,0,1,0,0
26,1273.12,15083.98,1,8,23.09,25.6,3,0,9.44,3,4,3,1,8,16,1,0,1,0,0,0,1,0,0
22,2179.99,26405.39,2,6,12.5,3.9,2,0,0.83,1,6,3,0,8,11,0,1,0,1,0,0,1,0,0
56,3372.39,39608.04,5,17,41.0,2.3,1,0,181.56,0,3,2,0,9,20,0,0,0,0,1,0,0,0,0
21,2381.48,28863.02,5,15,54.25,7.1,2,0,105.32,1,6,3,1,1,20,0,0,0,0,0,1,1,0,0
28,8627.92,102937.62,4,14,29.44,3.2,3,0,1.89,1,5,2,1,7,17,0,0,0,0,0,1,1,0,0
45,7186.91,86782.67,4,14,11.13,19.1,2,0,68.88,1,3,0,0,10,12,1,0,0,0,1,0,1,0,0
45,2652.72,31016.6,2,10,12.6,7.8,1,1,31.87,0,7,1,1,8,14,1,0,0,0,0,0,0,0,1
61,2264.01,27028.77,4,13,12.28,12.8,1,0,3.01,5,9,7,1,1,11,1,0,0,1,0,0,1,0,0
71,7758.85,93871.95,4,11,22.85,4.1,0,0,16.07,3,3,3,1,5,17,0,0,1,0,0,0,0,0,0
70,4294.87,51893.37,1,4,20.86,26.1,1,0,68.37,1,9,2,0,8,14,1,0,0,0,1,0,1,0,0
24,1742.81,21096.35,2,10,8.74,22.1,1,1,54.83,5,5,3,1,8,19,0,0,0,0,0,1,0,1,0
20,6828.53,80086.95,2,8,22.04,8.8,1,1,18.13,1,8,5,3,1,19,1,0,1,0,0,0,0,0,0
51,3282.8,39657.76,3,11,41.98,25.4,0,1,70.42,1,3,2,1,8,13,0,0,0,1,0,0,0,1,1
65,4416.9,54335.5,1,4,5.82,4.6,1,1,231.41,2,3,0,0,4,10,0,0,1,0,0,0,0,0,0
64,2217.42,27159.13,3,12,14.56,7.2,1,0,106.94,2,1,5,1,1,15,1,0,1,0,0,0,1,0,0
57,5981.09,71865.31,3,11,12.61,6.7,1,0,97.53,0,2,1,1,7,9,1,0,0,0,1,0,0,1,0
75,2345.92,27719.99,4,15,35.76,14.0,2,0,5.33,4,5,2,1,1,15,1,0,0,0,1,0,0,0,0
45,3430.86,41640.71,0,1,1.35,9.5,0,0,20.48,5,0,1,0,7,20,1,0,0,1,0,0,0,1,0
69,3767.22,45441.19,6,17,66.2,17.9,0,1,30.95,3,5,7,0,6,14,1,0,0,1,0,0,0,0,1
54,2875.49,33409.88,1,5,31.21,8.3,0,0,262.44,1,3,7,0,1,14,1,0,1,0,0,0,0,0,0
63,3592.01,42728.54,5,16,10.83,4.5,1,0,10.84,4,3,2,0,4,11,0,0,0,1,0,0,0,1,0
36,2315.68,28410.22,5,17,13.48,2.7,1,0,34.25,2,3,2,0,7,17,1,0,0,0,0,0,0,0,0
64,3117.4,36180.63,3,11,31.31,6.2,1,1,22.28,2,2,3,0,4,19,0,1,0,0,0,1,0,0,0
53,7495.19,88659.29,3,13,7.2,19.8,0,0,84.85,4,4,2,2,5,15,1,0,0,1,0,0,0,1,0
31,10375.2,125797.94,3,9,7.71,22.9,0,0,31.13,2,3,3,0,3,12,1,0,0,0,0,1,1,0,0
22,2179.99,25819.15,0,2,3.86,12.9,0,0,25.91,4,2,5,0,3,12,1,0,0,1,0,0,1,0,0
62,4937.19,59452.18,5,19,12.42,0.3,1,0,233.81,1,3,3,1,9,11,1,0,0,0,0,1,1,0,0
43,2469.45,30176.0,2,7,36.38,21.6,3,1,8.66,2,2,2,2,9,18,0,1,0,0,1,0,0,0,0
26,4625.38,54198.24,3,8,10.66,3.3,1,0,1.37,5,1,4,0,6,13,1,0,0,0,1,0,0,1,0
45,7186.91,87868.29,1,6,21.11,5.7,0,0,42.84,3,4,0,1,5,19,1,0,0,0,1,0,0,0,0
21,4354.61,52028.46,3,13,13.43,14.6,0,1,148.05,2,5,3,2,4,9,1,0,0,0,1,0,0,0,0
69,3881.02,46119.83,4,14,18.92,12.9,4,0,99.23,2,3,2,0,3,18,1,0,0,0,0,1,1,0,1
32,4934.07,59517.43,0,1,19.58,16.5,2,0,28.21,1,5,4,1,8,12,1,0,0,0,1,0,0,0,0
65,3222.81,39163.89,1,6,46.02,6.4,0,0,12.08,1,5,4,2,8,8,1,0,0,0,0,1,0,0,0
24,10406.48,125178.54,2,5,30.73,15.1,1,0,58.89,3,9,1,1,8,17,0,0,0,0,1,0,0,0,0
50,2471.96,29906.35,5,15,33.93,6.8,3,0,63.62,1,3,2,1,7,9,1,0,0,0,0,0,1,0,0
61,2449.82,29126.53,5,17,14.18,4.1,0,0,41.99,1,7,3,0,1,19,1,0,0,0,1,0,1,0,0
43,4735.07,56430.3,4,14,32.68,5.6,1,0,17.7,1,2,4,0,10,10,0,0,0,1,0,0,1,0,0
32,4420.4,54892.68,2,9,25.87,15.4,0,0,93.27,2,3,3,1,8,10,1,0,0,0,0,0,1,0,0
40,2256.44,27079.05,2,9,77.36,16.5,0,0,62.8,1,2,2,0,8,18,0,0,0,0,0,0,0,0,0
42,3857.86,47160.61,1,5,9.9,10.7,2,0,190.5,4,1,5,2,1,20,0,0,0,0,0,1,0,0,0
43,4926.78,59206.95,4,15,54.05,16.7,0,0,2.07,2,2,1,0,3,16,1,0,0,1,0,0,1,0,0
61,2147.5,26032.28,3,9,10.24,3.4,1,0,21.06,3,1,4,0,4,17,1,0,0,0,0,1,0,0,0
46,4738.35,56554.12,2,7,16.18,19.5,0,0,27.61,0,6,5,0,9,20,0,1,0,0,1,0,1,0,0
57,5333.66,62330.22,1,4,7.36,9.7,0,0,159.68,2,3,5,0,3,15,0,0,1,0,0,0,1,0,1
60,5629.89,68124.1,1,6,9.74,11.1,0,0,40.59,3,2,5,1,2,12,0,1,1,0,0,0,1,0,0
68,5476.0,65574.54,4,14,45.07,13.6,2,1,17.62,5,2,2,0,6,20,1,0,0,1,0,0,1,0,1
65,2763.17,34303.6,4,13,10.95,17.7,1,0,25.52,1,10,7,1,6,15,1,0,0,0,1,0,0,1,1
22,8451.31,104911.34,4,15,65.51,1.7,1,0,232.33,1,3,4,0,1,11,1,0,0,0,1,0,1,0,0
53,1275.55,15204.2,2,7,21.02,6.8,1,0,2.52,0,5,1,3,9,12,1,0,0,0,0,1,1,0,0
44,11507.11,139114.94,4,18,51.94,7.4,1,0,21.68,2,7,2,1,7,16,1,0,0,1,0,0,1,0,0
23,4349.81,52752.13,4,14,29.86,9.4,0,0,29.21,1,1,5,1,9,20,1,0,0,0,0,0,1,0,0
24,6523.73,78161.92,6,23,18.5,8.6,4,1,6.32,3,4,3,0,2,17,1,0,0,0,0,0,1,0,0
57,4056.71,47887.27,2,10,54.26,2.0,0,0,39.86,3,8,2,0,7,12,0,0,0,1,0,0,1,0,0
46,3321.79,39491.94,3,11,38.03,12.4,0,0,33.35,1,3,8,0,10,12,1,0,0,1,0,0,0,1,0
69,1962.01,23012.75,1,7,5.74,7.5,1,1,64.91,6,4,0,0,9,8,1,0,0,0,0,0,0,0,0
61,2449.82,29124.12,6,19,114.75,9.8,4,0,18.69,1,6,4,0,10,9,0,1,0,0,1,0,1,0,0
43,4735.07,56632.25,1,5,31.79,0.7,0,0,22.64,1,3,3,0,1,14,0,0,0,1,0,0,1,0,0
48,8824.75,104593.36,6,17,26.89,17.4,0,1,22.11,3,1,3,1,1,9,0,0,0,0,0,0,1,0,1
63,1879.39,23118.96,2,8,13.8,14.5,2,0,14.15,1,3,4,0,7,19,1,0,0,0,1,0,0,0,0
43,2332.97,28177.06,1,4,21.58,1.8,0,0,50.41,3,2,3,1,6,16,1,0,1,0,0,0,0,1,0
28,8627.92,100578.85,3,12,22.38,7.9,0,0,104.27,1,6,3,0,7,20,1,0,0,0,0,1,0,1,0
24,2549.05,30712.87,0,0,26.47,9.5,3,0,16.21,2,2,5,3,9,9,1,0,0,0,0,0,0,1,0
52,2063.31,24034.64,3,15,49.35,13.0,0,0,48.54,3,2,3,1,5,10,1,0,0,0,0,1,0,0,0
45,3430.86,39497.32,2,7,19.7,6.8,1,0,19.07,1,5,0,1,10,9,0,0,0,1,0,0,0,0,0
33,3496.84,42326.02,5,18,32.96,6.2,1,1,138.77,1,4,3,2,10,17,1,0,0,0,1,0,1,0,0
57,4572.67,55195.48,1,3,48.98,12.8,3,0,4.87,0,5,3,0,1,11,0,0,0,0,0,0,0,0,0
68,2731.41,33309.75,2,8,4.84,12.1,1,0,17.75,2,2,3,0,7,20,0,1,0,0,0,1,0,1,0
30,1996.64,24129.93,3,11,8.93,20.6,0,0,2.69,2,3,3,0,4,16,1,0,0,0,1,0,0,0,0
50,6180.47,72876.86,2,5,11.07,15.7,1,0,9.97,2,4,1,0,10,16,1,0,0,1,0,0,0,0,0
52,4655.51,56208.77,4,12,22.5,8.0,1,1,133.24,2,4,1,4,7,10,1,0,0,0,0,1,0,1,0
57,2768.21,32782.98,3,15,38.95,11.2,0,1,113.0,3,3,8,1,1,19,1,0,1,0,0,0,1,0,0
43,4469.78,53114.3,5,14,32.47,4.4,2,0,81.02,1,9,4,0,10,12,1,0,0,0,0,1,0,1,0
39,2958.41,35467.67,0,0,44.72,10.6,2,0,45.72,3,3,1,3,1,10,1,0,0,0,1,0,1,0,0
43,6047.41,72033.04,3,11,21.2,12.3,0,0,38.72,1,1,3,1,9,15,1,0,0,0,0,1,0,0,0
51,2441.33,30081.61,4,11,21.27,20.9,0,0,69.75,1,5,3,0,6,15,0,0,0,0,1,0,1,0,0
43,1628.94,19920.13,0,4,4.48,9.4,1,1,7.6,1,3,5,1,10,20,1,0,0,0,1,0,1,0,1
20,3783.52,44978.28,3,9,22.91,12.9,3,1,25.44,3,1,2,0,9,18,0,1,0,0,0,0,0,0,0
47,4148.55,50957.48,2,7,30.41,10.1,2,0,93.34,2,2,1,0,7,12,1,0,1,0,0,0,1,0,0
40,2542.61,31078.89,3,12,6.47,12.4,2,0,13.35,5,4,4,1,7,14,1,0,1,0,0,0,0,1,1
75,3333.44,39115.93,1,5,48.88,21.2,1,0,90.17,0,1,3,0,10,20,1,0,0,0,1,0,0,1,0
53,2955.18,34889.3,0,3,13.75,16.2,0,1,6.43,2,5,2,1,6,17,1,0,1,0,0,0,0,0,0
19,5421.54,66232.58,3,13,8.13,6.3,2,0,35.91,3,1,1,0,6,14,1,0,1,0,0,0,1,0,0
18,2743.04,33382.57,4,14,22.92,24.5,0,0,60.54,3,1,3,1,1,12,1,0,0,0,0,1,0,0,0
75,6804.65,80962.09,2,7,28.75,2.8,2,0,0.04,3,5,2,0,6,8,0,0,0,0,0,0,1,0,0
29,2541.74,30941.12,1,6,24.88,6.7,2,0,257.68,4,3,0,1,3,16,1,0,1,0,0,0,0,1,0
26,3781.2,44943.72,6,20,25.54,10.1,1,1,135.35,2,3,1,0,9,17,0,0,0,1,0,0,0,0,0
54,10097.74,122220.59,1,8,37.09,20.9,0,0,24.28,3,3,3,0,10,11,1,0,0,0,0,1,0,0,0
21,9447.21,111427.19,4,15,23.71,9.1,1,1,21.35,5,4,4,0,4,20,1,0,0,0,1,0,0,1,0
25,7136.75,85338.7,2,7,5.49,11.9,1,0,14.2,3,6,2,0,10,8,1,0,0,0,1,0,1,0,0
58,2041.84,24032.56,4,14,21.83,18.2,0,0,127.88,1,4,0,0,6,13,1,0,0,1,0,0,0,1,0
37,1350.33,16056.32,2,12,5.43,10.2,1,0,53.4,3,3,5,0,9,18,1,0,1,0,0,0,0,1,0
59,3078.49,36639.82,0,0,49.75,11.0,1,0,2.4,3,5,2,0,4,11,1,0,0,1,0,0,1,0,1
60,2556.51,30817.05,2,7,47.2,15.7,0,0,151.78,2,5,0,1,1,15,1,0,0,1,0,0,0,0,0
73,11465.03,138670.46,4,12,17.26,5.7,0,0,9.21,2,5,5,0,5,16,1,0,0,0,1,0,1,0,0
23,5145.0,62614.3,4,12,8.31,7.1,0,0,22.27,2,5,3,0,10,17,1,0,0,0,0,0,0,0,0
74,4646.02,56634.2,2,9,34.18,11.8,1,0,44.96,2,4,2,0,2,12,0,0,0,1,0,0,0,0,0
64,5245.58,62305.35,4,14,48.47,32.1,1,0,43.95,5,2,3,1,5,11,1,0,0,1,0,0,1,0,0
70,4630.64,55862.14,3,10,38.06,22.7,0,0,119.13,4,3,1,1,8,18,1,0,0,0,0,0,1,0,0
65,1187.75,14115.33,2,7,32.77,19.8,1,0,76.55,2,4,1,1,1,10,0,0,0,0,0,0,0,0,0
32,2674.16,31672.94,1,3,10.93,27.2,0,0,131.58,2,6,3,1,6,11,0,1,0,0,0,0,1,0,0
58,2041.84,24295.14,4,15,37.49,9.1,3,0,35.9,0,1,6,1,4,8,0,0,0,1,0,0,0,0,0
43,2584.29,31302.48,1,6,6.59,10.0,0,0,57.32,1,1,1,0,10,18,1,0,1,0,0,0,1,0,0
41,7260.37,85566.45,3,10,13.1,5.5,0,0,92.34,2,0,1,0,5,11,1,0,0,0,1,0,1,0,0
68,3947.89,46775.21,1,2,17.43,12.4,0,0,45.31,5,2,3,0,8,18,1,0,0,0,0,1,0,0,0
53,6644.65,78740.36,4,13,42.49,22.0,0,0,31.68,1,2,1,0,2,10,0,0,1,0,0,0,0,0,0
40,1709.29,21168.61,4,14,29.99,14.2,0,0,13.21,1,1,6,1,4,15,1,0,1,0,0,0,0,0,0
24,4850.42,57393.0,2,7,5.42,15.9,5,0,36.55,1,6,2,0,3,15,0,0,0,0,1,0,1,0,0
29,4640.48,54215.08,4,14,22.68,7.8,0,1,49.59,3,3,1,0,4,13,1,0,0,0,0,0,1,0,0
75,3016.53,35636.88,4,14,18.32,30.0,2,0,113.46,1,3,2,1,6,8,0,1,0,1,0,0,1,0,0
21,2535.63,30419.13,4,15,29.11,11.6,0,1,9.96,0,0,4,0,6,16,0,1,0,0,0,1,1,0,0
51,2735.2,33626.34,3,8,17.0,15.1,1,0,2.36,1,2,5,2,5,10,1,0,0,0,1,0,0,0,0
67,10843.67,131101.29,7,23,17.97,6.6,1,1,23.46,2,4,3,0,5,18,1,0,0,0,0,0,0,1,1
31,3654.63,43506.54,4,13,11.42,16.6,2,0,111.24,1,4,4,0,3,9,1,0,0,0,0,0,0,0,0
36,2773.39,33392.61,4,14,25.72,13.4,1,1,242.13,3,2,7,1,6,14,1,0,1,0,0,0,1,0,0
44,3494.75,41741.52,4,16,13.47,12.7,0,0,19.2,1,3,3,0,6,9,0,0,0,1,0,0,0,0,0
46,3471.03,41897.93,6,20,18.59,13.6,1,1,9.1,2,4,3,1,7,15,1,0,0,0,0,0,1,0,1
44,3415.05,41492.12,6,19,12.37,13.0,0,0,77.56,2,4,2,0,6,17,0,0,0,0,0,1,0,1,0
21,2907.5,34682.97,2,7,32.89,4.6,2,0,2.77,2,4,8,0,5,11,1,0,0,0,0,1,0,0,0
73,2205.38,26592.09,2,7,17.77,20.4,1,1,14.53,2,5,4,0,6,14,1,0,1,0,0,0,0,0,0
66,3149.26,37573.58,4,13,24.2,7.2,0,0,3.58,0,3,5,0,2,14,0,0,0,1,0,0,0,1,0
30,1767.17,21391.25,2,7,10.08,7.6,0,0,43.85,1,1,2,0,5,16,1,0,1,0,0,0,1,0,0
19,2366.12,28736.67,1,3,33.42,8.2,0,0,48.28,2,1,4,4,5,18,1,0,1,0,0,0,0,0,0
41,2531.32,29767.26,4,11,12.49,2.4,1,0,146.51,2,6,3,0,5,10,1,0,0,0,0,0,1,0,0
47,5997.81,72617.04,0,2,5.03,18.3,0,0,41.04,3,4,2,1,6,12,1,0,0,0,0,1,1,0,0
33,1773.29,21218.42,6,22,22.9,24.8,1,0,42.51,2,7,2,0,10,11,1,0,0,1,0,0,0,0,0
51,3932.76,48169.01,5,16,43.55,17.8,0,1,213.41,2,7,3,0,1,20,0,0,0,0,0,1,1,0,0
49,2151.32,24954.17,3,11,33.13,11.0,1,0,39.76,3,3,3,0,5,18,1,0,0,0,1,0,1,0,0
66,6407.24,77764.78,6,21,14.31,21.8,0,0,155.76,0,3,4,0,4,15,1,0,0,0,1,0,0,0,1
41,3096.63,36899.28,1,6,13.18,16.3,0,0,24.43,1,3,7,0,1,13,0,0,0,0,0,0,0,0,0
25,4126.39,49023.7,1,7,9.4,6.3,1,0,2.61,0,4,3,0,5,19,1,0,0,0,0,1,0,1,0
49,2733.44,33561.64,4,17,18.01,20.2,0,1,206.98,2,4,5,0,10,9,1,0,0,0,0,1,0,0,1
35,5032.82,60929.91,1,4,24.09,1.1,2,0,50.73,6,4,3,0,5,11,1,0,0,1,0,0,0,1,0
44,6496.96,77730.71,4,16,12.24,9.0,0,0,17.5,2,4,1,0,9,17,0,1,0,0,1,0,0,0,0
37,4116.12,49617.17,6,21,48.73,20.4,0,0,48.75,2,7,5,1,2,16,1,0,0,0,0,0,1,0,0
51,5340.18,64349.79,3,13,29.56,9.9,1,0,63.83,2,4,3,0,4,18,0,0,0,1,0,0,0,0,0
70,4529.74,53546.82,9,31,25.17,4.6,1,0,13.03,3,4,4,2,1,14,0,0,0,1,0,0,1,0,0
39,3290.28,39258.15,4,12,36.12,6.7,1,0,33.86,2,3,3,0,2,12,1,0,0,1,0,0,1,0,1
54,3547.25,42152.32,0,1,21.85,7.0,1,0,334.9,2,1,6,1,7,20,0,0,0,1,0,0,0,0,0
75,8185.56,95428.69,1,8,9.59,12.1,0,0,17.45,3,3,4,0,10,14,1,0,0,0,0,0,0,0,0
72,1267.2,15126.97,4,14,30.2,15.9,0,0,32.04,5,6,3,1,10,15,1,0,0,0,0,0,0,1,0
25,3347.45,41329.26,3,11,12.32,18.9,3,1,4.88,1,8,1,1,4,16,1,0,0,1,0,0,0,0,0
63,3399.84,40458.59,2,11,17.26,11.9,2,1,156.34,3,6,5,1,2,12,0,1,1,0,0,0,0,1,0
36,3213.99,38987.75,3,10,10.41,11.3,0,0,13.28,5,5,3,0,2,19,0,0,0,0,0,1,0,1,0
42,5956.23,70936.71,2,7,12.98,9.3,2,0,50.38,4,5,1,0,9,20,1,0,0,0,0,0,0,0,0
61,4198.86,49540.74,1,8,6.55,15.6,2,0,167.22,2,2,1,2,6,17,1,0,0,0,0,0,0,1,0
63,4980.97,60432.95,2,11,5.34,14.9,0,0,42.14,1,3,3,1,8,11,1,0,0,0,0,1,1,0,0
31,3330.26,40568.06,4,13,10.4,3.7,1,0,2.99,4,3,2,0,3,15,0,0,0,0,1,0,1,0,0
21,4354.61,52881.09,4,13,24.0,7.1,0,1,84.37,1,3,2,0,2,9,0,0,0,0,1,0,1,0,0
73,4252.52,50650.42,0,3,12.07,8.4,1,0,172.96,5,5,4,1,1,16,1,0,0,0,0,0,0,1,0
23,4096.4,48442.71,0,0,19.2,4.5,0,0,9.48,2,3,8,0,8,14,0,1,0,1,0,0,1,0,0
70,4294.87,50391.33,2,7,60.37,15.1,0,0,16.77,0,2,3,2,8,11,1,0,0,0,1,0,0,1,0
36,6031.27,71168.44,4,15,14.38,7.2,1,0,0.87,3,1,2,0,4,17,1,0,0,0,1,0,1,0,0
32,1771.47,21467.74,2,6,9.77,13.9,0,1,32.71,4,3,6,0,3,13,0,1,0,0,0,1,0,0,0
73,3878.64,47398.86,1,4,17.16,2.2,0,0,69.01,3,3,5,0,2,16,0,1,1,0,0,0,0,0,0
25,5814.77,69585.98,3,14,20.17,23.5,1,1,218.66,0,4,4,1,1,10,1,0,0,0,0,0,1,0,0
49,3194.65,38930.36,3,11,9.32,10.8,1,0,124.65,1,1,4,0,5,19,1,0,0,0,0,0,0,0,0
45,3036.61,36457.84,0,1,5.58,35.4,0,1,74.38,6,8,2,0,5,20,0,0,1,0,0,0,0,0,1
73,2491.0,29623.52,2,7,21.51,14.6,0,0,2.74,1,4,2,0,6,9,1,0,1,0,0,0,0,1,0
58,2837.26,33461.17,0,4,37.4,19.0,0,0,26.9,1,7,2,0,9,13,1,0,0,0,0,0,0,1,0
61,2264.01,26369.83,2,5,7.65,4.9,2,0,30.67,2,1,2,0,6,17,1,0,0,1,0,0,0,0,1
66,3464.08,42544.88,3,14,31.45,16.0,4,0,16.99,0,3,6,1,6,12,1,0,0,0,0,0,1,0,0
56,2027.49,24842.27,6,17,19.06,10.8,1,0,75.6,3,8,1,0,9,13,1,0,0,0,0,0,0,0,0
67,5332.46,62951.79,0,2,10.5,13.4,1,1,4.24,0,4,0,1,9,16,0,0,0,0,1,0,0,0,0
47,2467.8,29482.08,3,15,7.44,13.5,2,0,7.83,3,8,2,1,1,19,1,0,0,0,0,0,0,0,0
23,4232.56,51215.77,1,5,5.54,3.6,1,0,204.1,2,3,3,0,5,11,1,0,0,1,0,0,0,0,0
66,3501.87,42596.19,4,14,27.67,22.5,0,1,122.37,1,3,2,0,8,18,1,0,0,0,0,1,1,0,1
67,4334.94,53004.31,1,5,35.62,29.9,0,0,46.8,1,2,3,2,2,9,1,0,1,0,0,0,1,0,1
18,2612.11,31668.31,5,17,20.18,22.6,1,0,31.77,4,3,3,0,4,9,0,1,0,0,0,0,0,0,0
46,3643.18,43779.77,3,13,24.25,19.1,0,1,40.42,5,2,1,1,7,20,1,0,0,0,0,1,1,0,0
30,1927.7,22906.2,0,0,5.38,16.2,0,0,13.14,4,5,1,1,9,16,1,0,0,0,1,0,0,0,0
58,6560.97,79405.45,5,18,10.86,2.2,0,0,35.39,3,3,3,0,5,9,0,0,0,0,0,1,1,0,0
59,1838.96,21572.57,6,20,27.69,11.6,0,1,27.63,2,2,2,0,4,16,1,0,0,0,1,0,1,0,0
69,2622.45,31607.96,1,7,48.74,7.2,0,0,33.18,1,5,3,1,1,10,0,0,0,0,0,0,0,0,0
35,2196.42,25949.57,1,5,23.99,14.4,0,0,5.04,2,2,7,0,3,12,0,0,0,0,1,0,0,0,0
50,1574.5,18927.86,1,6,55.9,9.3,0,1,322.63,1,5,0,1,7,8,1,0,0,1,0,0,1,0,0
62,3900.72,47660.21,3,10,21.75,1.5,0,0,22.17,2,6,4,0,5,20,1,0,0,1,0,0,0,0,0
51,5533.04,66484.25,3,12,7.04,13.1,1,0,9.74,3,4,2,0,5,12,1,0,0,0,0,1,0,1,1
18,4933.23,61319.54,0,4,12.18,6.8,1,0,57.08,0,3,2,3,5,8,1,0,0,0,0,0,1,0,0
41,3855.9,46105.11,1,6,4.26,15.3,2,0,207.61,3,4,1,1,8,16,1,0,1,0,0,0,1,0,0
21,1893.38,22677.99,5,17,61.13,13.1,0,0,3.19,1,5,4,1,9,9,1,0,0,0,1,0,0,0,0
73,5874.62,70073.53,4,12,12.4,4.1,2,0,10.79,2,0,3,1,4,15,1,0,0,0,0,0,0,1,0
25,3123.27,37012.94,5,17,17.7,18.2,0,0,42.54,2,5,3,1,5,19,1,0,1,0,0,0,0,0,0
18,1305.48,15420.45,2,8,4.99,10.5,1,0,39.83,1,3,2,0,7,12,1,0,0,0,1,0,1,0,0
38,4043.17,49367.45,5,16,31.38,8.3,1,1,49.91,2,3,3,0,1,12,1,0,0,0,0,0,1,0,0
70,1394.81,16842.55,4,19,35.02,14.1,0,1,14.86,2,3,4,1,1,17,1,0,0,0,0,1,1,0,0
48,4374.15,51534.06,3,10,18.29,18.1,0,0,44.45,4,5,3,0,2,20,1,0,0,0,1,0,0,1,1
43,2552.07,31742.2,3,10,21.63,7.4,0,1,5.01,1,3,4,3,5,14,1,0,0,1,0,0,0,0,0
34,2537.35,30220.53,2,7,38.58,2.8,1,0,46.91,1,4,1,2,2,8,1,0,0,0,1,0,1,0,0
64,3233.82,38239.88,3,10,27.49,7.9,4,1,59.78,2,3,7,1,4,12,0,0,0,1,0,0,1,0,0
44,2019.77,24316.55,2,6,23.9,15.9,1,0,30.83,1,4,2,2,5,18,0,0,0,0,1,0,0,0,0
22,6035.78,70531.74,1,4,7.2,9.3,1,0,35.12,3,7,2,2,10,10,1,0,0,0,0,0,0,0,0
29,2541.74,31288.02,2,5,4.59,17.2,0,0,3.74,2,5,4,0,10,13,1,0,1,0,0,0,1,0,0
60,3081.45,37187.23,2,10,46.01,10.6,1,0,76.07,3,5,2,1,7,19,1,0,0,0,0,1,0,0,0
70,3799.15,44678.97,1,5,32.49,27.1,1,0,81.09,1,4,4,0,10,8,0,0,0,0,0,0,1,0,0
61,2789.71,33819.14,2,10,27.58,4.0,3,0,39.94,2,2,4,1,2,9,0,0,0,0,0,1,1,0,0
40,4716.18,56944.87,2,6,12.97,9.6,0,0,30.37,7,4,5,1,3,17,1,0,0,1,0,0,0,1,0
19,2699.29,33011.87,2,8,57.09,9.3,0,0,18.21,3,2,1,0,5,8,1,0,0,0,0,1,1,0,0
30,5412.75,65755.32,1,5,39.98,6.9,0,0,113.32,3,4,3,2,9,9,1,0,0,1,0,0,0,0,0
73,3904.99,46737.43,1,5,13.85,6.9,1,0,65.78,1,7,5,2,5,8,1,0,0,1,0,0,0,1,0
21,4237.8,51539.6,2,12,32.2,11.8,2,0,18.34,2,6,4,0,3,9,0,0,0,0,0,0,0,1,0
67,5332.46,64285.91,0,2,49.58,7.0,1,1,50.9,1,7,2,0,8,18,0,0,0,0,1,0,1,0,1
64,2217.42,26608.38,1,4,27.02,10.8,0,0,61.59,3,4,2,3,5,17,1,0,1,0,0,0,0,0,0
18,5172.36,62380.48,2,6,60.8,12.7,1,0,7.64,0,4,1,0,9,9,0,0,0,0,1,0,0,0,0
54,2875.49,34610.89,1,2,5.76,16.2,1,0,96.12,1,5,3,1,1,16,0,0,1,0,0,0,1,0,0
20,3794.15,45439.54,4,13,27.1,7.1,2,0,27.0,3,2,2,2,8,19,0,0,0,1,0,0,0,1,0
53,5304.76,64715.7,5,16,13.62,9.8,0,0,26.01,4,6,3,2,9,14,1,0,0,0,0,0,0,1,0
45,8941.5,109146.61,1,4,16.7,10.5,0,0,127.17,1,4,4,0,8,12,1,0,0,0,0,0,0,0,0
21,2907.5,33893.11,1,9,22.18,10.6,0,0,28.56,5,3,5,0,4,17,0,0,0,0,0,1,0,0,0
62,5917.72,70917.07,1,6,14.11,5.5,0,0,1.64,5,4,1,1,4,10,0,0,0,0,0,0,0,0,0
36,2410.8,29151.36,2,6,9.7,7.2,1,0,259.92,2,4,4,0,7,16,1,0,0,0,0,1,1,0,0
44,3997.31,48386.61,1,6,36.0,17.0,0,1,53.62,3,2,4,0,9,8,1,0,0,0,0,0,0,0,0
19,2337.22,28128.27,4,16,13.7,15.2,1,1,39.62,2,1,3,0,2,20,1,0,0,1,0,0,1,0,0
53,3913.86,46443.84,1,4,33.05,9.4,1,1,7.61,3,5,2,1,9,16,0,0,0,0,0,0,1,0,0
55,3966.1,46800.24,2,9,46.58,13.3,3,0,20.11,2,4,3,0,8,14,0,0,1,0,0,0,0,1,0
60,5889.95,70906.45,2,9,6.47,8.6,1,0,14.96,0,3,2,0,4,13,0,0,0,0,0,0,0,1,0
49,3277.98,39449.56,0,5,1.67,3.7,4,0,30.84,2,7,1,0,5,16,1,0,1,0,0,0,0,1,0
57,8520.93,100370.92,0,1,4.62,20.1,0,0,5.02,4,3,1,1,1,9,0,0,0,1,0,0,0,0,0
43,1931.26,23181.37,7,22,22.44,11.2,0,1,89.91,4,3,6,1,8,15,0,0,0,1,0,0,0,0,1
22,4927.08,59524.38,0,2,9.93,10.8,0,0,4.22,4,4,1,1,8,11,1,0,0,0,0,0,0,1,0
58,3743.93,44945.83,5,19,25.63,12.0,2,0,92.41,2,7,1,0,5,11,0,1,1,0,0,0,0,0,0
52,2151.59,26149.72,1,6,11.25,8.0,1,0,105.11,5,1,5,0,3,18,1,0,0,0,0,0,0,0,0
29,3199.54,38173.29,0,4,16.22,18.8,0,0,131.54,0,2,1,0,2,18,1,0,0,0,0,1,1,0,0
48,5383.96,65247.68,1,8,7.75,4.2,3,0,6.95,2,8,1,0,9,12,1,0,1,0,0,0,0,0,0
41,5233.33,61120.47,0,0,4.74,18.0,1,0,78.87,2,3,0,0,6,9,1,0,1,0,0,0,0,1,0
61,3645.08,43718.56,2,6,15.58,6.1,0,0,62.49,4,3,3,0,10,8,1,0,0,0,0,1,0,0,0
18,9852.13,117497.1,3,10,9.14,14.6,0,1,35.79,1,2,4,0,4,13,0,0,0,0,0,0,0,0,0
27,3481.13,42107.53,1,6,11.74,1.2,0,0,95.78,4,7,1,1,8,8,1,0,0,0,0,0,0,0,0
43,4826.51,56341.13,1,4,33.49,1.7,2,0,7.97,0,3,5,0,10,18,0,0,0,0,0,1,0,1,0
31,4691.35,56526.27,4,14,20.22,13.8,1,0,40.94,4,4,4,1,4,18,1,0,0,0,0,0,0,1,0
40,4716.18,56457.99,4,12,74.64,8.6,0,0,96.98,3,8,2,0,10,11,1,0,0,1,0,0,0,0,0
38,3416.14,41083.47,1,5,12.84,17.9,0,1,29.75,2,1,3,0,10,11,1,0,0,0,1,0,0,0,0
22,3559.15,42099.15,4,14,18.56,11.5,1,0,13.5,1,3,1,1,2,20,0,0,0,0,1,0,0,0,0
51,2575.42,31386.59,3,15,18.05,4.9,0,0,34.35,2,2,9,0,5,14,0,1,0,0,0,0,0,0,1
52,3135.32,36673.92,0,1,42.73,18.7,1,0,2.32,2,7,3,1,8,15,1,0,1,0,0,0,0,1,0
53,1917.9,23375.46,1,6,8.36,9.0,1,0,122.44,1,3,0,0,4,9,1,0,1,0,0,0,0,1,0
34,2553.5,30970.42,4,12,20.06,15.7,2,0,5.22,3,2,1,1,4,14,0,0,0,1,0,0,1,0,0
30,3145.22,38585.2,7,24,28.33,7.6,1,0,42.36,1,7,7,1,9,19,1,0,0,0,1,0,0,1,0
21,4746.35,56964.19,3,9,29.79,17.4,1,1,46.12,2,5,2,1,5,18,1,0,0,0,0,1,1,0,0
38,3458.16,42659.52,3,12,15.97,7.6,1,0,39.65,1,3,8,1,9,13,0,0,0,0,0,1,0,1,0
33,4581.8,55866.37,2,8,17.09,8.8,0,0,34.53,0,3,4,0,10,20,1,0,0,0,1,0,0,0,0
20,1942.75,23531.1,3,11,46.3,21.1,0,1,16.62,1,2,3,2,1,8,0,0,0,0,0,1,0,0,0
42,5468.99,64832.89,7,25,19.09,6.9,0,1,52.74,3,4,4,1,5,17,1,0,0,0,1,0,1,0,0
70,2815.51,33665.1,1,7,12.27,6.8,0,1,4.35,3,4,3,0,6,19,0,0,1,0,0,0,0,0,0
74,2237.92,26754.63,4,14,36.04,2.7,0,0,14.35,1,4,3,0,2,10,1,0,0,0,0,0,1,0,0
52,2158.13,26385.44,5,16,37.0,11.1,3,0,77.25,2,4,2,0,3,15,1,0,0,0,0,0,1,0,0
26,3047.82,36278.28,3,11,36.9,13.7,3,1,14.74,2,5,1,2,7,20,0,0,1,0,0,0,1,0,0
47,5997.81,73483.07,3,10,17.14,22.9,1,0,211.91,2,5,5,1,3,20,0,0,0,0,0,1,0,0,0
26,5505.47,66334.32,1,6,25.82,8.1,1,1,4.78,6,6,4,0,6,16,1,0,0,0,0,0,1,0,0
75,3358.1,40345.41,4,17,18.35,13.3,1,0,44.88,3,3,7,1,1,11,1,0,0,0,0,0,0,0,0
60,3637.53,44594.61,5,16,14.58,16.4,0,1,15.77,1,3,2,0,7,11,1,0,0,0,0,0,1,0,1
43,2757.01,33274.13,5,17,28.98,1.2,1,0,4.25,0,0,1,1,9,15,1,0,0,0,0,1,1,0,0
48,1947.63,22777.63,1,3,5.54,16.8,0,0,10.14,2,5,1,0,4,17,1,0,0,0,1,0,0,0,0
74,2854.37,33616.55,0,0,18.6,3.6,0,0,15.02,4,2,1,0,4,8,1,0,0,0,1,0,0,0,0
43,2584.29,31614.67,2,9,32.22,13.8,2,0,90.48,1,3,1,1,3,19,0,0,1,0,0,0,0,0,0
33,10020.7,120700.43,0,3,1.27,11.5,3,0,25.45,2,3,2,1,10,10,1,0,1,0,0,0,1,0,0
34,4702.0,57340.6,5,14,17.49,4.2,2,0,98.17,4,2,4,0,8,16,1,0,0,0,0,0,0,0,0
69,2237.11,26430.14,2,8,18.68,16.8,0,0,0.45,3,6,2,1,6,13,1,0,1,0,0,0,0,0,0
63,7132.7,85665.89,2,8,21.13,28.4,2,1,127.43,2,3,5,0,4,19,0,0,0,0,0,0,1,0,0
56,2507.22,30502.72,4,12,34.6,12.1,0,1,13.48,1,2,4,0,5,16,1,0,0,0,0,0,1,0,1
66,2854.06,33780.48,5,15,15.11,8.3,0,0,182.66,1,3,2,1,1,19,1,0,0,0,0,1,1,0,0
50,5570.19,66703.27,3,11,25.3,19.5,1,0,153.31,3,1,0,2,4,10,1,0,0,0,0,0,0,0,0
66,3371.48,40004.67,1,6,13.31,2.0,2,0,9.54,1,3,2,0,3,16,1,0,0,0,0,0,0,1,0
51,2419.65,28610.03,4,14,9.85,13.0,0,0,47.86,5,4,6,0,2,8,1,0,0,0,1,0,1,0,0
68,1982.18,23824.73,2,8,32.55,28.9,1,1,101.85,0,2,2,1,7,19,1,0,0,0,0,0,0,1,1
30,5679.28,67583.18,3,10,23.46,10.7,1,0,0.89,5,2,0,1,9,15,1,0,0,1,0,0,0,0,0
67,3208.09,37933.76,0,4,34.63,6.1,3,0,108.26,3,2,2,0,10,17,1,0,0,1,0,0,0,0,0
52,4571.25,55398.75,3,11,43.24,10.9,0,0,1.53,4,1,1,0,9,11,0,1,0,0,0,1,1,0,0
69,2512.11,29993.87,2,8,24.63,10.5,4,1,37.15,2,5,1,0,2,13,1,0,0,0,0,1,1,0,0
37,3474.72,41807.78,5,19,14.41,33.2,0,0,77.1,1,9,3,0,2,10,1,0,0,1,0,0,0,0,0
65,2562.97,31055.93,5,18,15.28,14.4,0,0,6.46,2,3,4,2,5,18,0,0,0,0,0,1,0,0,0
56,4689.82,54670.69,1,6,29.89,5.0,1,0,63.02,4,5,5,0,9,17,0,0,1,0,0,0,1,0,1
48,2840.16,34065.17,4,12,21.21,7.3,1,1,41.69,7,3,4,2,1,16,1,0,0,0,0,0,0,1,0
31,5003.35,59802.92,3,11,30.27,4.6,1,0,27.42,1,3,5,1,5,19,1,0,0,0,0,0,1,0,1
40,3001.91,35403.61,2,10,7.76,5.3,0,0,22.76,2,4,3,0,9,17,1,0,0,0,1,0,1,0,0
51,4258.57,49707.04,6,19,12.72,11.5,2,0,10.34,4,2,0,1,9,18,1,0,1,0,0,0,1,0,0
60,3400.65,40847.89,6,19,25.03,11.0,0,1,36.3,3,3,3,0,3,13,1,0,1,0,0,0,1,0,1
38,5795.65,68421.73,3,12,16.4,6.7,1,0,0.33,1,3,3,1,2,15,1,0,1,0,0,0,1,0,1
23,2789.93,33340.56,3,10,15.23,0.6,1,0,34.71,3,2,2,0,4,16,0,0,0,0,0,0,0,0,0
31,2383.47,28152.86,8,26,20.18,12.2,0,1,7.8,3,3,1,1,7,11,1,0,0,0,0,0,1,0,1
25,3432.56,40241.98,1,4,8.68,6.9,2,0,2.47,3,5,2,0,9,19,1,0,0,0,0,1,0,0,0
33,1992.0,22976.51,6,20,23.46,12.3,0,0,36.15,1,4,3,1,5,18,1,0,0,0,0,1,0,0,0
30,3660.79,43655.57,2,7,5.43,2.6,1,0,44.63,5,3,2,0,10,14,1,0,1,0,0,0,0,0,0
32,4420.4,52509.82,3,12,16.07,19.9,0,0,154.39,1,3,4,2,6,17,1,0,0,0,0,0,0,1,0
52,5708.57,68581.33,4,13,12.58,19.6,0,0,35.99,4,3,1,0,9,19,0,0,1,0,0,0,0,0,0
73,2667.16,31823.75,2,7,19.92,6.3,1,0,76.47,3,3,3,0,2,8,0,0,1,0,0,0,0,0,0
71,4475.63,53657.07,3,12,8.04,9.1,1,0,7.21,2,4,7,0,10,17,0,1,0,0,1,0,1,0,0
46,4212.03,50669.19,6,20,42.37,5.0,0,1,46.38,2,5,3,0,7,14,0,0,0,0,0,0,0,0,1
70,3641.31,43492.17,6,18,35.9,5.0,2,0,38.83,1,5,2,1,9,12,0,0,1,0,0,0,0,1,0
74,3193.73,38314.89,3,10,13.09,3.1,0,0,4.35,3,7,3,0,7,12,1,0,0,1,0,0,1,0,0
50,4392.03,53739.6,5,16,78.44,5.2,3,0,75.84,1,9,3,5,2,14,0,1,0,1,0,0,1,0,0
20,2007.88,24018.97,3,10,12.01,8.5,2,0,22.66,2,6,4,1,8,10,1,0,1,0,0,0,1,0,0
39,6283.78,75770.09,5,19,24.03,11.1,0,0,8.94,3,6,4,2,5,20,1,0,0,0,1,0,0,0,0
65,5721.12,69711.94,1,7,31.06,16.3,4,0,23.35,2,6,3,1,3,18,1,0,0,0,1,0,1,0,0
47,10465.63,124321.01,6,20,13.6,7.4,0,0,83.45,4,8,2,1,7,18,1,0,0,0,1,0,1,0,0
69,3260.69,38859.87,0,4,30.51,8.2,1,0,20.81,2,2,3,0,9,8,0,0,1,0,0,0,0,0,1
73,3934.75,47024.58,0,3,23.46,11.3,0,0,162.42,2,1,1,2,4,18,1,0,0,0,0,1,1,0,0
41,2147.57,26357.54,4,12,38.92,21.9,1,1,43.09,3,4,3,0,6,10,0,0,0,0,1,0,0,0,1
47,6062.24,74002.53,3,10,8.41,10.1,1,0,37.17,2,5,3,1,2,17,1,0,0,0,0,0,0,1,0
21,3709.2,45350.13,1,4,9.74,22.6,0,0,95.04,4,1,5,1,7,8,1,0,0,0,0,1,0,1,0
71,6084.59,72520.74,2,9,7.93,6.1,2,0,89.19,1,4,5,1,7,16,1,0,0,0,0,0,0,1,0
52,2568.47,31011.23,4,14,26.7,21.4,1,0,51.15,2,2,5,2,2,9,1,0,0,0,1,0,1,0,0
25,2622.57,32093.1,8,26,32.34,10.8,0,1,17.13,1,1,3,2,9,13,1,0,0,1,0,0,0,0,0
62,3511.62,42600.4,3,14,41.82,15.9,0,0,3.64,0,3,4,1,4,10,0,0,1,0,0,0,0,0,0
49,5637.93,69330.32,2,8,9.28,15.5,0,0,20.47,4,3,4,0,2,16,0,0,1,0,0,0,1,0,0
45,3034.56,35842.28,4,16,8.51,16.7,3,0,6.78,4,0,3,1,7,19,0,0,0,0,1,0,1,0,0
35,4040.61,48075.38,4,13,34.38,13.4,0,0,36.7,0,3,4,0,2,14,0,1,0,0,1,0,0,0,1
56,4152.78,49315.52,2,9,23.54,23.6,1,1,27.25,5,1,2,2,2,16,1,0,1,0,0,0,0,0,0
25,6286.36,74591.05,5,19,37.23,27.4,1,0,9.76,1,3,1,0,1,17,1,0,0,0,0,1,1,0,0
71,4336.05,51957.25,1,3,37.88,14.4,0,0,95.71,4,6,2,0,1,9,1,0,0,0,0,0,1,0,0
72,3458.53,41213.74,0,2,3.95,3.6,1,0,1.74,2,5,4,1,6,18,0,0,1,0,0,0,0,0,0
55,2315.6,27595.74,8,25,23.71,16.2,0,0,77.39,3,4,4,1,7,10,1,0,0,0,0,0,0,0,1
68,1397.22,15858.08,3,10,11.54,13.6,0,0,13.79,2,4,1,0,2,20,1,0,1,0,0,0,1,0,0
69,2708.57,32754.6,1,3,55.32,18.3,0,1,170.47,1,4,1,2,5,12,0,0,0,1,0,0,0,0,0
42,4204.87,49938.16,2,12,5.22,11.4,1,0,41.59,3,5,3,2,6,18,1,0,0,0,0,0,1,0,0
75,5093.6,59825.4,1,7,13.73,4.8,2,0,52.23,0,4,3,1,5,11,1,0,1,0,0,0,0,1,0
23,5815.47,69187.5,0,1,22.95,7.2,0,1,8.51,2,5,2,2,7,12,1,0,0,0,0,0,1,0,0
57,4408.35,53248.73,4,14,27.04,9.4,1,1,99.19,2,4,0,0,4,15,0,0,0,0,1,0,1,0,0
33,2735.31,33311.27,0,2,6.75,6.0,0,0,0.41,6,2,2,1,3,14,0,0,1,0,0,0,1,0,0
33,5552.96,66446.78,1,3,11.04,29.0,0,0,28.61,3,7,3,1,2,16,1,0,0,0,1,0,0,0,0
27,3383.16,41521.74,6,21,31.47,13.9,0,0,14.78,0,2,0,0,7,18,1,0,0,0,0,0,0,0,0
52,2864.46,34949.42,6,23,41.35,18.5,2,1,52.49,2,3,2,2,10,14,0,0,0,0,1,0,0,1,0
47,4022.35,49083.44,1,4,53.5,11.8,1,1,3.81,4,5,7,2,8,19,1,0,0,1,0,0,0,1,0
23,5815.47,71208.7,4,16,20.53,12.6,1,1,56.95,4,2,2,1,4,19,0,0,0,0,0,0,0,1,0
34,4039.63,49159.34,1,5,37.02,11.1,0,0,19.4,2,5,6,0,1,9,0,0,0,0,0,1,0,0,0
67,2204.76,26010.8,6,21,47.01,12.7,0,0,1.99,2,5,2,1,4,19,0,0,0,0,1,0,1,0,1
63,3447.92,41093.53,6,20,13.61,14.6,0,0,73.82,4,5,2,0,4,19,1,0,0,0,0,0,0,0,1
32,2674.16,32474.56,0,1,39.7,11.7,3,0,11.26,2,2,3,1,8,20,1,0,0,0,0,0,0,1,0
66,4379.2,51922.87,1,4,4.14,1.2,2,0,52.75,2,7,3,0,4,15,0,1,0,1,0,0,0,0,0
49,4444.75,53027.62,3,11,15.68,4.2,0,1,26.24,2,6,2,0,5,12,0,0,1,0,0,0,0,0,1
34,2037.19,24574.34,4,16,16.27,15.8,2,0,27.39,3,4,2,1,9,19,0,0,1,0,0,0,0,0,0
67,2240.09,26079.59,5,18,28.48,17.1,1,0,63.9,1,3,1,0,6,17,1,0,0,0,1,0,0,0,0
53,3025.15,36384.24,3,9,16.02,11.9,2,0,39.73,3,4,3,2,4,8,0,0,0,0,0,0,0,1,0
19,5981.92,73435.4,0,1,10.2,8.0,0,0,68.89,1,2,3,0,4,14,1,0,0,1,0,0,0,1,0
39,1346.08,16144.45,0,0,28.64,19.2,3,1,79.08,1,2,4,1,2,15,1,0,0,0,1,0,1,0,0
66,3149.26,37500.33,0,2,24.29,6.9,1,0,4.11,2,1,3,3,8,17,1,0,0,1,0,0,0,0,0
67,4334.94,51416.46,5,14,23.92,1.9,0,0,2.22,3,2,3,0,3,10,1,0,1,0,0,0,0,0,1
32,5456.15,65799.73,5,17,32.25,3.2,0,0,311.24,1,4,3,0,8,11,1,0,0,0,0,1,0,0,0
28,4898.44,57793.57,1,5,3.78,11.1,1,0,31.24,1,7,5,1,9,8,0,0,0,0,1,0,1,0,0
67,3307.81,38738.92,6,20,23.86,19.4,0,0,20.73,1,3,3,0,9,12,0,0,0,0,0,0,1,0,0
44,3188.17,37921.91,4,13,19.98,12.6,0,0,6.79,2,4,5,0,3,14,1,0,0,1,0,0,1,0,0
18,5029.79,59595.16,0,0,8.43,15.7,3,0,0.33,2,4,1,2,4,12,1,0,0,0,1,0,0,0,0
67,7856.32,93824.87,4,13,43.39,21.2,0,1,85.64,0,4,4,1,10,13,0,0,0,0,0,0,0,1,0
72,3103.2,37761.92,3,11,71.11,30.5,1,1,10.49,2,2,2,2,3,14,1,0,1,0,0,0,1,0,0
18,2651.76,31699.84,4,11,25.56,1.9,2,0,27.38,1,10,4,0,1,9,1,0,0,0,1,0,0,0,0
20,2427.37,28871.45,5,17,26.79,10.5,2,1,46.6,3,8,4,1,3,20,1,0,0,0,0,0,0,0,0
45,3740.4,45282.91,1,6,62.66,6.9,0,0,128.48,2,3,1,1,5,8,1,0,0,1,0,0,1,0,0
49,2732.7,31969.43,1,6,4.61,12.8,1,0,29.97,2,5,2,0,5,16,1,0,0,0,1,0,0,1,0
64,2333.19,28326.41,0,2,12.54,9.7,1,0,38.67,0,4,1,1,6,17,0,1,1,0,0,0,1,0,0
26,3781.2,45411.71,5,16,82.57,5.0,0,1,65.8,4,5,2,1,4,13,1,0,0,1,0,0,0,1,0
68,2350.15,28904.1,1,7,11.44,19.2,2,0,32.29,0,2,5,2,4,15,1,0,1,0,0,0,1,0,0
18,1581.76,19038.66,3,8,14.84,18.2,0,0,71.47,4,5,5,0,9,16,0,0,0,0,1,0,0,1,0
69,2563.31,30866.57,1,7,14.55,13.6,1,1,25.51,3,7,4,0,4,11,1,0,0,0,0,0,0,1,0
49,3431.7,41239.88,0,2,7.15,3.0,4,0,55.14,0,5,0,0,6,19,1,0,0,1,0,0,0,0,0
40,1895.78,22577.24,3,11,9.9,21.9,0,1,9.9,1,2,0,1,2,19,0,0,0,0,0,1,1,0,1
33,1992.0,23475.85,3,8,17.24,4.3,0,0,41.04,3,5,2,0,6,15,0,0,0,0,0,1,0,0,0
30,4021.52,50281.34,3,12,22.73,9.7,1,0,4.74,4,3,5,1,1,14,0,0,0,0,0,1,0,0,0
47,5135.48,62200.37,2,7,15.11,8.7,0,1,215.56,2,6,8,1,4,19,1,0,0,0,0,1,0,0,1
24,4325.92,51480.85,3,10,35.16,6.6,1,0,35.44,1,5,2,1,10,13,0,1,0,0,1,0,1,0,0
67,3061.37,37060.16,4,13,14.47,21.1,0,1,60.16,2,7,2,1,9,9,1,0,0,1,0,0,0,1,0
37,3247.11,38781.14,9,28,21.76,15.5,1,1,27.43,2,2,3,0,6,17,0,0,0,0,1,0,0,0,0
53,2669.56,31435.96,1,5,6.94,17.9,0,0,100.54,1,6,4,1,10,14,1,0,0,0,1,0,1,0,0
20,3794.15,45982.03,3,11,76.97,8.1,3,0,24.89,4,4,2,0,3,15,0,0,0,1,0,0,1,0,0
67,4334.94,51576.33,4,15,15.2,6.3,0,0,85.99,3,1,3,2,1,18,1,0,1,0,0,0,0,0,0
25,4413.3,52320.99,7,22,57.62,10.1,1,1,96.75,0,7,4,0,5,11,0,0,1,0,0,0,0,0,0
34,2304.05,28288.4,3,11,16.48,20.0,5,1,53.51,3,3,3,1,5,14,0,0,0,0,0,1,0,1,0
46,2385.55,28853.27,3,11,26.13,13.8,1,0,46.75,2,6,4,0,10,12,0,0,0,0,0,0,0,1,0
58,6848.82,80989.77,8,26,53.2,9.5,0,1,18.79,3,2,4,2,4,17,0,0,1,0,0,0,1,0,1
68,5374.32,65416.44,0,0,6.19,12.5,0,0,132.27,3,3,0,0,5,14,0,0,0,0,1,0,0,0,0
25,5301.22,63060.19,2,8,6.01,14.3,1,0,28.31,1,5,3,2,1,9,1,0,1,0,0,0,0,1,0
56,3131.11,37379.92,4,15,19.7,8.4,2,1,37.78,2,3,4,1,8,14,0,0,1,0,0,0,1,0,0
52,1572.1,18727.23,2,7,23.51,2.2,0,0,197.98,5,4,1,0,4,8,1,0,0,1,0,0,1,0,0
50,4392.03,53961.58,1,4,6.73,15.6,0,0,40.58,3,5,0,0,6,17,1,0,0,1,0,0,1,0,0
74,2854.37,33261.41,2,8,13.06,6.1,0,0,64.65,2,6,1,0,4,10,0,1,0,0,1,0,0,1,0
58,2718.21,33040.48,3,12,28.12,4.4,0,0,10.74,0,2,4,1,8,17,0,0,0,1,0,0,1,0,0
30,5679.28,66316.67,1,4,15.54,11.2,1,0,129.28,1,2,2,2,3,18,1,0,0,1,0,0,1,0,0
18,1785.3,21777.38,5,15,27.05,23.4,0,0,104.4,3,5,1,1,7,19,1,0,0,0,0,1,1,0,0
64,2737.36,32932.43,3,11,41.78,8.2,1,0,27.4,1,4,1,1,1,12,1,0,1,0,0,0,0,1,1
37,2026.65,24129.68,5,18,46.62,4.0,2,0,201.21,4,4,1,0,1,20,0,0,0,1,0,0,0,0,0
46,2553.18,31045.14,6,20,22.93,28.2,2,1,37.07,2,5,5,1,10,12,1,0,0,0,1,0,0,0,0
45,2925.31,35311.42,3,12,47.37,6.7,2,0,6.42,3,9,4,0,9,15,1,0,0,0,1,0,1,0,0
67,2912.79,34671.11,3,10,9.36,19.6,0,1,128.88,4,2,2,2,2,11,1,0,1,0,0,0,1,0,0
72,1267.2,15445.51,0,2,6.71,8.2,2,0,1.35,0,0,3,1,10,19,1,0,0,0,0,0,0,0,0
36,4734.47,57259.19,0,3,20.97,14.1,0,0,8.01,0,4,2,1,10,16,1,0,0,0,0,1,1,0,0
50,1882.61,22829.41,1,4,2.77,7.4,0,0,7.46,0,5,2,0,2,10,1,0,0,0,0,0,1,0,1
30,2700.96,32496.47,7,25,18.76,4.0,0,1,17.46,3,4,4,0,9,20,1,0,0,1,0,0,0,0,0
52,3135.32,37408.85,1,4,10.5,19.4,0,0,33.31,5,3,5,0,7,8,1,0,1,0,0,0,0,0,0
41,1757.58,20707.6,4,15,13.74,5.5,0,0,5.76,5,10,5,1,5,14,0,0,0,0,0,1,0,0,0
22,1843.55,22535.8,3,10,17.68,21.2,3,0,102.12,2,7,4,0,3,16,1,0,0,0,0,1,0,1,0
72,11430.01,134657.88,7,27,41.7,7.4,1,0,5.07,2,1,4,0,4,17,0,0,0,0,1,0,0,1,0
22,3375.04,39487.59,3,13,18.43,1.1,0,0,23.12,4,6,5,0,8,19,1,0,0,1,0,0,0,0,0
29,3862.14,46591.87,3,12,31.05,7.4,0,0,77.21,1,5,1,1,8,16,0,0,0,1,0,0,1,0,0
39,2734.36,33074.98,4,14,24.5,28.0,0,0,132.15,3,3,2,1,10,12,0,0,1,0,0,0,0,0,0
73,3748.77,45249.47,4,13,39.58,16.4,0,1,147.62,3,4,2,1,4,20,0,0,1,0,0,0,1,0,0
68,2852.23,34034.99,1,5,2.36,2.2,0,0,2.44,6,4,3,3,7,11,0,0,0,0,1,0,0,0,0
43,4826.51,57101.12,3,13,31.74,19.0,1,0,69.93,1,2,6,1,8,12,1,0,0,0,0,1,1,0,1
60,4323.43,51785.39,8,26,20.93,16.2,0,1,189.04,5,3,3,0,10,13,1,0,0,0,0,1,0,1,1
55,6005.26,72564.11,2,7,14.45,12.3,0,0,50.23,2,2,3,1,9,19,0,0,1,0,0,0,1,0,0
46,2692.66,32423.38,1,4,11.68,9.1,3,0,1.97,0,4,3,1,5,19,1,0,0,0,0,0,0,0,0
39,2258.13,27110.67,4,13,16.48,5.9,0,0,221.55,4,1,4,0,2,9,0,1,1,0,0,0,0,0,0
44,9486.99,117248.59,1,6,4.98,3.7,1,0,77.1,3,4,4,1,9,18,0,0,0,0,0,0,1,0,0
38,2012.69,23987.25,5,16,47.2,8.3,0,0,59.31,4,4,0,0,7,9,1,0,0,1,0,0,1,0,1
50,5570.19,66682.7,2,9,11.65,12.6,0,0,37.73,2,5,7,0,5,16,0,0,0,0,0,0,0,1,0
69,5407.17,63169.2,0,2,1.43,12.8,3,0,3.13,2,2,2,0,8,8,1,0,0,1,0,0,1,0,0
18,4071.81,49255.73,2,7,24.57,18.8,2,0,148.88,1,2,2,0,9,16,1,0,1,0,0,0,1,0,0
58,2727.87,33834.49,2,6,35.95,9.8,0,1,12.11,2,4,3,1,3,19,1,0,0,0,0,1,0,0,0
49,5249.25,62820.36,2,8,20.34,3.7,1,0,140.78,2,6,6,1,2,11,0,0,1,0,0,0,0,0,1
68,5708.51,69388.21,1,4,40.77,5.2,1,0,2.21,2,4,4,0,7,13,1,0,1,0,0,0,1,0,0
43,3964.49,47032.7,4,12,29.87,28.3,1,1,0.39,2,3,1,0,5,12,1,0,1,0,0,0,1,0,0
43,2757.01,33534.74,3,12,13.05,5.4,2,0,23.25,1,3,4,2,7,15,1,0,0,0,0,1,1,0,0
75,2521.3,30240.83,2,10,26.6,22.2,0,0,127.33,2,3,4,0,4,12,1,0,0,1,0,0,1,0,0
19,6623.38,79635.22,0,1,70.61,4.0,1,0,17.35,1,5,1,0,7,14,1,0,0,0,0,1,0,1,0
67,7338.13,89037.93,3,10,16.22,8.2,1,0,3.91,1,2,2,0,2,11,1,0,0,1,0,0,1,0,0
42,1918.11,22567.04,0,0,37.9,3.1,1,0,13.68,1,4,2,0,5,19,0,0,0,0,0,0,1,0,0
53,3105.87,37766.84,2,9,77.47,11.9,2,0,23.45,1,5,3,1,10,10,1,0,0,0,0,0,1,0,0
37,3313.72,40205.87,0,5,16.69,21.1,0,0,73.55,2,2,3,0,1,9,1,0,1,0,0,0,1,0,0
58,4758.46,57699.42,0,2,11.79,4.4,0,0,113.91,5,5,3,1,1,14,1,0,1,0,0,0,0,0,0
70,3123.37,37915.56,1,7,4.56,12.1,1,0,22.28,4,4,1,1,5,13,1,0,0,0,1,0,1,0,0
43,4494.2,54016.66,2,7,15.16,12.4,2,0,7.98,4,3,5,2,10,20,0,0,0,0,0,0,1,0,0
68,3947.89,48362.69,2,9,6.42,8.2,1,0,166.81,2,0,4,1,6,8,1,0,0,0,0,1,0,1,0
43,2220.97,26837.07,3,9,33.0,11.2,1,1,3.09,5,4,2,0,1,8,1,0,0,0,0,1,1,0,0
53,2640.23,31502.09,5,17,42.96,9.8,0,0,38.88,3,10,2,1,6,18,1,0,0,0,0,0,0,0,1
44,1756.37,21310.0,1,4,28.57,3.8,0,0,40.77,2,3,6,0,9,17,0,0,0,1,0,0,0,0,0
63,2390.93,28378.25,2,6,18.44,5.0,3,0,44.89,2,3,2,0,6,17,0,0,1,0,0,0,0,1,0
66,4161.79,50791.33,4,11,50.98,9.4,2,0,55.75,2,4,3,0,7,8,1,0,0,0,0,1,1,0,0
56,2127.72,25310.56,4,13,28.45,13.8,1,1,66.72,1,4,2,1,1,13,0,0,0,0,0,1,1,0,1
53,1275.55,15408.19,3,11,21.03,21.1,2,0,18.73,2,3,4,0,1,19,1,0,0,0,0,1,1,0,0
60,6755.31,80231.85,2,13,25.5,13.4,0,0,43.63,3,4,2,1,6,18,1,0,0,0,0,0,0,0,0
34,4702.0,56806.5,2,10,4.54,6.4,2,0,0.07,1,6,3,0,3,15,1,0,0,0,0,0,1,0,0
44,6630.95,79137.03,4,14,30.37,7.1,1,0,15.27,6,4,5,0,1,13,1,0,0,0,0,1,0,1,1
60,2720.64,33238.33,0,0,17.68,7.7,0,0,23.27,2,4,2,1,6,17,1,0,0,0,0,0,0,1,1
59,4745.93,56874.56,3,10,14.52,5.0,3,0,20.51,2,2,5,1,8,15,0,0,0,1,0,0,0,0,0
44,3121.14,37697.19,5,16,15.77,21.4,2,1,47.88,1,7,5,1,5,8,1,0,1,0,0,0,1,0,0
50,1574.5,18801.41,1,4,5.33,7.9,2,1,39.44,2,7,1,0,6,16,0,1,0,1,0,0,0,1,0
40,3526.93,42112.99,6,19,59.08,4.9,0,0,26.84,1,6,1,1,5,11,1,0,0,0,0,0,1,0,1
73,3205.8,39104.87,2,7,62.22,13.0,1,0,13.53,2,2,2,1,6,9,0,0,0,0,0,1,0,1,0
39,4080.45,49543.09,1,3,2.43,7.5,2,0,8.89,0,5,4,1,7,19,1,0,0,0,0,1,0,1,0
67,3390.65,41525.41,0,2,14.27,5.4,1,0,28.82,2,4,1,0,7,11,1,0,1,0,0,0,0,0,0
62,5281.8,62813.71,5,16,14.4,18.8,2,0,4.84,3,5,2,2,10,15,1,0,0,0,0,1,1,0,0
69,3925.55,47317.0,0,1,16.57,13.2,1,0,19.27,1,3,5,1,4,11,1,0,1,0,0,0,1,0,0
19,6321.46,74436.79,1,6,10.57,8.0,3,0,29.18,3,3,1,0,4,19,1,0,1,0,0,0,1,0,0
45,2334.29,27720.2,1,9,6.62,17.1,0,1,14.06,3,7,3,1,1,11,1,0,0,0,0,1,1,0,0
46,4831.28,57062.19,5,15,46.52,17.9,2,0,29.32,2,4,3,1,2,19,1,0,0,0,0,0,0,0,1
62,3147.76,37127.76,7,22,24.11,22.3,1,1,77.42,3,3,2,1,5,13,1,0,0,0,1,0,1,0,0
44,2426.01,29089.26,8,26,36.85,16.7,0,0,42.2,4,4,5,0,3,19,1,0,1,0,0,0,0,0,1
32,3389.72,40851.11,3,11,44.89,17.6,2,0,51.73,0,7,4,0,9,9,0,0,0,0,0,0,1,0,0
73,3934.75,47595.45,1,3,13.13,14.7,1,0,138.24,2,7,1,0,8,18,1,0,0,0,0,1,1,0,0
18,4933.23,58356.41,0,1,58.31,20.6,1,0,5.06,3,5,2,2,1,20,0,0,0,0,0,0,0,1,0
43,4224.28,50976.76,4,14,8.24,11.7,0,0,87.25,1,4,1,0,9,14,1,0,0,0,1,0,0,0,0
74,3138.85,37743.51,3,10,16.89,9.9,1,0,128.79,2,9,3,1,5,17,1,0,0,1,0,0,1,0,0
20,2266.38,27324.48,6,20,33.8,2.7,0,0,66.74,0,5,10,1,5,19,1,0,0,1,0,0,0,1,0
35,5602.71,67400.28,0,4,4.53,3.1,3,0,8.68,3,5,2,1,5,18,1,0,0,0,0,0,0,1,0
50,3282.96,38827.83,3,13,9.18,10.4,2,0,33.2,1,3,1,0,2,19,0,0,0,0,1,0,0,0,0
46,2809.24,33841.62,2,8,60.13,18.8,1,1,20.09,2,3,6,0,2,11,0,0,0,0,0,1,1,0,1
45,2845.71,34590.45,0,4,14.34,5.3,0,0,86.83,3,3,3,1,3,13,1,0,0,0,1,0,0,0,1
27,3273.63,38827.42,2,10,8.56,3.1,2,0,29.92,2,6,4,0,2,10,1,0,0,0,1,0,0,0,0
63,3399.84,41813.99,1,7,18.45,22.7,2,1,26.74,0,1,2,0,2,19,0,0,1,0,0,0,1,0,1
25,2650.46,31786.57,5,17,15.82,23.7,1,1,103.26,0,5,4,1,8,16,1,0,0,0,0,1,0,1,0
52,4749.86,57269.97,0,0,26.05,6.8,1,0,29.05,1,2,2,0,5,15,1,0,0,0,1,0,1,0,0
38,3210.67,38706.42,1,4,13.22,1.4,1,0,20.92,2,1,2,0,9,10,1,0,1,0,0,0,0,0,0
75,5093.6,59417.77,4,16,41.38,5.6,1,0,13.5,4,4,3,0,5,20,1,0,1,0,0,0,1,0,0
62,5281.8,63313.0,2,7,10.14,12.8,1,0,102.78,0,8,5,0,3,17,1,0,0,0,0,1,0,0,0
61,3797.93,45859.23,2,9,63.05,8.0,1,0,271.6,1,5,4,1,1,13,1,0,0,0,0,0,0,0,1
46,2441.42,29730.64,6,19,25.48,13.1,2,1,24.98,2,3,4,0,7,10,0,0,0,0,1,0,0,0,0
60,7594.72,91002.53,6,18,19.13,22.7,0,1,7.56,1,1,3,1,8,19,1,0,0,0,0,0,0,0,0
29,3862.14,45563.0,0,6,10.27,9.2,0,0,13.76,0,2,3,0,8,12,1,0,0,1,0,0,0,0,0
53,4288.37,51552.81,0,1,1.0,22.4,1,0,3.11,3,4,5,1,2,17,1,0,0,0,0,1,0,1,0
45,1561.55,18447.45,8,27,47.44,5.0,1,1,97.77,3,3,5,1,3,16,1,0,0,1,0,0,1,0,1
18,2156.45,26043.87,2,11,41.94,13.6,0,0,37.96,1,3,4,1,5,13,1,0,0,1,0,0,0,0,0
46,1920.86,23311.61,1,2,7.37,3.0,0,0,162.61,1,5,6,1,4,9,0,0,0,0,0,1,0,0,0
40,2256.44,26939.17,2,6,20.2,14.0,0,0,1.91,2,3,4,1,10,18,1,0,0,0,0,0,0,0,0
33,3894.39,47017.81,7,21,33.54,17.1,1,0,10.71,1,2,4,1,4,10,1,0,0,1,0,0,0,1,0
73,2667.16,32645.32,1,4,16.68,3.8,0,0,6.92,4,9,1,0,5,9,1,0,1,0,0,0,0,0,0
63,1906.17,23328.88,5,18,31.96,3.5,0,0,60.89,4,2,2,1,7,12,1,0,0,1,0,0,0,0,0
68,1647.98,19780.66,4,13,13.46,9.1,1,1,56.76,1,5,2,0,5,20,0,1,0,1,0,0,0,1,0
23,1670.14,19847.03,2,11,7.12,11.5,1,0,17.9,4,2,6,1,7,12,1,0,0,0,1,0,0,1,0
56,3720.47,44709.23,5,16,48.61,18.1,0,0,214.38,3,3,4,0,3,16,1,0,0,0,0,0,0,0,0
39,3007.32,36169.39,4,13,23.72,14.6,0,0,150.42,0,4,1,1,2,10,1,0,1,0,0,0,0,1,0
33,6241.47,74318.46,5,16,11.39,4.2,4,0,9.09,2,1,4,0,2,9,0,1,0,0,0,0,1,0,0
19,1883.06,22506.21,4,11,25.75,0.9,0,0,284.92,4,2,3,0,5,8,1,0,0,0,0,0,0,0,0
23,1260.0,14860.26,3,14,15.13,8.6,0,0,126.89,2,5,4,0,1,16,0,0,0,1,0,0,0,0,0
52,5558.24,65905.64,0,0,6.7,2.5,1,0,29.12,1,2,4,1,9,18,0,0,0,0,1,0,0,0,0
47,1684.7,20460.32,2,6,33.55,9.7,2,0,4.99,1,2,2,1,6,11,1,0,0,0,0,1,1,0,0
70,2172.26,26209.33,3,12,33.8,10.6,0,0,0.86,1,7,4,2,1,13,0,0,0,0,0,0,1,0,0
36,2559.51,30477.27,2,7,7.73,12.4,0,0,164.99,2,4,2,1,4,14,1,0,0,0,1,0,0,1,0
51,2677.3,32211.54,2,6,8.59,7.8,0,0,33.14,1,3,4,1,5,16,1,0,1,0,0,0,1,0,1
46,5959.32,70262.05,5,15,23.32,15.7,5,1,37.61,0,4,3,1,2,19,0,1,0,0,1,0,0,0,0
20,4693.97,57173.25,7,27,22.31,5.9,1,1,80.68,1,4,3,0,7,15,0,0,0,1,0,0,0,0,0
47,1692.46,20333.04,1,5,3.08,7.7,0,0,115.44,1,5,2,1,9,10,0,0,1,0,0,0,1,0,0
23,2789.93,34107.01,2,7,21.25,7.6,0,0,3.38,3,6,3,0,8,13,0,0,0,0,0,0,1,0,0
65,3193.43,37206.27,5,21,35.75,2.8,0,0,155.89,6,3,2,0,2,13,1,0,0,0,1,0,0,0,0
21,2738.3,32921.99,7,26,33.09,11.2,1,1,91.04,2,5,4,0,7,8,0,0,0,0,0,0,0,0,0
33,3894.39,46795.38,4,12,12.92,19.2,1,0,38.73,3,4,4,0,1,20,0,0,0,1,0,0,0,0,0
18,2752.09,32681.21,1,5,5.67,1.8,0,0,26.99,1,4,2,0,10,17,1,0,0,1,0,0,1,0,0
63,2936.26,35690.61,2,9,28.46,10.9,1,0,102.6,2,7,0,1,4,16,1,0,0,0,0,0,0,1,0
24,6804.19,81774.83,4,13,33.76,6.2,0,0,25.96,3,2,1,1,6,12,0,0,0,0,1,0,0,0,0
32,3850.91,46279.87,6,20,29.05,19.7,4,1,80.02,1,6,1,1,3,12,1,0,0,1,0,0,0,0,0
54,2875.49,34699.72,0,5,13.82,19.0,0,0,47.51,3,4,3,1,5,16,1,0,1,0,0,0,1,0,1
19,900.0,10822.85,1,3,9.81,15.4,2,0,27.89,6,6,1,0,3,19,1,0,0,0,1,0,0,1,0
29,7748.36,91289.91,4,13,17.18,23.5,1,0,25.2,3,4,3,0,2,14,0,1,0,0,0,0,1,0,0
47,2467.8,29314.39,0,3,3.19,19.4,0,0,91.03,2,6,2,1,9,8,1,0,0,0,0,0,1,0,0
34,4566.44,54297.33,4,13,11.86,3.6,0,0,23.99,4,1,3,0,1,18,0,1,0,0,0,0,0,1,0
19,5623.05,67780.29,6,19,27.3,26.7,2,1,19.34,1,7,2,0,2,14,1,0,0,1,0,0,1,0,0
30,3994.56,48208.3,0,1,2.07,9.6,0,0,0.59,3,2,5,2,8,8,1,0,0,0,1,0,0,0,0
68,2761.13,32849.45,9,29,24.36,13.0,0,0,49.89,3,4,3,1,4,11,0,0,0,0,0,0,0,1,1
27,2476.63,29901.08,1,6,18.58,1.3,2,0,1.22,1,3,2,0,10,9,0,0,0,0,0,1,0,0,0
24,3266.08,39525.16,3,12,38.33,7.8,1,1,159.06,2,3,6,0,2,15,1,0,1,0,0,0,1,0,0
21,1120.48,13239.48,4,16,48.13,13.6,1,1,29.44,3,4,4,0,4,19,1,0,1,0,0,0,0,0,0
29,4187.26,50195.29,4,16,14.01,5.4,0,0,62.83,2,4,4,1,4,12,1,0,1,0,0,0,0,1,0
72,2303.72,27218.87,2,10,8.16,3.5,0,1,3.33,1,3,4,2,6,18,1,0,0,0,1,0,0,0,0
50,1789.4,20850.04,1,5,5.13,3.6,0,0,17.06,4,4,4,0,2,18,1,0,0,0,0,0,0,0,0
39,1346.08,16836.61,0,2,5.95,12.1,0,1,81.64,3,5,4,0,4,11,1,0,0,0,1,0,1,0,0
41,6188.89,73153.39,12,36,59.34,7.3,2,0,56.68,2,6,1,0,6,18,1,0,0,1,0,0,1,0,0
64,4427.38,51896.19,0,4,59.96,5.2,0,0,17.58,2,4,5,0,4,13,1,0,0,1,0,0,0,0,1
38,6539.24,75515.36,2,8,35.7,3.1,0,0,28.64,2,3,3,2,8,18,1,0,1,0,0,0,1,0,0
25,5301.22,62350.52,1,8,37.75,9.6,1,0,11.35,1,6,1,2,9,13,1,0,1,0,0,0,1,0,0
54,1905.52,22278.33,1,2,36.67,7.2,1,0,63.63,0,6,1,0,6,13,0,0,0,0,0,0,0,1,0
49,6928.4,83423.06,0,0,1.0,4.1,1,0,1.47,2,14,3,0,6,10,1,0,1,0,0,0,1,0,0
33,5968.07,69193.57,1,7,16.85,2.0,2,0,48.55,2,4,4,2,10,11,1,0,0,1,0,0,1,0,0
43,4826.51,59030.38,2,11,4.57,11.4,1,0,27.16,1,2,1,3,8,13,0,0,0,0,0,1,1,0,0
48,3001.52,37143.39,5,17,14.19,11.8,0,0,58.81,4,1,1,0,9,18,0,0,0,0,0,0,0,1,0
67,4054.11,47629.38,1,3,50.68,10.3,1,1,77.71,1,3,4,0,6,14,0,0,0,0,0,1,0,1,0
60,6755.31,83062.22,2,9,54.46,3.0,0,0,20.64,2,7,1,1,2,20,1,0,0,0,0,0,1,0,0
21,3232.77,39007.53,2,7,11.94,8.1,0,0,65.61,3,1,4,0,5,10,1,0,0,0,0,0,1,0,0
45,3822.44,46482.4,2,6,10.19,15.5,1,1,2.16,5,4,4,3,7,14,1,0,0,0,1,0,0,0,0
52,2444.65,29092.09,4,14,22.26,15.2,1,1,21.37,6,5,6,1,6,14,0,0,1,0,0,0,0,0,0
60,4613.03,54490.15,1,4,25.98,8.3,0,0,60.22,2,3,3,1,7,8,1,0,0,0,0,0,1,0,0
18,4161.14,49320.36,7,22,40.76,19.7,2,1,93.32,2,3,2,0,5,13,0,0,0,0,1,0,0,0,0
51,3697.16,43116.21,0,3,36.66,4.6,2,0,14.39,2,2,2,0,6,12,0,0,0,0,0,0,1,0,0
39,1984.0,23164.89,3,13,13.85,11.3,1,1,26.5,2,2,2,0,2,18,1,0,1,0,0,0,0,1,0
27,3273.63,38678.53,3,11,12.22,12.9,0,0,5.49,4,5,2,1,1,9,0,0,0,0,1,0,0,0,0
73,6996.84,82743.24,3,8,8.55,10.9,1,0,7.13,0,5,3,0,3,9,0,0,1,0,0,0,1,0,0
73,2734.86,32587.6,3,10,34.07,4.6,3,0,36.08,3,3,2,0,10,15,1,0,0,0,1,0,1,0,0
52,2261.02,26974.55,0,2,1.48,7.3,0,0,69.56,3,3,3,2,3,16,0,1,0,0,0,0,1,0,1
49,4444.75,54060.5,3,11,27.65,14.3,1,1,77.1,1,3,2,0,8,17,1,0,1,0,0,0,0,1,1
47,1421.86,17249.95,5,17,26.24,12.2,1,0,79.54,5,2,1,0,3,12,0,0,1,0,0,0,0,1,0
56,2941.65,35622.47,7,23,15.78,5.6,2,0,37.91,2,4,2,0,2,13,1,0,0,0,0,1,0,0,0
71,4336.05,52112.79,2,6,8.82,33.2,2,0,54.65,1,4,3,3,3,15,1,0,0,0,0,0,0,0,0
35,7544.51,90034.81,4,12,26.59,21.2,1,0,36.0,2,2,3,0,6,16,1,0,0,0,0,1,0,1,0
40,2167.08,26547.5,7,22,88.39,14.9,0,1,39.67,1,2,0,1,2,10,0,1,1,0,0,0,0,0,1
46,6060.97,72943.27,6,18,49.54,15.4,0,0,119.22,1,1,3,1,6,12,1,0,1,0,0,0,1,0,1
66,6947.5,83159.86,2,8,18.71,8.8,0,0,163.33,1,3,2,2,5,20,1,0,0,0,1,0,0,0,0
62,1756.06,21547.94,5,17,49.97,6.3,1,0,12.42,2,9,4,1,6,18,1,0,0,0,0,1,1,0,0
68,1982.18,24032.19,10,31,31.19,11.0,1,1,4.02,1,3,1,2,5,20,1,0,0,0,0,0,1,0,0
30,4021.52,47519.52,2,8,5.5,8.2,0,0,66.24,3,3,3,3,1,9,0,0,0,0,0,1,1,0,0
48,4243.86,50880.26,2,6,75.36,4.9,1,0,90.01,6,6,7,2,6,18,1,0,0,1,0,0,1,0,1
74,2526.91,29513.79,3,10,13.24,18.9,3,1,21.82,1,9,3,0,3,19,0,0,0,1,0,0,1,0,0
31,2664.32,31912.87,2,10,48.43,2.7,2,0,14.72,1,3,2,0,4,9,0,0,0,0,1,0,0,0,0
71,4384.59,52297.56,2,10,12.87,6.0,1,0,34.57,6,1,2,0,2,15,1,0,0,0,1,0,0,0,0
51,4024.0,49127.74,5,16,50.84,6.9,0,0,62.65,5,3,2,0,3,12,0,0,0,0,0,1,0,0,0
18,5172.36,62050.17,4,13,37.74,13.6,2,0,30.08,1,2,1,1,2,18,1,0,0,0,1,0,0,0,0
46,4711.19,57781.86,5,18,52.83,20.1,0,0,3.61,2,0,3,1,5,11,0,0,0,0,0,1,0,0,0
75,2957.82,35919.86,3,11,12.0,12.0,0,0,2.62,4,7,4,0,8,13,1,0,0,0,1,0,1,0,0
40,4610.59,55328.4,0,2,8.42,19.6,0,0,87.83,2,3,2,1,2,13,0,0,1,0,0,0,1,0,0
45,1763.05,21008.72,4,16,9.03,6.5,0,0,77.24,2,0,1,1,2,18,1,0,0,0,1,0,0,1,0
53,3105.87,38092.13,3,11,15.48,3.5,0,0,144.37,3,4,3,1,5,9,0,1,0,0,0,0,0,1,1
35,4609.6,56254.01,4,12,18.09,14.1,0,0,170.65,1,2,4,2,7,19,0,0,0,0,0,0,0,0,1
50,2517.49,30584.43,1,7,11.24,13.9,0,1,38.78,2,4,5,1,1,9,0,0,0,0,1,0,0,0,0
64,3314.17,40616.24,3,10,57.57,6.1,0,0,24.53,0,4,2,2,7,9,0,0,0,0,1,0,0,0,0
20,4391.66,51734.93,4,13,10.21,15.9,1,0,12.91,5,3,0,2,1,16,0,1,0,0,1,0,1,0,0
49,6720.01,81116.34,3,9,31.53,5.1,1,1,43.56,4,5,2,2,6,17,1,0,0,1,0,0,1,0,0
46,5974.28,70861.0,4,11,29.22,13.3,1,0,53.63,0,2,2,1,10,9,1,0,1,0,0,0,1,0,0
52,2158.13,25915.27,1,6,34.78,10.2,0,0,22.33,2,1,2,1,5,15,1,0,0,0,0,0,0,1,0
65,2216.77,26613.8,2,9,41.53,25.0,0,1,18.31,2,2,6,0,3,20,1,0,0,0,1,0,0,1,1
55,2806.18,34214.41,2,10,16.14,10.4,2,0,35.83,0,2,0,0,10,14,0,0,0,0,0,0,1,0,0
62,2852.65,34226.91,2,9,4.22,5.6,1,0,16.12,3,3,4,0,3,12,1,0,1,0,0,0,1,0,0
31,5003.35,59686.87,1,4,36.58,4.2,1,0,19.04,0,2,4,1,9,10,0,1,0,0,0,0,1,0,0
51,7452.89,89214.89,1,6,12.48,1.5,0,0,85.15,4,3,1,2,4,8,0,0,0,0,0,0,0,0,0
40,4716.18,57747.48,2,7,31.7,13.5,0,0,20.95,2,7,4,0,1,20,1,0,0,1,0,0,0,0,0
41,4574.35,53925.05,1,5,20.27,10.8,0,0,11.21,3,3,4,2,2,12,1,0,0,0,0,1,0,1,0
26,3781.2,45743.73,2,7,12.18,15.7,2,1,15.43,1,3,2,0,4,13,0,0,0,1,0,0,0,0,0
67,2770.07,32735.3,1,5,13.99,16.0,1,0,36.92,2,7,3,1,10,8,0,0,0,0,1,0,0,1,1
35,7544.51,90493.37,8,29,18.06,10.5,0,0,171.6,2,8,3,2,5,14,1,0,0,0,0,1,0,0,0
57,3113.13,36306.38,6,21,12.48,8.8,3,0,145.41,3,6,3,1,4,16,1,0,0,0,1,0,0,0,0
48,2855.86,34182.82,2,7,13.99,4.9,1,1,174.84,1,7,4,1,4,11,1,0,1,0,0,0,0,1,0
44,4953.34,59543.67,4,15,29.26,5.3,0,0,119.32,3,5,2,2,5,18,0,0,0,0,0,0,1,0,1
51,6224.47,72406.35,7,21,17.43,10.1,1,1,53.2,3,4,1,1,2,15,1,0,0,0,1,0,0,1,0
41,5215.41,64339.82,1,6,7.45,10.6,0,0,2.83,2,4,5,1,5,13,1,0,0,1,0,0,1,0,0
47,4227.86,51687.73,4,13,19.94,13.2,0,0,4.21,2,6,5,0,3,11,1,0,0,0,1,0,0,0,0
33,5968.07,71389.97,5,18,20.43,3.2,2,0,89.59,2,7,1,3,9,16,1,0,0,1,0,0,0,0,0
39,2281.7,27494.22,2,6,19.67,19.5,1,1,46.73,4,4,2,0,10,17,0,1,0,1,0,0,0,1,1
44,3997.31,48479.63,1,3,64.56,15.2,0,1,2.46,1,6,0,0,6,10,0,0,0,0,0,0,1,0,1
50,2789.5,33524.38,8,31,22.04,14.4,1,1,61.68,0,5,3,3,2,13,1,0,0,0,0,0,0,1,1
23,1672.48,19822.74,6,20,21.7,19.2,0,1,107.68,2,3,2,2,9,16,1,0,0,0,0,0,1,0,0
57,3656.56,43956.19,2,7,8.32,7.5,1,1,24.64,5,1,2,1,3,18,1,0,0,0,0,1,0,0,0
63,3534.64,42618.12,0,2,7.28,4.9,1,0,77.49,3,4,1,0,9,11,0,1,1,0,0,0,0,1,0
37,3247.11,38016.57,3,11,20.76,20.9,2,1,114.78,3,6,4,0,2,9,0,0,0,0,1,0,0,0,0
20,2427.37,28498.33,4,15,33.48,14.8,4,1,37.38,3,2,2,0,2,11,0,0,0,0,0,0,1,0,0
72,4071.61,49521.35,4,13,50.26,12.0,1,1,20.47,2,6,1,0,2,15,1,0,0,1,0,0,1,0,0
70,4034.19,48886.9,2,6,39.87,17.7,1,1,68.05,2,3,5,1,1,15,1,0,0,0,0,1,0,1,0
22,3927.44,45608.69,0,1,37.26,6.3,3,0,5.49,2,3,3,1,1,9,1,0,0,1,0,0,0,0,0
31,3469.21,42183.92,5,14,22.24,10.5,0,1,12.0,1,2,4,0,4,17,0,0,0,1,0,0,0,0,0
73,2261.66,27611.82,2,7,5.23,4.8,1,0,4.93,0,3,3,0,6,16,0,0,0,0,0,0,1,0,0
74,2213.08,26326.77,4,14,60.04,16.8,2,1,9.69,5,4,4,1,5,13,1,0,0,1,0,0,1,0,0
32,1603.13,19281.84,3,8,13.76,24.9,1,1,124.28,2,2,1,1,2,16,1,0,0,0,0,0,0,1,0
42,2623.16,31490.64,4,14,12.35,15.8,1,1,73.6,4,3,5,1,9,8,1,0,0,1,0,0,0,0,0
70,2713.4,32486.61,0,0,12.73,6.7,1,0,40.17,3,3,4,1,7,12,1,0,0,1,0,0,0,0,0
38,3454.06,41862.51,3,12,8.56,5.7,0,0,67.5,2,7,4,0,1,20,1,0,0,0,1,0,1,0,0
30,3387.81,40107.56,5,19,29.36,11.1,2,1,103.55,2,5,3,1,5,17,0,0,0,1,0,0,0,1,0
74,9951.6,119611.66,3,9,6.84,11.3,2,0,16.46,5,1,9,0,3,14,0,0,1,0,0,0,0,1,0
24,3651.39,45703.16,7,24,55.14,14.6,0,1,46.4,2,8,0,1,5,9,1,0,0,0,0,0,1,0,0
23,3830.51,46751.12,4,13,14.09,20.1,3,1,9.89,4,1,6,1,7,19,1,0,0,0,1,0,0,0,0
38,3530.6,42429.57,4,13,8.2,15.1,0,0,10.04,1,8,3,2,7,8,1,0,0,1,0,0,1,0,0
27,1758.04,21125.65,3,9,14.55,2.4,0,0,121.96,1,4,5,0,3,10,1,0,1,0,0,0,1,0,0
45,3728.56,44544.74,2,8,14.21,9.5,0,1,12.63,3,6,7,0,7,11,0,0,0,1,0,0,1,0,0
50,2154.53,25810.18,6,20,36.63,6.5,1,0,82.34,5,4,5,0,6,16,1,0,0,1,0,0,1,0,0
43,1847.51,21347.27,2,9,6.34,17.6,1,0,21.36,1,4,3,0,4,15,1,0,0,1,0,0,1,0,0
66,1361.89,16005.64,1,6,55.66,20.5,2,1,24.33,3,4,2,0,1,20,0,0,1,0,0,0,0,0,0
46,2808.62,33280.75,3,12,18.11,18.2,1,1,83.3,3,4,3,2,8,14,0,0,0,0,0,1,1,0,1
60,4251.02,50423.1,4,18,12.43,18.2,0,0,78.83,2,4,7,0,2,8,1,0,0,0,0,1,0,0,0
50,4319.29,52854.23,2,6,14.56,4.7,2,0,3.03,2,2,5,0,6,12,1,0,1,0,0,0,0,1,0
44,3678.0,44668.14,6,21,17.39,8.3,2,0,255.22,1,3,1,0,9,10,1,0,0,0,1,0,0,1,0
70,3799.15,44825.23,0,3,1.64,24.5,1,0,3.54,5,5,2,1,1,19,0,0,0,0,0,0,0,1,0
43,1911.68,23481.64,5,18,52.74,2.3,0,0,9.9,1,2,2,1,8,17,0,0,0,1,0,0,0,0,0
48,1913.97,22969.4,4,15,12.5,12.1,1,0,22.54,1,3,6,0,8,15,0,0,0,0,0,0,0,0,0
57,4449.66,54790.39,2,7,16.5,22.5,0,0,31.3,1,2,2,0,7,17,1,0,0,0,1,0,0,0,1
24,4975.35,60951.93,3,13,15.6,7.4,0,0,5.14,4,8,3,0,1,19,1,0,0,0,0,0,0,1,0
65,3449.89,41420.82,5,17,11.97,18.4,1,0,41.96,3,4,2,1,2,13,1,0,0,0,0,0,1,0,0
72,3963.97,47266.18,3,10,32.04,12.9,1,0,30.25,2,1,1,1,4,15,1,0,1,0,0,0,1,0,0
44,2314.68,26929.8,3,10,9.19,14.8,1,1,91.62,2,4,2,0,3,8,0,0,1,0,0,0,0,0,0
43,4735.07,56478.19,2,10,24.97,9.3,2,0,54.43,2,5,1,1,6,12,0,0,0,1,0,0,0,0,0
41,2617.76,30879.57,1,3,10.81,5.7,1,0,41.09,0,4,4,1,4,13,1,0,0,0,0,0,1,0,0
26,3913.21,47829.02,2,6,20.38,15.5,0,1,41.45,0,5,5,0,3,10,1,0,0,0,0,1,1,0,0
72,2916.18,35373.02,3,11,20.93,26.9,1,1,10.46,1,2,2,1,9,13,1,0,0,0,0,0,0,0,1
40,1522.39,18736.74,5,17,23.69,20.2,2,1,2.45,3,7,1,1,4,16,1,0,1,0,0,0,0,1,1
19,2425.19,28543.11,3,11,23.09,6.3,0,1,34.5,3,4,1,2,9,11,1,0,0,0,0,0,0,0,0
70,3278.09,39950.34,3,12,70.75,3.4,1,0,9.74,3,3,4,0,9,19,0,0,0,0,1,0,1,0,0
20,3083.28,36673.67,8,27,24.92,14.0,0,1,94.83,4,6,2,1,2,9,1,0,0,0,0,1,0,0,0
45,6942.02,83736.69,0,3,4.52,18.8,0,0,60.54,3,5,2,1,4,20,1,0,0,0,0,1,1,0,0
56,1867.72,22054.2,5,17,29.47,11.0,2,0,95.3,2,5,3,0,9,11,0,0,0,0,1,0,0,0,0
69,5407.17,63791.89,0,2,59.3,10.0,0,0,36.18,1,2,0,0,7,11,1,0,0,1,0,0,1,0,0
51,2677.3,32321.35,2,6,17.2,21.6,2,0,58.84,3,2,3,1,8,13,0,0,1,0,0,0,1,0,0
24,5802.63,69385.7,6,22,34.23,20.8,2,1,39.71,2,4,1,1,4,12,0,1,1,0,0,0,1,0,0
65,3193.43,39278.34,2,8,13.11,5.5,0,0,9.27,2,1,1,0,4,16,1,0,0,0,1,0,1,0,0
38,2915.78,34895.29,1,5,9.09,8.5,1,0,20.09,0,5,4,0,5,15,1,0,0,1,0,0,1,0,0
75,2059.64,24664.21,4,11,9.71,10.8,1,0,8.06,1,2,5,0,1,19,0,0,0,0,0,0,0,1,0
62,6655.18,81384.83,2,7,5.64,15.7,3,0,67.19,1,3,1,0,2,16,1,0,0,0,0,0,0,1,0
65,3222.81,39001.05,2,6,5.71,12.4,2,0,93.91,1,4,2,0,3,13,0,0,0,0,0,1,0,1,0
59,7491.87,89840.28,3,12,13.43,3.8,0,0,40.45,4,4,0,2,7,19,1,0,0,0,1,0,1,0,0
20,3895.39,47980.28,2,11,29.73,11.0,1,1,30.76,1,4,3,0,5,20,0,1,1,0,0,0,0,0,0
72,6735.89,80966.45,3,9,18.5,11.0,1,1,50.06,4,3,2,1,6,15,1,0,0,0,1,0,1,0,0
44,2476.26,29925.61,7,24,26.65,11.0,1,0,81.47,3,4,3,1,3,12,0,1,0,0,0,0,1,0,0
31,6028.68,73593.36,5,16,31.28,10.3,0,1,63.46,1,4,3,1,4,19,1,0,0,0,0,0,1,0,1
49,3621.62,43703.88,2,8,14.72,16.2,1,0,9.39,1,6,7,1,5,14,1,0,0,0,0,1,1,0,1
31,6682.41,80247.94,5,16,44.3,13.3,0,0,2.11,1,5,6,1,5,15,0,0,1,0,0,0,0,1,0
29,2703.56,32215.42,1,4,8.37,7.7,1,1,21.53,0,5,1,2,4,9,1,0,1,0,0,0,0,1,0
69,4082.34,48619.25,5,16,20.59,3.0,1,0,72.58,2,2,3,0,1,15,1,0,0,0,0,0,0,0,0
41,3103.39,37403.18,3,10,30.41,12.2,1,0,23.26,1,3,1,2,7,18,0,0,0,1,0,0,1,0,0
66,4181.97,50031.94,2,7,5.2,16.2,2,0,83.09,1,3,1,1,5,14,0,0,1,0,0,0,1,0,0
48,8152.09,98579.24,4,11,13.15,2.0,1,0,14.98,1,4,5,1,2,11,1,0,0,0,1,0,0,0,0
66,4095.86,49121.63,0,4,1.63,14.1,1,0,49.45,0,4,3,1,1,16,1,0,0,1,0,0,0,1,0
25,3310.78,40098.41,3,11,30.82,5.2,1,0,28.19,1,5,2,1,4,16,1,0,0,0,1,0,1,0,0
51,4468.85,54413.81,3,10,13.33,8.1,0,0,37.5,0,7,1,2,2,16,0,0,0,1,0,0,0,0,0
18,1305.48,15585.61,2,6,35.33,21.7,1,0,11.21,2,1,1,1,1,11,1,0,0,0,1,0,1,0,0
45,2925.31,34835.77,5,21,22.03,13.4,1,0,18.65,3,4,4,0,1,12,0,0,0,0,1,0,0,0,1
22,4928.63,60637.13,8,26,46.71,13.8,1,1,14.86,1,6,0,0,10,10,1,0,0,0,1,0,1,0,0
18,1487.12,17878.64,3,11,22.49,7.4,2,0,61.13,1,6,2,0,8,19,1,0,0,0,0,1,0,1,0
36,1635.58,20050.52,1,5,9.31,17.9,1,0,109.02,0,4,4,0,7,13,1,0,0,0,1,0,1,0,0
70,2466.17,29539.3,3,12,19.74,15.1,1,0,22.01,4,1,2,0,9,17,1,0,0,1,0,0,0,1,0
54,3400.56,41167.14,1,4,43.89,14.0,0,0,61.34,4,5,0,1,7,13,1,0,0,1,0,0,0,0,0
64,2446.8,29752.66,2,7,5.79,4.6,1,0,30.53,3,6,3,1,4,12,1,0,0,0,0,0,0,1,0
65,6792.74,79872.46,2,9,19.32,19.5,3,1,42.96,2,4,3,0,2,15,0,0,1,0,0,0,0,0,1
22,3927.44,46070.87,2,6,13.5,18.6,0,0,129.65,2,4,6,0,7,8,1,0,0,1,0,0,1,0,0
31,6028.68,71387.32,3,9,36.46,15.5,1,1,73.02,0,3,4,2,8,9,1,0,0,0,0,0,1,0,0
18,4679.15,55165.96,1,5,11.36,1.4,1,0,124.02,4,8,5,0,4,20,1,0,0,0,0,0,0,1,0
36,1405.19,16393.76,8,26,17.61,11.1,1,0,52.1,1,1,4,1,5,13,1,0,0,0,0,0,0,1,0
25,3432.56,41988.51,4,17,17.92,5.8,1,0,28.99,5,4,1,0,10,20,1,0,0,0,0,1,0,1,0
53,4279.66,52363.27,2,8,4.6,19.4,1,0,7.28,0,1,1,0,9,8,1,0,0,0,0,0,1,0,0
36,2559.51,29641.76,4,15,11.64,13.5,1,0,8.83,1,5,3,0,3,20,0,0,0,0,1,0,0,1,0
20,2427.37,29220.58,1,4,26.2,9.5,1,1,105.85,2,2,7,0,4,10,1,0,0,0,0,0,0,1,0
35,4609.6,55836.35,1,5,11.31,26.7,4,0,61.66,3,4,9,1,3,13,0,0,0,0,0,0,0,0,0
25,2653.57,31437.93,2,8,15.04,17.4,0,0,207.06,4,2,2,0,7,16,1,0,0,1,0,0,1,0,0
65,3222.81,38249.7,0,2,66.3,20.0,1,0,133.69,0,8,0,0,9,18,0,0,0,0,0,1,1,0,0
45,3048.15,36047.0,1,4,29.45,3.3,1,0,27.33,4,5,6,1,5,11,0,0,0,1,0,0,0,0,0
50,3442.09,40464.44,0,6,3.6,14.7,1,0,22.17,1,5,3,1,9,10,1,0,1,0,0,0,0,0,0
74,4293.33,51485.31,9,27,47.54,12.1,0,1,66.49,2,3,3,1,6,10,0,0,0,0,1,0,0,1,0
47,10465.63,126814.72,5,17,10.7,6.2,0,0,113.23,3,5,1,3,4,17,0,1,0,0,1,0,0,1,0
71,3944.16,46638.22,4,12,15.83,16.3,0,0,14.37,2,7,5,1,1,9,1,0,0,1,0,0,1,0,0
37,3474.72,42638.69,3,9,10.08,6.0,2,0,70.93,0,5,1,1,1,12,1,0,0,1,0,0,0,0,0
39,3134.68,37539.25,0,3,21.5,13.6,0,0,68.52,2,6,3,0,10,15,1,0,0,0,0,1,0,0,1
23,1379.74,16763.25,1,6,35.53,6.6,0,1,3.8,3,3,2,0,8,15,1,0,1,0,0,0,1,0,0
22,2677.48,32129.06,0,3,20.89,4.9,2,0,31.1,7,3,1,0,5,17,0,0,0,0,0,0,0,0,0
68,3947.89,47652.81,4,18,8.03,7.2,4,0,9.7,3,2,3,0,4,13,0,0,0,0,0,1,0,0,0
72,6006.01,71573.8,4,14,42.81,2.5,0,0,12.91,4,1,6,1,3,16,0,0,0,1,0,0,0,0,0
20,2080.06,24247.98,4,18,21.83,6.5,1,1,215.84,2,2,2,0,2,11,1,0,0,0,1,0,1,0,0
51,3092.35,36588.44,5,16,13.1,12.9,0,1,20.34,3,2,3,0,1,15,0,0,0,0,0,0,0,0,0
49,2309.34,27314.82,12,39,52.03,10.2,0,1,150.62,3,6,0,0,10,20,1,0,0,1,0,0,1,0,1
33,4092.33,49107.35,3,13,30.67,3.8,3,0,6.7,5,1,9,1,3,14,0,0,0,0,0,0,1,0,0
43,2469.45,29322.62,1,7,20.09,19.5,1,1,27.07,0,4,1,1,6,15,0,0,0,0,1,0,0,1,0
28,4858.44,58329.94,2,8,34.75,8.5,1,0,34.46,1,3,1,0,1,20,1,0,0,0,0,0,0,0,0
18,2156.45,26007.95,2,9,8.09,7.2,2,0,2.47,0,5,1,1,6,13,0,0,0,1,0,0,0,1,0
47,3345.25,39628.06,3,10,8.22,14.9,0,0,105.48,1,5,2,0,8,12,1,0,0,1,0,0,0,0,0
70,4051.33,47411.28,1,3,6.66,9.3,1,0,36.1,2,5,2,0,5,8,1,0,0,0,1,0,0,0,0
37,2107.63,25327.62,1,3,34.55,2.8,0,0,87.41,0,5,2,1,6,15,1,0,1,0,0,0,1,0,0
38,2100.77,25121.86,1,4,62.8,21.9,0,0,53.08,3,2,3,0,10,12,1,0,0,0,0,1,1,0,0
53,3878.62,45625.68,2,6,8.56,22.4,0,1,50.85,2,2,5,3,8,11,1,0,1,0,0,0,1,0,0
57,3008.24,37001.17,4,13,12.38,19.9,4,0,17.23,3,4,1,0,7,12,1,0,0,1,0,0,0,0,0
27,2093.98,25232.27,4,12,15.28,11.9,0,0,41.54,1,2,2,1,10,8,0,0,0,0,0,0,0,0,0
23,1379.74,16782.38,2,9,40.83,15.1,1,1,41.72,1,6,0,0,9,11,0,1,1,0,0,0,0,1,1
66,2567.99,31715.02,6,19,44.4,22.1,1,0,89.19,1,1,7,1,6,15,0,0,0,0,0,0,1,0,0
54,3171.56,38873.49,2,7,80.43,12.7,1,0,224.95,1,4,4,0,3,15,1,0,0,0,0,0,1,0,0
45,3430.86,40964.77,2,8,11.02,14.3,2,0,84.98,3,3,3,1,7,13,0,0,0,1,0,0,0,1,1
45,3728.56,44836.51,9,28,59.79,19.6,1,1,64.34,1,8,1,0,9,14,0,0,0,1,0,0,1,0,1
39,2832.17,33824.48,4,12,20.67,15.3,3,0,51.81,2,4,3,1,6,14,1,0,0,0,1,0,1,0,0
61,4821.68,57361.95,1,3,3.74,16.8,2,0,55.81,2,5,2,0,8,9,1,0,0,1,0,0,1,0,0
73,1846.95,22014.31,6,19,70.21,24.7,0,1,38.58,0,2,1,0,8,13,1,0,0,0,0,1,0,1,0
40,3160.02,38338.61,4,11,11.91,13.9,1,1,12.05,0,7,4,0,9,10,1,0,0,0,1,0,0,0,0
57,5333.66,63910.08,3,12,7.62,4.2,1,0,24.52,3,3,7,0,2,18,1,0,1,0,0,0,1,0,0
49,5244.16,63269.27,6,20,65.75,17.1,2,0,54.14,1,2,3,2,2,20,0,0,0,0,0,0,0,0,0
71,1805.92,21474.16,3,10,18.51,8.0,0,0,130.85,2,3,2,2,5,17,1,0,0,1,0,0,1,0,0
46,3471.03,41767.85,2,7,9.75,11.3,1,1,74.08,3,1,5,2,3,12,0,0,0,0,0,0,0,0,0
49,2662.42,32717.75,1,4,3.11,13.1,0,0,50.7,2,3,3,0,7,16,1,0,0,0,0,0,1,0,0
60,2789.61,33576.84,1,4,2.65,8.3,2,0,11.79,2,8,5,1,3,19,1,0,0,1,0,0,0,1,0
51,5340.18,63556.81,1,7,17.28,16.4,2,0,51.72,3,3,3,1,9,8,1,0,0,1,0,0,1,0,0
67,3690.0,45075.09,2,8,5.73,5.0,1,0,42.29,4,2,3,2,6,20,0,0,0,0,0,1,0,0,0
71,2847.17,33896.6,3,11,18.91,11.0,0,1,4.17,3,5,4,0,7,10,1,0,0,0,1,0,0,0,0
52,3269.13,38838.74,0,2,76.67,3.1,0,0,0.18,2,4,1,1,9,9,1,0,0,0,0,1,1,0,0
34,5961.7,73815.81,0,3,17.36,9.5,0,0,86.34,3,5,6,2,1,16,1,0,0,0,0,1,0,1,0
20,2283.64,26920.12,7,21,40.86,8.2,3,0,16.31,3,4,6,1,9,13,1,0,0,1,0,0,0,1,0
34,3532.46,42133.88,7,21,32.9,22.7,0,1,137.74,2,3,3,1,5,19,1,0,0,0,1,0,0,0,1
67,2847.59,34109.97,4,14,25.8,22.9,4,1,14.34,1,4,3,0,1,13,1,0,1,0,0,0,0,1,0
72,1896.3,22550.36,2,10,4.69,26.5,0,0,98.35,1,7,1,0,7,8,1,0,0,1,0,0,0,1,0
19,2366.12,29386.61,1,3,22.63,21.6,2,0,67.64,0,4,5,0,7,16,1,0,1,0,0,0,0,1,0
66,5774.24,70163.79,0,0,12.74,7.3,1,0,25.47,5,3,0,0,2,13,1,0,1,0,0,0,1,0,0
62,4123.78,48968.59,4,12,12.0,12.5,3,0,7.68,3,1,4,0,1,13,0,0,0,0,1,0,1,0,0
36,2010.74,23951.08,1,4,2.02,18.1,4,0,2.71,1,4,3,0,8,20,0,0,1,0,0,0,1,0,0
70,2815.51,33856.48,3,12,16.86,6.1,1,1,24.91,1,7,5,2,9,14,1,0,1,0,0,0,0,0,0
59,2433.42,28903.77,2,7,68.02,17.6,0,0,37.62,4,4,2,0,7,8,1,0,0,1,0,0,0,1,0
39,1432.74,17060.75,5,16,12.93,12.5,1,0,56.98,2,3,2,0,2,12,1,0,0,0,0,1,1,0,0
35,2823.59,33359.65,2,7,39.05,20.4,0,0,43.33,2,6,1,0,4,8,1,0,0,0,0,1,0,1,0
40,6103.66,72171.78,1,9,12.82,1.1,0,0,3.42,3,4,1,1,1,20,0,0,0,1,0,0,1,0,0
60,2789.61,32502.31,3,11,26.57,11.2,0,0,308.15,4,2,3,1,9,18,0,0,0,1,0,0,1,0,0
46,4577.63,55373.83,4,15,22.2,26.4,0,1,77.77,4,4,4,1,3,8,1,0,0,0,1,0,0,0,1
50,1882.13,22124.07,5,20,19.62,5.9,1,0,55.39,6,2,6,0,9,9,1,0,0,0,1,0,0,0,0
23,1379.74,16852.11,1,5,6.19,25.7,0,1,39.73,1,4,2,1,6,12,0,0,1,0,0,0,1,0,0
24,1512.07,17659.77,4,12,22.16,5.2,0,0,104.8,1,1,3,0,6,9,0,0,0,0,0,0,0,0,0
64,5666.69,69067.51,3,11,105.46,2.3,2,0,82.31,0,2,6,0,8,10,1,0,0,0,0,0,1,0,0
39,3134.68,37153.1,2,7,4.28,2.8,1,0,12.94,2,5,1,0,6,17,1,0,0,0,0,1,0,0,0
49,5249.25,64276.16,2,10,36.44,7.8,1,0,0.69,2,1,2,0,7,10,1,0,1,0,0,0,0,0,0
21,1333.69,16037.59,1,3,4.81,17.4,0,0,118.51,1,8,0,0,10,8,1,0,0,0,0,0,0,1,0
70,4294.87,51954.03,3,11,8.5,9.4,1,0,30.66,0,4,3,1,1,20,1,0,0,0,1,0,0,0,0
37,7474.34,90937.21,0,2,6.79,14.3,1,0,32.64,4,5,4,0,4,18,0,0,0,0,0,0,0,1,0
36,2510.34,30444.69,2,7,35.07,9.7,2,0,62.66,1,6,2,2,4,16,0,0,0,0,1,0,1,0,0
47,2871.48,34916.16,3,14,17.95,21.2,1,1,45.04,3,4,6,1,5,19,0,0,0,0,0,0,0,1,0
66,2395.12,29012.86,5,14,17.78,7.6,1,0,0.54,1,5,1,0,5,12,1,0,0,0,1,0,0,1,0
58,2569.13,30779.79,2,7,17.7,22.4,0,1,45.41,2,4,1,1,4,13,1,0,0,0,0,1,0,0,0
25,1709.47,20614.35,1,8,2.95,5.3,0,0,14.77,1,6,0,0,2,18,1,0,0,0,0,0,1,0,0
56,3610.26,42006.66,4,11,13.38,3.8,0,0,4.13,2,4,4,0,6,16,1,0,0,0,1,0,0,1,0
23,2925.34,36199.37,5,17,36.12,8.6,0,1,5.05,3,3,1,0,9,14,1,0,0,0,0,1,0,0,0
64,3945.76,47016.3,2,7,5.02,15.5,0,0,39.61,2,6,1,0,5,19,0,0,0,0,1,0,1,0,0
44,3875.82,46449.87,4,11,12.42,11.4,3,1,19.46,1,4,3,0,1,12,1,0,0,0,0,1,1,0,0
62,3092.42,37153.8,2,9,22.95,15.3,0,0,185.66,1,4,2,0,1,9,1,0,0,0,0,1,1,0,0
58,4488.16,53623.16,5,17,27.85,12.4,0,1,7.88,3,3,1,0,7,17,0,1,0,1,0,0,0,1,0
51,5533.04,65613.99,4,14,49.78,15.2,0,0,126.56,3,4,2,0,7,9,0,0,0,0,0,1,1,0,0
20,1942.75,23221.84,3,12,52.72,20.9,0,1,268.81,1,6,6,3,7,20,1,0,0,0,0,1,0,1,0
67,3438.75,41211.8,2,6,31.96,7.1,2,0,86.96,3,3,5,0,1,19,1,0,0,0,0,0,0,0,0
42,2291.55,27572.4,3,13,27.51,11.4,1,0,8.21,3,4,2,1,8,18,1,0,0,0,1,0,1,0,0
20,4693.97,55646.57,2,8,17.43,17.3,0,1,57.73,2,5,7,1,2,18,1,0,0,1,0,0,0,0,0
75,2856.76,33954.43,0,4,2.7,6.7,0,0,8.69,1,5,2,1,9,15,0,0,1,0,0,0,0,1,0
60,5411.26,64127.68,4,15,21.78,19.4,1,0,60.61,1,2,2,3,4,16,0,1,0,1,0,0,1,0,0
55,4730.73,56495.37,1,7,3.04,10.5,0,0,72.6,6,5,3,2,10,8,1,0,0,0,0,1,0,0,0
66,3149.26,38592.6,1,3,15.65,31.8,1,0,36.2,1,3,3,2,2,13,1,0,0,1,0,0,1,0,0
69,4082.34,49210.38,8,26,86.61,12.1,1,0,39.94,2,6,2,3,9,15,1,0,0,0,0,0,0,0,0
67,4088.54,48454.36,2,9,9.48,7.8,1,0,36.84,1,3,3,1,9,13,0,0,0,0,0,0,1,0,1
39,1346.08,16167.88,5,15,28.06,4.7,0,1,138.39,0,5,2,0,3,9,0,0,0,0,1,0,0,1,1
54,2391.85,27972.27,1,4,54.4,5.6,3,0,57.52,2,3,3,1,4,15,1,0,0,0,1,0,0,0,0
67,3307.81,40613.35,5,14,34.8,3.5,0,0,14.9,0,6,6,0,3,11,0,0,0,0,0,0,1,0,0
57,8138.14,98730.49,3,11,61.58,10.9,1,0,76.06,3,5,4,0,2,18,0,0,0,0,0,0,0,1,0
20,3768.95,45400.75,1,6,43.85,2.1,1,0,0.6,1,4,4,1,10,9,0,0,0,0,1,0,1,0,0
63,1898.64,23245.94,2,7,16.53,13.6,1,1,144.65,5,7,2,1,1,8,0,0,0,0,1,0,1,0,0
38,5567.5,68191.81,2,8,20.76,10.5,2,1,31.91,3,2,1,0,8,13,1,0,0,0,1,0,1,0,0
21,1120.48,13283.71,1,2,6.65,4.7,1,1,21.0,1,1,3,1,7,18,1,0,1,0,0,0,0,1,0
60,2720.64,32630.82,3,12,23.98,10.5,0,0,28.15,4,4,4,1,3,13,1,0,0,0,0,0,1,0,1
64,5666.69,66768.63,1,9,50.52,8.8,0,0,51.82,3,4,3,0,4,9,1,0,0,0,0,0,1,0,0
52,5191.98,63381.75,1,5,20.17,18.3,1,1,90.82,1,5,7,2,10,8,1,0,0,1,0,0,0,0,0
59,5860.28,70647.26,1,5,7.21,18.4,2,0,49.1,4,7,5,0,7,19,1,0,0,0,0,1,0,1,0
48,4460.03,54470.06,3,11,56.33,9.2,3,0,16.24,0,0,6,1,6,12,1,0,0,0,1,0,1,0,0
33,2588.05,30375.46,5,19,20.35,17.6,2,0,3.79,4,4,4,0,6,19,0,1,0,0,1,0,0,1,0
57,4352.09,51495.5,7,22,30.54,20.9,1,1,0.32,3,7,6,1,6,9,0,0,0,0,0,1,0,1,1
64,2227.89,27074.85,0,3,20.86,6.1,1,0,1.85,3,1,3,0,9,19,1,0,0,0,0,0,0,0,0
68,5601.89,69276.55,1,3,6.22,8.4,1,0,93.8,2,5,3,1,7,20,1,0,1,0,0,0,0,0,0
40,5164.93,61476.26,4,15,12.83,7.2,2,0,12.92,1,4,1,1,9,13,1,0,0,0,1,0,0,1,0
19,6553.87,79552.99,4,12,9.37,21.8,1,0,57.69,2,5,4,0,8,18,0,0,0,0,1,0,0,0,0
72,3963.97,46817.72,1,8,75.88,23.7,1,0,70.6,3,2,3,0,7,20,1,0,1,0,0,0,0,0,0
45,3550.28,43136.48,5,15,36.11,5.6,0,0,31.61,4,6,2,2,7,16,0,0,0,0,0,1,1,0,0
71,4173.84,49799.04,2,8,6.25,14.9,0,0,27.94,4,2,3,0,1,20,0,0,0,0,0,0,0,0,0
74,2504.74,30633.94,1,4,68.34,6.0,1,0,31.68,1,1,3,1,3,20,1,0,0,1,0,0,0,1,0
34,5566.32,66705.52,2,6,28.11,9.9,1,0,125.45,1,1,3,0,2,12,1,0,0,0,1,0,0,1,0
52,3263.72,39095.24,0,2,1.43,18.7,0,0,65.04,3,1,5,1,1,10,0,1,0,0,0,0,0,0,0
18,1787.85,21383.5,5,17,36.23,22.4,0,0,51.95,5,3,6,3,2,11,0,1,0,0,0,0,1,0,0
54,1507.2,18497.71,4,14,11.38,29.3,0,1,11.61,1,2,5,1,10,13,0,1,0,1,0,0,1,0,1
54,2644.99,31468.49,3,17,33.77,7.7,2,0,48.73,2,4,5,1,1,18,0,1,0,0,0,1,0,0,1
44,2426.01,29417.97,4,12,18.01,20.2,0,0,168.76,1,3,1,2,2,11,1,0,1,0,0,0,0,0,0
49,3056.47,36953.79,1,4,11.28,23.9,1,0,163.42,2,6,4,0,9,9,1,0,0,0,0,0,1,0,0
53,3975.55,48001.85,1,4,36.52,6.7,1,0,10.89,0,4,1,2,4,12,0,0,0,0,1,0,0,1,0
44,2432.74,28884.78,3,16,12.52,13.9,0,0,71.13,1,2,2,0,9,11,0,0,1,0,0,0,1,0,0
65,3776.15,45902.56,5,16,55.38,13.5,1,1,45.41,4,4,2,0,4,12,1,0,1,0,0,0,1,0,1
53,4332.18,52783.23,3,13,8.37,11.2,1,0,91.89,2,1,0,1,7,13,1,0,0,1,0,0,0,0,0
25,1861.64,21408.15,5,17,29.98,4.1,2,0,21.07,1,3,6,0,3,18,0,1,0,0,1,0,1,0,0
30,5633.92,68020.97,3,10,26.42,4.3,0,0,88.0,0,3,1,0,7,12,0,1,0,0,0,1,0,0,0
24,4408.21,53605.35,5,15,16.73,13.0,1,0,61.06,4,5,0,0,1,9,1,0,0,0,1,0,1,0,0
28,2600.88,31318.24,2,8,50.62,12.1,2,0,6.78,2,4,1,2,9,9,1,0,0,0,0,1,0,0,0
67,6243.07,74969.7,4,14,17.38,19.1,1,1,47.97,3,5,2,1,1,9,0,0,0,0,0,1,1,0,0
56,2027.49,24145.47,3,10,28.99,14.9,2,0,144.27,2,3,4,0,2,20,1,0,0,0,0,0,0,0,0
49,5637.93,69130.81,4,12,44.38,3.9,3,0,153.83,3,0,2,1,8,14,0,0,1,0,0,0,0,0,0
69,1792.87,22033.74,2,9,10.22,15.1,2,1,10.1,1,3,2,0,2,11,0,0,0,0,0,0,1,0,0
41,3264.82,39261.25,4,13,23.56,6.6,1,0,21.21,5,5,2,0,5,14,1,0,0,0,0,0,0,1,0
22,2078.18,25469.79,4,14,17.62,27.6,1,0,39.37,0,3,1,0,6,17,0,1,1,0,0,0,0,1,0
29,3980.02,46232.37,5,14,30.57,7.8,2,0,0.35,1,3,3,1,4,12,1,0,1,0,0,0,0,0,0
18,4922.67,58927.91,2,7,25.21,11.5,0,0,20.58,2,6,0,1,8,18,0,0,0,1,0,0,0,0,0
74,1938.91,23398.14,3,12,37.99,5.4,1,0,43.99,3,6,7,1,9,9,1,0,0,1,0,0,1,0,0
35,3056.29,36927.99,3,11,29.45,15.2,0,0,10.03,3,7,1,0,7,20,0,0,0,0,0,0,0,0,0
31,2793.0,32831.4,3,12,25.26,20.4,0,0,14.45,3,4,2,0,4,14,1,0,1,0,0,0,0,0,0
39,6283.78,74086.43,3,9,18.23,14.1,1,0,9.47,3,5,2,0,9,8,1,0,0,0,1,0,0,1,0
52,4749.86,57664.14,0,5,3.34,6.9,1,0,57.91,0,3,1,1,2,17,0,0,0,0,1,0,0,0,0
71,4384.59,51762.84,1,4,15.88,11.6,2,0,89.84,1,3,2,0,1,9,0,0,0,0,1,0,0,1,0
28,3345.11,39530.26,4,16,56.29,8.7,0,0,10.41,0,5,2,1,7,13,1,0,0,1,0,0,0,1,0
65,5721.12,68328.57,1,6,11.55,15.1,0,0,62.85,2,3,3,0,1,8,1,0,0,0,1,0,0,1,0
27,3006.81,36133.85,4,14,8.13,15.4,1,0,36.58,2,1,5,2,5,12,1,0,1,0,0,0,1,0,0
48,1947.63,23459.6,8,28,19.79,17.6,1,0,5.12,0,1,1,1,10,17,0,1,0,0,1,0,0,1,0
19,7994.41,98310.54,5,16,26.4,10.7,1,0,19.21,1,3,2,1,7,9,1,0,0,0,1,0,0,0,0
22,4928.63,59839.29,6,21,26.05,19.0,0,1,137.29,0,6,5,2,3,19,1,0,0,0,1,0,1,0,0
71,4911.26,58877.69,3,12,80.87,3.8,2,0,67.2,2,3,4,0,7,15,0,0,0,0,0,0,1,0,0
41,4357.19,51680.28,2,6,8.76,7.0,0,1,16.24,1,4,3,0,3,19,1,0,0,0,1,0,0,0,0
75,1813.25,21357.53,1,4,41.52,3.0,0,0,201.84,3,2,5,2,8,13,1,0,0,0,0,1,0,0,0
70,2811.66,33796.95,5,17,45.73,13.8,2,1,51.54,2,2,6,0,3,15,0,0,0,0,1,0,0,0,0
42,2623.16,31346.45,4,15,73.39,8.1,3,1,63.01,4,2,3,3,6,13,1,0,0,1,0,0,0,0,0
64,3311.91,40996.62,7,21,21.1,15.8,3,1,110.58,1,3,4,1,1,8,0,1,0,1,0,0,1,0,0
26,2607.65,30911.47,1,4,2.55,4.9,1,0,33.71,4,2,2,1,2,20,0,0,0,1,0,0,1,0,0
22,3795.36,44857.73,3,12,15.71,13.1,0,1,51.98,2,3,5,0,7,14,1,0,1,0,0,0,1,0,0
33,3894.39,47273.88,2,11,26.81,11.0,2,0,19.48,0,1,0,2,7,14,1,0,0,1,0,0,0,1,0
22,3662.32,43935.78,0,3,10.75,16.4,1,0,24.88,3,4,2,0,8,13,1,0,0,0,0,0,0,1,0
48,8152.09,96051.21,2,8,33.57,15.9,2,0,71.67,3,4,2,2,7,20,1,0,0,0,1,0,0,0,0
34,5842.15,70791.53,3,12,33.76,19.7,1,1,58.61,2,3,6,1,2,12,1,0,0,0,1,0,0,1,0
73,3078.21,37916.65,1,7,3.93,26.0,0,0,0.26,1,2,3,1,7,16,0,0,1,0,0,0,0,0,0
53,1979.73,23826.98,2,9,17.61,10.2,3,1,144.59,4,8,6,0,4,8,0,0,0,0,1,0,1,0,0
70,5095.45,60964.91,3,13,7.01,16.6,2,0,45.33,2,3,2,0,1,8,1,0,1,0,0,0,0,1,0
46,3274.56,38422.19,1,2,17.08,6.9,1,0,124.98,0,1,2,1,1,17,1,0,0,0,1,0,1,0,0
26,3913.21,46411.55,5,17,31.78,19.6,0,1,44.1,2,6,3,0,10,19,0,1,0,0,0,1,0,1,0
64,1536.1,18137.45,7,23,45.21,14.1,1,0,26.54,1,4,2,1,6,13,1,0,1,0,0,0,1,0,0
19,2697.0,32567.66,0,5,1.0,14.8,1,0,14.99,1,2,2,2,5,9,1,0,0,0,0,1,1,0,0
67,4407.62,53669.96,4,17,128.27,10.9,1,0,137.8,1,6,0,0,4,13,0,1,1,0,0,0,1,0,1
31,3761.37,45959.9,1,3,10.89,21.2,1,0,16.29,3,5,4,2,9,15,1,0,0,0,0,1,1,0,0
59,2842.03,33876.83,3,11,33.58,12.8,2,0,21.27,3,6,3,1,3,18,1,0,0,0,1,0,0,1,0
63,1628.45,19570.5,3,12,6.61,17.3,0,0,42.51,1,3,3,0,9,11,0,0,0,0,0,0,0,0,0
63,1514.75,18171.24,4,16,38.28,8.8,0,1,19.69,7,6,4,1,9,19,1,0,0,0,1,0,0,0,0
34,2304.05,27236.86,4,13,40.18,9.8,0,1,55.35,1,2,1,2,7,18,1,0,0,0,0,1,0,0,0
25,2118.41,24613.98,3,12,29.99,8.4,2,0,96.42,0,6,6,2,2,10,0,0,0,0,1,0,0,0,0
30,1265.97,15342.33,1,6,22.7,7.4,0,1,44.68,3,5,1,1,6,20,1,0,0,0,0,1,1,0,0
35,1193.52,14073.84,6,23,16.13,13.1,1,1,30.57,4,3,5,1,8,11,0,1,0,0,0,0,0,0,0
63,3399.84,41178.42,2,10,9.66,9.8,2,1,209.96,2,4,5,0,9,10,0,0,1,0,0,0,1,0,0
48,7155.3,86442.23,7,25,58.19,4.6,0,1,48.41,3,6,1,1,5,11,1,0,1,0,0,0,1,0,0
70,2815.51,33027.66,2,10,51.81,9.6,2,1,14.58,3,2,2,0,6,13,1,0,1,0,0,0,1,0,1
40,2705.62,33115.77,4,16,21.85,10.1,1,0,92.64,0,10,3,2,6,20,1,0,0,0,0,1,0,0,1
53,3976.83,47236.23,8,26,32.52,8.3,0,0,45.55,5,1,4,0,3,16,1,0,0,0,0,1,0,1,1
62,8583.11,101301.18,1,7,8.0,6.2,0,0,37.58,1,3,3,0,10,14,0,0,0,0,0,0,1,0,0
49,5244.16,60628.25,3,11,13.79,1.3,0,0,27.53,0,1,1,0,2,13,1,0,0,0,0,0,0,1,0
20,5774.15,68086.71,2,7,7.75,13.3,0,1,11.36,4,4,4,1,4,12,0,0,0,0,1,0,1,0,0
70,3446.96,41868.75,4,15,72.09,21.8,1,0,29.21,1,5,6,0,3,9,1,0,0,0,0,0,1,0,0
20,2209.73,27241.5,3,13,16.77,4.0,1,0,40.81,3,5,2,1,1,14,1,0,0,0,0,1,1,0,0
24,10406.48,127448.74,1,5,10.12,19.9,0,0,40.75,2,4,2,0,8,8,1,0,0,0,1,0,0,1,0
27,11028.41,131659.17,3,10,12.41,3.5,2,0,10.86,2,1,5,0,8,16,0,0,0,0,0,0,1,0,0
50,4153.72,50853.57,2,7,8.63,6.9,0,0,67.92,4,4,2,0,6,20,0,0,0,0,1,0,0,0,0
61,4895.28,57973.27,3,13,9.14,2.8,2,0,7.32,4,3,2,0,10,10,0,0,0,1,0,0,1,0,0
52,2864.46,35502.55,9,28,24.96,15.0,0,1,52.81,0,1,2,0,2,11,1,0,0,0,1,0,1,0,1
66,5774.24,69793.88,1,5,2.17,12.9,4,0,17.46,5,2,1,1,3,16,0,0,1,0,0,0,0,1,0
63,9716.29,114041.82,1,6,3.04,7.1,0,0,8.68,0,4,3,0,7,19,0,0,1,0,0,0,0,1,0
67,10220.82,120765.23,3,11,9.2,18.0,2,1,8.45,2,4,4,0,10,10,1,0,1,0,0,0,0,1,0
43,6881.27,83549.7,1,5,5.86,14.8,0,0,8.32,3,2,5,0,6,8,1,0,1,0,0,0,0,0,0
52,4000.8,48819.97,1,4,9.64,5.7,0,0,173.26,3,3,2,1,3,13,1,0,0,1,0,0,0,0,0
47,1692.46,20288.47,1,5,12.6,17.6,0,0,11.52,2,3,4,0,4,9,0,1,1,0,0,0,1,0,1
55,4284.97,52325.0,2,7,36.02,12.5,1,0,107.37,2,1,2,1,6,13,1,0,0,0,0,1,0,1,0
65,2216.77,27042.4,3,11,13.18,4.4,3,1,78.06,5,4,3,1,7,11,1,0,0,0,1,0,0,1,0
33,4581.8,54972.27,1,7,29.29,21.8,3,0,123.62,1,5,2,0,10,13,1,0,0,0,1,0,0,1,0
36,2010.74,24520.22,2,8,59.29,3.7,0,0,78.06,0,4,6,2,10,15,0,0,1,0,0,0,0,0,0
64,3002.21,35805.79,3,10,12.31,5.9,3,0,98.21,5,4,2,0,5,15,1,0,0,0,0,0,0,0,0
38,7013.1,85086.08,4,14,10.96,16.0,0,0,12.07,0,3,4,0,10,18,1,0,0,0,1,0,0,0,0
46,5974.28,70760.63,4,14,25.06,9.5,2,0,77.76,3,5,1,1,8,16,1,0,1,0,0,0,1,0,0
40,4716.18,57335.1,4,15,86.68,14.0,0,0,0.57,2,4,3,1,9,14,0,0,0,1,0,0,1,0,1
35,5602.71,66579.0,3,13,10.48,25.0,0,0,15.6,1,5,5,0,6,11,1,0,0,0,0,0,0,1,0
19,6321.46,75828.65,1,4,32.37,11.1,1,0,24.28,0,9,3,1,1,8,0,0,1,0,0,0,0,1,0
60,4323.43,52121.14,4,16,25.83,13.1,2,1,29.9,3,1,4,1,3,9,0,0,0,0,0,1,1,0,0
65,1866.73,22618.43,4,14,32.61,13.3,0,0,41.89,2,2,3,2,1,18,0,0,0,0,1,0,0,0,0
35,2823.59,34580.56,4,12,94.27,6.6,0,0,58.98,2,5,4,2,5,8,1,0,0,0,0,1,1,0,0
48,2135.91,25673.88,4,16,9.2,10.8,0,0,18.1,2,3,2,0,3,13,1,0,0,0,1,0,0,1,0
56,7080.36,85940.49,3,14,11.37,9.4,0,0,0.3,2,4,0,0,4,9,1,0,0,0,0,1,1,0,0
73,956.03,11371.03,1,6,3.52,15.8,1,0,1.13,0,4,3,0,2,16,1,0,0,0,0,1,0,0,0
23,6368.77,77494.85,1,2,33.08,11.5,0,0,8.7,2,3,2,1,5,19,0,0,0,1,0,0,0,1,0
25,9531.65,114803.08,3,12,13.3,5.4,3,0,53.0,1,4,3,1,1,9,0,0,0,0,0,1,0,1,0
49,2733.44,33150.79,4,11,12.12,9.6,0,1,48.37,2,4,4,1,8,20,1,0,0,0,0,1,0,0,1
39,4332.1,52196.44,5,18,42.98,19.6,1,1,65.72,4,3,1,1,1,14,0,1,0,1,0,0,1,0,0
18,3295.84,39890.6,1,7,14.97,18.7,1,0,53.84,4,5,2,0,4,12,1,0,0,0,1,0,0,1,0
54,3643.78,44186.02,3,9,16.21,15.8,1,0,24.09,2,3,3,0,8,10,1,0,0,0,1,0,1,0,0
31,2664.32,31774.11,1,4,30.41,16.7,1,0,12.34,2,7,1,0,2,19,0,0,0,0,1,0,0,1,0
49,2151.32,26259.45,1,5,15.87,12.1,0,0,7.36,1,4,3,0,10,11,0,0,0,0,1,0,1,0,0
34,9681.85,116332.08,4,15,46.45,3.9,0,0,138.35,0,4,4,0,7,13,0,0,0,0,1,0,0,0,0
68,2475.47,29592.43,0,2,1.53,10.2,0,0,22.25,0,8,1,0,10,11,0,0,0,0,0,1,1,0,0
22,4928.63,59828.64,6,19,63.32,16.3,1,1,210.81,0,6,1,0,3,18,1,0,0,0,1,0,1,0,0
68,2475.47,29108.22,6,22,19.6,23.4,0,0,165.54,3,6,0,1,8,12,0,0,0,0,0,1,0,0,0
68,2761.13,32912.48,2,8,29.47,19.1,0,0,33.65,3,2,3,0,7,18,0,1,0,0,0,0,0,0,0
70,3278.09,39134.77,2,6,8.78,9.5,1,0,54.6,1,1,2,2,10,19,1,0,0,0,1,0,0,0,0
27,5381.98,65037.93,2,7,7.79,7.1,1,0,13.56,3,2,2,2,4,8,0,0,0,0,1,0,0,0,0
22,3005.1,35935.3,0,3,12.91,13.6,2,0,44.81,2,5,5,2,4,16,1,0,1,0,0,0,0,0,0
36,2559.51,31247.07,2,10,5.96,21.4,2,0,38.36,2,5,2,2,1,10,1,0,0,0,1,0,0,1,1
29,1985.96,23279.84,1,6,33.85,12.6,0,0,174.88,2,6,8,0,4,16,1,0,1,0,0,0,0,1,0
32,4521.07,54574.85,2,7,5.7,3.9,3,0,35.77,1,5,6,0,7,15,1,0,1,0,0,0,0,1,0
41,3096.63,36535.11,5,17,19.02,17.0,0,0,59.05,1,3,4,0,9,14,0,0,0,0,0,0,1,0,0
40,2267.25,27051.37,1,4,13.89,7.1,0,0,18.96,2,0,2,1,10,12,1,0,0,0,0,0,0,0,0
20,3364.91,40938.47,2,9,8.03,11.0,0,1,74.44,1,4,6,1,8,13,0,1,1,0,0,0,0,0,0
34,5210.94,63283.12,1,10,5.45,10.5,0,1,6.07,2,7,2,1,10,19,1,0,1,0,0,0,1,0,1
27,3383.16,40682.65,1,5,21.66,19.2,2,0,33.48,1,1,3,0,8,18,1,0,0,0,0,0,0,1,0
55,2806.18,33014.65,3,9,10.56,26.6,1,0,77.99,2,0,5,2,10,9,1,0,0,0,0,0,1,0,1
46,3321.79,40506.06,1,8,11.84,30.3,2,0,2.05,0,8,1,1,8,9,0,0,0,1,0,0,0,0,0
53,4752.08,56283.62,1,6,7.95,15.1,0,1,33.02,4,4,5,1,5,15,1,0,0,0,0,1,0,1,0
40,4716.18,56873.27,4,13,8.71,21.8,0,0,10.4,2,4,2,1,4,17,1,0,0,1,0,0,0,0,1
24,4972.64,61192.63,3,12,14.66,16.2,0,0,1.61,5,3,3,2,3,16,0,0,0,0,0,1,0,1,0
51,2809.35,34283.25,4,13,12.41,21.3,2,1,36.56,1,5,4,0,3,17,1,0,1,0,0,0,0,1,1
61,4250.49,50941.83,3,12,16.37,7.1,1,0,11.6,2,4,3,0,7,18,1,0,1,0,0,0,0,1,0
38,1768.87,20985.49,2,8,12.06,15.8,1,1,7.3,1,11,2,2,8,20,1,0,0,1,0,0,1,0,0
24,4408.21,52999.78,2,6,84.49,24.3,2,0,62.8,4,4,1,2,10,20,1,0,0,0,1,0,1,0,0
45,3034.56,36803.57,1,6,26.48,5.9,0,0,126.15,3,4,3,2,8,8,0,0,0,0,1,0,0,0,0
38,3547.52,43641.59,1,3,19.24,2.9,0,0,19.86,3,1,3,1,3,15,0,0,0,1,0,0,1,0,0
73,3093.25,37616.77,5,17,49.05,4.9,5,0,12.3,2,3,2,0,1,10,1,0,0,0,1,0,0,1,0
74,6095.6,74037.2,6,21,12.5,3.6,1,0,12.29,1,3,5,1,9,20,0,0,0,0,1,0,0,0,0
26,1847.39,22201.21,0,1,36.37,7.3,1,0,3.61,2,2,5,1,4,13,1,0,0,1,0,0,1,0,0
63,1763.06,21214.6,2,7,33.54,17.5,0,0,197.58,2,5,3,0,2,17,1,0,0,0,0,0,1,0,0
22,3927.44,47546.19,2,9,15.23,23.7,0,0,0.57,1,4,6,1,6,15,1,0,0,1,0,0,1,0,0
19,5421.54,66342.24,1,5,10.98,4.8,1,0,105.63,1,1,5,0,1,10,1,0,1,0,0,0,1,0,0
46,2364.78,28206.21,2,10,4.15,13.3,0,0,1.76,7,4,0,3,9,12,1,0,0,0,1,0,0,0,0
28,3275.9,39437.59,1,8,25.51,13.0,1,0,161.94,4,2,4,0,4,14,1,0,0,1,0,0,1,0,0
42,1918.11,22829.33,2,9,14.11,10.9,0,0,16.2,1,6,1,0,2,10,1,0,0,0,0,0,0,1,1
42,2291.55,27577.15,0,3,7.62,9.9,2,0,30.91,2,6,1,0,2,15,1,0,0,0,1,0,1,0,0
70,4294.87,51353.31,2,6,6.5,1.2,0,0,37.41,7,4,2,0,3,16,1,0,0,0,1,0,1,0,0
38,1768.87,20745.39,3,13,31.41,3.1,4,1,91.01,3,3,6,1,10,17,1,0,0,1,0,0,1,0,0
74,1529.43,17935.59,0,3,21.2,8.1,1,0,45.4,1,3,4,0,10,11,1,0,0,1,0,0,0,1,0
46,2385.55,29156.17,1,2,12.15,5.1,0,0,31.8,7,7,2,1,1,15,0,1,0,0,0,0,0,1,0
20,2427.37,28749.95,3,10,14.92,11.7,1,1,129.61,1,2,5,0,3,12,1,0,0,0,0,0,1,0,0
49,2309.34,27512.37,4,12,22.31,24.7,1,1,14.59,2,2,3,0,9,8,0,0,0,1,0,0,0,0,1
56,2625.65,31735.92,2,8,35.56,24.3,0,1,24.19,2,4,2,0,3,19,1,0,0,0,0,1,0,1,1
48,4410.88,53596.81,5,16,32.89,6.7,1,1,235.46,3,3,1,2,5,12,1,0,0,0,0,1,1,0,0
63,2705.73,31979.16,1,4,14.63,3.6,2,0,80.66,5,2,5,0,7,16,1,0,0,0,0,0,1,0,0
63,4313.63,52387.23,4,14,10.12,3.4,0,0,45.5,4,6,7,0,3,10,0,0,0,1,0,0,0,1,0
25,3147.15,36368.42,3,13,12.16,33.0,1,1,61.66,2,4,6,1,6,17,1,0,0,1,0,0,1,0,0
75,3613.17,43219.47,0,6,3.86,9.9,1,1,229.07,2,7,1,2,5,11,0,0,0,1,0,0,0,1,0
54,2755.78,33603.84,0,4,6.27,7.3,0,0,187.72,3,7,3,1,2,10,1,0,0,0,0,0,1,0,0
55,3877.87,46284.73,3,10,7.29,19.1,2,0,3.67,1,3,3,0,5,13,0,0,0,1,0,0,1,0,0
64,3002.21,35364.75,4,13,10.02,19.9,0,0,12.04,1,4,5,1,7,12,1,0,0,0,0,0,0,0,0
32,3718.56,44410.84,1,4,36.67,11.4,0,1,123.69,1,8,2,1,7,14,1,0,0,0,0,0,0,0,0
29,3333.25,40158.25,2,6,25.14,7.5,0,0,31.6,1,3,4,0,4,12,0,0,0,1,0,0,1,0,0
36,2773.39,33670.88,7,24,42.71,8.4,1,1,66.17,4,2,4,1,4,18,0,1,1,0,0,0,0,1,1
48,7991.27,94139.78,5,18,18.48,21.8,0,1,1.9,1,4,1,1,9,18,0,0,0,0,0,0,0,0,1
40,4451.16,52870.44,5,18,21.29,13.7,2,1,77.79,1,3,1,0,5,14,1,0,1,0,0,0,1,0,1
63,4326.92,51582.13,4,16,24.17,5.5,2,0,36.21,4,4,0,0,9,9,0,0,0,0,0,1,1,0,0
35,2156.93,26102.27,5,16,31.98,12.6,0,0,53.77,5,3,2,0,6,17,1,0,0,1,0,0,1,0,0
27,3383.16,41590.45,3,16,9.81,2.7,0,0,60.97,0,4,9,1,2,15,0,0,0,0,0,0,1,0,0
38,3085.98,37064.87,0,4,3.77,25.8,0,0,83.55,4,1,1,0,8,15,0,0,0,0,0,0,0,0,0
35,2196.42,26004.82,1,5,23.28,18.0,1,0,94.15,0,4,4,0,4,19,1,0,0,0,1,0,0,0,0
49,3972.19,48259.92,2,9,17.49,6.7,2,1,12.58,2,6,7,0,1,11,0,1,0,0,1,0,0,0,0
24,6804.19,80941.16,1,7,11.59,6.2,1,0,8.95,3,5,3,0,5,12,0,0,0,0,1,0,0,1,0
52,3135.32,38623.86,0,2,9.93,10.0,0,0,14.69,1,5,3,0,8,11,1,0,1,0,0,0,1,0,0
53,2669.56,30616.54,0,3,6.49,20.8,1,0,188.34,1,2,3,1,8,15,1,0,0,0,1,0,1,0,1
26,3047.82,36255.52,1,6,8.76,18.1,2,1,129.54,2,4,2,2,2,9,1,0,1,0,0,0,1,0,0
51,2835.92,33668.92,3,9,8.6,11.8,3,0,19.48,2,4,3,1,2,11,0,0,0,0,0,1,0,0,1
69,2007.1,24667.12,6,21,27.95,9.6,1,1,115.34,2,3,4,1,1,17,1,0,0,0,1,0,1,0,0
39,2832.17,34203.66,4,14,21.56,1.9,0,0,7.49,2,3,2,1,2,12,0,0,0,0,1,0,1,0,0
67,4407.62,52760.43,5,18,25.53,3.3,1,0,4.33,4,5,3,2,4,12,1,0,1,0,0,0,0,0,1
64,1899.64,22717.41,5,19,25.51,8.8,1,0,18.9,0,7,4,1,5,9,1,0,0,0,0,0,0,1,0
64,3381.44,40318.71,0,0,15.04,17.6,1,0,63.44,2,5,5,1,7,16,0,0,0,0,1,0,1,0,0
68,1647.98,19823.37,5,15,25.83,17.2,3,1,10.37,2,4,1,2,8,16,0,0,0,1,0,0,0,0,0
31,4870.6,57835.52,0,1,22.59,8.6,0,0,168.59,2,3,2,3,1,15,0,1,1,0,0,0,0,0,0
67,6394.09,77259.54,8,24,20.52,16.5,4,1,18.85,3,3,5,2,10,20,0,0,0,0,1,0,0,1,0
39,3768.59,45296.18,2,7,24.04,7.4,1,0,25.72,0,5,3,0,7,8,1,0,0,0,1,0,0,0,0
29,7900.59,96464.65,4,13,18.36,23.0,1,1,24.62,2,3,1,1,6,13,1,0,0,0,0,0,0,1,0
54,10097.74,123642.62,3,9,25.64,4.7,1,0,35.56,2,3,5,0,6,13,1,0,0,0,0,1,0,0,0
73,4526.66,52910.63,0,3,35.11,9.7,1,1,133.15,0,1,7,2,1,20,1,0,0,0,0,0,0,1,0
69,2512.11,29682.01,2,8,8.34,16.5,2,1,26.48,2,1,1,0,2,8,0,0,0,0,0,1,0,1,0
42,3717.71,44631.29,2,9,21.24,6.6,2,0,24.09,5,2,4,2,4,9,0,0,0,0,1,0,0,0,0
42,2291.55,27251.47,1,3,15.16,7.1,0,0,17.61,5,6,1,1,4,14,1,0,0,0,1,0,1,0,0
54,5123.67,60980.47,2,8,18.22,8.0,0,1,54.4,0,3,5,1,10,11,0,0,0,0,0,1,0,1,1
18,2456.21,29321.48,2,10,4.93,9.0,1,0,7.98,2,2,3,3,4,12,0,0,0,0,1,0,1,0,0
41,2617.76,32318.41,1,4,20.37,6.2,0,0,31.98,2,3,3,2,3,13,1,0,0,0,0,0,0,1,1
41,3922.52,47658.55,3,9,24.19,4.2,1,0,5.74,1,4,1,1,10,17,1,0,0,1,0,0,0,0,0
44,5817.81,69641.5,3,11,15.44,11.5,1,0,17.92,3,2,2,0,2,18,1,0,0,0,0,0,0,0,0
33,4092.33,48579.3,1,4,69.4,16.0,2,0,38.31,0,3,3,1,10,12,1,0,0,0,0,0,0,0,0
24,4385.97,52461.26,7,23,19.36,19.4,1,1,45.07,5,2,0,2,8,12,1,0,0,0,1,0,1,0,0
22,2128.86,25704.47,6,23,16.72,19.7,2,1,1.72,2,1,5,0,1,15,1,0,0,0,0,1,0,1,0
44,2476.26,28734.01,5,16,36.09,14.1,0,0,17.59,1,4,1,2,3,16,1,0,0,0,0,0,0,0,0
61,2570.53,31142.82,5,20,44.36,6.0,1,0,118.75,0,10,2,0,6,15,1,0,1,0,0,0,1,0,0
52,2158.13,25648.39,5,20,17.51,7.5,1,0,13.62,3,2,2,1,1,14,1,0,0,0,0,0,1,0,0
64,6076.57,73869.18,4,14,14.2,10.0,2,1,28.34,5,1,0,0,10,15,0,0,0,1,0,0,1,0,0
53,2955.18,35970.61,2,7,9.17,6.6,2,1,12.19,2,7,3,1,6,11,1,0,1,0,0,0,1,0,0
36,2358.02,27951.0,3,9,6.56,17.1,3,0,90.39,2,3,5,1,4,16,0,0,0,0,0,1,0,1,0
51,4258.57,50072.29,5,18,20.24,19.8,1,0,177.53,1,5,1,0,6,16,1,0,1,0,0,0,0,0,0
69,1792.87,21959.14,4,12,17.63,10.7,0,1,21.69,3,2,2,0,4,15,0,0,0,0,0,0,0,0,1
22,3559.15,42376.3,0,2,5.71,19.2,2,0,2.69,1,5,3,1,9,15,0,1,0,0,1,0,0,1,0
45,2925.31,35266.64,4,14,20.2,27.1,2,0,324.37,3,2,3,2,7,18,0,0,0,0,1,0,0,0,0
34,3018.44,35517.38,3,12,18.8,20.0,1,1,16.09,2,4,2,0,2,14,0,1,1,0,0,0,1,0,0
63,1973.54,23518.66,0,1,2.52,6.1,1,0,73.81,1,2,4,1,8,13,0,0,0,1,0,0,1,0,1
45,5466.68,67388.36,1,5,59.23,8.6,0,0,86.73,3,3,2,0,6,15,0,0,1,0,0,0,1,0,1
26,3258.36,39778.62,3,12,35.89,16.7,1,0,43.12,6,7,4,2,2,10,1,0,0,0,1,0,0,0,0
63,1763.06,21218.02,4,13,23.16,13.7,0,0,9.49,1,1,3,0,3,10,0,0,0,0,0,0,1,0,0
60,5629.89,66891.31,3,13,18.07,13.6,1,0,35.52,3,7,2,0,2,19,0,0,1,0,0,0,1,0,0
41,5536.45,68026.98,3,11,11.41,14.1,2,0,25.5,3,4,1,1,1,15,0,1,0,0,0,1,1,0,0
50,4392.03,53496.29,6,21,15.3,8.4,1,0,67.73,0,4,4,1,6,10,1,0,0,1,0,0,1,0,0
41,1861.65,22057.16,1,6,20.27,27.4,1,1,61.18,4,6,4,1,1,11,1,0,0,0,0,0,1,0,1
23,4232.56,51566.37,0,1,33.15,2.8,0,0,54.61,3,4,2,0,8,17,1,0,0,1,0,0,0,1,0
33,1992.0,24131.68,3,12,31.45,6.3,2,0,33.8,4,6,4,1,10,10,1,0,0,0,0,1,1,0,0
53,5304.76,62629.57,2,8,23.36,12.1,0,0,67.11,2,7,4,2,3,11,0,1,0,0,0,0,0,1,1
59,3445.78,41775.64,4,14,77.66,16.1,0,1,31.38,4,8,2,2,7,14,1,0,0,1,0,0,0,0,0
50,1789.4,21370.21,3,12,19.81,9.8,1,0,0.57,8,4,2,1,2,15,1,0,0,0,0,0,0,0,1
22,3762.37,44546.51,4,14,67.0,5.9,2,1,28.5,3,4,2,1,9,8,1,0,0,0,1,0,1,0,0
74,2213.08,26383.35,7,23,21.14,15.0,0,1,42.92,0,4,5,2,6,11,1,0,0,1,0,0,1,0,0
46,4212.03,49935.91,2,6,23.5,12.7,0,1,0.73,2,6,4,1,7,20,1,0,0,0,0,0,1,0,1
49,1376.95,16583.32,1,4,12.35,26.4,2,0,42.0,1,5,1,0,10,18,1,0,0,0,0,1,0,1,0
61,9287.34,111890.45,0,2,33.08,13.0,2,0,53.5,0,3,0,1,3,16,1,0,1,0,0,0,0,0,0
20,3783.52,44592.66,5,20,37.84,13.6,2,1,360.31,3,5,3,0,9,20,1,0,0,0,0,0,1,0,0
71,6194.46,76003.99,2,8,13.97,12.6,2,1,79.11,1,7,5,2,1,18,1,0,0,0,0,1,0,0,0
32,4864.3,57719.13,3,11,33.47,8.5,0,0,49.7,2,2,2,1,1,16,1,0,1,0,0,0,0,1,1
73,5105.71,62469.76,5,15,13.3,18.4,1,1,154.92,3,4,2,1,2,9,0,0,0,0,0,0,0,0,0
21,2548.67,30495.19,1,4,15.45,9.4,2,1,20.44,4,2,8,1,10,9,1,0,0,0,1,0,0,0,0
45,3480.5,42618.76,2,9,6.94,4.3,0,0,68.92,1,5,1,0,8,19,1,0,0,1,0,0,1,0,0
20,4477.74,54147.87,0,2,3.02,3.4,1,0,58.78,3,2,3,0,7,12,1,0,0,0,0,0,1,0,0
36,1405.19,16756.09,6,21,21.13,28.4,3,0,17.41,3,1,1,2,1,11,0,0,0,0,0,0,1,0,1
28,3808.62,45619.04,8,25,31.19,10.0,1,1,13.6,2,6,1,1,10,9,1,0,0,0,1,0,1,0,0
26,3258.36,38891.82,1,4,8.89,13.9,1,0,33.78,6,5,2,0,8,8,0,0,0,0,1,0,0,0,0
72,4071.61,48996.63,3,12,21.93,9.7,0,1,9.63,3,6,4,0,10,11,0,0,0,1,0,0,0,1,0
23,2925.34,34816.75,6,22,28.84,7.7,0,1,184.66,0,6,2,1,4,19,0,0,0,0,0,1,0,0,0
46,3643.18,44225.5,0,1,3.16,17.0,3,1,8.39,2,5,4,1,8,19,1,0,0,0,0,1,0,0,0
73,4275.71,51718.85,7,23,23.69,22.5,0,0,44.26,3,2,2,2,3,16,1,0,0,1,0,0,0,0,0
49,3071.78,36128.62,1,6,30.29,17.9,3,1,64.61,3,5,4,0,4,8,1,0,0,0,0,0,1,0,0
41,3129.07,37559.84,2,7,16.17,0.3,1,0,21.15,2,2,5,1,5,11,0,1,0,1,0,0,0,1,0
39,5064.34,59740.13,6,18,24.98,6.7,2,0,21.51,3,6,1,0,4,15,0,0,0,0,0,0,0,0,1
49,2662.42,31965.49,2,6,7.25,17.4,1,0,33.51,0,3,4,1,8,15,1,0,0,0,0,0,0,1,0
52,3459.27,41605.22,3,11,40.84,21.3,0,1,116.11,2,7,4,2,3,9,1,0,0,1,0,0,0,0,0
65,4416.9,53295.09,3,11,11.97,8.1,2,1,2.23,0,2,3,2,8,14,0,0,1,0,0,0,1,0,0
57,8157.26,99272.79,1,6,17.77,13.6,0,0,134.39,2,0,3,1,8,8,1,0,0,0,0,0,1,0,0
56,2625.65,31698.05,1,6,9.5,10.6,0,1,10.16,0,5,1,2,9,17,1,0,0,0,0,1,0,0,0
47,2467.8,29871.84,3,12,30.1,10.4,0,0,59.92,3,4,5,0,9,19,1,0,0,0,0,0,0,0,1
54,3643.78,44733.17,6,18,37.79,10.2,0,0,2.62,1,5,2,0,2,17,1,0,0,0,1,0,1,0,1
70,5883.31,70301.72,4,15,9.04,11.7,1,0,3.91,3,3,2,0,6,9,1,0,0,0,1,0,0,0,1
23,4646.24,55938.28,2,9,7.75,13.7,0,1,63.4,0,3,2,0,10,11,1,0,0,0,1,0,0,0,0
74,2854.37,34593.33,3,15,11.87,20.2,1,0,17.75,2,4,3,2,2,11,0,0,0,0,1,0,1,0,0
51,2735.2,32778.6,2,6,6.74,12.3,0,0,8.22,2,2,3,0,9,10,1,0,0,0,1,0,0,0,0
45,1670.09,19980.81,5,16,32.3,5.7,1,0,37.91,3,1,1,1,5,13,0,0,0,0,1,0,0,0,0
71,4475.63,52684.08,2,8,12.89,22.1,1,0,0.97,3,4,0,2,3,12,1,0,0,0,1,0,1,0,0
20,3292.47,39096.25,1,4,11.36,7.4,1,0,144.17,1,4,1,3,10,17,1,0,1,0,0,0,1,0,0
72,2916.18,34283.39,6,20,22.13,13.1,2,1,43.96,2,6,2,0,3,9,0,0,0,0,0,0,0,0,0
42,5956.23,73078.85,3,10,11.49,24.3,0,0,70.27,6,4,4,0,9,16,0,0,0,0,0,0,0,1,0
42,4204.87,50808.1,2,10,47.48,17.1,0,0,31.16,1,6,8,1,8,8,1,0,0,0,0,0,1,0,1
51,1869.06,22163.02,0,2,13.62,12.0,2,1,65.56,4,5,3,0,1,13,1,0,0,1,0,0,0,0,0
31,3761.37,46359.08,1,6,20.52,11.7,2,0,58.5,2,5,5,0,9,11,0,0,0,0,0,1,1,0,0
38,3547.52,42963.76,1,7,8.45,21.7,0,0,149.69,4,3,3,1,8,17,1,0,0,1,0,0,0,1,1
32,2674.16,32231.85,1,5,28.87,10.7,0,0,72.81,1,4,5,1,3,9,0,0,0,0,0,0,0,0,0
54,2527.24,31148.57,4,13,24.93,13.0,0,0,6.51,0,3,2,1,7,9,0,0,0,0,0,1,0,0,0
43,10433.13,128722.95,3,11,6.1,15.6,1,0,5.29,1,4,1,1,2,17,0,0,0,0,1,0,0,0,0
19,5355.15,66317.06,4,16,11.89,10.1,1,0,192.33,3,1,2,2,5,20,1,0,0,1,0,0,0,1,0
54,6398.98,79253.86,7,22,31.64,8.7,2,0,2.61,2,2,4,1,2,17,1,0,0,0,1,0,1,0,1
34,5454.61,65749.84,5,15,17.96,2.6,0,0,57.52,5,3,5,0,1,12,1,0,1,0,0,0,0,1,0
25,4499.8,55476.62,2,7,19.23,18.5,0,0,32.82,3,5,4,2,4,18,1,0,1,0,0,0,1,0,0
23,4035.52,47941.51,0,2,19.73,11.7,1,0,75.21,3,1,2,1,2,20,0,0,0,0,0,1,0,0,0
34,2199.49,26412.03,0,3,2.04,12.6,1,0,92.64,3,5,6,1,1,20,1,0,0,1,0,0,1,0,0
73,3904.99,46077.35,2,6,49.39,17.5,0,0,91.1,1,3,2,0,10,19,1,0,0,1,0,0,1,0,0
28,3209.98,39262.18,1,3,4.29,1.7,2,0,77.8,7,1,0,0,2,9,1,0,0,1,0,0,0,0,0
70,5954.57,71760.67,4,13,54.48,17.3,0,0,12.34,2,3,1,1,5,14,0,0,0,0,1,0,1,0,0
49,3483.95,40414.55,2,9,11.16,3.5,1,0,61.1,5,6,3,2,2,15,0,0,0,0,0,1,1,0,0
44,2210.65,27148.18,0,0,3.76,5.1,0,0,57.56,3,8,4,1,5,15,1,0,0,0,1,0,1,0,0
73,5105.71,62915.5,1,4,34.52,14.1,0,1,79.77,1,3,1,0,6,11,0,1,0,0,0,0,0,0,0
19,4015.78,48402.55,3,10,14.93,7.4,1,1,19.03,1,4,2,1,9,14,1,0,0,0,0,1,0,0,0
33,1943.71,23004.99,2,7,15.36,1.0,2,0,12.77,6,4,1,0,3,19,1,0,0,1,0,0,1,0,0
43,5083.85,63037.27,0,5,42.91,6.3,0,1,75.17,1,8,1,1,5,16,1,0,0,0,1,0,1,0,0
18,6328.39,77442.86,8,27,21.74,11.1,2,0,49.59,3,7,3,2,3,9,1,0,1,0,0,0,0,0,0
67,10843.67,131807.17,7,26,18.05,21.0,0,1,84.12,2,5,4,0,2,19,1,0,0,0,0,0,1,0,0
27,4131.55,50009.8,0,3,7.59,8.8,1,0,22.28,4,5,4,1,6,17,0,0,0,0,0,1,0,0,0
51,5533.04,67122.6,3,9,10.72,3.2,0,0,110.62,4,6,2,4,8,10,1,0,0,0,0,1,0,0,0
61,4904.52,59638.51,1,5,42.87,12.0,1,0,25.68,1,3,3,0,7,17,1,0,1,0,0,0,0,0,0
30,7750.63,95148.34,5,20,46.38,17.0,3,1,191.18,1,4,5,1,7,18,1,0,0,1,0,0,1,0,0
58,2837.26,34571.65,0,3,42.78,19.8,1,0,243.48,1,2,3,1,9,15,1,0,0,0,0,0,0,0,0
60,5411.26,64469.78,3,12,24.11,8.6,2,0,17.59,2,7,2,1,2,11,0,0,0,1,0,0,0,0,0
25,2826.98,33763.81,5,20,41.34,21.4,1,1,37.58,5,3,0,1,5,8,1,0,0,0,0,1,1,0,0
49,2818.73,34238.02,3,10,10.7,5.4,1,0,22.71,1,4,4,0,5,10,1,0,0,0,0,0,0,0,0
52,5558.24,66511.98,0,1,17.65,11.9,0,0,2.88,2,3,4,0,1,15,0,0,0,0,1,0,1,0,0
47,4022.35,48463.29,4,13,19.03,28.0,1,1,76.6,2,4,3,0,5,10,1,0,0,1,0,0,0,0,0
26,2375.4,28558.57,2,7,4.07,19.7,0,0,12.1,3,4,2,2,4,8,1,0,0,1,0,0,1,0,0
73,11465.03,139056.32,4,13,31.21,18.9,0,0,104.79,3,1,2,0,7,20,1,0,0,0,1,0,1,0,0
63,4326.92,52195.1,2,8,6.93,4.4,0,0,101.34,1,4,1,1,3,8,1,0,0,0,0,1,1,0,0
70,3010.92,36705.46,2,9,14.07,7.9,0,0,79.24,2,4,2,1,1,14,1,0,0,0,1,0,1,0,0
51,5795.37,70669.8,1,5,16.4,8.7,4,0,28.36,3,4,1,1,4,11,1,0,0,1,0,0,0,0,0
64,3420.09,41191.88,2,9,7.56,13.7,0,0,76.72,3,4,5,0,3,13,1,0,0,0,0,1,1,0,0
48,2855.86,34142.64,2,8,23.03,12.5,0,1,4.06,3,3,2,2,5,10,0,0,1,0,0,0,0,0,0
32,2519.16,30420.19,2,9,34.96,25.5,4,0,53.78,1,2,5,1,3,14,1,0,0,0,0,0,1,0,0
19,1983.23,24615.84,1,7,10.18,8.3,0,0,18.62,1,5,2,0,9,9,1,0,0,0,1,0,0,0,0
19,2697.0,32291.21,2,8,17.14,16.9,0,0,76.16,0,5,2,0,6,15,0,0,0,0,0,1,0,0,0
52,2261.02,27040.83,2,10,37.26,9.0,1,0,129.24,5,5,3,0,6,19,0,0,0,0,0,0,0,1,0
69,3925.55,46377.47,5,19,11.5,8.4,0,0,103.85,2,5,8,1,6,16,1,0,1,0,0,0,0,1,0
47,1692.46,20364.15,0,0,36.68,26.2,1,0,58.42,3,2,5,4,9,14,1,0,1,0,0,0,1,0,0
19,4196.39,48153.22,1,6,71.63,19.1,2,0,4.46,1,5,9,1,6,9,1,0,0,0,1,0,0,1,0
25,1285.18,15072.45,2,8,46.22,22.9,2,0,115.28,3,6,2,0,9,17,0,0,0,0,1,0,0,1,0
73,3501.16,42392.9,4,13,23.25,33.4,0,1,1.51,1,2,1,0,5,9,0,0,1,0,0,0,1,0,0
55,2806.18,34628.77,2,11,13.89,4.8,2,0,120.64,0,1,3,2,10,16,1,0,0,0,0,0,1,0,0
32,7873.12,95178.32,0,4,6.54,19.7,0,0,15.48,3,4,2,1,6,14,1,0,0,1,0,0,0,0,0
45,1670.09,19873.89,2,8,19.42,12.0,1,0,4.96,1,4,1,2,3,16,1,0,0,0,1,0,0,1,0
72,11430.01,139611.56,1,4,3.48,26.0,1,0,16.48,4,1,1,0,6,12,1,0,0,0,1,0,0,0,0
29,5716.36,66295.61,3,14,34.28,17.1,1,1,7.63,3,4,3,2,1,20,0,0,1,0,0,0,0,0,0
51,5006.73,59871.83,3,9,14.83,12.6,1,0,13.06,5,3,6,0,9,17,1,0,0,0,0,0,1,0,1
19,5147.38,62152.25,0,3,2.49,10.9,1,0,12.72,2,2,0,3,9,17,1,0,0,0,0,1,1,0,0
64,2227.89,27084.69,0,3,27.26,12.8,0,0,29.24,1,3,2,0,9,14,0,0,0,0,0,0,1,0,0
27,11028.41,132201.84,5,18,26.29,16.9,0,0,14.34,6,6,3,0,7,11,1,0,0,0,0,0,1,0,0
75,3418.86,42091.5,2,9,15.5,11.7,1,1,28.38,0,3,3,0,4,15,0,0,0,0,0,1,1,0,0
57,2278.12,27331.15,1,6,34.11,12.5,2,0,26.58,2,3,1,1,3,19,1,0,0,0,0,0,1,0,0
43,3869.08,45422.92,3,11,12.03,8.2,1,1,76.42,4,1,3,1,7,10,0,0,1,0,0,0,0,0,0
41,3502.72,41649.63,0,3,1.22,9.9,0,0,18.34,1,6,4,1,2,12,1,0,0,0,0,0,0,1,0
73,2913.06,34319.19,1,7,12.61,12.0,0,0,130.73,1,6,1,2,10,20,1,0,1,0,0,0,0,0,0
35,2555.96,30896.81,3,9,54.86,2.0,0,0,32.01,2,2,4,0,10,16,1,0,0,0,0,1,1,0,0
41,5215.41,63248.41,3,12,9.2,10.0,0,0,175.93,6,4,1,1,7,19,0,0,0,1,0,0,1,0,0
20,2266.38,26617.41,3,11,17.81,15.7,1,0,46.87,3,3,1,0,1,13,0,0,0,1,0,0,0,0,0
64,2680.76,31662.62,1,2,26.68,8.7,2,0,2.52,3,2,4,1,8,18,1,0,0,0,0,0,0,0,0
42,3132.59,37326.97,5,17,18.17,14.7,1,1,19.17,3,2,2,2,10,19,1,0,0,0,0,1,0,0,1
62,4123.78,50422.42,1,6,49.42,11.6,0,0,8.71,2,4,4,0,9,10,0,0,0,0,1,0,0,1,1
60,12000.0,145483.93,3,8,13.39,4.9,0,1,59.46,5,3,4,0,6,20,1,0,0,0,0,0,0,0,0
38,2257.08,26829.93,4,14,60.55,24.2,1,0,42.81,4,6,2,0,8,20,1,0,1,0,0,0,0,0,0
68,5476.0,67423.56,2,9,85.88,10.3,0,1,112.21,3,1,1,1,4,10,1,0,0,1,0,0,0,0,0
40,3215.08,38592.53,1,2,5.14,5.3,1,0,30.57,3,7,2,0,6,14,1,0,1,0,0,0,1,0,0
63,2936.26,35306.94,4,14,22.67,3.8,4,0,171.72,3,5,3,0,6,9,1,0,0,0,0,0,0,0,0
72,4403.28,51522.59,4,15,8.41,14.6,0,0,21.37,3,6,1,0,3,18,0,0,0,1,0,0,1,0,0
32,4193.2,51954.55,2,5,32.21,1.7,0,0,363.15,2,3,4,0,6,11,1,0,0,0,1,0,0,1,0
64,2333.19,27861.15,2,8,9.01,9.5,0,0,58.45,3,4,3,0,1,11,0,0,1,0,0,0,1,0,0
22,1893.12,22432.02,2,7,34.32,7.9,1,0,61.98,3,5,2,0,9,15,1,0,0,0,0,0,1,0,0
32,4068.75,49458.47,4,15,27.18,3.9,0,1,3.53,1,5,1,0,1,10,1,0,0,0,1,0,0,0,0
62,6530.04,78453.13,1,2,6.28,8.6,1,0,18.99,1,7,1,0,1,17,0,0,1,0,0,0,0,1,0
52,3921.95,46212.31,7,22,75.28,21.0,0,1,62.85,1,5,2,1,1,20,0,0,0,1,0,0,0,0,1
32,3718.56,44386.23,5,20,15.27,23.6,1,1,64.73,4,0,1,1,9,18,0,0,0,0,0,0,0,0,1
63,1898.64,22969.47,3,11,45.16,8.5,2,1,29.44,3,2,1,1,3,9,1,0,0,0,1,0,0,1,0
22,2128.86,25699.89,3,10,25.84,18.0,1,1,33.04,1,8,5,1,8,20,1,0,0,0,0,1,1,0,0
44,4385.79,52400.9,1,3,15.51,27.9,1,0,26.84,2,4,3,0,7,10,0,0,0,1,0,0,1,0,0
32,5444.86,65380.49,4,12,54.69,22.3,0,0,121.63,4,2,3,1,5,16,0,0,0,0,1,0,1,0,0
59,3293.77,40514.37,1,4,22.97,13.3,1,0,37.53,2,4,6,0,9,14,1,0,1,0,0,0,0,0,0
63,1879.39,23503.84,2,7,11.73,5.3,0,0,11.16,0,4,1,0,1,12,1,0,0,0,1,0,0,1,0
65,9170.33,111858.82,4,16,8.88,27.7,0,0,0.4,3,3,4,1,2,15,1,0,0,0,0,0,0,0,0
43,4494.2,54480.03,3,13,26.18,11.7,0,0,87.62,0,3,1,0,1,8,0,0,0,0,0,0,0,1,0
22,3005.1,35677.45,1,5,10.19,15.1,0,0,70.75,2,2,3,0,5,10,0,0,1,0,0,0,1,0,0
72,6006.01,72827.78,5,19,23.9,14.2,1,0,72.39,3,3,3,1,6,13,0,1,0,1,0,0,0,1,0
71,3434.73,41367.74,4,14,11.09,4.9,3,0,226.35,4,1,3,2,4,8,1,0,1,0,0,0,0,0,0
26,3823.81,46008.55,7,21,17.09,3.6,1,0,50.81,3,3,2,0,8,18,0,1,0,1,0,0,1,0,0
23,2497.1,30365.78,5,17,29.38,24.3,0,0,68.63,2,1,6,1,7,13,0,1,0,0,1,0,1,0,0
25,3434.45,41274.18,2,6,35.02,17.2,2,0,47.33,4,1,3,0,4,12,1,0,0,0,1,0,0,0,0
29,3140.17,37705.11,3,10,18.95,28.2,1,0,22.72,1,5,3,0,8,19,1,0,0,1,0,0,1,0,0
71,4911.26,58237.03,9,29,47.48,7.7,0,0,38.96,4,5,0,1,5,11,1,0,0,0,0,0,0,1,0
24,4598.48,54540.89,1,5,8.63,25.1,0,0,68.74,3,4,2,0,6,17,1,0,0,0,1,0,1,0,0
51,4258.57,49248.01,3,12,13.07,14.4,1,0,21.35,3,1,2,0,4,18,1,0,1,0,0,0,0,0,0
40,1895.78,22673.86,1,4,22.27,31.1,1,1,10.56,0,5,4,2,3,19,1,0,0,0,0,1,1,0,0
65,5771.47,69838.8,4,18,12.22,8.0,0,0,3.64,5,5,4,2,8,13,0,0,0,0,0,0,1,0,0
53,3878.62,47533.47,3,10,18.53,11.3,0,1,29.01,1,4,5,0,8,11,1,0,1,0,0,0,0,0,0
42,2943.21,35661.07,1,6,17.71,9.7,1,0,79.5,2,1,5,0,2,10,1,0,0,0,0,0,1,0,0
68,2852.23,34450.74,1,3,23.76,5.0,0,0,78.1,2,2,4,0,4,15,0,0,0,0,1,0,0,1,0
51,3932.76,48009.28,2,6,12.77,23.9,0,1,13.17,7,1,7,0,9,15,0,0,0,0,0,1,0,0,0
21,2381.48,28556.98,6,18,78.6,16.1,3,0,47.33,2,4,0,2,10,19,1,0,0,0,0,1,1,0,0
68,3156.19,39017.54,4,17,40.52,23.8,1,1,57.39,0,4,2,3,4,17,1,0,0,0,0,0,0,0,0
25,5814.77,71988.1,4,12,19.2,10.3,0,1,105.78,1,2,2,0,2,20,1,0,0,0,0,0,1,0,0
44,3635.97,43620.46,0,2,6.11,14.2,0,0,115.1,1,4,1,0,6,13,0,0,0,0,1,0,1,0,0
62,5281.8,65062.93,5,20,16.84,6.7,2,0,96.34,5,3,2,3,1,18,1,0,0,0,0,1,0,0,0
74,4293.33,51128.54,4,16,37.95,13.4,1,1,238.47,2,5,4,0,1,17,1,0,0,0,1,0,0,1,0
20,5774.15,69949.09,3,11,30.02,15.9,2,1,7.66,2,4,4,4,8,8,1,0,0,0,1,0,0,0,0
60,2856.1,33831.29,0,3,6.39,2.6,1,0,0.97,0,4,1,1,2,17,0,0,0,0,0,0,0,0,0
71,4384.59,53746.56,2,9,27.28,6.8,2,0,44.57,5,5,5,0,7,9,0,0,0,0,1,0,0,1,0
55,4730.73,56151.83,1,2,4.44,17.1,0,0,1.74,2,5,1,1,9,14,1,0,0,0,0,1,0,1,0
69,3260.69,39967.4,1,3,48.71,20.6,2,0,161.11,1,3,3,0,8,18,0,0,1,0,0,0,0,1,0
49,3387.54,41656.06,8,27,41.07,21.0,0,1,113.9,2,7,2,0,10,9,1,0,0,1,0,0,0,0,0
73,4252.52,50415.08,2,7,27.69,7.8,0,0,32.69,2,6,4,0,6,16,1,0,0,0,0,0,0,0,0
43,1929.45,23388.99,6,20,29.14,2.4,1,0,27.34,1,9,0,2,3,18,0,0,0,0,0,0,1,0,1
38,3454.06,40884.77,3,13,34.87,18.6,0,0,96.33,4,6,1,0,6,14,1,0,0,0,1,0,1,0,0
54,2040.33,24437.35,0,0,1.0,14.4,2,0,4.89,3,2,3,0,2,11,1,0,0,0,0,0,0,1,0
48,1802.7,21298.16,5,18,37.24,15.6,2,0,2.07,2,2,6,1,6,16,1,0,0,0,1,0,0,1,0
18,1878.31,22484.91,2,6,24.62,17.6,0,0,7.19,3,2,2,1,1,9,1,0,1,0,0,0,0,0,0
73,2261.66,27672.89,4,12,8.2,17.4,0,0,32.31,5,1,3,0,9,16,0,0,0,0,0,0,0,1,0
40,2542.61,30794.48,4,14,16.95,20.8,1,0,45.89,3,4,3,0,1,10,1,0,1,0,0,0,1,0,0
23,7724.8,94187.68,2,7,30.35,14.8,2,0,223.38,4,4,2,0,2,19,1,0,0,0,0,1,0,0,0
35,5602.71,68889.91,2,10,13.64,20.9,1,0,29.97,5,2,3,1,1,12,1,0,0,0,0,0,1,0,1
31,3573.94,43036.94,5,16,17.31,8.5,0,0,141.92,2,2,4,2,1,13,1,0,1,0,0,0,0,1,0
73,2728.3,32960.34,1,4,8.06,10.5,1,0,84.46,4,5,2,1,7,18,0,0,0,0,0,1,0,0,0
46,4711.19,57409.22,3,9,8.72,10.5,0,0,91.21,1,3,4,0,8,11,1,0,0,0,0,1,0,0,0
61,2570.53,30943.79,3,11,14.23,20.0,1,0,43.25,2,3,0,1,1,14,1,0,1,0,0,0,0,1,0
29,2541.74,30648.14,3,8,42.1,11.4,5,0,24.01,1,4,1,2,4,12,1,0,1,0,0,0,1,0,0
32,1603.13,19157.66,3,14,28.67,13.3,1,1,22.74,2,6,2,0,3,15,0,0,0,0,0,0,1,0,0
69,3260.69,40190.19,1,7,44.02,19.4,2,0,88.42,2,3,3,1,1,8,1,0,1,0,0,0,1,0,0
58,2727.87,32956.69,6,20,24.61,7.4,1,1,4.12,2,5,2,0,10,16,1,0,0,0,0,1,1,0,0
24,3038.84,36266.84,5,16,14.52,9.6,0,1,47.51,3,4,4,0,1,8,1,0,1,0,0,0,1,0,1
48,1947.63,23309.09,4,17,16.54,7.7,0,0,23.62,0,4,3,3,6,13,1,0,0,0,1,0,0,1,0
69,3892.11,48501.12,0,0,8.0,23.5,0,0,56.88,4,2,3,0,6,11,0,0,0,0,1,0,1,0,0
44,9486.99,113058.02,2,9,38.65,6.7,1,0,5.75,3,4,1,1,7,13,1,0,0,0,0,0,1,0,1
66,1718.28,20535.78,2,7,32.13,4.5,0,0,18.81,3,5,2,2,2,9,1,0,0,0,0,1,1,0,0
18,3651.6,43900.4,6,19,30.95,19.2,0,1,62.94,1,4,1,1,4,16,1,0,0,0,0,1,0,1,0
41,4139.79,49489.82,5,18,13.85,11.1,1,1,59.66,3,1,1,0,4,14,0,0,0,0,1,0,1,0,1
33,2153.27,25910.95,5,18,17.37,10.9,1,0,28.99,7,5,2,0,7,11,0,1,0,0,0,0,1,0,0
33,3322.59,39965.98,3,9,16.08,4.5,0,0,50.41,2,7,2,0,1,11,1,0,0,1,0,0,0,0,0
20,2427.37,29251.75,1,7,12.13,8.4,0,1,153.81,1,5,3,1,8,12,0,0,0,0,0,0,1,0,0
61,3475.24,41689.92,2,7,15.78,13.4,0,0,18.85,4,6,6,1,7,10,1,0,0,0,0,0,0,1,0
64,2661.64,31351.5,1,5,9.26,7.0,1,0,88.54,2,1,1,0,9,15,0,1,0,0,1,0,0,1,0
67,2234.0,26420.87,2,9,11.27,14.4,1,0,4.72,1,2,2,3,5,20,1,0,0,1,0,0,1,0,0
64,5666.69,68173.67,5,18,13.25,17.5,0,0,17.25,0,1,4,2,3,17,1,0,0,0,0,0,0,1,0
41,900.0,10826.98,0,2,9.21,23.5,0,0,251.89,4,5,7,1,4,8,0,1,0,0,1,0,0,1,0
47,1692.46,19961.61,1,5,10.62,14.2,0,0,164.72,5,4,4,1,5,11,0,0,1,0,0,0,0,1,0
25,3432.56,39630.06,6,21,25.93,8.8,0,0,93.11,1,4,3,0,7,19,0,0,0,0,0,1,1,0,0
31,3547.58,42625.64,5,18,14.19,10.5,1,1,8.67,4,4,2,1,5,16,1,0,0,0,0,0,1,0,0
65,1989.72,23377.77,1,5,47.96,1.7,1,0,15.59,2,5,1,1,5,10,1,0,1,0,0,0,0,1,0
44,3678.0,44235.2,2,11,19.4,3.8,0,0,89.5,2,3,3,0,10,9,0,0,0,0,1,0,0,0,0
51,3430.59,40935.99,3,11,30.49,2.5,1,0,11.58,3,4,3,0,8,13,1,0,0,0,0,1,0,1,1
36,6095.47,73454.85,4,14,34.41,3.2,0,0,42.55,2,4,2,0,6,8,0,0,0,1,0,0,0,0,0
34,2958.52,36179.01,1,6,7.32,4.8,4,0,1.4,6,3,7,0,9,16,1,0,0,0,1,0,0,1,0
63,1645.68,20183.99,3,10,11.38,17.3,0,0,56.4,0,2,2,1,5,19,0,0,0,0,0,0,0,1,0
58,6848.82,83063.48,8,25,40.24,26.6,1,1,25.07,4,3,1,1,8,16,1,0,1,0,0,0,1,0,1
30,1265.97,15166.67,1,3,18.1,14.5,1,1,21.88,2,6,2,1,6,14,1,0,0,0,0,1,0,1,0
49,2662.42,32391.8,0,2,14.83,4.9,0,0,4.64,4,2,5,2,1,20,1,0,0,0,0,0,0,0,0
33,3347.61,39189.7,7,25,61.27,3.7,0,1,137.93,3,3,1,1,10,14,0,0,1,0,0,0,1,0,0
25,3498.48,40411.9,3,14,19.07,26.4,1,0,39.9,2,5,4,0,3,11,1,0,0,0,0,1,1,0,1
69,4137.4,50669.67,6,18,44.83,5.3,3,0,60.02,3,2,3,0,10,10,0,0,0,0,0,0,0,1,0
37,1350.33,16416.85,2,9,14.92,3.1,2,0,89.8,2,2,1,1,10,20,0,1,1,0,0,0,1,0,0
53,4279.66,50175.45,2,9,5.06,13.6,0,0,146.61,3,4,3,0,5,8,1,0,0,0,0,0,0,0,0
53,1959.99,23135.11,4,14,50.52,10.4,1,0,113.72,2,8,7,0,8,13,1,0,0,1,0,0,1,0,0
63,2559.4,31077.45,2,7,24.2,10.8,0,0,168.69,1,2,2,0,8,10,1,0,0,0,0,0,0,0,0
44,3121.14,36795.99,5,16,23.04,7.4,2,1,67.19,1,2,3,1,10,19,0,0,1,0,0,0,0,0,1
45,3487.01,41680.69,1,5,3.77,10.5,2,0,11.96,3,6,3,1,7,11,1,0,1,0,0,0,1,0,0
20,1942.75,22687.38,5,14,20.41,5.8,0,1,14.43,3,8,3,1,6,20,0,0,0,0,0,1,1,0,0
34,2958.52,35291.06,0,1,11.59,9.7,1,0,13.97,3,6,4,0,10,12,1,0,0,0,1,0,0,0,0
25,6286.36,75816.26,8,25,23.21,19.3,1,0,143.54,1,4,4,0,7,14,0,0,0,0,0,1,0,0,0
56,8781.68,107399.97,4,12,34.55,17.9,1,0,43.55,3,3,2,0,5,18,1,0,0,1,0,0,0,0,1
26,2101.42,25447.82,1,3,7.34,25.8,0,0,9.9,0,3,6,1,4,14,1,0,0,1,0,0,1,0,0
72,2464.3,29948.72,3,11,17.41,20.7,1,0,27.81,6,7,3,0,5,18,0,0,0,1,0,0,0,0,0
29,1026.33,12275.32,4,13,30.02,2.1,1,0,13.73,6,4,2,1,10,20,0,0,0,0,0,1,0,0,0
70,2895.54,35356.89,6,20,52.3,1.0,0,0,3.68,2,5,3,0,6,10,1,0,0,0,0,0,0,1,1
72,11430.01,138411.93,1,5,18.67,8.9,0,0,0.98,1,2,3,2,6,18,1,0,0,0,1,0,1,0,0
35,3725.48,46299.39,4,13,30.17,18.7,0,1,87.21,3,5,5,1,7,19,1,0,0,1,0,0,0,1,0
61,5046.39,60583.87,1,5,20.56,26.9,1,0,94.41,4,4,1,1,6,11,0,0,0,0,0,0,0,1,0
41,3922.52,47170.78,3,10,6.13,8.1,0,0,70.79,1,2,5,0,3,10,1,0,0,1,0,0,0,0,0
22,2433.54,29939.94,4,14,13.21,13.1,1,1,103.41,5,0,4,1,9,11,1,0,0,1,0,0,0,1,0
62,4262.05,51590.72,8,25,32.65,17.8,2,0,1.46,0,1,4,0,6,15,1,0,0,0,0,1,0,0,1
36,6541.89,78604.23,6,19,25.87,6.7,0,1,29.07,3,1,5,1,5,12,0,0,0,0,1,0,0,0,0
42,5548.96,66899.07,1,2,4.72,7.0,0,0,11.4,0,4,5,0,3,20,1,0,1,0,0,0,0,0,1
31,2383.47,28945.36,5,18,23.64,31.0,1,1,73.01,2,3,3,1,5,9,1,0,0,0,0,0,1,0,0
75,2031.96,24017.3,5,18,23.18,23.9,0,1,63.81,3,6,4,1,10,10,1,0,0,1,0,0,0,0,1
40,1466.75,18253.57,5,16,11.3,10.8,0,0,14.55,1,4,2,1,7,15,0,1,1,0,0,0,0,1,0
25,3434.45,40666.4,4,15,8.06,6.3,1,0,55.71,2,7,7,1,3,15,0,0,0,0,1,0,1,0,0
57,2606.6,30956.45,4,13,24.26,5.8,1,0,5.62,3,1,6,1,8,10,1,0,0,0,1,0,0,0,0
19,2699.29,31991.43,3,15,17.95,12.6,2,0,138.42,3,3,0,0,9,16,1,0,0,0,0,1,0,0,0
63,3399.84,40361.11,0,2,32.59,19.2,1,1,11.01,4,6,0,1,8,15,1,0,1,0,0,0,0,0,0
19,3921.52,47815.18,6,21,17.46,8.2,0,1,52.95,0,8,3,0,8,8,1,0,1,0,0,0,0,0,0
22,5897.96,70566.48,6,18,30.97,4.7,1,1,143.68,0,4,1,0,9,13,1,0,0,0,0,0,1,0,0
51,2735.2,33093.28,2,10,8.56,16.3,1,0,7.88,4,7,4,1,10,10,1,0,0,0,1,0,1,0,0
65,2620.89,31575.49,4,14,19.99,8.0,1,0,69.2,1,7,3,2,3,11,1,0,0,0,1,0,1,0,0
67,4407.62,54024.41,0,2,17.9,22.0,2,0,36.47,2,3,5,2,10,18,1,0,1,0,0,0,0,1,0
25,3640.43,43505.04,3,15,15.59,22.1,0,1,89.26,5,4,3,2,2,10,1,0,0,0,0,0,1,0,0
41,1717.78,21194.85,0,2,115.08,15.7,0,0,26.27,1,3,3,0,7,10,1,0,0,0,0,0,0,0,0
71,8806.48,103453.44,0,0,99.74,11.6,1,0,3.6,0,5,2,0,4,12,1,0,0,0,0,0,1,0,0
48,1947.63,23025.3,10,36,41.31,5.5,2,0,32.26,0,5,5,0,5,11,0,0,0,0,1,0,0,1,0
44,3545.39,42763.44,1,7,31.46,12.7,1,0,18.83,4,3,3,1,7,18,1,0,1,0,0,0,1,0,0
63,9716.29,115812.77,5,15,71.82,11.6,0,0,25.41,2,6,2,1,10,20,0,0,1,0,0,0,1,0,0
30,4299.46,52576.22,2,5,12.59,3.1,0,0,21.9,4,3,3,0,9,12,1,0,0,1,0,0,0,0,0
19,3247.96,38266.63,3,11,7.12,5.0,1,0,84.76,2,4,4,1,9,12,0,0,0,0,1,0,1,0,0
30,5633.92,66610.35,1,7,3.43,11.7,0,0,50.05,1,6,3,2,3,20,1,0,0,0,0,1,1,0,0
42,3354.95,39927.84,2,8,19.05,9.5,0,1,62.71,2,3,3,0,3,16,0,1,0,0,1,0,0,1,0
31,3547.58,43196.28,0,1,72.7,7.5,2,1,34.73,4,3,3,0,2,9,0,0,0,0,0,0,1,0,0
45,2652.72,32606.57,6,18,17.5,13.1,1,1,6.71,3,9,1,2,5,12,0,0,0,0,0,0,0,0,1
26,2709.12,32640.74,1,4,2.1,14.1,2,0,50.0,1,0,7,0,6,12,1,0,0,0,0,1,1,0,0
37,2973.22,36641.89,2,9,11.13,1.7,0,0,5.16,1,3,2,2,1,20,0,0,0,1,0,0,1,0,0
41,2243.44,27352.97,1,4,6.4,10.9,2,0,12.61,3,5,1,0,7,14,0,0,0,1,0,0,1,0,0
33,2175.29,26041.86,7,22,37.66,1.6,3,0,8.54,2,2,3,2,1,12,0,1,0,0,1,0,0,0,0
38,3454.06,40567.6,2,5,4.41,10.3,0,0,35.95,1,2,6,0,5,12,1,0,0,0,1,0,0,1,0
42,3649.93,43925.06,3,16,18.87,13.3,1,0,13.66,2,5,6,0,1,8,0,0,0,0,0,1,1,0,0
32,3655.63,42748.46,1,6,10.17,18.8,1,0,2.61,5,5,3,1,7,9,1,0,0,1,0,0,1,0,0
75,2212.27,26384.98,2,7,19.83,6.1,0,0,6.89,2,3,2,0,7,20,0,0,0,0,1,0,0,0,0
30,3145.22,37254.6,3,10,41.65,6.1,0,0,81.54,1,3,2,1,4,20,1,0,0,0,1,0,0,1,0
19,1882.54,22509.06,3,10,10.79,15.4,0,0,34.19,2,1,4,0,3,16,1,0,0,0,0,1,0,0,0
72,4403.28,53022.73,6,18,17.22,10.6,0,0,3.57,2,4,2,0,10,14,0,1,0,1,0,0,0,0,0
53,3105.87,37578.03,3,10,56.63,9.5,1,0,18.59,6,8,4,1,4,15,1,0,0,0,0,0,1,0,1
60,5411.26,65646.34,3,14,10.28,10.8,0,0,93.71,2,3,2,0,8,19,1,0,0,1,0,0,0,0,0
58,5324.47,65177.87,6,22,15.1,2.6,0,0,87.29,2,3,3,1,1,11,1,0,1,0,0,0,1,0,1
63,2848.82,33818.24,0,0,23.16,8.1,1,0,93.19,1,4,3,0,7,14,1,0,1,0,0,0,0,1,0
53,1917.9,22950.55,0,0,1.48,17.3,0,0,24.14,0,3,1,0,2,12,1,0,1,0,0,0,1,0,0
69,2708.57,31928.74,5,17,45.1,9.5,2,1,113.11,1,6,4,2,10,12,0,0,0,1,0,0,1,0,0
43,3869.08,47044.68,6,19,19.52,6.8,3,1,38.91,4,7,6,0,4,12,0,0,1,0,0,0,0,0,0
56,7926.36,95549.51,1,5,73.49,8.1,3,0,23.29,4,6,0,0,5,19,1,0,0,0,0,1,0,1,0
58,2268.69,26852.36,4,13,21.32,11.9,0,1,39.58,3,6,5,1,2,15,1,0,0,0,0,0,1,0,0
24,1841.43,21246.53,2,9,11.97,6.0,0,0,22.47,4,5,2,2,5,19,1,0,0,1,0,0,0,1,0
51,4756.29,56099.88,3,10,45.61,11.9,2,0,60.05,3,3,2,0,9,17,1,0,0,0,0,1,0,0,0
34,4702.0,56635.99,0,0,4.32,0.3,0,0,365.0,2,2,6,1,2,8,0,1,0,0,0,0,0,0,0
51,3697.16,44854.84,2,9,32.65,3.5,1,0,36.53,2,1,5,1,6,15,1,0,0,0,0,0,0,0,0
56,4152.78,50208.27,2,9,20.84,17.6,1,1,61.52,0,6,5,0,1,19,0,1,1,0,0,0,0,0,1
57,2278.12,26430.17,1,3,16.0,7.6,2,0,112.75,0,4,4,0,7,8,0,0,0,0,0,0,0,1,0
27,1758.04,21191.45,0,4,15.91,8.2,4,0,68.23,2,5,6,1,8,17,1,0,1,0,0,0,1,0,0
73,3904.99,47991.25,4,14,22.35,18.7,0,0,92.31,3,2,5,0,3,16,0,0,0,1,0,0,0,1,0
62,3673.46,44069.72,6,21,58.65,9.3,1,1,58.66,2,2,3,0,1,8,1,0,0,0,0,0,1,0,1
51,4024.0,48114.13,7,20,23.26,13.2,1,0,4.1,3,5,4,0,7,12,0,0,0,0,0,1,1,0,0
68,2434.42,29530.69,2,10,10.39,11.0,2,0,49.83,2,7,3,1,7,16,1,0,0,1,0,0,0,0,0
25,4485.88,55044.33,2,7,9.03,8.7,1,0,18.55,5,10,2,1,7,11,1,0,0,0,1,0,0,0,0
39,3290.28,40391.88,2,8,14.85,20.5,1,0,182.0,4,1,3,1,9,11,1,0,0,1,0,0,0,0,0
67,1640.08,19392.91,7,21,22.71,9.7,0,1,23.17,0,7,4,0,10,16,1,0,0,0,0,0,1,0,0
46,5959.32,72147.28,5,17,28.51,21.0,1,1,78.19,2,4,2,1,9,19,0,0,0,0,1,0,0,0,1
69,6338.96,75759.82,4,16,19.03,10.3,0,0,21.24,5,5,2,1,3,14,1,0,0,1,0,0,1,0,0
67,4407.62,52430.6,3,10,40.08,10.7,1,0,27.51,1,3,5,0,9,15,1,0,1,0,0,0,1,0,0
