area_m2,rooms,bedrooms,bathrooms,floor,total_floors,building_age_years,distance_city_center_km,distance_public_transport_km,school_rating,crime_index,parks_within_1km,parking_spaces,renovation_score,energy_efficiency_score,noise_level,neighborhood_income_index,has_elevator,is_new_building,apartment_price_usd
64.6,3,2,1,9,25,11.7,3.65,1.18,8.1,29.6,0,1,8.5,8.7,43.2,57.4,1,0,402033.11
136.7,6,5,2,3,24,26.5,4.13,0.46,8.7,8.2,3,1,7.5,4.1,44.8,74.5,1,0,716709.88
99.5,4,3,1,10,29,8.4,5.69,0.71,6.9,30.2,4,1,7.5,8.6,40.0,73.8,0,0,569233.62
86.2,4,3,2,25,30,23.8,13.5,0.44,7.1,40.3,0,1,7.6,6.7,41.2,42.7,1,0,388190.73
73.7,2,1,2,1,5,63.1,6.55,2.18,6.9,45.6,1,0,4.6,7.0,46.8,65.4,0,0,296126.18
52.0,2,1,1,0,12,24.4,2.66,0.34,9.3,25.8,4,0,7.3,7.9,40.9,71.3,1,0,416168.55
52.2,2,1,2,3,5,9.2,3.63,0.31,9.5,21.1,3,1,8.6,8.1,41.3,79.2,1,0,466601.4
120.1,5,4,2,1,3,29.3,2.71,0.3,6.4,34.0,4,1,4.5,6.3,41.7,55.6,0,0,570870.93
92.4,4,3,2,11,16,28.1,5.83,0.23,8.4,29.5,0,0,7.5,8.2,47.9,78.6,1,0,532694.69
95.3,4,3,2,4,15,37.9,6.95,1.04,8.9,21.2,1,2,7.4,7.7,39.7,75.4,1,0,562234.83
49.8,2,1,1,1,7,16.9,7.0,0.5,8.6,31.5,2,2,8.2,6.8,37.4,59.9,1,0,402474.93
125.5,6,5,2,3,10,29.0,10.98,0.74,7.1,38.8,1,1,6.0,8.1,37.9,51.2,1,0,515077.89
126.8,6,4,3,2,14,14.1,6.73,0.33,10.0,27.1,4,0,6.8,8.7,45.4,81.0,1,0,734180.58
68.7,3,2,1,8,8,13.2,1.87,1.63,8.5,25.6,2,0,8.4,8.0,39.0,70.1,1,0,487176.79
41.5,3,1,1,5,26,34.7,11.38,0.63,5.7,48.3,1,0,7.9,7.4,40.9,45.1,1,0,211426.99
57.4,3,1,1,11,25,3.6,4.17,0.32,8.7,27.9,1,0,10.0,10.0,46.2,75.0,1,1,477428.65
61.4,3,2,1,0,4,32.1,4.59,1.01,9.0,16.4,4,1,8.0,5.7,43.3,79.0,0,0,433408.63
61.8,3,2,1,13,26,90.0,3.47,0.45,8.7,13.7,3,0,3.8,3.9,45.6,70.7,1,0,273471.46
80.5,3,2,1,1,6,19.1,2.43,0.05,8.4,20.7,3,0,3.9,7.3,43.5,85.4,1,0,490256.78
68.4,3,2,2,17,29,38.2,2.59,0.13,6.8,23.3,4,0,5.5,5.3,50.7,69.9,1,0,394844.84
70.5,4,3,1,4,7,24.5,8.78,0.1,5.8,39.5,2,0,7.8,6.4,31.2,64.4,1,0,392591.96
58.0,3,1,1,8,13,68.5,4.96,1.12,6.9,38.9,3,0,3.4,3.0,39.0,70.9,1,0,308498.09
75.6,3,2,2,10,15,27.7,3.56,0.22,5.7,40.8,0,2,5.8,5.2,36.2,51.7,1,0,419888.93
69.3,4,2,1,6,10,9.6,11.13,0.11,8.7,30.5,2,2,6.8,7.4,46.7,71.8,1,0,458088.01
75.5,3,2,2,18,23,7.3,6.73,0.61,7.8,18.1,2,1,10.0,9.2,50.4,76.9,1,0,532178.62
90.9,5,3,1,3,7,6.5,3.89,0.56,7.7,27.1,2,0,6.6,6.8,31.8,72.0,1,0,543908.05
47.0,2,1,1,2,8,16.1,12.02,1.02,5.6,49.5,3,1,7.6,6.4,37.7,31.3,0,0,163036.07
82.8,3,2,1,5,17,8.2,10.39,1.25,6.0,35.7,3,2,7.4,10.0,36.8,58.5,1,0,473523.81
84.2,4,3,2,8,25,11.4,3.58,0.35,8.1,25.9,2,2,6.9,6.9,47.1,63.5,0,0,533165.88
56.6,2,1,1,9,27,43.2,2.93,1.47,7.9,23.8,3,1,6.7,6.1,46.6,60.7,1,0,373311.73
94.1,4,3,1,8,18,48.6,7.38,1.09,7.7,42.6,4,0,7.0,6.3,40.4,60.4,1,0,438099.28
46.9,3,1,1,0,13,10.9,3.41,0.05,6.8,43.7,4,1,6.5,7.7,42.0,46.5,1,0,325140.15
44.8,2,1,1,9,9,24.8,5.01,0.7,8.3,31.8,2,1,7.4,7.1,48.3,67.3,0,0,345186.12
129.1,6,4,3,5,8,13.9,4.33,0.19,9.3,29.2,0,1,7.9,6.9,39.8,80.3,1,0,705677.35
124.1,6,5,2,0,14,6.4,5.13,0.17,7.6,18.8,5,0,7.9,7.5,39.0,74.3,1,0,691058.36
109.1,6,4,2,10,28,33.4,12.72,1.41,7.8,35.8,1,0,5.4,7.0,40.6,67.0,1,0,517076.72
78.1,3,2,1,3,6,18.9,5.06,1.04,7.7,34.4,3,1,9.4,6.2,46.0,63.7,0,0,460529.44
60.3,2,1,2,6,16,14.2,8.02,1.13,7.2,36.1,4,0,6.5,9.1,41.5,65.2,0,0,363139.07
81.6,5,3,2,3,13,29.5,5.33,0.43,8.3,31.1,2,1,5.1,5.1,39.1,59.3,1,0,463847.18
92.0,3,2,2,24,28,9.4,4.97,0.06,7.4,16.7,0,1,10.0,8.2,38.7,54.6,0,0,561543.62
55.8,2,1,2,13,14,4.4,1.98,0.07,7.6,9.2,4,2,9.0,8.4,38.5,66.8,1,1,503639.6
67.8,3,2,1,1,4,32.3,0.98,0.16,9.5,33.0,4,0,5.1,7.2,43.4,68.8,0,0,424243.79
55.0,2,1,1,4,13,42.5,2.57,1.11,6.4,26.0,1,1,6.1,5.2,44.8,62.2,0,0,312530.57
119.0,5,4,2,13,15,3.1,0.72,0.3,8.5,9.0,1,0,7.9,10.0,45.9,88.8,0,1,711289.4
86.7,3,2,1,8,13,39.7,2.68,1.39,7.1,25.1,3,2,8.6,7.1,39.6,68.8,1,0,473721.5
82.7,4,3,2,0,11,55.9,5.02,0.23,9.7,14.5,3,1,4.9,6.3,35.0,92.4,1,0,495372.82
77.6,3,2,1,28,28,17.2,3.2,1.66,9.0,15.2,1,0,8.7,7.1,50.3,87.9,1,0,539969.98
76.9,3,2,1,27,29,31.5,0.86,0.96,9.7,13.5,4,1,6.9,8.3,57.8,72.0,1,0,528065.89
69.9,3,2,1,13,23,19.7,25.0,0.17,5.7,49.7,0,1,9.8,7.5,24.5,44.7,1,0,242943.97
59.3,2,1,1,12,18,32.6,4.47,0.47,8.6,5.0,1,1,7.1,6.6,44.3,84.4,1,0,432786.5
139.5,7,5,2,1,7,18.0,4.38,1.03,8.2,31.7,0,2,9.5,8.1,38.2,65.8,1,0,698667.11
84.9,5,3,2,8,29,28.6,10.53,0.5,6.7,33.6,8,2,7.9,5.3,41.6,58.6,0,0,498833.45
135.0,5,4,3,2,14,4.6,9.45,0.3,9.1,38.5,0,0,7.9,9.2,37.3,57.9,1,1,662834.11
101.5,6,4,2,3,5,10.8,4.39,0.29,8.7,25.7,2,1,8.3,8.3,47.2,90.2,1,0,645779.13
86.9,4,3,2,11,18,24.6,4.73,0.22,7.1,16.1,4,1,7.0,6.6,44.6,82.9,1,0,568394.52
111.9,5,4,2,14,21,11.1,15.02,0.21,5.1,46.6,2,1,7.4,7.8,37.1,44.7,1,0,524302.77
68.4,2,1,1,19,19,20.4,4.44,0.38,7.0,38.5,2,2,6.0,9.0,41.9,77.0,1,0,466289.54
50.5,2,1,1,7,30,58.2,9.06,0.14,7.5,33.5,0,1,7.2,4.5,35.3,58.1,1,0,307739.17
52.7,2,1,1,1,13,4.8,2.98,0.27,7.5,20.6,2,0,5.6,10.0,45.2,79.2,1,1,426500.04
82.5,3,2,1,4,23,15.8,2.2,0.75,9.2,11.4,2,1,9.9,7.0,45.4,80.2,1,0,582217.24
75.6,3,2,2,1,21,14.1,6.81,0.17,8.0,26.1,0,0,6.1,7.8,49.9,66.3,1,0,427145.65
68.6,3,2,2,27,29,35.2,8.97,0.12,7.2,26.5,4,0,7.5,7.1,39.1,54.8,1,0,399934.67
110.7,5,4,2,8,20,36.5,1.62,0.12,8.3,19.0,2,1,5.7,7.3,50.7,70.4,1,0,591229.95
82.0,3,2,1,27,29,39.9,6.6,0.29,7.6,15.3,2,0,3.8,6.7,47.1,74.0,1,0,428384.12
71.6,3,2,1,8,11,14.2,3.08,0.13,7.9,16.6,0,1,9.8,8.5,39.7,73.8,0,0,518012.24
86.4,3,2,1,13,15,6.2,0.43,0.36,8.8,23.9,4,1,5.0,8.0,34.5,73.5,1,0,558747.13
58.9,2,1,1,0,28,14.7,1.73,0.6,7.8,24.4,1,2,9.2,7.3,40.4,84.2,1,0,473848.42
108.8,5,4,2,3,8,18.2,3.48,0.21,6.9,25.1,1,0,8.0,8.5,40.4,69.7,1,0,590991.27
60.4,2,1,2,3,5,29.6,8.92,0.07,8.2,23.8,1,1,8.6,5.0,36.1,65.7,1,0,372721.53
132.2,7,5,3,16,25,28.8,7.4,1.35,6.8,44.6,1,1,8.0,6.5,47.6,55.0,1,0,609397.41
97.7,5,3,3,9,14,27.2,1.54,0.35,9.6,35.1,0,1,8.1,6.7,43.7,76.1,0,0,539580.28
88.8,2,1,1,1,11,38.3,6.88,0.42,7.5,22.5,5,0,7.8,6.6,41.1,71.6,0,0,423097.07
61.1,2,1,1,5,11,25.7,2.36,0.79,7.8,30.3,4,0,8.5,8.0,37.4,71.6,1,0,414500.85
120.9,5,4,2,8,17,10.8,6.43,0.12,6.8,23.5,3,1,9.0,8.1,43.8,70.4,1,0,634835.82
98.0,5,3,3,2,3,23.9,2.53,0.22,7.9,28.1,3,1,6.9,7.0,37.0,65.7,0,0,587654.64
108.6,4,3,2,18,20,32.3,14.28,0.42,7.1,25.3,2,1,6.5,7.5,41.5,48.5,1,0,461657.2
104.8,4,3,2,8,17,39.7,2.74,0.59,7.4,21.2,5,1,6.5,6.6,49.6,69.4,1,0,550774.17
68.1,2,1,1,2,10,23.5,3.67,0.38,8.8,25.6,2,2,7.0,7.3,35.1,75.6,1,0,477534.92
85.7,3,2,1,5,13,22.2,2.36,0.47,7.1,28.2,2,1,10.0,8.9,54.0,77.8,1,0,549582.91
41.2,2,1,1,5,19,20.0,6.94,0.38,8.6,22.1,3,0,7.5,8.4,38.4,86.9,1,0,383135.99
105.1,5,4,2,16,29,29.0,2.27,0.35,8.3,27.4,1,1,5.3,9.5,49.0,77.4,1,0,614797.1
88.0,4,3,2,12,30,49.0,0.86,0.65,7.9,21.4,2,1,5.6,3.8,51.1,58.3,0,0,426024.41
70.4,3,2,2,12,29,36.2,6.11,0.07,8.2,18.5,2,0,5.3,7.8,39.7,79.4,1,0,469362.51
55.6,2,1,1,6,16,39.1,5.93,1.6,9.4,18.5,2,1,9.3,7.8,38.3,76.0,1,0,403477.82
66.5,3,2,1,8,21,6.1,1.91,0.26,9.4,32.3,5,0,8.7,7.5,43.4,68.1,1,0,478922.37
87.6,3,2,1,24,29,24.1,2.41,0.32,8.6,24.2,4,0,8.3,7.0,51.4,80.1,1,0,519291.17
111.2,5,3,2,24,25,30.6,3.96,0.48,9.0,21.3,6,0,7.7,6.9,50.8,76.7,1,0,657683.42
95.9,4,3,2,17,26,50.7,7.2,1.14,7.2,21.5,0,0,7.0,5.2,50.5,62.2,1,0,465415.09
129.6,5,4,2,0,7,17.8,16.73,0.44,5.9,43.8,1,1,8.2,7.2,37.8,48.4,1,0,522821.63
82.9,3,2,1,3,4,3.3,7.16,0.06,8.4,31.3,1,0,8.2,10.0,46.2,58.9,0,1,508546.93
49.4,2,1,1,12,17,16.2,7.77,0.37,7.8,34.5,2,1,8.0,7.6,46.2,61.8,1,0,368947.95
72.9,4,3,1,7,21,12.9,12.71,0.14,6.7,41.6,3,1,6.3,8.4,40.6,43.6,1,0,347660.71
94.3,4,3,2,20,27,8.2,8.07,0.15,8.3,26.6,3,0,8.2,8.4,41.5,69.5,1,0,574116.1
90.8,4,3,2,8,18,13.5,13.9,0.16,6.9,28.7,0,1,10.0,7.8,33.1,59.3,1,0,515814.77
97.7,4,3,2,12,15,17.8,5.15,0.59,9.2,25.0,3,0,8.9,6.4,36.2,80.6,1,0,590765.64
71.7,3,2,1,0,29,24.2,5.97,0.63,5.7,32.8,0,0,7.2,8.1,47.2,69.7,0,0,375580.24
78.5,3,2,2,8,28,24.7,2.38,0.75,7.7,18.3,2,1,10.0,7.1,45.3,67.9,1,0,524843.7
75.2,3,2,1,3,9,16.6,1.98,0.23,9.2,19.7,3,2,7.0,6.0,45.8,79.4,1,0,566917.81
43.3,2,1,1,10,19,22.2,3.17,0.46,9.8,22.5,0,0,8.0,7.4,30.9,78.9,1,0,428089.46
56.3,2,1,1,19,21,30.9,8.27,0.68,8.8,33.0,2,1,6.5,7.1,39.8,58.9,1,0,336138.0
49.5,2,1,1,3,27,13.1,8.57,1.42,6.8,40.5,2,1,7.8,8.9,43.8,66.3,1,0,346555.76
97.6,4,3,2,3,9,4.3,4.79,0.06,9.2,8.0,3,1,9.3,8.1,43.6,73.6,1,1,659088.77
78.7,3,2,1,5,14,17.0,10.0,0.46,5.5,42.3,2,1,8.7,7.4,34.9,49.3,1,0,405370.52
61.2,3,2,1,4,15,21.9,3.45,0.13,7.2,15.5,1,0,7.2,6.6,42.7,70.4,1,0,394100.68
111.7,6,4,2,1,15,1.7,1.79,0.57,8.0,15.7,6,0,7.6,8.8,53.7,61.6,1,1,640755.42
70.1,4,2,1,8,16,2.5,7.21,0.08,8.1,38.1,1,0,10.0,9.8,40.1,49.6,1,1,454958.71
66.9,3,2,1,0,17,31.2,5.76,0.47,6.8,22.1,2,0,7.1,6.3,41.0,71.4,1,0,403221.96
103.2,4,3,2,2,4,11.7,5.89,0.24,7.7,35.5,1,0,6.7,8.4,40.8,59.7,0,0,496109.88
72.2,3,2,2,3,8,25.4,14.26,0.06,8.2,36.0,2,0,5.8,6.2,35.4,46.9,1,0,340333.08
55.6,2,1,2,0,11,34.9,5.86,0.27,6.6,41.8,3,0,9.7,6.4,46.3,48.3,1,0,315684.88
72.3,4,2,2,2,17,25.1,9.21,0.36,6.1,27.3,2,0,10.0,7.4,50.5,50.1,1,0,420054.58
68.7,2,1,2,13,22,8.8,0.3,1.23,7.7,20.9,3,1,8.9,8.4,55.4,68.7,1,0,497115.49
110.1,6,4,2,13,18,44.0,5.74,0.44,10.0,5.3,4,0,5.1,6.2,44.8,61.4,1,0,541011.63
117.7,5,4,2,22,28,11.3,1.4,0.24,8.8,21.8,3,2,8.7,7.8,55.3,80.9,0,0,741041.29
104.8,4,3,1,4,4,7.5,4.13,0.14,7.1,16.4,1,1,8.0,7.5,35.2,73.9,0,0,575135.77
106.4,6,4,1,0,5,5.4,3.28,1.22,9.0,21.6,2,2,9.5,9.8,42.3,67.6,0,0,627684.31
115.9,5,4,1,14,25,15.6,12.38,0.32,5.2,36.8,1,1,8.5,7.8,35.1,63.0,0,0,551840.1
66.4,3,1,1,19,22,29.2,12.88,0.99,6.8,53.4,1,0,7.0,5.7,36.6,45.4,1,0,318595.87
115.2,5,4,1,6,25,4.8,13.67,0.31,7.0,38.3,1,1,8.6,7.5,40.4,54.1,1,1,561091.66
70.9,3,2,1,15,23,7.2,5.49,0.29,9.0,38.2,3,0,8.2,9.3,51.2,78.1,1,0,471016.93
112.1,5,4,1,3,10,21.6,0.56,0.35,7.0,16.1,4,0,9.0,6.0,38.6,71.6,1,0,637391.64
103.7,5,4,2,6,10,32.1,6.6,0.78,9.0,5.0,1,0,6.6,6.9,40.3,80.9,1,0,581032.34
64.8,3,2,1,20,23,35.4,3.57,0.31,9.1,28.9,3,1,9.7,5.3,43.9,77.6,1,0,449998.63
48.2,2,1,1,0,9,25.9,5.3,0.54,9.2,17.3,1,0,10.0,7.2,44.1,69.3,1,0,398115.35
95.9,3,2,2,3,13,10.1,2.14,1.66,7.0,33.2,1,0,7.8,8.3,49.6,66.1,0,0,525457.97
64.5,3,2,1,14,24,13.9,12.22,0.2,8.8,35.3,4,1,7.5,8.5,50.1,49.4,1,0,407638.4
107.4,5,4,2,2,15,31.9,8.14,0.32,5.6,40.5,2,2,6.8,6.6,45.0,34.7,1,0,460369.21
105.6,5,4,2,5,10,8.0,4.12,0.91,6.8,34.8,4,1,7.5,8.0,48.7,59.2,1,0,538710.43
57.5,3,1,1,5,11,23.5,2.57,0.8,8.4,39.0,1,0,8.7,6.1,39.2,71.1,1,0,442862.73
79.1,3,2,2,0,18,9.0,8.85,0.34,7.1,42.1,2,0,10.0,7.7,34.5,49.2,1,0,402315.82
79.7,3,2,1,5,7,28.8,10.04,1.03,6.0,39.6,2,1,9.0,6.9,38.5,61.0,0,0,358684.75
76.4,4,2,1,15,25,17.6,3.56,0.29,10.0,28.1,2,0,7.5,7.6,58.7,70.5,1,0,478992.57
42.0,3,1,1,12,16,16.8,2.65,0.49,6.5,32.3,6,1,7.5,7.4,46.3,74.9,1,0,412560.62
64.5,3,2,1,3,3,8.0,5.52,0.76,6.1,35.3,0,1,5.5,7.0,48.5,53.7,0,0,341586.9
117.9,6,4,1,17,29,6.2,6.41,1.6,8.1,43.6,1,0,7.6,6.9,42.0,62.8,1,0,599426.32
69.4,3,2,1,9,26,31.6,1.83,1.28,8.2,21.2,3,1,5.5,8.3,45.7,64.4,1,0,417589.34
80.5,3,2,1,13,21,7.8,9.41,0.32,5.9,38.6,1,2,6.8,8.7,40.6,41.5,1,0,404290.7
94.8,4,3,2,19,19,52.8,4.23,0.87,10.0,18.9,3,1,4.7,7.9,43.9,73.5,0,0,535934.24
63.3,3,2,1,24,24,9.9,10.98,1.06,7.3,56.6,0,2,7.9,8.4,45.7,43.8,0,0,354574.76
129.6,7,5,2,10,16,15.7,11.11,0.15,6.6,36.5,0,1,7.9,8.3,32.1,56.4,1,0,623550.43
117.3,6,5,1,1,15,62.4,10.49,0.63,7.2,39.2,0,1,6.9,4.1,27.7,61.4,1,0,484506.16
66.5,4,2,1,10,10,9.9,1.32,0.22,6.8,17.9,3,1,10.0,9.4,45.1,61.0,1,0,475701.37
72.6,3,2,1,23,29,49.9,1.69,0.56,9.4,17.5,3,1,4.0,3.9,52.2,84.2,1,0,453301.98
82.1,3,2,2,2,5,13.9,8.53,0.99,7.7,40.2,0,0,8.7,8.4,34.9,51.3,1,0,441933.81
58.3,3,2,1,3,3,64.5,8.51,0.05,7.2,33.1,3,0,3.5,5.0,50.6,56.0,0,0,231723.71
59.9,3,1,2,16,21,39.6,1.96,1.37,8.3,31.1,3,2,6.6,7.8,47.4,66.3,1,0,401212.56
91.3,4,3,2,2,17,18.9,4.67,1.32,7.1,34.5,1,1,9.7,7.3,42.1,67.2,1,0,541547.26
72.8,4,2,2,20,23,22.2,9.77,0.9,8.5,32.6,2,1,6.8,7.3,37.2,67.6,1,0,438927.71
54.1,3,1,1,0,29,26.6,0.64,0.26,7.8,15.6,4,1,5.7,5.1,47.6,80.2,1,0,467645.32
66.6,3,2,1,0,10,26.0,7.13,1.22,7.1,34.3,0,1,7.3,5.2,44.4,57.2,1,0,341828.07
132.1,5,4,3,5,11,44.6,8.4,0.78,7.7,35.0,2,1,8.0,6.4,40.5,66.7,1,0,588482.41
80.5,4,2,1,2,15,85.6,6.37,1.61,5.7,33.8,4,1,6.3,4.9,42.0,67.8,1,0,316978.97
69.5,3,1,2,7,14,21.0,7.35,0.33,8.2,32.6,3,1,6.7,7.6,42.1,60.4,1,0,416390.57
74.0,3,2,2,3,11,36.3,4.85,0.07,7.9,22.7,3,0,6.8,6.3,37.4,57.3,1,0,438200.78
124.3,6,5,2,21,22,33.1,4.17,0.41,8.5,30.2,4,1,7.2,7.0,54.1,67.1,1,0,642556.1
71.7,3,2,1,12,26,19.5,5.39,0.6,7.6,31.8,1,1,5.6,7.6,42.1,75.5,1,0,493425.64
94.8,4,3,2,9,13,13.3,9.42,0.54,6.5,31.1,1,0,5.9,8.4,48.3,73.7,0,0,482897.28
91.1,4,3,2,3,7,27.6,3.29,0.21,8.2,21.5,4,0,7.6,6.0,37.1,55.3,1,0,488471.06
61.6,3,2,1,7,21,5.5,3.8,0.38,9.0,23.7,3,1,8.1,8.5,48.2,75.0,1,0,496642.23
95.7,4,3,2,19,23,18.0,1.84,0.37,7.7,20.5,0,0,5.7,6.5,49.2,76.2,1,0,613772.97
67.8,3,2,1,6,20,21.2,4.2,0.42,8.8,19.6,4,1,8.6,8.4,43.6,84.8,1,0,514257.53
101.5,4,3,2,4,13,37.8,1.87,0.84,8.0,30.5,3,0,6.6,5.3,41.5,72.7,0,0,487100.79
101.3,4,3,2,6,29,34.6,10.41,0.05,6.8,43.6,4,0,6.7,6.4,41.5,57.7,1,0,444602.17
79.8,3,2,1,6,13,27.6,4.56,0.47,8.8,29.8,2,1,5.5,7.6,45.5,67.3,1,0,467197.49
42.9,2,1,1,1,8,51.0,2.19,0.53,8.6,14.4,2,0,3.0,4.3,52.4,68.6,0,0,232299.71
110.2,5,4,1,2,3,24.8,9.49,0.11,6.0,50.5,1,1,6.4,6.3,41.3,49.4,0,0,480108.17
65.2,3,2,1,18,24,47.1,2.24,0.68,8.0,26.0,6,1,5.9,8.1,45.7,75.2,1,0,438764.4
43.2,2,1,1,23,23,21.8,1.6,0.53,7.1,23.6,3,0,6.5,8.2,47.3,62.2,1,0,305602.64
49.6,2,1,1,7,11,4.3,0.79,1.2,8.9,25.9,2,1,7.1,9.8,47.7,85.1,1,1,549704.97
104.5,5,3,2,8,9,22.2,0.98,0.15,7.5,22.1,3,1,7.0,7.9,53.6,75.5,0,0,624045.68
93.0,4,3,2,3,8,34.9,4.46,0.1,8.1,6.5,3,2,6.7,4.9,44.1,62.2,1,0,516132.32
65.5,2,1,1,25,29,41.3,4.83,1.52,8.4,28.5,2,0,8.4,6.8,52.5,71.5,1,0,379293.05
75.4,3,2,1,18,30,6.0,7.4,0.25,8.1,38.4,4,1,8.8,10.0,45.1,58.9,1,0,481104.25
67.8,3,2,1,24,25,6.3,5.47,1.01,7.3,32.2,1,1,6.4,7.7,37.2,78.8,1,0,522145.07
98.3,5,3,1,8,12,22.2,5.25,0.42,7.9,15.1,0,1,4.5,9.1,45.1,58.6,1,0,508696.3
63.6,2,1,2,1,7,16.0,2.08,0.44,7.6,30.2,5,1,4.3,7.1,42.6,69.4,1,0,416348.33
88.5,4,3,2,3,3,49.7,9.78,0.24,6.9,38.2,1,1,6.2,5.9,44.1,51.8,0,0,391800.63
85.9,3,2,1,5,17,10.1,6.16,0.35,6.8,33.8,1,1,6.7,6.6,49.6,69.0,1,0,486870.49
116.1,5,4,2,15,27,62.1,4.25,0.11,8.0,15.9,5,2,5.6,5.5,54.4,79.9,1,0,572550.52
60.2,2,1,2,2,7,21.2,5.67,0.15,8.3,24.1,2,2,9.4,7.5,40.1,58.4,1,0,411917.3
64.2,3,2,1,20,22,5.5,7.93,0.55,6.7,26.3,0,0,9.5,8.0,41.3,64.5,1,0,426210.04
69.4,2,1,2,1,8,14.8,1.88,0.59,7.4,30.6,5,1,7.7,6.8,42.1,83.8,1,0,508251.05
118.1,6,4,2,6,7,5.6,2.78,0.57,9.8,24.6,3,1,10.0,8.4,43.7,82.4,1,0,743007.88
119.0,5,4,2,19,19,6.1,0.6,0.96,7.6,17.7,4,2,7.9,7.5,50.1,87.6,1,0,767136.35
73.9,3,2,2,10,20,41.4,4.71,0.74,8.7,20.7,4,0,4.9,7.3,39.1,75.0,1,0,468669.75
102.7,4,3,2,2,6,19.1,6.76,0.11,8.7,26.6,0,2,8.2,7.7,40.2,57.4,0,0,556880.82
121.3,5,4,2,17,26,35.9,6.26,0.06,8.0,31.4,4,0,7.8,6.0,34.1,53.3,1,0,595236.81
97.6,4,3,3,21,23,61.2,7.99,0.79,7.9,38.2,2,1,1.0,6.1,54.6,58.0,1,0,395925.61
66.7,3,2,2,10,25,6.3,7.56,0.11,7.7,25.3,4,1,10.0,7.7,40.3,60.1,1,0,479640.73
75.7,3,2,1,2,4,41.7,4.92,0.51,6.5,32.7,2,1,3.8,7.2,39.4,78.1,0,0,387389.92
40.4,3,1,1,3,10,18.0,7.17,0.18,8.7,26.8,3,1,4.7,7.6,42.7,83.8,0,0,384228.84
115.2,5,4,2,5,7,11.8,12.99,0.21,6.5,20.9,3,2,7.7,5.9,40.1,63.9,1,0,561494.53
103.4,5,4,1,3,6,10.7,9.26,0.4,8.2,29.5,2,1,6.7,8.5,28.2,68.9,1,0,572477.57
112.7,4,3,3,27,27,14.3,8.8,0.17,7.4,36.8,5,0,8.7,7.7,41.3,53.8,1,0,574488.76
67.9,3,2,1,20,24,38.6,3.59,0.43,8.5,19.0,2,0,7.0,6.9,54.2,77.4,0,0,392489.45
86.9,3,2,2,3,16,42.2,3.89,0.72,8.3,28.0,3,0,6.6,6.4,47.0,58.9,1,0,447633.76
91.9,5,3,2,4,6,9.5,10.0,0.48,6.8,41.6,0,0,10.0,8.2,32.1,48.3,1,0,469782.52
122.0,6,4,2,3,10,41.2,1.8,0.29,9.1,29.2,1,2,5.8,6.3,50.2,86.0,0,0,657952.47
130.5,5,4,2,1,5,23.8,5.25,0.15,6.5,23.2,3,1,8.0,10.0,44.8,68.9,1,0,668430.13
87.5,4,3,2,11,16,14.6,9.22,0.27,8.6,40.7,1,2,5.5,8.2,36.3,67.6,1,0,484673.42
98.3,4,3,2,12,28,58.4,5.34,0.68,9.0,26.5,1,1,6.5,3.5,43.7,50.8,1,0,451897.37
82.0,2,1,2,15,20,27.2,4.49,0.83,7.7,16.4,2,2,6.4,5.5,36.7,67.7,1,0,475532.09
53.5,2,1,1,3,25,33.2,7.96,0.2,7.8,30.4,1,1,6.4,7.1,43.4,60.1,1,0,308337.54
114.5,5,4,2,11,14,16.7,6.75,0.92,7.4,29.1,4,1,7.4,7.0,50.1,73.8,1,0,618866.09
95.3,4,3,1,7,17,53.5,8.75,0.51,6.6,31.6,1,0,5.3,6.6,38.0,68.3,1,0,432606.83
53.3,2,1,1,4,22,20.4,16.73,0.56,6.4,38.2,0,0,7.1,7.7,32.6,56.9,0,0,212182.65
46.3,3,1,2,13,22,14.6,4.09,0.61,8.3,27.5,2,0,4.8,8.1,47.1,71.2,1,0,398525.37
98.1,5,3,1,14,28,10.7,7.45,0.26,8.9,29.0,3,0,10.0,7.0,41.4,78.6,1,0,595616.62
44.0,2,1,2,10,11,63.3,4.15,1.29,7.8,22.9,3,1,3.8,5.6,33.8,63.9,0,0,253767.14
49.7,2,1,1,1,4,10.6,1.87,1.47,8.3,16.0,2,1,7.7,8.1,49.1,73.2,0,0,400259.72
87.7,4,2,2,1,3,33.7,4.56,0.13,9.3,11.8,1,0,6.5,5.7,47.6,89.6,0,0,492236.4
93.1,4,3,2,5,17,6.0,1.38,0.08,8.8,31.9,3,1,9.4,7.2,48.6,73.9,1,0,571478.04
83.5,5,3,1,15,25,3.7,2.17,0.54,6.8,23.9,3,1,8.0,10.0,54.0,80.5,1,1,625331.44
85.0,3,2,2,3,17,7.5,7.27,0.18,7.6,37.1,2,0,10.0,8.7,39.3,59.3,1,0,513555.46
96.2,4,3,3,25,30,7.5,6.79,0.7,8.5,37.0,3,0,10.0,7.7,48.0,66.3,1,0,581361.73
61.2,3,2,1,8,10,15.0,11.33,0.54,9.6,40.9,4,0,10.0,7.1,34.4,70.0,1,0,426787.74
73.2,4,2,1,1,5,48.0,10.06,0.27,7.5,40.3,1,1,6.2,5.8,32.8,69.5,1,0,339073.82
94.5,4,3,2,4,4,38.5,2.75,0.08,6.1,29.4,3,2,5.6,6.6,37.3,66.2,0,0,519191.76
86.1,4,3,2,1,6,76.9,8.03,0.47,5.7,24.1,1,1,3.0,2.9,40.5,50.5,0,0,303946.58
112.1,5,4,1,15,20,30.8,6.75,0.05,7.0,42.9,5,1,6.4,6.7,43.8,53.6,1,0,502580.95
99.7,5,3,2,14,14,17.8,3.49,0.82,7.1,19.1,4,0,6.5,5.5,51.2,67.5,1,0,561920.93
93.1,5,3,2,10,20,27.4,5.75,0.14,8.6,38.0,1,1,7.8,7.0,34.2,70.2,1,0,547426.38
50.7,3,1,1,5,23,12.5,2.59,0.47,10.0,18.6,2,0,7.8,9.3,45.5,71.4,1,0,428072.45
74.8,4,2,1,6,12,14.4,10.74,0.14,8.0,42.5,3,1,8.0,6.4,46.5,62.3,1,0,383713.48
80.5,3,2,1,11,23,21.4,7.02,0.38,8.6,35.3,1,0,7.1,7.2,42.7,68.0,1,0,443580.3
68.7,3,2,1,10,10,28.0,11.5,0.08,7.8,39.6,5,0,7.8,6.7,42.8,54.4,1,0,386077.94
137.2,6,5,2,12,27,21.8,5.08,1.49,8.3,29.7,5,1,7.9,6.2,55.7,53.5,1,0,667277.33
82.5,3,2,2,16,20,37.2,2.6,0.47,7.4,24.1,0,0,6.0,6.0,53.7,74.9,1,0,477144.55
114.0,6,4,1,8,19,13.0,0.93,0.09,9.2,20.1,3,1,7.9,6.5,39.1,63.8,1,0,639638.51
96.3,5,3,2,7,21,15.7,2.99,0.18,7.8,25.4,0,1,7.7,6.7,42.8,77.7,1,0,574630.52
88.7,4,3,2,4,8,22.7,2.94,0.19,9.0,24.1,6,1,8.5,7.4,45.4,91.0,1,0,594737.68
67.3,3,2,1,2,16,21.9,8.02,0.71,8.0,30.9,2,2,6.4,7.7,38.8,64.6,1,0,420191.41
105.7,5,3,3,4,7,9.8,5.94,0.57,7.8,20.0,1,1,7.6,7.6,47.8,65.0,0,0,575788.55
85.5,3,2,1,4,10,22.5,9.05,0.2,6.7,32.7,3,1,4.7,8.6,38.7,72.4,1,0,482489.53
49.1,2,1,1,8,10,41.2,3.35,0.24,8.0,28.3,0,0,4.6,6.9,44.0,68.1,1,0,290878.15
102.4,4,3,2,12,20,22.2,9.67,0.32,6.8,35.4,1,1,7.2,9.2,45.7,61.2,1,0,504891.01
68.4,3,2,1,1,11,5.8,4.41,0.18,6.2,30.1,2,1,8.0,8.1,34.7,70.4,1,0,456123.08
53.9,2,1,1,15,16,13.2,2.76,0.18,7.1,21.8,2,0,5.2,6.7,49.0,64.3,1,0,390539.8
108.1,4,3,2,13,16,46.3,0.98,0.45,8.7,24.7,7,0,6.7,5.7,44.3,87.3,1,0,637163.44
59.1,2,1,1,10,22,36.1,1.75,0.78,5.7,31.6,3,0,5.3,8.5,50.0,75.7,1,0,365576.6
104.1,6,4,2,7,16,39.6,3.07,0.3,10.0,5.0,3,2,3.9,5.3,42.5,98.3,1,0,673205.58
127.4,6,5,2,11,19,7.7,5.66,0.24,7.3,18.9,2,0,9.0,8.9,45.8,73.3,1,0,705992.4
124.0,5,4,2,2,4,17.9,2.66,0.46,9.0,21.3,3,0,9.1,6.5,40.6,72.1,0,0,649507.5
79.1,4,2,2,1,16,26.6,17.41,0.05,4.2,55.3,2,0,3.6,6.7,21.4,30.7,1,0,281447.67
43.8,2,1,1,8,29,15.8,7.72,0.59,6.6,36.0,2,0,9.0,7.1,42.6,61.7,1,0,336256.46
114.4,5,4,3,21,24,14.8,2.08,1.21,9.3,20.2,4,0,7.7,6.8,42.1,77.1,1,0,678556.38
83.6,4,2,2,8,23,7.3,3.49,0.42,8.5,30.4,3,1,8.1,8.9,51.7,80.7,1,0,553535.5
140.0,6,5,2,13,14,7.4,3.86,0.26,7.6,31.0,3,1,6.8,9.5,48.0,66.7,0,0,724394.99
139.1,7,5,3,14,25,17.3,6.23,0.28,9.7,24.9,3,1,7.6,8.4,47.1,65.5,1,0,717867.82
126.8,5,4,1,10,27,34.1,1.02,0.16,7.0,22.8,2,1,6.6,6.6,45.3,57.8,1,0,626336.77
77.6,3,2,1,12,18,25.8,13.83,0.39,7.9,31.0,3,0,10.0,5.6,36.8,57.0,1,0,371457.11
76.1,3,2,2,23,24,50.8,16.67,1.02,6.1,48.1,2,0,6.4,5.8,25.6,41.1,0,0,285544.96
100.5,5,4,1,8,8,29.6,6.78,0.45,6.8,36.2,0,0,7.0,7.5,43.5,58.9,1,0,439296.87
63.2,4,2,1,4,20,87.4,11.28,0.42,5.2,36.4,3,1,4.9,3.6,31.3,52.3,1,0,183203.57
62.7,2,1,2,5,9,31.7,5.83,0.51,6.0,32.6,2,0,8.2,8.1,43.2,63.2,1,0,361842.29
85.1,5,3,1,4,4,10.3,3.94,0.39,8.2,28.1,1,0,6.1,7.7,37.4,62.8,0,0,507531.2
127.4,6,4,2,0,15,11.5,2.18,0.27,8.3,29.2,0,0,9.2,7.3,46.3,66.4,0,0,667566.14
107.7,4,3,2,24,25,14.0,6.64,0.77,6.9,29.7,1,1,8.2,8.7,46.6,75.7,1,0,617923.7
108.1,5,3,3,1,10,20.6,5.09,0.21,7.7,22.2,3,1,6.6,8.2,34.6,67.2,1,0,616640.98
50.6,2,1,2,6,14,21.2,14.18,0.58,6.6,40.6,3,1,6.0,8.8,41.9,58.2,1,0,282613.76
90.6,4,3,2,3,3,9.0,8.21,0.2,7.0,35.9,3,1,8.2,8.5,38.2,57.9,0,0,457613.8
142.0,7,5,2,7,11,17.1,2.43,0.2,7.2,27.1,2,0,7.8,6.7,40.4,67.9,1,0,738763.6
48.5,2,1,1,7,10,11.9,7.54,0.05,8.1,20.2,3,1,9.9,5.2,45.9,76.0,0,0,419216.78
80.0,3,2,1,0,11,48.1,3.33,0.26,9.3,20.6,2,0,2.4,4.1,39.6,70.5,1,0,398048.7
117.8,5,4,2,6,7,22.7,2.38,0.24,8.6,15.7,1,2,5.6,6.7,43.7,82.6,0,0,660631.88
89.4,4,3,1,9,15,27.5,3.12,0.43,8.6,24.1,4,0,7.5,8.3,52.4,77.5,1,0,533840.47
90.4,4,3,2,10,16,27.3,2.75,0.63,8.9,25.3,3,1,7.0,8.2,47.3,70.4,1,0,529472.21
95.2,4,3,2,5,6,14.7,6.34,0.73,7.5,37.5,3,0,8.2,7.3,44.3,54.5,1,0,464496.87
79.5,3,2,2,10,19,64.6,8.08,0.52,6.9,42.7,1,1,4.0,5.7,40.5,65.5,1,0,362416.81
79.3,3,2,1,2,11,28.5,1.42,0.43,6.3,29.1,5,1,7.5,5.5,41.1,63.8,0,0,447267.89
106.9,5,4,2,7,22,17.3,2.96,0.87,7.6,22.6,4,1,5.5,8.8,42.7,69.0,1,0,602148.12
111.9,5,4,2,7,17,32.5,7.46,0.35,7.0,29.3,3,1,10.0,6.4,29.0,59.1,1,0,570123.75
121.4,5,4,3,20,22,8.1,8.36,0.05,6.4,38.4,0,0,9.1,8.7,46.7,45.2,1,0,579540.07
112.3,6,4,1,4,6,32.0,5.95,0.24,8.0,34.3,2,1,7.6,7.3,44.2,66.0,1,0,562623.86
63.7,3,2,1,2,4,20.6,4.72,0.36,7.7,19.2,2,1,6.0,7.8,34.3,53.6,0,0,414190.6
60.5,3,2,1,27,30,16.6,2.51,0.27,8.6,39.7,3,1,7.0,6.4,51.6,74.5,0,0,470998.32
101.4,4,3,2,21,29,15.2,1.62,0.05,7.2,27.3,8,0,8.8,7.1,34.0,76.0,0,0,653936.31
83.9,4,3,2,9,15,54.8,3.91,0.78,6.5,34.6,2,0,4.8,6.5,54.8,64.2,0,0,375531.3
106.3,4,3,2,2,6,10.5,3.98,0.2,8.7,28.2,3,2,8.7,8.4,39.5,61.1,1,0,598825.21
94.8,5,3,2,13,20,52.5,4.61,0.25,8.8,18.3,2,2,4.3,4.5,42.0,77.3,1,0,514280.41
101.6,6,4,2,17,26,6.5,6.43,0.48,6.9,28.5,3,2,6.6,8.5,47.8,35.0,1,0,551201.86
67.2,4,2,1,2,18,6.5,6.17,0.52,7.4,24.9,1,1,10.0,7.1,42.9,66.7,1,0,474673.23
74.0,4,2,1,19,25,47.7,7.28,0.15,7.9,19.1,3,2,4.5,4.6,36.3,78.4,1,0,412138.3
55.7,2,1,2,13,29,26.5,4.9,0.12,8.5,18.0,4,0,8.6,6.4,44.6,74.5,1,0,464462.04
89.2,4,3,1,10,12,16.5,2.45,0.05,6.4,39.2,3,0,6.6,7.5,47.7,60.2,1,0,494984.54
58.9,2,1,1,1,4,13.1,14.46,0.71,7.7,39.9,1,0,7.9,6.6,29.5,45.0,0,0,271119.22
76.4,3,2,2,13,16,43.6,1.89,0.51,6.9,31.3,1,1,5.5,7.0,50.7,88.7,1,0,504750.55
63.5,4,2,1,0,4,31.6,2.5,0.31,6.8,22.3,4,0,6.6,6.0,36.6,67.0,0,0,401204.03
68.6,3,2,1,15,20,10.1,6.11,0.05,7.4,25.2,3,0,9.5,7.9,46.9,65.1,1,0,441686.71
100.3,5,3,1,0,3,10.1,3.3,0.38,7.7,36.2,2,0,10.0,8.4,34.9,63.5,0,0,526621.44
66.5,2,1,1,13,15,46.7,11.45,1.55,7.2,36.8,0,0,5.6,7.8,37.0,50.0,1,0,275724.55
36.8,3,1,1,5,8,9.0,4.94,0.32,8.1,25.8,1,1,8.6,8.6,34.2,49.3,1,0,343663.61
122.7,5,4,2,17,24,10.5,7.18,0.35,9.3,30.2,2,0,7.9,7.6,47.5,63.4,1,0,649190.95
73.0,3,2,1,15,19,46.2,4.33,0.33,7.1,32.7,5,1,6.0,4.9,51.5,65.5,1,0,456897.4
67.4,2,1,2,18,29,18.6,1.27,0.13,9.4,16.1,5,1,6.7,6.2,57.0,70.1,1,0,534662.99
66.6,4,2,1,15,19,12.9,18.95,0.05,4.7,37.8,0,1,6.6,6.8,31.5,23.4,1,0,228233.28
88.9,5,3,3,4,24,30.5,5.88,0.7,6.6,39.4,1,1,7.5,6.7,37.4,63.9,1,0,492233.27
75.7,3,2,1,10,13,27.6,2.45,0.23,7.3,28.3,2,1,7.5,8.2,50.6,69.6,1,0,462354.7
81.5,4,3,1,5,8,20.5,4.7,0.08,6.0,24.6,2,0,9.3,7.2,42.8,77.6,1,0,506717.36
41.9,2,1,1,1,22,5.9,8.23,0.35,8.0,31.0,3,1,8.7,7.6,35.5,63.1,0,0,327589.83
49.5,3,1,2,4,5,27.0,1.0,0.89,9.6,28.4,4,1,7.1,7.1,41.9,60.5,1,0,373674.85
75.8,3,2,1,10,16,33.6,4.96,0.19,8.8,37.2,3,0,7.5,8.3,43.7,78.0,1,0,437582.45
79.1,3,2,2,11,27,26.2,3.89,0.06,6.5,26.4,5,0,8.7,6.3,50.7,77.6,1,0,452302.95
109.3,4,3,3,6,8,17.7,1.93,1.45,10.0,30.2,3,1,7.6,8.0,39.7,64.3,1,0,611455.87
101.4,4,3,2,19,19,33.2,8.37,0.38,7.6,33.0,0,1,2.9,6.3,49.6,66.9,1,0,531251.94
128.6,6,5,2,2,5,19.2,2.59,0.7,9.7,16.0,2,1,6.1,7.6,42.5,89.0,0,0,704003.77
70.4,3,2,1,7,19,9.3,10.8,0.88,7.1,33.6,1,0,10.0,8.6,44.2,72.1,1,0,434201.11
66.9,4,2,1,17,21,14.3,3.37,0.08,8.0,37.7,0,2,10.0,9.1,45.5,78.6,1,0,484919.5
101.3,5,3,3,4,20,21.9,7.51,0.18,7.2,36.6,5,0,9.5,7.2,44.2,64.4,1,0,534735.04
70.3,3,2,2,3,7,39.3,6.03,0.41,9.8,19.2,4,0,5.7,7.5,36.8,72.7,1,0,428438.46
74.1,4,2,1,9,17,45.6,5.57,0.27,9.2,33.5,2,1,5.5,6.4,44.9,64.1,1,0,393031.98
61.6,2,1,1,4,5,21.3,4.75,0.17,7.9,34.9,0,0,8.7,6.0,45.5,61.7,0,0,357160.25
53.5,2,1,2,16,25,23.7,5.36,0.58,7.5,26.1,2,0,8.3,7.0,35.4,57.3,0,0,391415.21
135.3,6,5,1,6,10,15.3,7.47,0.55,8.3,33.8,3,1,4.3,10.0,48.7,68.7,0,0,658559.52
114.9,5,4,2,3,9,4.8,11.08,0.53,5.3,50.9,5,0,8.7,9.3,29.6,49.2,1,1,579621.15
97.9,5,3,2,11,20,9.5,3.3,0.45,5.9,20.9,1,1,8.3,7.7,50.5,64.6,1,0,580715.89
57.4,3,2,1,1,12,20.8,17.04,0.55,5.4,36.5,1,0,5.9,7.0,29.1,46.7,1,0,240795.42
45.5,2,1,2,7,28,22.8,9.04,0.84,7.8,28.9,2,0,6.6,6.8,43.4,72.3,1,0,391052.03
54.2,3,1,1,19,25,21.2,6.74,0.24,8.8,16.3,3,0,8.0,5.9,46.5,76.7,0,0,389028.36
77.3,3,2,1,0,12,7.7,6.4,1.19,6.5,23.5,3,0,8.2,5.8,38.2,49.2,1,0,416946.53
65.6,4,2,1,7,21,29.9,0.67,0.24,10.0,25.9,4,1,8.4,6.1,41.8,97.3,1,0,536172.11
109.4,4,3,2,12,25,2.6,16.57,0.42,6.0,41.5,4,0,10.0,9.2,33.5,57.4,0,1,556366.49
108.9,4,3,3,2,3,40.0,7.85,0.34,8.0,31.1,0,0,7.8,6.8,36.8,60.6,0,0,486666.82
70.7,4,2,2,2,4,32.2,2.35,0.12,7.7,29.5,2,1,7.5,6.3,45.5,70.5,0,0,444739.11
125.2,6,5,1,2,30,19.9,1.35,1.51,8.2,30.4,4,0,7.5,7.5,44.8,71.4,1,0,675824.16
115.8,4,3,2,6,28,11.0,7.98,0.48,9.3,31.9,1,0,9.5,6.7,36.1,58.5,1,0,567846.03
86.1,4,3,2,1,3,10.5,3.44,0.45,7.6,11.2,2,2,7.4,6.2,36.4,70.6,0,0,563643.43
100.2,4,3,2,4,11,23.0,4.62,0.66,7.0,28.5,2,0,6.6,7.6,40.2,58.7,1,0,521280.1
68.4,4,2,1,6,17,10.1,4.48,1.14,8.6,31.2,2,1,6.5,8.6,42.5,76.8,0,0,444387.65
76.7,3,2,1,1,20,57.6,4.61,0.38,8.9,26.6,3,0,2.8,6.3,37.8,57.8,1,0,356925.93
81.1,3,2,1,6,20,55.0,1.16,0.23,6.9,28.0,3,1,7.3,6.6,47.5,65.3,1,0,435393.23
92.9,5,3,2,1,24,39.7,10.08,0.29,7.7,30.5,3,1,6.8,7.6,36.1,53.8,1,0,457561.12
62.0,2,1,1,6,9,52.9,3.33,1.14,8.6,24.8,4,1,6.3,6.2,48.8,86.5,1,0,439915.27
70.8,2,1,1,13,16,57.2,4.05,0.96,9.8,27.7,3,1,5.0,4.8,46.9,79.6,1,0,450676.41
60.5,2,1,2,14,20,21.4,2.78,1.56,7.8,34.8,7,1,10.0,7.6,49.3,72.9,1,0,451992.99
66.3,3,1,2,15,22,28.5,8.54,0.18,8.8,26.6,0,1,9.7,6.6,39.1,75.3,0,0,488844.75
109.3,5,4,2,7,21,27.5,2.73,0.37,8.3,19.3,2,0,7.1,6.7,51.0,74.1,1,0,592886.83
96.2,4,3,2,7,7,58.7,2.11,0.34,7.9,34.8,3,0,5.0,5.6,46.3,68.6,0,0,497037.66
76.6,3,2,2,4,11,30.9,7.59,2.4,6.8,31.0,1,0,6.6,8.0,46.5,61.5,1,0,413860.95
59.4,2,1,1,6,20,33.6,3.93,0.94,8.5,26.8,2,1,5.1,7.4,47.7,67.2,1,0,356970.06
87.6,3,2,2,10,15,38.4,6.31,0.38,6.6,33.8,6,0,5.8,6.4,41.4,68.4,1,0,432067.59
77.1,3,2,2,7,7,13.5,3.16,1.09,7.0,26.8,4,0,7.6,7.8,41.2,76.5,0,0,496431.84
65.3,2,1,1,3,26,24.4,2.17,0.35,8.8,35.8,3,1,4.0,7.5,44.5,76.7,1,0,462322.98
83.2,3,2,1,17,24,42.0,3.62,0.11,9.9,20.6,2,0,2.8,7.3,44.9,72.1,1,0,470973.73
84.8,3,2,2,22,22,47.9,9.08,0.51,6.0,42.4,1,1,5.7,7.7,39.7,51.9,0,0,366392.8
91.9,5,3,2,12,17,36.6,3.57,0.23,7.3,23.9,5,1,7.8,6.6,39.9,87.6,0,0,576317.14
91.1,4,3,2,16,28,13.7,9.6,0.13,7.6,47.8,2,0,6.9,7.5,50.9,54.8,0,0,411485.27
46.5,2,1,1,11,26,9.6,3.41,0.15,7.5,20.5,1,0,10.0,8.1,38.3,82.4,1,0,449539.11
78.6,3,2,1,17,21,15.9,6.73,1.01,5.8,38.3,1,1,7.5,8.6,34.2,56.5,1,0,416595.14
86.3,4,3,2,9,22,39.3,4.44,2.29,7.1,12.0,0,1,5.1,6.8,45.6,68.4,1,0,456485.25
76.4,3,2,1,6,13,3.6,3.45,0.24,8.6,22.3,1,0,6.6,9.0,40.1,76.3,1,1,516873.78
105.4,5,4,2,11,11,6.8,2.35,0.84,7.9,28.0,1,1,8.7,8.1,44.4,83.5,1,0,628038.7
95.6,4,3,1,11,23,7.6,3.29,0.51,8.5,14.1,4,1,5.5,8.1,38.3,78.0,1,0,618263.97
53.1,3,1,1,12,24,32.2,5.23,0.07,6.5,28.0,0,0,5.7,6.1,45.9,60.5,1,0,319038.36
63.7,2,1,1,0,30,21.2,1.2,1.77,8.7,43.4,3,1,7.7,6.7,45.5,89.5,1,0,505769.76
98.1,5,3,1,6,18,2.6,2.19,1.31,6.1,19.6,3,0,6.7,8.3,49.5,71.8,1,1,581841.66
64.5,2,1,1,4,13,64.9,6.61,0.43,8.5,30.9,3,0,3.9,4.7,43.5,65.1,1,0,321260.87
107.7,5,3,2,2,4,24.4,1.67,0.48,9.7,9.6,3,0,7.4,8.3,42.7,85.1,0,0,659881.79
108.1,5,4,1,18,27,24.2,4.88,0.8,6.5,22.6,5,1,5.6,8.2,37.5,58.7,1,0,572092.99
86.7,4,3,2,10,10,90.0,7.87,3.48,7.0,36.4,1,1,4.0,3.5,37.2,67.7,1,0,331067.85
62.6,4,2,1,1,25,13.5,11.11,0.62,5.7,38.7,4,0,9.5,9.5,32.1,46.2,0,0,361760.22
86.3,4,3,3,6,27,62.0,0.93,0.89,8.5,15.3,5,0,3.4,5.0,40.2,82.4,1,0,545271.64
62.3,3,2,1,8,23,32.4,5.05,0.08,8.0,24.4,2,1,6.5,6.4,49.4,82.1,0,0,431768.21
71.6,3,2,1,0,7,61.0,14.0,1.25,5.5,52.5,3,0,4.7,3.1,40.8,40.4,0,0,204603.18
102.5,6,4,1,13,13,11.0,11.5,0.38,6.5,37.8,2,1,8.8,8.1,36.5,56.9,1,0,520693.63
76.6,3,2,2,9,13,25.4,1.34,1.09,9.4,24.0,4,1,6.9,6.2,50.2,79.2,0,0,485782.16
135.9,7,5,2,9,11,49.1,5.77,0.94,8.4,15.7,2,2,4.6,7.2,43.9,79.2,1,0,669804.72
111.6,5,4,2,7,13,24.1,2.93,0.2,8.3,20.3,3,0,5.8,5.9,41.5,77.4,1,0,608310.33
51.0,2,1,2,1,7,15.1,3.0,0.38,9.2,19.7,5,0,9.2,8.9,43.3,75.9,1,0,489546.42
52.6,2,1,1,0,11,30.4,3.21,0.32,9.9,16.5,2,0,6.1,7.0,32.6,88.0,0,0,415067.95
45.8,2,1,1,3,3,17.9,7.76,0.23,7.7,31.1,2,0,6.6,6.4,31.7,65.9,0,0,339322.13
50.8,2,1,1,1,28,18.4,6.19,0.16,8.1,26.9,0,1,9.3,5.8,42.4,62.4,1,0,352616.59
63.7,2,1,1,3,12,15.1,6.18,0.7,7.5,35.3,0,0,8.2,8.0,45.5,55.6,1,0,341580.58
93.8,4,3,2,27,29,13.1,5.97,0.18,8.0,36.7,2,0,6.6,6.9,51.5,74.7,1,0,548950.07
67.2,2,1,1,3,10,46.2,2.44,0.15,7.5,20.6,3,0,5.6,4.0,38.5,83.9,0,0,374392.38
89.5,3,2,2,1,21,1.9,2.19,0.43,6.6,34.6,6,0,7.4,10.0,47.9,68.5,1,1,598621.96
102.4,6,4,1,3,18,16.9,1.83,0.24,9.1,16.1,6,0,6.1,8.4,47.6,65.4,1,0,626684.66
44.1,2,1,1,6,15,8.6,4.5,0.36,8.7,26.5,1,1,7.6,6.9,45.2,66.4,0,0,380448.65
113.6,6,4,2,5,26,12.8,0.91,0.43,8.5,11.7,4,1,7.8,6.0,44.8,88.8,1,0,746244.99
80.2,3,2,1,1,7,30.1,6.08,1.15,7.9,27.3,1,0,6.1,8.0,37.8,71.7,1,0,451221.49
49.1,3,1,1,3,20,24.4,12.45,0.31,6.3,51.8,1,0,8.2,5.8,39.5,39.0,1,0,213131.37
103.3,4,3,2,1,11,31.6,6.38,1.21,8.9,28.9,1,1,7.9,6.8,44.1,72.6,0,0,527210.09
105.7,4,3,2,4,6,12.6,6.91,0.76,6.5,31.2,4,0,7.1,8.2,39.4,62.2,1,0,546374.41
114.8,6,4,3,10,16,8.7,2.8,0.96,9.6,7.6,1,0,8.2,7.5,47.4,86.3,1,0,737092.75
97.6,5,3,3,2,9,8.9,3.5,0.05,8.7,23.8,2,0,7.7,7.0,45.0,69.1,1,0,594241.26
112.7,5,4,1,2,14,5.3,4.39,0.43,8.3,26.9,4,0,7.2,6.3,41.5,80.7,1,0,616037.77
72.2,3,2,1,19,26,11.8,4.24,0.34,8.3,22.7,1,2,8.4,8.3,42.9,69.3,1,0,484414.54
54.5,2,1,2,4,9,15.2,6.1,0.27,8.8,25.4,1,1,5.2,10.0,41.5,45.9,1,0,360081.36
100.2,4,3,3,10,13,18.6,11.66,0.6,6.5,38.9,3,1,6.3,6.3,42.5,50.5,1,0,476158.45
120.4,6,4,3,1,24,9.6,4.31,0.48,8.8,25.4,2,0,6.6,7.0,37.5,73.5,1,0,641739.29
126.5,6,5,3,14,17,49.1,10.03,1.52,6.9,35.4,1,0,4.4,6.5,46.3,60.0,1,0,547311.71
77.1,4,2,1,21,30,39.0,4.8,0.96,8.4,34.8,1,1,4.8,3.9,42.7,63.9,0,0,395764.44
74.2,3,2,2,7,9,27.2,1.59,0.31,6.7,17.9,1,1,4.8,6.2,54.6,59.7,1,0,455140.88
73.7,5,3,2,1,22,1.1,5.21,0.24,7.2,40.2,4,1,8.5,9.8,45.1,72.8,0,1,515992.42
70.8,4,2,1,7,28,13.0,5.48,0.13,9.6,23.5,4,0,7.6,6.9,40.2,85.3,1,0,542145.96
108.1,5,4,2,19,19,9.0,1.64,0.9,9.6,23.8,3,1,8.4,8.5,41.7,68.9,1,0,648559.82
127.5,5,4,2,6,7,9.5,10.86,0.81,8.8,41.8,2,1,8.7,8.4,35.1,67.2,1,0,620567.7
66.3,4,2,1,6,10,24.8,7.07,1.24,8.8,30.4,1,0,8.0,7.2,39.3,72.2,1,0,406399.21
87.2,4,3,2,0,12,7.7,8.88,0.43,6.8,35.0,3,0,7.3,7.3,36.2,50.1,1,0,452628.92
100.1,4,3,2,0,8,12.0,9.2,0.96,6.9,36.5,2,1,8.3,7.4,34.3,62.5,1,0,544077.27
47.7,2,1,1,23,23,17.6,2.33,0.78,9.2,8.1,1,0,7.4,7.6,49.1,100.0,1,0,491815.91
107.8,5,4,2,2,4,9.8,9.22,0.4,8.5,14.0,2,1,8.2,8.2,37.7,57.8,0,0,543039.79
82.1,4,2,2,0,28,42.5,1.15,0.5,9.7,24.4,2,1,5.5,7.6,40.1,87.8,0,0,497967.18
98.7,5,4,1,2,30,67.1,4.97,0.1,8.1,25.1,3,1,3.3,5.5,46.8,69.1,1,0,466906.49
59.3,4,2,1,5,7,46.6,3.42,1.8,8.0,19.4,5,1,5.5,5.5,49.1,70.2,1,0,371611.91
120.8,5,4,1,7,12,14.0,1.66,0.46,9.5,21.8,5,0,7.4,8.3,45.5,86.9,1,0,708367.29
82.6,3,2,2,14,30,19.2,6.88,0.28,6.1,32.6,3,1,8.2,8.1,47.7,56.5,1,0,429546.04
50.9,2,1,1,4,5,5.2,7.54,0.1,7.4,23.2,1,1,10.0,7.6,43.2,66.4,1,0,446358.69
114.0,5,4,2,4,15,27.5,2.26,1.47,8.0,30.4,0,0,5.8,7.6,41.2,69.9,1,0,543027.73
57.0,2,1,1,3,18,1.8,4.78,0.32,7.7,35.7,3,1,8.1,9.4,44.1,58.4,1,1,436072.28
78.8,3,2,1,13,17,4.7,6.68,0.14,9.0,29.6,3,0,10.0,9.7,38.5,78.2,1,1,552519.15
126.0,6,5,2,3,4,25.5,0.57,0.47,9.1,20.6,5,0,4.6,8.1,40.6,81.2,0,0,657213.88
134.9,7,5,2,5,5,31.6,7.38,0.63,7.7,31.4,1,2,4.5,7.8,43.4,82.6,1,0,674502.94
91.9,4,3,2,14,22,10.7,1.97,0.99,6.7,26.5,4,1,9.9,7.0,49.5,70.8,1,0,580556.79
101.5,4,3,3,10,20,21.8,2.07,0.05,7.1,27.6,5,1,10.0,6.2,48.1,69.2,1,0,590635.66
72.3,4,2,1,13,22,47.1,7.3,0.21,8.4,26.8,4,1,8.0,7.7,43.1,64.4,1,0,410962.37
70.9,3,2,1,5,22,5.4,1.93,0.46,8.5,28.0,4,0,9.1,10.0,36.1,70.6,1,0,539903.16
76.9,3,2,1,9,17,63.2,9.29,0.58,8.6,33.7,2,1,4.1,5.7,32.3,75.7,1,0,403923.85
99.9,4,3,2,6,24,60.4,3.98,0.64,7.3,32.8,6,1,4.6,4.8,45.2,62.5,1,0,510574.43
83.9,4,3,2,9,30,42.3,3.15,0.27,8.2,33.5,3,0,6.8,5.9,48.4,73.2,0,0,478450.96
78.1,4,3,1,5,7,25.0,8.18,0.19,7.4,33.4,1,1,8.7,6.1,36.1,59.7,1,0,422817.97
93.0,4,3,2,25,25,26.5,4.85,0.07,8.8,28.3,2,1,8.0,7.2,55.9,59.8,1,0,518865.91
74.6,2,1,2,4,13,12.6,5.3,0.54,9.9,29.1,1,0,5.1,7.7,38.6,74.3,1,0,489967.65
64.2,3,2,1,21,25,8.3,1.72,0.11,7.7,24.0,1,1,6.7,7.9,54.8,60.1,1,0,487150.4
51.3,3,1,1,0,5,27.3,15.61,0.33,4.6,46.2,2,1,7.6,5.8,24.2,47.5,1,0,189752.82
66.7,3,2,1,2,11,56.2,12.95,0.14,7.4,41.1,2,1,3.2,6.3,31.0,51.6,1,0,269549.74
73.6,3,2,2,7,9,27.4,5.01,0.35,8.3,36.2,6,0,4.3,7.4,44.5,63.9,1,0,410194.05
115.4,5,4,2,18,25,5.2,3.56,0.4,6.3,11.7,0,1,10.0,8.7,45.1,69.8,1,0,672566.2
82.2,4,2,1,0,4,36.4,6.37,0.63,6.7,37.1,3,1,7.0,4.7,44.0,62.3,0,0,426649.8
56.6,2,1,1,15,17,2.1,1.23,0.08,7.9,23.6,3,0,10.0,8.1,49.1,71.9,1,1,464854.7
46.6,2,1,1,3,14,33.6,5.9,0.7,8.9,23.6,4,1,8.2,5.5,48.2,74.6,1,0,331751.22
111.0,5,3,1,7,18,67.2,0.35,0.73,7.4,28.2,4,1,3.6,5.5,44.0,72.4,1,0,553353.85
96.6,4,3,2,24,28,48.0,3.79,0.15,7.8,17.8,3,0,6.2,5.3,42.5,94.4,1,0,587583.4
48.4,2,1,1,3,18,22.4,1.81,0.14,6.3,23.4,1,2,6.3,6.2,43.2,60.9,0,0,351645.22
64.3,2,1,1,12,18,22.9,7.42,0.24,8.1,40.0,4,1,5.1,7.9,40.0,54.0,0,0,377244.67
92.2,4,3,2,6,21,71.0,3.01,1.21,6.9,13.5,2,0,6.1,4.2,40.7,69.0,0,0,468308.77
66.3,3,1,1,0,5,9.2,1.58,0.07,10.0,22.7,2,1,8.1,8.4,39.4,70.7,1,0,505950.3
107.0,5,4,2,8,30,73.8,9.42,0.68,6.5,46.6,2,0,6.1,3.4,32.3,65.6,1,0,431405.78
107.4,4,3,2,3,24,16.3,25.0,0.53,6.4,66.2,0,0,8.1,7.6,32.2,47.7,0,0,311229.72
61.6,2,1,2,13,22,86.5,4.43,1.33,8.5,28.7,2,0,3.7,5.0,37.3,66.7,1,0,279503.47
63.3,3,1,1,5,6,3.1,6.3,0.78,6.9,24.7,5,0,9.7,10.0,40.8,69.8,1,1,439017.12
147.2,6,5,2,0,3,10.8,2.62,0.93,9.3,28.2,2,1,8.0,7.1,43.6,76.9,0,0,744725.88
61.9,3,2,1,2,24,12.3,3.13,0.23,6.1,24.0,5,1,7.8,7.5,44.8,64.1,1,0,477019.97
88.2,3,2,2,10,10,44.8,11.74,0.29,7.1,37.6,0,0,6.4,6.8,37.9,61.8,1,0,380481.76
102.7,5,4,2,4,26,27.7,7.08,0.11,8.4,29.4,1,0,9.0,7.0,33.2,73.3,0,0,565256.28
105.6,5,4,2,0,17,14.8,7.18,0.77,7.4,23.1,3,0,8.8,8.0,35.3,52.8,0,0,552531.65
125.6,6,5,2,10,26,21.9,2.84,0.05,7.0,35.4,2,1,7.6,8.7,45.0,57.6,0,0,632997.54
100.0,4,3,2,18,23,70.5,2.21,0.37,9.8,19.8,4,1,3.7,4.8,47.7,74.9,1,0,523099.49
71.3,3,2,1,4,28,14.5,13.25,1.36,6.8,40.8,0,0,7.9,7.1,29.4,51.3,1,0,314933.58
51.7,2,1,1,21,24,27.6,4.45,0.8,7.4,23.6,0,0,5.9,8.2,49.8,69.6,1,0,378508.66
97.2,4,3,2,4,7,40.4,6.81,0.58,6.6,27.7,1,0,4.8,5.4,36.0,56.4,1,0,467231.88
107.7,4,3,3,16,22,43.8,2.38,0.26,8.3,27.7,2,1,5.7,6.0,55.5,63.7,1,0,557117.11
76.3,4,2,1,14,14,45.3,0.87,0.89,8.2,26.0,3,1,6.0,5.4,38.2,71.1,1,0,456219.2
129.8,5,4,3,18,22,31.4,3.78,0.21,7.8,47.1,2,1,8.0,5.6,49.1,55.3,0,0,622152.86
67.6,2,1,1,16,22,17.2,13.44,0.66,8.5,36.3,3,1,6.2,7.4,39.0,67.7,0,0,382495.82
70.8,3,2,1,4,6,7.7,6.38,0.96,9.4,24.0,3,1,8.5,8.1,40.0,79.1,1,0,541820.1
48.8,3,1,1,23,24,8.7,6.33,0.19,8.0,37.2,0,1,9.1,7.8,48.8,69.6,1,0,391383.62
75.9,3,2,1,8,17,42.2,3.58,0.45,8.8,30.1,2,1,4.7,7.2,40.5,79.3,1,0,476245.01
50.8,2,1,2,5,8,18.2,4.52,0.43,6.5,27.6,1,0,7.1,6.7,41.0,62.7,0,0,355328.1
54.6,2,1,2,5,7,28.2,5.12,0.71,8.0,30.2,5,2,8.3,7.3,36.7,64.3,0,0,399461.16
68.0,2,1,2,26,30,18.6,5.73,0.16,8.1,39.4,1,0,7.7,6.3,53.6,68.3,0,0,405107.67
95.0,5,3,2,4,13,36.7,1.64,0.53,8.1,14.4,1,2,3.5,8.9,42.0,82.0,1,0,589038.27
93.3,4,3,3,12,16,43.0,10.45,0.35,6.8,32.2,2,1,7.3,5.5,36.8,61.9,1,0,501098.75
91.1,4,3,3,9,13,6.4,7.2,1.01,6.8,35.8,1,2,8.7,6.5,48.0,64.1,1,0,490817.47
125.4,7,5,1,4,11,37.7,5.3,0.6,7.9,23.5,1,0,4.1,6.2,33.2,71.9,1,0,594634.49
80.1,3,2,1,10,26,22.7,8.37,0.64,8.6,26.9,1,0,6.2,7.5,49.1,74.1,1,0,463300.07
87.0,4,2,2,6,12,14.5,9.62,0.56,8.7,41.4,2,1,7.8,8.6,38.3,70.2,0,0,465005.33
114.9,5,4,2,7,8,20.7,8.37,0.23,7.5,36.1,1,2,8.1,8.4,45.1,59.9,1,0,584897.81
94.1,3,2,2,6,13,33.9,8.69,0.18,8.5,31.5,2,1,8.3,7.2,42.1,69.6,0,0,490697.12
131.2,7,5,2,0,11,35.2,3.14,0.69,7.2,21.0,6,1,5.3,7.4,32.7,53.8,1,0,651429.34
51.9,2,1,1,0,7,28.7,4.65,0.05,8.5,28.8,0,1,6.4,8.0,44.6,56.4,1,0,331521.34
118.5,7,5,3,9,12,14.6,9.31,0.21,7.3,43.1,1,0,9.4,7.9,34.5,55.8,1,0,565721.42
49.4,2,1,1,5,22,2.9,4.0,0.42,7.3,18.4,3,1,10.0,8.8,41.8,65.5,0,1,444601.6
113.8,5,4,1,2,16,23.9,8.03,0.61,9.7,20.2,3,0,6.9,7.3,47.6,84.5,1,0,635223.24
83.5,3,2,1,8,8,43.2,2.94,0.1,7.7,30.0,2,0,5.3,5.4,41.8,67.3,1,0,455896.22
125.4,6,5,2,2,6,11.7,2.64,0.37,7.8,20.7,0,1,9.0,8.9,49.0,75.5,1,0,665083.16
56.7,2,1,1,22,26,20.5,5.79,0.45,7.3,24.3,2,1,4.5,8.6,41.0,68.8,1,0,399528.54
97.4,4,3,1,1,25,13.7,11.63,0.38,7.5,33.0,1,1,8.1,9.0,43.3,47.7,1,0,457276.78
132.1,7,5,2,18,23,7.0,7.26,0.46,9.0,34.3,1,0,8.5,7.0,43.1,68.8,1,0,698164.24
52.7,3,2,1,7,12,21.5,5.43,0.25,6.7,35.6,4,0,6.9,8.4,44.6,63.8,1,0,366399.3
98.0,4,3,2,12,24,10.9,7.2,0.86,8.1,33.3,2,1,9.0,7.3,41.8,77.5,1,0,580416.61
102.1,4,3,2,13,13,30.7,6.21,0.58,8.1,26.1,2,0,8.6,7.2,43.4,63.4,0,0,503247.47
63.4,3,2,1,14,18,49.1,2.67,0.35,6.6,21.2,5,1,4.3,6.6,39.6,74.9,1,0,469449.06
94.0,4,3,2,0,9,27.8,4.12,0.05,9.4,19.6,4,2,6.1,5.5,39.1,79.0,1,0,546152.65
79.8,4,3,1,14,20,7.1,1.67,0.52,8.6,15.6,2,2,9.5,9.0,43.5,69.7,1,0,582231.71
93.4,6,4,2,20,27,19.6,6.37,0.1,8.5,25.9,1,0,5.5,5.9,38.4,49.7,1,0,508623.95
61.2,3,1,1,9,9,19.2,9.66,0.05,5.3,39.2,2,0,6.9,7.2,39.9,55.5,1,0,339382.81
71.0,3,2,1,0,26,21.3,10.64,0.15,8.7,39.4,1,0,10.0,8.3,43.5,70.8,0,0,393476.82
144.8,6,5,2,11,23,44.2,3.88,0.59,10.0,22.7,2,1,6.3,7.4,40.2,77.5,1,0,710353.81
120.9,5,4,2,8,17,7.6,2.54,0.59,8.0,23.0,0,1,8.1,8.9,53.3,79.8,1,0,695772.16
68.2,3,2,1,4,21,22.8,6.65,0.05,7.0,43.6,3,0,4.9,6.7,40.0,55.7,0,0,343513.18
88.3,4,3,1,14,20,11.1,1.57,0.58,5.9,5.0,6,0,4.6,7.3,45.0,80.0,0,0,540441.63
75.5,3,2,1,2,17,4.4,1.23,0.06,7.1,28.4,6,1,10.0,9.3,43.2,56.3,1,1,567505.21
60.7,2,1,1,18,20,42.2,7.59,0.87,8.4,34.2,2,0,4.4,6.2,54.7,69.5,1,0,308199.95
73.6,3,2,1,1,5,26.4,5.34,0.73,7.8,32.2,7,1,7.3,7.9,42.8,53.4,1,0,409231.07
79.8,4,2,1,1,3,22.7,6.86,0.05,6.2,39.9,2,1,9.4,7.2,41.6,64.7,0,0,430538.79
93.6,4,3,2,2,3,6.3,1.46,0.51,9.9,10.9,1,0,7.8,7.7,47.4,76.0,0,0,606240.39
52.0,2,1,2,4,9,8.7,14.44,0.25,6.1,50.9,1,0,7.7,7.7,27.9,55.4,1,0,295767.89
131.5,6,5,2,3,12,9.1,1.4,0.86,6.9,27.2,6,0,9.4,9.1,50.1,70.1,1,0,723292.15
126.6,7,5,1,14,14,23.3,11.48,0.21,7.2,35.3,5,1,9.5,7.3,35.2,66.7,1,0,626912.53
79.4,5,3,1,6,29,20.1,11.62,1.16,7.6,42.0,2,1,8.9,8.9,32.5,60.4,1,0,429525.12
60.3,3,2,1,2,10,13.6,9.19,0.77,6.1,38.1,1,0,10.0,8.7,35.8,58.3,1,0,342350.59
74.6,3,2,1,20,24,37.7,7.22,0.11,7.3,25.4,4,2,3.0,5.9,43.0,74.8,1,0,464978.75
110.7,6,4,2,1,25,19.3,6.51,1.28,9.3,13.2,5,0,8.3,7.0,40.1,76.7,1,0,611574.24
94.7,4,3,2,16,19,21.1,1.95,0.51,6.9,16.1,3,1,9.5,7.2,45.9,86.5,0,0,665443.45
50.1,3,1,1,8,16,33.9,2.57,0.37,8.5,18.3,4,1,7.4,6.5,42.2,74.3,1,0,401378.45
126.2,6,4,2,19,19,7.0,3.65,0.18,7.7,29.0,6,2,8.3,9.3,43.5,67.5,1,0,757944.2
124.1,5,4,2,7,27,5.2,5.24,0.47,8.4,17.1,2,1,6.8,7.7,42.7,64.6,1,0,691940.99
104.1,5,4,2,11,23,20.9,3.81,0.88,7.0,30.6,1,1,6.5,7.5,35.9,62.7,1,0,561056.91
91.7,4,3,2,6,25,22.9,4.33,0.58,8.2,28.5,3,0,9.7,7.6,43.2,67.6,1,0,566367.09
95.8,4,3,1,0,8,13.2,1.94,0.61,7.3,39.0,4,1,8.1,8.5,49.8,62.2,1,0,558080.37
82.8,4,2,2,9,22,23.4,12.39,0.44,5.0,45.9,4,1,6.5,7.7,38.9,55.0,1,0,390865.17
113.7,6,4,2,10,19,21.2,5.97,1.02,6.4,17.3,4,1,5.3,7.7,46.4,56.9,0,0,515394.26
104.9,5,4,2,6,22,8.8,14.35,0.51,6.6,51.2,3,2,9.1,7.5,41.9,42.7,1,0,453455.48
47.5,2,1,1,17,28,15.8,1.53,0.19,8.6,15.3,4,1,6.7,7.2,51.2,59.6,1,0,427014.37
55.9,2,1,2,18,28,15.2,1.65,0.23,9.5,13.5,4,0,7.9,7.9,45.3,73.3,0,0,475326.32
80.2,3,2,2,0,10,20.8,9.47,0.41,7.7,33.0,1,0,10.0,7.2,34.9,71.5,1,0,468460.83
127.6,5,4,2,6,15,6.0,3.58,0.34,9.6,26.6,3,0,9.8,7.2,44.2,69.5,1,0,723323.91
126.5,6,5,2,18,18,17.8,10.44,0.92,7.0,35.1,4,0,9.8,7.1,35.0,52.0,1,0,593193.48
44.8,2,1,1,5,14,10.5,8.65,0.62,8.0,32.8,0,1,8.5,8.1,52.0,57.3,0,0,321376.62
95.1,4,3,2,27,29,31.7,4.54,0.41,7.0,22.4,1,1,8.0,7.9,48.1,71.2,1,0,538628.28
79.3,4,2,1,12,19,29.6,2.17,0.21,8.6,14.4,1,0,9.0,5.9,53.8,86.4,1,0,524673.54
127.4,6,5,3,2,20,69.5,2.32,0.31,7.8,25.6,2,2,3.1,3.5,42.8,78.6,0,0,599140.17
125.6,6,4,2,1,10,45.3,2.95,0.28,7.7,14.6,8,2,5.9,6.7,43.2,62.9,1,0,614766.32
112.6,5,4,2,8,20,16.0,5.09,0.75,8.0,22.7,2,0,6.9,7.2,42.7,80.9,1,0,629675.13
65.1,3,2,1,6,13,11.1,7.3,0.05,6.2,31.7,1,1,7.3,7.0,47.0,69.6,0,0,417363.45
58.2,4,2,1,13,15,21.4,2.24,0.2,8.6,24.3,5,0,7.4,7.3,58.9,77.4,1,0,466172.31
76.7,3,2,1,4,14,71.1,2.52,0.1,8.9,20.7,0,1,2.8,3.7,36.7,65.8,1,0,410470.83
51.6,2,1,1,14,17,30.4,2.35,0.2,7.5,22.6,4,1,6.4,9.0,45.4,64.5,1,0,386365.23
108.4,5,4,1,19,28,11.6,19.51,0.6,6.3,42.4,3,0,9.3,7.1,36.3,39.4,1,0,473010.1
106.8,5,4,2,0,27,25.8,3.33,0.62,9.4,19.8,4,0,7.1,7.3,33.6,70.9,0,0,604131.58
129.4,6,5,2,3,5,50.8,6.28,0.57,8.5,26.7,3,0,4.4,6.2,37.6,70.0,0,0,562818.19
135.1,7,5,3,5,5,13.8,9.04,0.09,7.3,37.4,4,1,9.3,8.7,41.1,38.5,1,0,631833.67
88.2,4,3,1,4,8,21.1,2.55,0.45,8.6,17.5,3,1,6.2,6.2,41.5,64.8,1,0,509070.38
90.6,4,3,2,0,5,90.0,6.95,1.07,9.2,21.9,2,0,1.3,4.0,39.6,68.4,1,0,371522.06
101.7,6,4,2,3,11,23.1,6.89,0.31,7.9,21.9,4,2,9.3,5.6,42.7,75.6,1,0,565906.97
135.8,5,4,2,10,13,10.1,2.23,0.36,9.2,22.6,4,2,9.6,8.2,43.1,72.8,0,0,775814.41
67.1,3,2,2,2,10,8.1,3.34,0.22,8.9,21.2,4,0,7.9,8.0,38.0,75.3,1,0,502540.16
72.5,3,2,1,5,6,15.5,6.95,0.4,7.8,29.8,1,1,10.0,8.4,35.8,74.3,1,0,479247.38
38.8,2,1,1,19,24,19.9,4.26,0.43,9.3,20.9,3,0,6.8,7.7,35.1,67.3,0,0,392425.31
109.0,6,5,1,26,26,25.2,9.76,0.41,6.3,34.3,1,1,8.3,7.0,46.4,50.2,1,0,501461.23
96.8,4,3,2,17,22,26.4,1.62,0.38,8.7,17.4,5,2,4.9,7.0,47.1,67.4,1,0,607686.88
79.4,3,2,2,4,17,12.0,10.41,0.05,6.7,41.0,2,0,6.7,6.4,43.7,54.5,1,0,430382.78
106.1,4,3,2,5,7,7.3,4.51,1.65,8.9,25.6,3,1,10.0,7.3,45.9,66.2,1,0,608542.21
106.2,4,3,3,3,9,45.2,3.89,1.15,8.0,36.3,2,1,8.1,7.5,43.0,80.9,1,0,581074.64
69.8,3,2,1,4,10,11.9,7.44,0.68,8.6,27.8,2,1,8.0,8.0,41.8,69.0,0,0,466486.31
45.4,2,1,1,8,9,40.4,4.07,0.35,8.8,35.9,3,0,9.7,6.9,35.1,74.5,1,0,343967.21
115.0,4,3,3,3,10,29.3,5.36,0.86,7.4,27.2,3,0,9.0,6.3,43.3,60.3,0,0,579348.7
78.4,3,2,1,5,6,45.7,8.51,0.66,8.0,36.1,3,1,4.9,6.8,38.4,62.2,1,0,345696.21
79.0,5,3,1,3,3,29.2,6.16,1.01,8.2,24.6,1,1,6.5,6.6,37.2,66.0,0,0,420556.17
71.3,3,2,1,16,24,4.7,9.24,0.3,7.2,38.4,3,1,6.6,8.0,39.5,61.2,1,1,508416.63
115.2,5,4,2,6,7,32.3,3.75,0.3,8.9,8.1,3,0,6.2,6.6,46.8,79.7,1,0,652031.74
93.2,4,3,2,1,13,26.0,6.23,1.49,7.6,21.3,8,0,7.6,8.4,37.4,65.2,0,0,512502.16
102.2,4,3,2,5,6,54.8,12.84,0.91,6.2,35.0,1,2,5.4,3.4,34.8,52.9,1,0,441992.87
120.7,5,4,2,0,4,58.7,1.26,0.76,8.6,35.7,0,0,5.1,6.0,46.9,80.9,0,0,525987.74
69.5,4,2,1,19,19,22.2,6.48,0.14,8.2,36.7,1,0,9.0,7.4,43.3,57.8,1,0,429859.06
50.8,3,1,1,21,27,11.9,8.13,0.2,4.5,40.1,0,0,8.5,10.0,44.6,60.8,1,0,335835.77
65.0,3,1,1,2,14,7.1,12.03,0.06,9.5,31.8,1,0,9.6,10.0,35.3,65.1,1,0,417465.52
103.5,5,3,2,3,4,7.2,6.36,0.1,10.0,21.8,6,1,9.2,6.3,46.2,78.5,0,0,642497.23
103.6,5,3,3,8,11,51.5,6.97,0.35,6.8,28.3,2,0,6.0,7.0,42.3,61.4,1,0,497760.48
76.0,4,3,1,7,8,24.5,3.02,0.24,8.8,28.1,1,0,8.7,6.7,36.1,80.5,1,0,514508.24
80.8,3,2,2,0,8,37.0,10.79,0.39,6.1,39.8,0,1,7.7,6.2,40.4,50.3,1,0,372981.37
58.6,3,1,1,1,20,13.3,7.54,0.52,5.9,41.2,3,1,6.4,7.2,36.0,62.2,0,0,378632.06
31.0,2,1,1,24,24,25.6,2.92,0.16,7.7,29.2,0,1,10.0,6.4,46.1,73.9,1,0,369803.11
80.0,3,2,2,1,5,22.7,2.64,0.56,6.8,29.4,2,2,7.7,8.6,42.1,69.6,1,0,522760.13
92.7,4,3,2,2,17,3.3,4.12,0.48,8.5,20.0,3,0,7.4,7.2,53.2,80.7,1,1,617604.38
69.2,3,2,1,2,9,27.7,5.12,0.21,8.8,20.8,5,2,7.1,6.3,44.0,80.6,1,0,478695.1
63.7,3,2,1,9,15,26.7,4.71,0.87,9.7,25.0,4,0,7.6,7.7,53.1,78.4,1,0,450803.12
119.8,5,4,3,8,12,22.8,4.87,0.36,8.0,30.1,4,0,8.4,5.2,43.4,82.3,1,0,678019.68
89.1,3,2,2,5,6,33.5,4.05,0.09,8.9,23.3,2,1,8.2,6.4,46.7,69.3,1,0,476391.86
74.4,4,2,2,18,18,26.9,4.86,0.11,8.3,18.2,4,1,8.4,5.8,54.6,69.6,1,0,501272.01
103.7,4,3,2,9,11,41.5,9.44,0.74,7.7,35.9,0,0,9.0,6.4,43.8,63.3,1,0,489898.43
71.5,4,2,2,10,23,12.6,7.46,0.46,6.6,38.9,1,0,8.3,7.8,43.6,58.9,1,0,424667.68
102.1,4,3,2,20,30,19.1,1.46,0.36,8.1,14.7,3,1,7.5,8.4,42.0,73.0,1,0,616684.72
121.0,5,4,3,5,12,68.8,10.08,0.37,6.9,34.6,0,1,2.2,2.4,33.1,47.3,1,0,453379.83
123.8,5,4,3,18,21,49.9,6.34,0.15,8.3,22.3,1,1,7.1,6.2,45.9,75.3,1,0,608732.95
53.1,2,1,1,13,19,18.2,2.2,0.37,6.1,33.8,6,1,8.7,6.7,51.6,65.5,1,0,445884.46
126.1,5,4,3,1,3,13.9,5.36,0.15,8.9,40.5,6,0,7.2,9.2,40.3,66.3,0,0,672523.47
57.5,4,2,2,7,15,17.4,2.9,0.4,7.9,34.0,4,0,8.2,7.1,47.8,61.0,1,0,429410.36
59.6,4,2,1,1,6,32.8,2.91,0.47,7.5,14.5,2,0,6.8,5.9,38.7,70.0,0,0,382402.92
74.3,4,2,1,17,17,21.6,4.05,0.13,8.4,28.0,4,0,7.8,6.8,42.8,72.2,0,0,441047.59
122.7,6,5,3,24,28,43.5,10.03,0.2,7.3,39.8,3,2,5.7,6.6,45.4,49.0,1,0,599540.32
73.8,3,2,2,5,12,4.8,0.57,0.62,8.6,32.5,0,1,8.8,10.0,46.1,72.1,1,1,547686.97
70.6,3,2,1,3,22,13.9,3.32,0.82,9.4,18.7,4,0,5.8,7.7,41.2,72.0,1,0,523276.37
89.4,4,3,2,11,11,42.8,7.75,0.8,5.8,34.5,1,1,5.5,5.1,38.9,58.6,1,0,369281.44
65.5,3,2,1,2,10,5.2,17.48,0.36,5.0,42.2,2,1,9.1,7.0,24.0,43.8,1,0,316888.1
55.2,2,1,1,1,22,6.9,22.96,0.98,5.2,48.3,0,1,7.5,8.8,26.8,27.3,1,0,174119.49
61.1,2,1,1,7,8,18.5,4.17,0.2,9.4,24.4,2,1,8.4,8.0,36.1,79.9,1,0,454327.46
52.3,2,1,2,3,25,12.8,1.92,0.06,9.1,31.6,2,0,10.0,8.2,42.7,53.5,1,0,425400.25
48.4,2,1,1,1,12,13.5,6.67,0.26,7.6,30.9,4,0,6.4,9.3,39.1,66.9,1,0,404420.82
47.1,2,1,1,10,26,28.0,7.48,0.24,8.2,31.1,2,0,4.4,6.2,48.7,73.7,1,0,322406.95
76.6,4,3,2,8,22,22.4,9.62,0.19,8.2,24.9,2,0,9.3,9.2,34.0,63.9,1,0,480352.41
54.1,2,1,1,7,19,18.9,6.66,0.72,8.2,30.6,1,0,10.0,7.8,43.8,55.4,1,0,340598.1
85.5,3,2,2,4,7,13.9,1.74,0.42,9.4,16.6,4,0,8.6,7.2,45.5,84.0,1,0,569174.01
129.1,5,4,3,7,16,9.9,0.66,0.99,8.6,17.3,8,1,8.3,7.9,40.9,64.2,1,0,697361.69
64.0,3,2,1,4,19,8.3,10.59,0.25,7.7,47.9,2,2,7.5,6.8,37.8,54.1,0,0,352279.92
86.0,4,3,2,12,13,21.3,8.8,0.33,7.9,30.0,2,1,8.4,6.3,34.3,72.7,1,0,512782.23
53.2,3,1,1,6,29,67.9,2.29,0.62,7.8,21.8,2,0,4.5,4.6,45.0,71.7,1,0,282401.76
59.6,2,1,1,4,6,12.8,2.19,0.84,8.1,25.0,3,2,9.4,8.6,43.2,72.7,1,0,514384.61
54.2,2,1,1,4,25,41.4,14.97,1.4,7.2,18.3,0,2,3.7,5.5,38.5,68.2,1,0,287855.85
55.3,2,1,1,12,25,23.3,9.69,0.34,6.4,31.6,1,0,7.9,9.4,36.7,47.1,1,0,328923.1
80.1,4,2,1,19,19,26.3,4.08,0.05,7.3,15.0,4,1,6.0,7.0,35.4,71.8,1,0,480472.31
47.1,2,1,1,15,27,42.4,2.62,0.05,7.9,20.6,6,0,7.6,5.5,43.8,72.8,1,0,395962.78
51.2,3,1,1,4,4,10.9,3.99,1.84,8.1,39.3,2,1,6.6,6.6,45.9,60.8,0,0,373370.42
66.1,2,1,1,22,23,54.9,3.32,0.31,8.1,5.6,2,0,6.3,4.9,48.6,71.2,1,0,398133.25
69.4,3,2,1,18,24,24.1,7.51,1.4,7.6,20.2,2,0,6.5,8.6,40.6,74.9,1,0,446256.65
67.9,4,2,2,3,3,29.7,5.9,0.45,7.9,38.5,3,1,6.4,8.6,47.1,49.8,0,0,360890.67
72.6,3,2,2,23,30,29.3,3.03,1.07,7.9,23.9,3,0,8.3,7.5,46.9,70.0,0,0,476681.27
63.5,3,2,1,10,20,36.1,7.95,0.82,6.9,36.8,1,0,5.4,6.6,45.1,55.2,1,0,317256.96
105.9,4,3,3,1,9,22.9,2.76,0.12,8.2,24.8,9,1,5.2,5.8,43.2,73.7,1,0,620475.91
45.8,2,1,1,12,24,42.9,3.11,1.31,8.8,24.4,1,1,6.2,3.5,48.9,68.9,1,0,339727.05
98.2,4,3,2,8,8,20.8,4.36,0.16,8.8,22.9,2,1,6.6,7.5,47.4,73.5,1,0,573895.05
83.1,4,3,1,6,8,30.6,9.8,0.88,5.3,16.5,1,1,4.9,6.4,45.4,60.2,1,0,402845.07
36.0,2,1,1,15,16,28.2,2.84,0.72,7.2,25.9,3,1,7.6,6.4,42.6,70.1,1,0,350390.26
116.5,6,4,2,12,25,35.2,8.66,0.96,8.4,39.7,1,0,7.1,6.9,43.9,61.5,1,0,559875.7
115.2,5,4,2,4,28,10.2,14.89,0.41,6.4,51.3,1,1,8.5,6.6,27.9,49.4,1,0,553702.08
64.1,2,1,2,10,14,26.6,3.46,0.86,6.2,32.8,2,1,8.0,8.5,47.5,67.0,0,0,406410.58
65.6,3,2,1,14,16,32.5,9.15,0.17,8.6,31.6,5,1,3.8,8.6,32.7,64.7,1,0,415830.18
100.8,6,4,1,6,16,4.9,10.49,0.38,8.2,36.0,0,2,7.5,10.0,47.7,59.3,1,1,548809.31
92.2,4,3,1,1,14,11.4,24.27,0.83,4.4,67.1,0,2,8.7,7.6,27.5,38.4,1,0,324829.92
65.2,2,1,1,10,11,11.0,6.88,1.02,6.5,22.2,1,2,9.8,7.3,43.1,57.4,1,0,381065.37
78.1,4,2,2,3,11,17.3,4.5,0.17,10.0,35.9,4,0,8.2,7.2,33.9,88.4,1,0,567747.54
81.4,4,2,2,1,4,21.5,12.81,0.84,6.0,49.2,1,1,9.3,7.6,40.1,43.6,0,0,322838.6
75.4,3,2,2,7,20,18.6,8.06,0.79,8.7,43.6,2,2,6.7,8.5,46.5,58.8,0,0,455263.12
90.7,4,3,3,5,7,29.1,7.62,0.72,9.1,31.5,3,1,6.1,7.3,39.0,52.3,1,0,503317.66
85.7,3,2,2,9,28,20.3,7.01,0.32,6.2,30.0,4,1,7.1,8.6,39.5,59.8,0,0,464451.2
78.3,3,2,1,9,25,29.6,15.37,0.05,5.7,49.5,1,1,6.9,7.4,33.1,54.2,0,0,338152.31
101.7,5,3,2,10,14,59.0,3.33,0.78,9.1,28.6,3,0,2.4,6.3,53.5,64.7,1,0,513093.24
51.5,3,1,1,7,16,18.7,9.25,1.03,6.0,50.6,3,0,7.7,7.4,38.9,65.1,1,0,315592.23
75.8,3,2,1,15,30,25.8,7.04,1.15,6.6,30.9,1,0,7.2,5.9,43.9,61.3,0,0,392107.5
103.2,4,3,2,15,15,12.3,11.03,0.05,7.0,35.0,1,2,7.3,9.1,44.7,46.8,1,0,517416.37
127.0,5,4,2,4,5,31.8,3.17,0.27,8.0,32.5,4,0,5.7,8.9,31.3,62.7,1,0,638935.36
78.9,4,2,1,16,17,20.6,1.9,0.64,9.4,19.1,2,0,8.0,7.7,47.1,80.7,1,0,529898.89
71.5,3,2,1,5,17,8.9,15.34,0.75,7.2,39.3,0,1,9.3,7.5,32.6,48.4,1,0,377797.03
42.5,2,1,1,1,5,2.3,1.16,0.29,8.6,17.4,2,1,9.1,10.0,45.1,89.4,1,1,505630.87
72.2,3,2,1,16,22,20.4,2.96,0.35,8.0,10.6,3,1,7.9,7.0,50.7,69.5,1,0,500582.65
73.1,3,2,1,11,21,15.6,1.45,0.38,7.3,18.9,1,0,7.9,7.7,51.5,72.4,1,0,474153.21
83.7,3,2,2,14,17,7.2,9.95,0.12,8.5,36.6,1,0,8.5,8.2,39.4,56.8,1,0,495864.13
81.8,4,2,1,6,21,32.4,2.34,0.62,8.4,23.1,8,1,7.9,5.9,43.9,80.8,1,0,520032.96
70.2,4,2,1,3,10,21.5,6.46,1.6,8.4,32.2,1,1,10.0,6.6,40.7,54.7,1,0,374219.9
69.8,2,1,1,16,25,15.8,2.33,0.57,8.4,32.4,5,0,10.0,7.6,50.9,54.6,1,0,406591.33
63.9,3,2,2,9,15,33.6,1.78,0.9,8.4,39.1,2,0,5.1,6.4,51.6,65.8,1,0,417010.63
74.4,4,2,1,10,25,9.3,14.61,0.26,6.9,41.1,1,1,5.2,8.6,28.8,50.7,1,0,363890.15
64.6,3,2,1,10,12,14.1,8.03,0.28,7.5,24.8,3,1,8.9,8.0,43.0,51.4,1,0,393821.73
37.7,2,1,1,1,4,43.4,3.87,0.41,7.9,23.1,3,1,6.1,6.7,41.2,74.2,0,0,308786.31
105.4,6,4,1,12,13,20.6,5.49,0.29,7.2,35.1,3,1,7.5,7.2,53.9,70.2,1,0,534217.82
91.3,5,3,3,27,27,30.5,1.83,0.15,8.8,39.0,3,1,7.5,6.0,44.8,68.0,1,0,582061.0
94.7,5,3,2,14,24,30.0,17.36,0.59,7.5,46.9,1,0,6.6,5.8,28.8,43.7,1,0,430562.43
103.3,4,3,3,5,21,48.0,2.87,0.17,8.4,27.2,3,0,3.4,6.8,41.0,83.5,1,0,581685.44
79.9,3,2,1,11,11,27.7,8.68,0.22,9.1,29.2,2,2,5.4,6.5,43.8,57.5,0,0,423655.46
40.9,2,1,1,2,11,6.9,1.51,0.81,7.9,24.0,6,1,6.9,7.5,47.3,77.4,1,0,443716.88
78.3,3,2,1,5,8,26.6,5.96,0.76,9.9,34.2,3,0,8.2,8.3,38.7,65.9,1,0,515496.5
96.8,5,3,2,9,12,28.5,7.1,0.3,8.1,36.0,2,0,9.9,6.5,46.7,65.9,1,0,505815.69
104.2,4,3,2,8,24,28.5,4.97,0.55,5.1,32.4,2,1,6.4,4.7,40.8,67.9,1,0,516465.38
67.5,3,2,1,21,26,32.4,8.5,2.22,9.4,31.7,0,0,10.0,6.9,47.7,69.1,1,0,387661.8
42.3,2,1,1,0,10,20.2,3.95,0.05,7.1,25.2,2,0,4.8,6.8,34.9,54.1,0,0,262633.48
61.3,3,2,1,7,17,7.8,2.98,0.25,8.4,32.4,3,1,7.7,7.3,39.5,77.7,1,0,492190.13
67.7,4,2,2,6,8,40.9,5.16,0.79,8.4,40.1,3,0,6.5,6.1,40.3,50.8,0,0,347962.8
99.8,4,3,2,7,9,26.7,1.93,0.21,8.3,16.7,5,1,3.4,5.0,44.9,80.6,1,0,597738.9
107.8,4,3,2,10,22,19.6,1.99,0.23,8.1,17.7,5,2,10.0,5.6,41.7,78.2,0,0,633515.51
66.5,3,2,1,8,19,65.9,2.89,0.07,7.5,23.0,0,1,3.6,4.4,40.4,68.8,1,0,314627.41
130.0,6,5,1,2,6,8.6,13.18,0.32,6.4,47.9,5,1,8.5,8.6,37.2,55.0,1,0,541451.61
90.8,4,3,3,6,10,18.9,4.66,0.2,9.1,22.2,3,2,8.4,7.2,46.9,63.6,1,0,579758.75
72.4,3,2,1,5,30,31.0,18.58,0.35,5.3,58.0,0,0,4.5,6.5,27.5,30.0,1,0,219758.58
58.3,2,1,1,1,15,17.2,4.39,0.3,8.0,15.8,4,2,10.0,7.5,35.0,76.6,1,0,519641.32
48.4,3,1,2,4,26,18.2,3.0,0.41,8.8,22.8,7,1,8.0,8.4,44.1,70.9,1,0,479456.5
69.4,3,2,1,10,16,15.7,14.21,0.41,5.7,45.6,0,0,7.4,7.7,38.5,61.3,1,0,311845.42
65.7,2,1,2,4,20,6.4,2.89,0.79,8.6,17.0,3,0,6.9,8.1,38.4,71.9,1,0,467730.01
30.0,2,1,1,24,25,49.5,4.28,0.42,9.0,23.8,4,1,6.0,5.2,55.9,64.2,0,0,283706.15
81.7,3,2,1,8,19,7.4,1.77,0.22,8.6,29.8,3,2,6.1,7.7,41.2,93.9,1,0,597635.76
62.8,2,1,2,7,20,14.2,11.57,0.95,8.2,35.4,2,0,8.3,7.9,36.2,48.4,1,0,376734.57
119.7,5,4,2,10,16,9.5,4.83,0.18,7.9,30.5,5,1,10.0,9.3,42.4,69.1,1,0,711825.58
49.7,2,1,1,26,26,9.6,11.21,0.83,6.3,49.3,3,0,10.0,8.2,38.5,53.8,1,0,337112.03
57.2,4,2,1,5,13,22.7,7.21,0.18,7.5,25.2,1,0,6.7,6.4,49.6,71.5,0,0,360475.33
82.3,4,2,2,5,12,24.4,4.73,2.27,6.6,31.6,2,0,7.0,6.8,37.8,62.4,0,0,401396.66
131.3,7,5,2,13,15,39.6,6.43,0.22,10.0,6.1,0,1,7.2,7.4,51.8,74.2,1,0,647607.98
53.3,2,1,1,14,22,12.3,12.4,0.98,7.0,30.0,0,0,10.0,7.9,37.1,56.7,1,0,344620.39
79.7,3,2,1,5,18,11.0,5.43,0.09,6.0,37.0,2,0,10.0,6.5,40.4,76.2,1,0,462061.94
131.1,7,5,1,10,16,8.4,4.33,2.69,7.3,24.2,2,0,10.0,8.5,40.8,75.7,0,0,657232.87
129.4,5,4,2,4,5,18.9,0.82,0.3,8.2,23.4,4,1,6.3,6.8,48.8,67.8,1,0,653535.8
115.2,6,4,2,14,20,11.9,6.99,0.15,6.4,22.7,3,0,9.3,6.7,52.8,60.2,1,0,571685.36
65.5,3,2,1,11,29,29.2,4.86,0.58,6.6,11.0,3,0,5.0,7.0,41.0,69.1,1,0,414619.64
58.5,2,1,2,8,8,12.3,13.66,0.63,6.5,37.5,0,0,7.5,7.0,34.6,46.4,0,0,276951.64
99.3,5,3,2,9,22,21.9,1.73,0.45,8.8,17.6,1,0,5.8,8.1,53.2,63.4,1,0,568524.03
122.1,6,4,2,4,5,18.5,7.15,0.25,8.6,27.1,2,0,6.0,7.6,34.7,62.1,1,0,631324.51
84.3,5,3,2,14,21,2.5,1.27,0.27,9.5,29.9,3,0,9.2,10.0,43.6,67.8,1,1,615914.09
96.1,5,3,2,16,28,38.5,4.06,0.21,7.4,13.0,5,2,5.4,6.7,52.6,84.7,1,0,560511.72
90.9,3,2,2,1,5,47.2,13.0,0.55,4.3,40.3,0,2,6.3,5.4,37.0,49.9,1,0,336016.45
94.1,4,3,2,5,14,12.0,12.83,0.25,8.7,34.7,3,1,6.4,7.3,31.7,47.6,1,0,495211.06
60.4,3,1,1,7,10,15.1,6.91,0.92,7.5,30.2,1,0,8.7,7.3,44.3,62.4,1,0,355341.32
74.9,3,2,1,16,27,16.8,6.98,0.74,7.2,38.8,4,0,7.2,8.1,35.7,65.5,1,0,427498.88
78.6,3,2,1,10,27,29.5,9.36,0.68,8.6,32.2,2,0,6.6,5.4,45.4,69.7,1,0,387809.91
64.5,3,2,1,2,7,42.1,4.87,0.19,7.6,33.7,3,0,4.2,6.4,31.8,68.0,1,0,405075.72
64.6,3,2,1,5,19,25.6,4.46,0.13,8.5,34.3,4,1,8.8,6.2,37.6,72.7,1,0,408673.11
60.2,2,1,2,8,12,35.1,1.77,0.67,8.5,12.4,3,0,6.9,8.8,47.5,75.8,0,0,404574.96
83.7,4,3,2,21,23,8.3,5.5,0.53,6.6,38.7,3,2,9.3,8.6,39.5,61.4,0,0,499646.39
68.8,4,2,1,1,19,19.5,1.94,0.62,7.2,23.4,1,0,5.8,8.1,43.8,97.8,1,0,492787.01
98.0,4,3,2,0,11,17.0,3.82,0.3,7.8,26.6,1,0,8.9,7.6,44.8,64.9,1,0,531994.02
74.3,2,1,2,3,15,9.6,9.8,0.23,7.3,36.6,3,1,8.4,6.4,34.2,49.6,0,0,401624.3
74.2,3,2,1,5,12,35.2,6.6,0.72,7.1,34.4,1,2,5.9,6.6,40.4,59.8,1,0,382080.68
76.0,3,2,1,9,10,63.3,2.75,0.2,7.5,15.0,3,1,6.8,5.4,49.2,72.4,1,0,401520.22
62.3,2,1,1,9,9,31.1,3.66,0.8,8.0,14.8,0,0,7.5,6.2,46.6,60.7,0,0,349481.2
63.3,3,2,1,0,4,26.4,5.71,0.58,7.1,26.6,1,1,7.9,7.0,48.0,70.3,0,0,354790.77
51.7,2,1,1,4,4,14.7,7.69,0.23,8.5,34.7,1,1,5.1,8.3,35.7,60.0,0,0,357002.07
79.4,2,1,2,6,6,5.6,2.47,0.57,8.5,32.1,1,1,10.0,8.3,39.5,52.8,1,0,528507.0
131.4,6,5,2,5,11,16.1,11.82,0.69,6.6,34.9,4,0,8.6,7.9,43.4,56.3,1,0,552155.41
86.9,3,2,2,21,27,3.3,5.23,0.93,8.5,33.0,2,0,10.0,10.0,48.0,61.5,1,1,575255.46
121.7,5,4,2,8,16,51.5,2.42,0.22,9.5,19.8,5,0,4.7,6.9,43.8,84.5,0,0,627189.79
59.2,3,2,1,4,26,12.4,2.95,0.29,8.3,26.5,6,0,7.1,7.0,40.7,63.6,1,0,448809.06
91.5,4,3,1,1,13,6.2,11.47,1.06,5.7,36.6,1,0,10.0,10.0,40.1,50.3,0,0,410434.68
97.2,4,3,2,23,23,6.5,7.85,0.57,9.1,30.6,2,1,10.0,10.0,42.5,69.7,1,0,586917.17
98.6,5,3,2,2,9,20.6,10.06,0.23,9.0,26.4,3,1,5.5,6.8,41.3,62.4,1,0,534101.39
65.0,3,2,1,14,30,23.8,6.74,0.85,8.9,29.1,3,1,7.4,7.9,49.4,60.6,0,0,421121.68
69.1,4,2,2,14,27,12.6,0.41,1.08,9.1,25.3,3,1,9.7,9.6,48.7,68.8,1,0,539484.38
67.2,3,2,1,8,21,17.9,2.52,0.47,8.7,20.0,3,1,8.1,8.9,38.2,84.2,1,0,492286.73
106.2,6,4,1,5,6,34.6,11.68,0.86,7.2,40.1,1,0,5.9,4.9,39.7,52.2,1,0,428199.47
123.5,5,4,2,4,4,14.8,2.25,0.34,8.3,25.8,3,1,7.0,7.5,49.7,63.1,0,0,622332.59
139.5,7,5,1,16,27,10.5,5.58,0.53,6.7,38.5,1,1,8.4,7.4,50.5,60.6,1,0,660527.26
64.2,2,1,1,14,25,7.0,1.71,0.57,7.2,11.4,2,0,10.0,9.0,48.0,73.5,1,0,497399.39
102.9,4,3,2,19,24,3.7,3.78,0.18,7.2,32.3,5,1,7.3,10.0,38.1,71.8,1,1,662294.91
106.0,5,4,2,16,23,20.4,4.01,0.24,6.0,22.2,4,1,4.4,6.2,43.5,56.8,1,0,582076.33
49.7,2,1,1,23,30,15.2,2.15,0.58,7.0,17.1,2,1,7.4,6.9,46.5,86.0,1,0,444943.12
61.7,3,1,2,23,25,21.0,2.85,1.49,8.2,19.7,4,1,8.3,5.8,52.7,69.0,1,0,482447.5
97.9,4,3,3,8,21,7.9,6.19,0.22,5.5,27.2,1,0,9.5,8.0,44.1,76.2,1,0,572187.54
100.6,5,3,2,12,23,25.3,3.48,0.38,7.1,28.5,1,1,5.8,6.8,49.7,69.9,1,0,565922.16
119.8,5,4,2,12,20,20.1,25.0,0.78,5.3,53.7,0,0,8.1,7.8,24.6,39.2,0,0,408313.36
57.3,2,1,1,4,23,20.4,8.15,0.61,6.8,38.2,4,0,6.7,9.2,40.5,66.7,1,0,372753.48
104.2,4,3,2,6,9,15.5,8.62,0.24,7.1,19.3,0,2,9.1,7.9,28.1,61.6,1,0,557778.05
63.8,3,2,1,8,13,4.8,10.18,1.53,7.6,43.0,1,1,8.5,9.1,36.8,47.4,1,1,353131.62
67.5,2,1,2,4,12,30.1,6.98,0.52,8.6,18.4,1,1,8.3,7.6,33.0,75.7,1,0,465790.87
54.4,3,1,2,11,13,43.0,3.03,0.48,7.4,28.8,3,1,6.2,5.8,54.0,86.6,1,0,397996.94
113.5,6,4,3,2,25,25.1,8.56,0.49,7.2,28.4,7,0,8.1,6.9,41.0,63.0,1,0,592224.8
100.3,5,3,2,8,11,15.6,4.21,0.34,5.8,27.5,2,1,7.3,7.8,45.8,65.5,1,0,572702.9
80.7,3,2,1,1,5,12.1,1.86,1.54,8.9,15.5,2,0,7.1,6.6,37.6,79.5,1,0,511643.79
74.9,3,2,1,0,26,40.3,7.41,0.06,6.7,18.4,2,1,5.9,6.0,38.4,54.0,1,0,383811.76
114.2,5,4,2,5,7,12.6,6.85,0.34,8.0,27.0,1,0,9.1,7.0,44.1,76.1,1,0,582036.57
73.5,3,2,1,0,25,20.9,8.67,0.15,7.1,25.8,2,0,10.0,8.1,33.7,53.3,1,0,422360.35
115.1,6,4,2,1,3,41.1,4.85,0.33,10.0,13.8,4,1,8.2,5.2,39.1,88.2,0,0,625491.84
62.0,3,2,1,1,3,43.8,9.41,1.11,9.2,28.6,3,0,8.4,5.1,43.3,68.0,0,0,282007.33
61.1,3,2,1,10,22,18.2,2.3,1.69,8.9,20.2,2,1,7.6,6.8,40.3,85.5,1,0,499844.63
77.4,3,2,2,3,7,20.8,1.27,0.2,8.8,21.5,3,1,6.8,6.6,42.6,61.6,1,0,559990.44
71.6,3,2,1,19,28,20.9,5.58,0.5,8.1,31.7,0,1,4.3,9.0,41.2,74.2,1,0,456108.92
96.1,5,3,2,1,21,13.2,3.51,0.53,7.6,17.8,5,2,7.2,8.9,44.1,73.4,1,0,585960.99
83.4,3,2,2,6,8,24.2,2.68,0.23,7.4,15.7,1,0,5.3,7.6,48.2,70.9,1,0,505699.44
69.3,3,2,1,1,5,15.5,4.37,0.52,7.0,33.8,2,0,9.1,7.2,49.8,74.9,0,0,418573.44
118.5,6,4,2,22,23,21.7,7.77,1.42,6.9,31.2,3,1,7.3,7.2,46.3,68.7,1,0,611162.86
69.8,3,2,1,23,29,6.5,0.32,0.11,8.9,33.2,4,1,6.6,9.7,56.7,75.6,1,0,516161.72
92.6,3,2,2,11,15,19.8,3.9,0.55,7.8,12.1,3,2,8.5,7.1,46.5,56.0,1,0,508859.16
114.6,5,4,2,10,19,72.9,13.97,0.66,4.8,48.3,2,1,4.6,3.4,29.5,44.6,0,0,362401.33
107.7,4,3,1,2,5,13.6,1.65,1.22,10.0,13.6,3,1,6.4,8.6,44.4,87.0,1,0,641262.75
55.8,2,1,1,8,25,14.4,3.32,0.23,7.9,20.0,2,1,10.0,7.5,44.6,67.1,1,0,426824.34
112.3,6,4,2,1,5,59.8,11.3,0.12,9.3,30.2,3,0,3.9,5.0,41.5,66.0,1,0,496362.81
88.8,4,3,2,15,23,34.2,4.62,0.22,7.5,37.3,3,0,7.6,6.4,44.6,70.8,1,0,494272.52
66.5,3,2,2,25,25,17.1,6.08,0.36,7.5,18.3,5,0,7.7,7.4,44.5,78.8,1,0,510504.51
52.1,3,1,2,15,15,1.4,3.97,0.62,9.0,12.5,0,1,10.0,10.0,41.3,77.3,1,1,512992.85
89.0,5,3,2,1,4,5.7,11.92,1.06,6.8,43.8,2,1,10.0,7.9,34.4,47.2,0,0,461926.19
92.2,4,3,1,5,5,22.9,3.15,0.67,8.5,36.0,3,1,5.8,7.5,43.3,79.4,1,0,580210.58
66.8,3,2,1,19,22,41.6,5.45,0.19,7.5,24.0,1,1,9.0,7.2,48.4,66.1,1,0,429412.98
115.5,5,4,2,10,18,7.2,8.82,0.41,7.0,42.3,0,0,6.6,9.6,36.4,62.8,1,0,552451.42
106.3,4,3,2,7,23,60.8,2.75,0.44,9.7,27.5,0,0,3.4,4.2,56.3,69.4,1,0,504609.48
59.3,2,1,2,3,14,11.9,1.53,0.54,7.1,26.3,2,1,10.0,8.9,40.0,60.5,1,0,453251.79
94.6,3,2,2,0,27,12.4,0.67,0.39,7.9,23.0,3,0,8.1,8.9,38.1,64.3,0,0,566254.51
68.6,3,2,2,5,11,19.1,7.75,0.62,9.4,26.3,1,1,8.2,8.7,42.6,80.1,0,0,458453.56
94.8,4,3,2,7,18,4.8,2.11,0.28,7.9,30.1,4,0,9.3,9.5,38.7,70.6,1,1,626397.43
55.7,2,1,2,5,6,51.0,6.87,1.18,6.2,38.1,2,1,4.0,5.4,40.9,66.1,1,0,300517.51
103.5,4,3,2,13,27,31.4,6.63,0.82,8.3,25.3,6,2,9.7,5.2,39.5,84.5,1,0,665801.79
78.1,4,3,2,2,22,11.4,1.97,0.62,8.2,11.9,1,1,10.0,8.0,47.2,83.7,1,0,588568.17
102.5,5,4,2,1,20,16.5,5.78,0.32,8.3,22.7,1,0,5.1,9.4,41.4,84.8,1,0,593933.93
70.1,3,2,1,21,28,29.9,17.18,0.46,6.5,39.9,0,0,6.3,7.2,42.2,40.7,1,0,257211.15
126.4,5,4,2,0,3,29.8,8.03,0.25,6.4,34.3,3,0,8.0,6.6,40.7,60.4,0,0,542434.35
54.8,2,1,1,4,9,15.5,25.0,0.9,5.7,63.1,1,0,7.8,8.2,26.2,26.0,1,0,175366.95
103.2,5,4,2,5,22,30.7,3.48,1.21,9.3,25.9,4,1,6.1,5.6,44.5,64.8,0,0,538484.05
43.4,2,1,1,7,14,7.8,6.0,1.0,7.3,33.5,1,1,9.3,7.8,37.1,59.8,0,0,331226.89
84.4,4,2,1,6,10,24.5,2.61,0.09,7.3,26.9,5,1,8.4,8.0,40.9,64.0,1,0,485835.71
91.0,5,3,2,5,10,42.2,14.02,0.48,6.6,42.6,4,0,8.7,6.7,36.1,47.4,1,0,400945.89
45.5,2,1,1,17,30,7.1,4.18,0.07,7.8,26.4,1,2,5.9,7.6,48.9,70.1,1,0,423762.64
82.8,4,2,1,11,26,9.1,1.94,0.98,7.9,32.1,2,1,6.9,9.8,44.6,73.2,0,0,548609.98
104.1,4,3,2,7,24,7.1,5.96,0.38,9.0,23.7,1,0,7.4,6.6,40.9,78.3,1,0,624118.25
106.2,4,3,2,7,11,17.6,3.32,0.05,8.3,23.2,3,0,10.0,7.8,42.1,76.7,1,0,625828.75
88.4,5,3,2,4,16,14.8,6.76,0.4,9.3,12.6,1,1,10.0,8.5,42.5,88.7,1,0,637097.47
90.8,4,3,3,18,22,5.1,4.73,1.28,8.2,23.1,4,0,9.1,9.5,45.7,87.3,1,0,661890.77
72.1,3,2,1,0,7,17.0,8.13,1.42,7.9,30.1,4,0,7.7,7.7,41.6,60.4,0,0,393391.9
73.7,3,2,1,11,22,9.3,0.79,0.33,10.0,26.5,2,0,9.0,8.7,44.0,79.5,1,0,560991.35
73.9,3,2,1,14,23,8.2,5.22,0.62,8.2,18.2,1,1,10.0,8.0,44.1,71.3,1,0,476706.74
64.8,2,1,1,4,4,13.7,2.57,0.37,7.9,23.5,6,0,7.7,9.4,51.5,64.0,0,0,435006.0
93.1,5,4,1,23,23,27.0,10.28,1.13,6.3,37.0,2,0,7.6,7.3,52.7,64.4,1,0,457698.39
102.9,4,3,2,12,12,7.6,13.2,0.53,6.1,47.0,3,0,8.0,9.2,36.3,57.5,1,0,493476.15
69.2,3,2,2,20,26,24.3,3.18,0.26,7.7,22.3,5,0,5.3,6.0,54.0,77.0,1,0,491520.96
84.8,3,2,2,4,11,8.0,6.85,0.65,7.4,35.5,2,0,5.8,7.9,46.9,70.9,0,0,444947.1
110.2,6,4,2,4,9,3.4,2.4,0.65,6.1,29.2,4,1,7.7,10.0,48.2,62.3,1,1,697644.45
46.5,3,1,1,1,25,5.6,6.41,0.42,7.7,24.8,2,0,8.1,8.7,31.2,77.6,1,0,431737.33
91.1,4,3,2,18,24,12.0,2.5,0.39,5.5,20.8,3,0,8.9,7.3,40.4,78.1,1,0,602643.96
66.4,3,2,2,7,20,8.8,6.65,1.15,9.0,42.7,4,0,8.8,6.2,38.9,47.8,1,0,430447.12
89.3,5,3,1,13,28,47.4,7.33,0.49,5.7,31.2,2,0,3.8,4.1,39.9,57.1,1,0,411221.34
46.8,2,1,1,12,14,35.7,14.85,0.11,6.9,31.5,1,1,6.6,5.6,31.6,58.6,0,0,248412.87
120.3,5,4,2,5,13,36.9,1.52,0.17,8.5,18.6,3,1,5.7,9.2,47.8,98.6,0,0,667202.38
119.1,5,4,2,8,12,90.0,7.03,0.52,9.0,23.9,2,1,2.6,1.0,44.4,71.4,1,0,443081.27
109.5,5,3,2,6,15,15.9,1.0,0.4,8.5,12.9,2,1,8.1,7.4,54.7,80.4,1,0,678709.81
98.9,4,3,2,5,11,72.2,4.78,0.39,7.8,27.4,0,0,6.1,4.2,39.4,66.5,1,0,452206.36
111.2,5,4,1,15,18,46.6,4.62,0.12,8.3,27.8,1,0,5.2,6.0,41.8,69.0,1,0,508908.31
107.2,4,3,2,3,23,71.3,4.57,0.73,7.4,14.0,1,0,6.8,4.5,43.0,83.6,1,0,485567.43
48.0,2,1,1,6,24,8.5,1.39,0.57,7.8,23.8,3,0,6.5,7.0,38.9,74.0,0,0,368147.37
77.1,4,3,1,15,19,16.8,4.95,0.45,8.1,32.5,3,1,6.6,8.6,54.1,79.6,1,0,502588.3
104.6,4,3,3,3,7,22.2,4.85,0.09,7.6,21.4,1,2,7.4,5.6,40.1,67.8,1,0,615003.05
59.6,3,2,1,6,8,10.9,0.66,0.2,9.1,10.2,4,0,6.5,9.8,45.6,83.3,1,0,482665.11
108.6,4,3,1,4,12,43.5,0.91,0.11,7.5,15.5,2,0,4.1,6.5,46.0,60.7,1,0,519652.03
125.6,5,4,2,1,13,43.2,5.74,0.13,8.8,23.6,2,1,6.2,5.2,39.9,65.8,1,0,563142.48
131.3,6,4,2,1,4,20.7,9.77,0.16,7.8,34.2,2,0,5.6,6.7,36.1,58.9,0,0,534421.06
71.5,4,2,1,1,9,42.5,5.54,0.14,7.9,20.4,3,1,4.7,7.3,52.6,69.3,1,0,388537.26
57.4,2,1,1,5,16,25.7,6.04,0.2,6.2,29.2,4,0,7.2,5.7,41.9,62.6,1,0,396616.8
128.3,6,5,2,3,6,32.1,2.87,1.56,9.0,21.1,0,0,9.4,6.8,45.9,73.4,1,0,633594.53
121.1,5,4,2,4,7,33.3,4.55,0.48,9.9,24.3,1,0,6.5,6.6,39.9,83.8,1,0,609169.15
50.3,2,1,2,0,21,14.9,1.47,0.35,7.9,12.3,3,0,8.2,7.6,46.9,72.5,1,0,429677.37
93.7,5,4,2,5,23,66.5,7.13,0.65,8.5,23.7,2,1,2.8,5.4,40.7,73.5,1,0,446557.18
107.7,5,4,2,27,30,24.6,2.36,0.05,8.1,18.2,2,0,5.8,7.8,51.1,74.4,1,0,618756.34
59.4,3,2,1,11,22,19.8,1.59,0.4,7.2,34.8,6,0,4.2,7.8,48.9,66.5,0,0,386229.01
114.8,4,3,3,26,30,18.9,4.96,0.69,7.1,35.9,1,0,6.3,8.6,51.9,81.9,0,0,597479.95
85.5,4,2,1,7,12,27.2,10.3,1.45,7.2,35.2,2,1,8.3,7.2,42.0,64.3,1,0,435843.69
48.8,2,1,2,1,8,16.4,5.55,0.42,8.3,16.6,3,0,7.0,7.1,40.7,70.4,1,0,398610.62
81.3,3,2,1,0,4,12.5,10.27,0.25,5.8,44.3,1,1,8.4,6.7,36.8,59.2,0,0,371307.5
121.6,5,4,2,0,5,7.8,3.46,0.12,7.4,34.0,4,0,8.8,8.1,36.7,72.2,1,0,679679.71
40.4,3,1,1,14,30,1.1,5.98,0.42,7.8,28.0,2,0,10.0,10.0,42.8,66.3,1,1,470523.57
67.9,4,2,1,17,17,13.8,4.15,0.25,6.7,24.6,4,1,10.0,6.0,46.5,59.9,1,0,471613.19
66.4,3,2,1,7,12,19.7,7.73,0.29,8.0,25.7,4,1,8.6,7.8,45.1,63.0,0,0,439251.69
77.0,3,2,1,17,19,26.2,6.58,0.45,9.4,31.3,1,2,6.9,6.2,32.1,44.0,1,0,418149.69
104.2,5,4,2,4,9,15.7,2.65,0.23,8.1,27.7,2,0,9.1,6.7,45.4,66.4,1,0,594976.99
70.2,3,2,1,15,27,12.1,15.32,0.08,7.4,34.9,3,1,8.6,8.0,32.6,59.5,1,0,383114.22
65.5,3,2,1,0,4,34.1,1.68,0.53,7.0,18.0,7,1,3.4,4.5,47.5,75.0,0,0,360350.77
106.8,4,3,3,5,9,22.8,5.4,0.2,7.2,21.3,2,1,5.7,8.7,48.6,66.0,1,0,555105.85
69.3,3,2,1,2,17,22.7,2.39,0.78,9.2,33.3,1,1,7.1,8.2,43.3,76.3,0,0,446410.55
73.7,3,2,2,3,5,23.3,4.85,0.15,6.6,31.0,3,1,6.6,6.0,49.0,72.8,1,0,429448.5
69.3,3,2,1,7,7,60.5,2.25,1.0,7.5,31.5,2,1,4.8,5.0,49.3,70.7,0,0,346326.01
76.3,2,1,2,13,24,32.4,4.82,0.25,9.1,25.3,3,0,3.2,6.9,45.1,69.5,1,0,419283.18
49.7,2,1,1,0,10,21.7,5.8,1.31,7.2,32.1,4,1,8.8,6.5,32.3,63.1,1,0,404528.29
69.7,4,2,2,0,6,29.5,7.66,0.08,5.6,32.6,3,1,7.0,6.4,40.8,52.5,0,0,330284.69
75.7,3,2,1,8,20,28.6,1.04,0.92,7.8,31.7,3,2,8.9,6.8,42.0,78.0,1,0,496145.75
112.9,6,4,2,19,21,33.2,3.36,0.22,9.8,23.3,5,0,6.8,6.6,32.8,91.7,1,0,672559.87
59.7,3,2,1,7,10,46.4,8.44,0.06,8.9,29.4,2,2,6.2,5.8,34.5,56.1,1,0,371188.95
113.9,5,3,2,10,25,5.7,6.35,0.17,7.7,16.1,2,1,7.1,8.2,49.2,65.1,1,0,635539.68
93.2,5,3,2,2,8,28.1,20.35,1.35,5.8,55.8,0,0,5.3,7.3,29.9,42.7,0,0,291695.81
50.0,2,1,1,4,7,17.2,3.28,0.28,10.0,24.3,3,0,8.1,7.2,49.5,72.9,1,0,400376.23
97.3,5,3,2,21,29,9.8,15.57,0.57,5.7,54.5,2,1,8.3,8.4,45.7,50.7,0,0,371031.54
66.8,2,1,1,1,7,19.9,8.2,0.29,6.9,31.0,2,1,5.2,8.6,40.1,55.1,1,0,343470.4
118.6,6,5,2,7,19,4.9,11.38,0.42,8.2,30.3,3,1,10.0,9.9,34.8,44.8,1,1,629062.53
62.2,2,1,2,8,8,42.7,2.6,0.28,7.3,37.4,1,1,6.2,7.9,39.6,74.9,1,0,399022.83
87.7,3,2,1,7,15,23.0,6.42,0.19,8.1,18.7,2,1,6.7,5.8,41.3,75.6,0,0,515786.44
54.0,2,1,1,8,11,20.0,5.7,0.59,6.6,24.6,2,0,6.4,6.8,38.0,72.6,1,0,388223.52
129.1,7,5,3,19,26,6.9,3.51,0.06,9.6,32.6,2,1,9.7,8.5,41.3,87.9,1,0,778090.26
66.1,3,2,1,9,14,9.0,10.22,0.12,6.8,43.0,1,0,7.4,8.2,35.8,52.8,1,0,383971.42
90.7,4,3,1,0,12,48.2,4.71,0.66,7.3,25.9,2,0,6.1,5.4,39.9,82.8,1,0,443633.26
63.6,2,1,1,2,3,11.7,8.06,0.38,6.7,32.0,2,1,8.0,8.5,37.8,73.7,0,0,408094.84
93.3,4,3,2,10,13,45.3,1.56,0.84,7.2,22.4,3,1,5.2,6.2,45.8,69.7,1,0,532427.41
84.6,3,2,2,3,8,32.6,5.83,1.49,7.5,35.1,2,2,4.9,7.9,43.2,55.5,0,0,425332.37
102.5,6,4,2,0,5,6.9,8.77,0.67,5.1,43.6,1,0,10.0,7.1,37.1,46.8,0,0,457904.66
59.5,3,2,1,2,8,9.4,3.05,1.49,7.0,30.5,5,0,6.9,8.0,46.8,73.5,1,0,449834.79
56.1,2,1,2,6,11,35.4,4.5,0.89,8.0,31.9,0,0,5.3,6.1,46.5,59.7,0,0,274632.84
64.5,3,1,1,2,24,23.0,4.82,0.28,8.0,30.9,2,2,9.5,8.1,46.6,69.8,1,0,419382.01
71.6,3,2,1,0,10,26.6,4.81,0.77,7.9,10.3,3,1,7.1,7.6,40.6,71.2,0,0,424652.57
98.3,4,3,2,7,17,39.4,2.17,1.25,7.5,26.8,6,0,6.9,5.8,38.8,73.0,0,0,489517.27
55.2,2,1,1,20,24,11.1,8.9,0.57,8.9,28.8,3,1,10.0,8.9,41.7,73.1,1,0,464374.86
111.9,4,3,3,5,8,11.8,3.85,0.65,8.9,39.3,2,1,10.0,7.8,38.3,72.0,1,0,680413.9
66.1,4,2,1,18,25,23.2,7.52,0.17,7.5,21.6,1,0,6.6,6.0,47.5,73.3,1,0,415926.26
76.5,3,2,1,13,13,11.8,5.39,0.67,7.7,20.1,2,0,9.9,7.6,36.5,84.8,0,0,540513.93
64.4,3,2,1,4,12,16.3,2.41,0.43,7.7,25.2,5,0,5.5,9.9,45.8,56.1,0,0,385694.69
86.9,3,2,1,2,13,10.1,6.26,0.28,7.1,22.4,1,1,5.7,7.7,41.5,68.9,1,0,482697.04
96.6,4,3,3,4,6,15.8,2.98,0.96,8.0,42.5,3,1,8.0,7.9,47.3,66.8,1,0,555518.16
45.9,3,1,1,1,15,16.7,3.76,0.07,9.0,27.9,2,1,7.8,7.9,43.6,72.0,1,0,379262.51
57.4,3,1,1,6,10,25.3,1.12,0.59,7.9,18.2,5,1,8.3,7.1,45.4,58.6,1,0,431066.24
114.6,6,4,2,10,22,63.2,8.76,0.77,8.7,34.3,6,1,5.6,6.5,35.0,65.9,1,0,531331.29
116.6,5,4,2,11,17,18.8,1.49,0.36,7.7,24.8,2,1,8.8,8.2,55.1,68.5,1,0,635502.63
72.8,3,2,1,7,9,28.5,8.88,1.39,8.9,26.9,5,2,9.5,7.6,39.4,71.9,0,0,450640.94
62.3,3,2,1,3,3,11.2,4.65,0.41,7.6,18.8,3,1,10.0,7.6,40.3,90.9,0,0,514471.48
108.9,4,3,2,0,30,16.3,5.47,0.17,8.5,19.5,2,0,9.2,8.3,41.2,62.3,1,0,583326.2
85.1,3,2,2,17,27,20.6,3.44,0.16,10.0,18.7,2,2,7.6,7.0,52.1,79.5,1,0,631023.97
63.9,2,1,1,1,28,58.3,1.56,0.43,10.0,26.1,3,0,4.8,5.7,42.7,62.4,1,0,380347.75
48.8,3,1,1,11,11,37.9,10.77,0.14,5.9,43.8,4,0,6.5,8.5,44.9,55.2,1,0,267455.03
99.3,4,3,2,18,25,42.3,2.6,1.69,9.2,37.4,1,2,5.3,7.7,48.4,78.8,1,0,557070.09
97.6,4,3,2,6,10,17.7,12.67,0.27,6.0,36.0,0,2,9.2,7.4,40.0,57.9,1,0,521760.47
62.0,2,1,1,0,4,47.3,14.92,1.19,7.1,34.7,2,1,7.4,6.1,34.4,65.0,0,0,273519.02
80.3,3,2,1,17,28,16.5,7.26,1.04,8.1,29.4,4,0,6.9,6.5,46.8,71.2,1,0,470978.93
72.5,3,2,1,7,16,63.2,4.34,0.55,8.8,28.2,4,0,4.5,4.7,47.7,56.8,1,0,327479.64
76.9,4,3,1,8,14,17.3,1.67,0.35,7.0,27.9,4,2,5.2,5.3,47.8,85.2,1,0,540184.65
67.2,2,1,1,9,28,16.6,8.12,0.43,6.3,37.5,1,1,7.8,8.5,48.7,47.4,1,0,368370.7
64.4,2,1,2,22,25,10.4,10.87,0.88,6.4,40.2,3,1,8.4,7.2,41.2,70.6,1,0,460072.94
91.1,5,3,2,0,19,24.3,5.05,0.51,8.5,22.9,3,0,5.7,7.1,46.9,76.2,1,0,525126.83
56.3,2,1,1,14,21,29.9,4.95,0.97,8.2,24.3,0,1,6.2,6.4,41.4,72.8,1,0,393588.29
76.9,4,3,1,3,8,12.9,6.74,0.19,8.1,40.9,1,1,6.4,8.8,42.4,77.4,1,0,476693.8
86.4,3,2,2,9,23,23.1,2.87,0.57,7.0,18.1,2,1,5.1,8.6,40.8,76.0,1,0,547178.04
48.2,2,1,2,7,7,22.2,1.11,0.27,8.5,23.0,2,1,9.7,8.7,41.8,82.8,1,0,482992.78
69.2,4,2,1,13,27,42.6,6.02,0.24,7.1,38.8,4,0,3.8,4.9,50.0,64.4,1,0,348806.07
105.0,4,3,3,4,8,31.9,1.34,0.29,7.7,15.9,2,1,7.0,7.4,55.4,69.9,1,0,589515.19
115.3,5,4,1,0,5,12.5,4.5,0.71,7.8,20.1,2,0,9.6,6.9,40.6,62.3,1,0,600634.1
114.9,6,4,2,6,18,10.6,3.05,0.63,6.6,29.4,4,0,10.0,8.1,39.0,84.4,1,0,685964.52
76.1,3,2,1,5,20,30.0,3.73,0.05,8.6,27.8,1,1,5.4,7.8,43.2,83.3,1,0,510783.42
95.8,4,3,2,8,16,13.7,3.98,1.36,6.6,26.5,3,1,10.0,7.5,40.0,66.2,1,0,598338.0
70.7,3,2,1,19,27,33.9,6.92,0.56,7.3,34.7,4,1,7.0,6.8,50.7,58.4,0,0,349888.6
78.7,3,2,2,7,17,62.6,3.29,0.22,8.8,12.2,2,0,5.7,4.4,47.1,88.8,1,0,488981.21
112.5,6,4,2,13,28,39.4,5.27,0.8,6.4,26.4,0,0,9.0,7.4,46.9,73.0,1,0,545668.09
46.5,2,1,2,5,6,11.9,2.01,1.02,6.9,33.5,2,0,9.1,7.6,44.1,76.9,0,0,407631.05
46.9,2,1,1,3,13,14.4,2.48,0.48,9.2,9.0,4,1,6.6,7.2,40.2,89.0,1,0,477828.21
73.0,3,2,1,2,7,32.1,7.23,0.4,6.6,47.6,2,0,3.8,7.1,45.0,68.0,1,0,347078.14
51.0,2,1,1,6,11,53.3,3.31,0.29,9.1,22.3,1,1,6.4,6.5,43.3,89.7,1,0,425548.04
51.8,2,1,1,4,7,21.4,2.14,0.71,8.7,33.6,3,1,8.2,5.9,39.1,78.5,1,0,417610.82
93.4,4,3,2,4,9,11.7,5.28,0.67,6.5,38.8,0,1,7.0,8.3,49.5,51.9,1,0,499632.66
64.1,3,2,1,8,20,58.3,4.59,0.9,8.1,28.4,2,1,5.4,4.8,55.7,66.4,1,0,343472.13
110.1,5,4,2,20,20,16.4,11.75,0.76,7.5,39.8,2,0,5.9,8.3,41.4,61.2,1,0,494287.61
111.5,6,4,2,8,22,19.9,6.53,0.61,6.3,46.1,1,1,8.2,6.9,43.6,61.6,1,0,550301.63
78.0,3,2,2,21,26,27.4,2.19,0.51,8.3,15.7,3,1,5.2,6.1,57.6,81.7,1,0,540096.9
74.1,3,2,1,2,4,13.6,1.2,0.55,9.2,19.3,0,1,9.9,7.0,43.1,77.6,0,0,504431.15
69.6,3,2,1,5,28,11.9,4.62,0.86,7.9,23.1,2,0,10.0,8.0,48.2,58.4,1,0,425369.42
80.8,5,3,1,22,25,6.9,8.64,0.81,7.6,27.6,6,0,9.0,8.7,40.7,66.2,0,0,513206.11
66.8,4,2,2,11,15,7.3,4.57,0.4,7.8,35.4,4,0,9.1,7.5,46.5,52.3,1,0,440004.52
116.8,5,3,2,10,15,8.0,4.72,0.34,9.0,28.1,3,0,9.3,8.1,38.9,57.2,1,0,626049.15
62.0,3,2,1,3,19,16.8,1.61,1.52,8.2,25.0,2,1,8.3,6.9,43.2,77.6,1,0,440372.75
98.9,5,3,3,3,27,17.4,2.97,0.09,7.4,28.4,4,0,6.2,7.2,35.1,62.0,1,0,605760.97
75.1,3,2,1,24,28,54.2,0.89,0.24,8.2,26.9,2,0,7.5,5.0,52.7,70.3,1,0,473863.23
80.9,3,2,2,22,24,13.0,6.68,0.53,6.1,32.0,0,0,8.8,7.1,47.2,65.8,1,0,462035.57
118.2,5,4,2,26,29,7.5,5.81,1.13,4.8,42.1,2,1,9.3,6.9,41.7,53.3,1,0,577425.4
92.5,5,3,2,16,19,39.5,4.96,0.99,7.1,28.5,4,0,7.9,6.2,56.0,69.9,1,0,547868.72
54.9,3,1,1,6,28,28.8,2.45,0.47,9.7,21.0,4,0,8.5,8.0,44.9,86.0,1,0,470092.15
114.5,6,4,2,5,8,11.7,1.94,0.1,9.3,18.3,6,0,10.0,7.9,44.0,70.2,1,0,669854.93
75.5,4,2,2,7,16,17.3,5.8,0.26,6.2,30.8,2,0,8.5,7.2,37.2,58.9,0,0,436209.03
116.0,5,4,2,6,23,4.2,5.67,0.57,6.8,32.8,4,1,7.4,10.0,45.9,69.2,1,1,665339.83
97.4,4,3,1,7,16,59.5,7.76,0.73,6.9,33.1,5,1,5.7,4.7,36.1,58.5,1,0,454389.37
70.8,3,2,1,8,14,89.4,5.64,1.07,7.6,23.4,3,1,3.0,3.7,46.3,73.2,1,0,366536.5
52.9,3,1,1,0,7,47.9,7.33,0.42,6.6,31.8,1,1,4.5,4.3,34.8,66.3,1,0,288751.33
86.5,3,2,2,7,7,16.8,5.72,0.13,7.2,27.7,1,0,10.0,7.6,44.3,63.6,1,0,511287.78
78.7,4,2,1,2,6,64.3,9.72,0.09,8.4,32.3,2,0,4.5,4.6,36.8,73.7,1,0,349011.45
108.7,4,3,2,17,25,19.0,3.54,0.35,7.1,14.0,3,1,8.1,5.6,50.3,62.2,1,0,569413.0
64.0,3,2,2,18,27,20.8,5.67,0.81,8.4,32.8,0,0,6.5,6.9,38.5,72.3,0,0,423456.55
60.2,2,1,1,10,15,5.0,7.03,0.43,8.4,28.4,1,0,8.6,7.1,44.2,50.0,1,1,364415.03
118.8,5,4,2,2,6,19.2,4.85,0.08,10.0,26.0,0,0,9.1,6.8,36.7,73.9,1,0,702680.18
124.9,7,5,2,15,20,20.3,0.61,0.32,7.7,25.4,0,0,10.0,7.9,45.0,73.9,1,0,718644.74
80.0,3,2,2,17,18,19.0,6.76,1.04,6.6,24.8,1,1,5.5,6.5,46.7,54.9,1,0,439206.91
61.4,2,1,1,5,20,81.7,2.93,0.05,6.4,31.8,4,1,3.6,3.3,44.1,78.9,1,0,281106.38
64.4,3,2,1,0,4,46.8,2.27,0.33,8.9,14.7,2,0,1.2,4.4,45.1,67.9,0,0,351951.68
56.5,2,1,1,1,25,32.2,1.72,0.99,8.7,23.9,4,0,6.2,7.0,47.6,71.8,0,0,351106.5
114.0,5,4,1,3,6,16.8,7.91,0.21,7.4,19.9,1,0,8.1,7.1,40.3,75.6,1,0,605465.01
44.4,2,1,1,4,22,13.4,5.07,0.47,8.2,11.6,0,1,8.4,7.7,41.3,74.7,1,0,432643.59
87.9,5,3,1,13,19,23.6,1.87,0.78,8.4,28.7,3,0,9.9,8.3,41.8,69.5,0,0,530174.84
73.4,3,2,1,0,22,43.9,2.1,1.81,7.8,27.4,3,1,5.7,5.1,54.3,66.6,1,0,362972.98
89.6,4,3,2,5,8,32.6,4.67,0.82,7.6,26.3,2,1,9.2,8.0,45.3,68.7,0,0,464299.19
89.0,4,3,2,13,20,12.8,1.87,0.14,8.2,22.2,1,0,8.5,7.5,46.8,70.7,1,0,532822.93
112.9,5,4,2,20,22,34.5,5.1,1.19,10.0,12.6,1,2,5.9,7.6,44.3,77.2,1,0,619619.19
84.4,3,2,2,12,29,5.5,8.88,0.51,8.3,31.9,4,1,8.9,8.1,41.9,58.7,0,0,468001.04
58.1,2,1,1,5,9,40.4,9.98,0.12,6.1,38.2,2,0,6.5,4.6,38.2,63.8,1,0,279132.56
46.1,2,1,1,15,15,14.6,7.94,0.05,7.9,28.3,2,0,8.3,6.4,45.0,59.9,1,0,376830.8
126.2,5,4,3,3,11,6.1,12.27,0.09,7.0,37.9,1,2,7.5,7.9,33.1,44.1,1,0,573122.36
107.3,5,4,2,4,4,9.6,5.32,0.26,9.7,17.6,3,0,7.3,6.3,50.1,96.7,0,0,635321.25
90.1,5,3,3,10,10,33.4,16.21,0.4,7.8,32.7,2,0,8.5,7.2,38.0,62.6,0,0,426677.53
86.1,5,3,1,5,16,16.6,14.22,0.53,6.7,43.5,3,1,9.5,8.4,25.8,46.5,1,0,434530.49
105.0,4,3,2,8,24,33.3,5.54,0.78,7.8,19.5,3,0,5.5,5.2,44.0,62.6,1,0,546243.91
65.2,2,1,2,0,26,8.5,3.5,0.1,6.9,30.1,5,0,8.2,7.7,46.2,72.9,1,0,513612.72
107.0,5,4,1,16,20,21.6,3.76,0.21,8.7,26.4,3,0,8.1,7.2,39.4,66.5,1,0,581574.9
67.7,3,2,1,27,29,20.3,1.0,0.45,9.5,26.0,2,1,8.9,8.1,56.5,84.7,1,0,531416.01
67.9,4,2,1,2,3,13.3,3.53,0.42,8.2,26.9,0,1,8.4,8.2,45.8,74.9,0,0,410640.9
71.9,4,2,1,3,25,21.9,1.4,0.55,8.6,42.1,2,1,9.3,6.9,38.1,72.5,1,0,464776.48
44.5,2,1,1,5,11,14.1,8.51,0.33,7.2,31.2,3,1,7.9,6.3,38.6,63.8,1,0,337873.02
57.2,2,1,2,6,11,36.9,1.19,0.91,9.2,22.1,7,0,8.9,6.5,39.8,88.3,1,0,468335.79
101.3,4,3,3,4,4,20.5,6.63,0.65,6.4,27.7,0,1,10.0,7.2,44.9,62.0,0,0,502365.76
42.2,2,1,1,4,18,8.0,3.46,0.64,7.0,33.8,1,2,8.6,7.2,38.1,67.9,1,0,369105.13
89.3,5,3,2,0,6,37.7,8.42,0.11,8.4,32.1,1,1,7.0,8.5,33.6,58.5,1,0,481670.13
74.3,3,2,1,7,15,20.7,3.81,1.01,6.6,15.5,1,0,6.2,7.5,44.1,75.0,1,0,424948.27
78.1,3,2,2,18,19,9.9,6.86,1.11,7.0,25.5,7,2,8.1,7.3,54.4,58.2,1,0,527727.49
68.5,3,2,1,0,13,43.0,6.55,0.1,7.4,29.0,1,0,6.4,5.6,45.9,75.1,1,0,355112.89
70.7,3,2,2,25,25,15.3,3.38,1.69,8.6,14.8,3,0,9.0,8.5,43.6,85.3,0,0,564159.97
101.6,4,3,1,3,4,10.1,5.7,0.49,8.0,31.7,2,0,8.0,9.1,35.1,53.5,0,0,478822.76
64.3,3,2,1,6,6,11.4,7.04,0.25,4.6,26.0,3,0,9.4,8.5,37.9,68.2,1,0,392882.21
98.0,4,3,2,3,14,11.0,8.44,0.24,8.1,30.0,0,0,7.7,8.9,32.0,54.5,1,0,518225.08
74.1,3,2,2,0,4,14.4,0.76,0.08,8.2,18.5,4,0,9.6,6.5,48.3,72.5,0,0,508559.49
96.3,5,3,2,0,3,35.5,1.37,1.22,9.4,26.3,1,1,7.3,6.5,47.2,75.5,0,0,550418.34
124.7,5,4,3,1,25,25.1,7.39,0.26,6.6,31.2,1,1,7.9,6.0,43.9,58.7,1,0,571608.28
85.0,5,3,2,4,8,40.3,3.31,0.3,9.7,27.3,2,1,5.6,7.1,43.6,71.1,1,0,496449.31
77.9,3,2,2,13,18,21.3,5.02,0.1,6.7,32.1,4,0,7.5,8.2,44.8,71.3,0,0,468777.88
62.5,2,1,1,1,4,10.3,0.89,0.58,7.9,13.2,2,2,7.8,6.9,39.2,85.1,0,0,508244.96
92.1,4,2,2,1,16,2.5,16.29,0.45,7.8,58.5,1,0,10.0,9.0,33.6,47.1,1,1,457203.29
102.0,4,3,3,0,22,26.2,2.11,1.26,10.0,26.8,1,0,5.2,6.1,49.6,76.0,1,0,591456.94
53.3,3,1,1,8,14,29.1,5.84,0.07,6.6,23.8,2,0,6.0,7.1,40.2,70.9,1,0,389775.59
88.7,3,2,1,12,29,15.2,2.51,0.55,10.0,12.3,3,0,9.8,7.6,48.0,70.7,1,0,568251.31
105.1,4,3,2,7,21,6.6,10.16,0.11,4.9,48.2,0,0,8.8,8.2,39.0,51.9,1,0,520508.86
66.1,3,2,1,29,30,13.4,8.5,0.2,8.2,37.7,4,0,9.9,7.4,42.8,60.8,1,0,439527.75
91.0,5,3,2,5,5,33.4,9.21,0.45,9.2,35.3,1,0,8.0,8.5,41.5,66.7,1,0,480650.22
67.7,3,1,2,8,21,1.9,6.66,1.5,6.7,24.7,1,1,10.0,10.0,50.8,55.6,1,1,469068.89
44.9,2,1,1,7,13,53.0,7.88,0.05,8.8,25.2,2,1,6.1,5.4,47.3,70.6,1,0,302328.14
104.7,4,3,2,3,6,49.7,3.21,0.11,7.6,34.2,5,0,4.7,4.2,39.0,70.4,1,0,531377.16
73.7,3,2,1,1,19,7.5,10.79,0.44,6.5,41.8,1,0,8.6,6.4,37.2,71.5,1,0,426687.65
93.1,5,3,1,16,19,32.7,4.31,0.09,6.6,23.3,3,2,4.9,5.1,49.2,57.3,1,0,452872.87
75.9,3,2,2,5,9,20.8,2.2,0.05,8.2,32.3,1,0,7.4,7.8,44.9,89.4,0,0,471603.22
66.0,3,2,1,2,7,33.9,4.31,0.59,8.1,39.7,1,1,5.9,6.5,35.6,81.9,1,0,434176.4
125.7,5,4,2,19,21,2.7,3.69,0.29,6.9,23.7,3,0,6.0,10.0,43.0,79.1,0,1,693474.33
94.0,4,3,2,16,27,11.4,4.59,1.01,9.4,19.1,3,1,8.9,8.6,48.5,69.9,1,0,608621.0
92.7,4,3,2,5,23,11.6,2.16,0.59,7.6,34.2,1,1,8.7,5.6,54.2,77.1,1,0,531289.18
70.4,4,2,1,7,28,12.9,8.19,0.61,7.5,43.8,0,1,10.0,7.0,37.0,46.2,1,0,391715.25
97.5,4,3,2,13,21,18.4,2.61,0.21,8.4,34.2,2,0,5.9,5.8,41.4,54.1,1,0,510968.85
62.8,4,2,1,9,11,27.5,5.69,1.1,10.0,27.1,0,0,8.8,6.6,48.3,67.4,1,0,416642.99
48.5,2,1,1,19,19,16.2,6.5,0.13,9.0,23.8,5,1,4.4,7.9,45.7,62.1,0,0,342918.52
116.1,5,4,3,9,11,31.0,6.32,0.31,8.6,34.2,3,1,6.7,6.9,40.2,51.0,1,0,584819.52
66.8,2,1,2,14,16,54.3,6.66,0.47,7.3,28.3,3,1,8.3,5.5,42.2,78.2,0,0,414728.93
124.9,6,5,2,7,7,8.0,2.12,0.99,8.6,19.2,1,0,8.4,6.9,44.3,69.3,1,0,693369.06
57.0,4,2,1,10,24,25.8,7.36,0.09,8.1,31.5,5,0,6.2,9.4,45.4,69.0,0,0,388937.49
37.3,2,1,1,1,4,31.9,1.76,0.62,8.3,22.2,4,0,6.7,6.9,45.0,96.6,0,0,401187.88
59.2,3,2,1,2,26,16.8,1.24,0.18,9.3,15.9,3,1,9.2,9.1,36.9,77.4,1,0,532969.21
124.9,5,4,2,14,17,20.5,4.86,0.32,10.0,15.9,4,2,7.2,8.2,44.0,65.4,1,0,649117.0
96.1,4,3,2,12,18,17.4,3.45,0.97,7.0,25.3,1,0,8.4,8.1,54.4,83.8,1,0,596180.71
111.0,6,4,1,10,21,24.8,7.05,0.33,8.1,25.4,4,0,7.9,7.7,47.4,65.9,0,0,587000.42
107.3,4,3,3,1,3,19.6,10.69,0.32,7.6,26.3,4,0,8.5,6.9,43.0,68.7,0,0,550812.08
96.4,4,3,2,6,25,29.8,7.35,0.14,7.4,32.8,3,2,8.6,6.3,36.4,41.8,1,0,456349.03
120.4,5,4,3,2,14,13.6,2.27,0.13,7.6,25.5,3,1,10.0,7.6,45.5,73.7,1,0,668230.01
79.4,3,2,1,14,21,24.5,2.52,0.65,7.5,29.9,3,0,7.5,7.0,51.2,69.3,1,0,425052.53
72.2,3,2,1,5,22,10.6,2.4,0.48,10.0,21.1,0,0,8.8,5.5,44.7,74.1,0,0,509252.27
89.2,3,2,2,6,17,40.1,7.57,0.59,7.8,30.8,2,1,4.5,6.3,46.4,72.3,1,0,483366.28
137.0,6,5,2,7,7,53.1,4.48,0.33,9.0,29.8,2,1,6.9,6.1,38.9,65.2,0,0,628060.14
116.1,5,4,3,1,3,13.0,6.01,0.34,7.5,30.7,3,0,10.0,6.5,41.5,63.5,0,0,618162.26
49.0,3,1,1,5,13,90.0,1.84,0.67,8.7,23.6,1,1,4.0,2.4,41.8,75.3,1,0,271462.58
97.2,4,3,3,3,29,66.8,5.98,0.48,8.3,32.0,2,1,2.5,4.9,48.4,74.0,1,0,474105.53
130.7,5,4,3,8,11,25.4,3.47,0.05,7.8,21.5,2,1,6.7,7.5,43.9,69.4,1,0,679029.73
49.8,3,1,1,6,9,12.6,12.92,1.32,7.2,46.6,0,0,8.2,7.6,35.1,52.3,1,0,279643.1
96.6,5,3,3,0,4,33.2,1.82,0.23,9.6,20.2,2,2,5.5,7.0,37.9,75.8,0,0,586855.04
116.6,6,4,2,14,19,44.3,1.5,0.91,7.2,23.1,2,0,9.3,6.2,51.4,70.6,0,0,595073.84
52.2,3,1,1,2,18,37.2,4.02,0.94,8.2,32.2,1,0,7.1,6.0,44.5,58.4,1,0,298429.45
98.4,4,3,2,4,18,40.2,3.8,0.69,8.6,21.2,2,1,7.7,6.2,42.9,78.8,1,0,532749.01
93.1,3,2,2,16,16,37.6,10.38,0.79,8.1,31.9,0,1,7.9,6.4,43.7,68.4,0,0,478653.88
128.3,5,4,3,26,29,14.9,3.22,1.76,9.1,26.3,0,1,8.2,7.7,54.3,60.1,1,0,695452.32
132.2,6,5,2,3,4,33.3,15.8,0.05,7.3,45.2,3,1,5.0,6.5,34.1,47.3,0,0,513636.77
102.7,6,4,2,0,21,41.4,4.37,0.63,9.2,47.6,5,0,7.4,6.5,43.7,77.3,0,0,539981.0
67.0,3,2,1,0,30,17.6,2.41,0.92,7.8,31.4,4,0,10.0,8.5,45.8,70.9,1,0,447491.88
112.7,5,4,1,5,5,14.4,3.41,0.07,9.5,5.9,1,0,7.5,8.1,34.7,76.2,1,0,663798.13
104.6,5,4,2,6,10,6.0,7.12,0.78,7.8,32.9,2,0,7.8,5.9,43.2,55.6,1,0,521951.1
88.1,3,2,1,13,23,11.3,6.45,0.13,8.6,15.6,2,0,9.5,6.5,34.9,81.3,1,0,588706.43
107.1,6,4,1,10,27,23.9,12.1,0.28,5.7,38.8,4,0,8.8,7.8,37.9,47.8,1,0,449688.93
53.4,2,1,1,13,21,37.1,1.39,0.35,9.0,22.0,0,1,8.2,5.6,50.0,81.5,1,0,422530.61
83.7,4,3,1,7,18,36.5,3.47,0.2,8.2,21.9,4,0,6.4,7.6,34.8,87.5,1,0,550085.52
82.0,4,2,2,18,24,8.7,20.73,0.39,5.7,38.4,0,1,8.2,6.5,33.2,45.0,1,0,369733.06
43.7,2,1,1,1,6,10.1,2.73,0.51,9.5,22.1,5,0,4.4,8.8,41.3,86.9,1,0,456280.87
70.3,3,1,1,6,10,14.9,9.5,0.09,7.6,30.7,3,0,8.1,6.8,37.7,65.8,1,0,393676.58
113.5,4,3,3,9,30,35.9,0.51,1.04,8.6,24.7,0,0,5.8,7.6,50.7,83.5,1,0,635961.9
78.9,3,2,1,0,3,35.0,2.67,0.55,6.8,13.2,2,0,3.4,5.8,52.4,70.4,0,0,396091.59
84.9,5,3,2,6,6,2.3,6.39,0.92,7.0,26.3,4,1,10.0,8.6,45.1,58.4,1,1,554926.73
54.6,2,1,1,0,9,6.0,6.52,0.48,7.9,35.6,1,0,9.0,8.2,39.9,61.0,1,0,336679.68
87.7,3,2,2,1,27,28.1,5.8,1.64,7.1,14.7,3,1,4.5,5.5,33.9,66.3,1,0,501466.89
75.7,3,2,1,2,3,26.0,6.27,0.96,9.2,30.6,4,0,7.8,6.1,47.3,71.0,0,0,403618.24
88.0,5,3,2,21,26,33.5,9.38,0.36,7.1,29.9,4,0,9.6,7.5,41.9,67.1,1,0,502456.89
65.8,3,2,1,16,20,9.4,4.49,0.19,7.0,27.0,0,1,10.0,9.4,37.0,54.9,0,0,465255.7
92.4,5,3,2,6,6,10.3,11.82,0.2,6.0,32.7,5,1,9.8,7.7,31.3,57.1,1,0,555176.22
109.2,5,4,2,17,22,13.6,4.9,0.22,7.8,25.6,2,0,6.2,7.2,39.0,71.3,1,0,630990.68
108.2,4,3,2,7,16,5.9,4.53,0.85,8.8,18.2,1,1,7.8,6.6,37.6,73.5,1,0,644636.9
55.6,4,2,1,4,10,18.0,0.99,0.48,7.4,14.5,4,0,6.5,8.1,50.3,66.7,1,0,445899.68
58.2,2,1,1,28,29,7.0,10.43,1.53,6.2,44.1,3,0,8.6,7.7,44.6,58.2,1,0,345348.91
103.7,5,4,2,13,20,10.9,1.29,0.39,7.8,21.8,6,1,9.4,6.7,49.9,76.7,1,0,666567.41
52.3,3,1,2,7,9,29.2,8.73,0.37,7.4,35.6,3,0,7.7,7.2,25.8,67.9,1,0,385442.96
90.9,6,4,1,5,5,21.0,7.25,0.25,6.6,33.7,1,1,6.2,6.0,44.3,60.0,0,0,444052.8
73.6,3,2,2,21,27,22.2,11.57,0.23,7.2,47.2,3,0,7.2,7.4,44.1,57.3,0,0,336566.39
126.1,5,4,2,22,23,14.6,0.94,0.06,9.9,21.2,3,1,9.6,7.3,40.8,83.0,1,0,794650.18
98.1,5,3,2,7,16,42.2,13.36,1.08,6.9,44.9,1,1,7.0,6.3,29.8,53.3,1,0,429622.63
129.4,7,5,3,2,14,15.6,3.4,0.1,7.7,30.9,2,1,8.6,6.2,48.5,58.2,1,0,642513.49
79.1,4,2,1,12,17,79.5,2.84,0.2,9.3,16.2,2,1,2.4,4.3,42.7,58.3,1,0,346111.07
105.9,4,3,2,4,10,8.7,1.87,0.35,7.1,37.3,2,2,8.7,6.2,49.6,61.3,0,0,580679.8
71.8,4,2,1,1,7,7.1,4.1,0.06,8.5,16.1,2,1,6.8,8.4,42.0,59.8,1,0,555995.86
94.3,3,2,2,6,19,17.1,5.66,0.28,7.8,30.9,1,0,6.6,7.5,39.4,68.7,1,0,519889.53
102.6,4,3,2,8,27,23.6,6.64,0.14,9.4,29.4,1,0,5.2,5.3,41.0,61.0,1,0,511626.58
119.5,5,4,2,5,12,7.9,3.12,0.39,9.4,39.1,5,1,10.0,8.0,33.8,65.3,1,0,647653.5
118.6,6,5,1,9,13,10.7,2.76,2.14,6.2,30.5,3,0,10.0,8.6,46.9,80.9,0,0,641941.99
108.0,4,3,3,0,30,25.8,14.03,0.32,7.0,36.6,1,1,5.8,6.6,27.8,51.3,0,0,479760.66
72.7,3,2,1,10,25,25.5,5.78,0.57,6.3,27.3,3,1,6.1,5.8,33.7,73.9,1,0,443600.83
75.2,3,2,1,7,18,18.5,6.76,0.84,8.8,25.5,4,2,7.3,7.0,33.9,69.1,0,0,471046.42
83.5,4,3,1,5,18,22.3,8.7,0.22,6.5,36.2,5,0,9.3,5.0,34.7,47.9,1,0,419646.72
72.0,3,2,1,0,6,10.9,6.25,0.05,8.5,29.8,2,0,9.2,8.2,42.9,67.3,0,0,421036.59
46.5,2,1,1,3,25,7.0,3.0,0.1,9.3,25.2,3,0,10.0,8.9,39.4,55.5,1,0,388960.27
53.8,3,2,1,5,7,20.0,1.85,0.48,6.5,26.1,2,0,10.0,6.9,48.5,71.2,0,0,335075.37
79.0,3,2,1,12,12,13.7,7.5,0.07,9.1,32.8,2,1,8.8,7.5,46.4,59.3,1,0,444901.07
66.0,3,2,2,14,16,60.4,6.95,0.43,8.8,20.9,1,0,5.4,6.3,47.8,69.6,1,0,376438.21
71.9,3,2,1,9,11,19.4,6.49,0.5,6.7,20.8,3,1,9.7,9.0,51.2,60.8,1,0,421405.79
55.7,3,1,1,16,20,4.1,4.96,0.13,9.1,33.3,2,1,10.0,10.0,47.4,78.9,1,1,516587.0
55.6,3,1,1,9,22,30.8,4.78,0.46,6.7,18.5,3,1,8.6,5.8,46.3,68.9,1,0,354173.93
129.7,7,5,2,4,8,18.5,2.01,0.27,9.2,20.6,1,1,8.5,8.7,41.2,73.5,0,0,710437.22
73.2,3,2,1,2,13,16.9,0.82,0.6,8.3,15.5,5,0,9.4,8.2,33.3,72.9,1,0,518029.02
74.8,3,2,1,6,23,16.5,9.08,0.72,6.0,49.2,1,0,7.4,7.8,40.9,56.4,1,0,359503.29
101.9,4,3,2,18,19,24.4,12.65,0.22,8.5,50.6,1,2,6.5,7.5,32.5,52.4,0,0,500853.07
84.9,4,2,1,9,11,12.9,7.12,1.69,9.1,28.7,1,0,7.6,8.9,34.6,49.7,1,0,397630.97
115.9,5,4,2,18,27,32.8,1.68,0.07,8.5,19.9,1,0,10.0,4.8,42.3,70.8,1,0,653945.03
103.5,4,3,3,5,5,33.0,4.87,0.15,7.9,25.8,0,0,5.2,6.5,45.6,69.0,1,0,548291.05
52.7,2,1,2,10,18,24.3,2.5,0.21,7.8,25.8,1,1,8.8,6.0,50.3,65.4,0,0,383108.52
74.5,3,2,1,2,22,30.8,3.8,0.6,8.6,30.8,5,2,9.9,7.2,43.3,72.3,1,0,467050.17
119.3,6,4,2,5,6,58.8,2.03,0.07,8.7,45.8,1,1,5.7,4.4,39.1,69.6,1,0,561929.84
112.5,6,4,2,10,28,7.2,5.3,1.2,9.4,18.1,1,0,8.0,10.0,41.8,55.9,1,0,605560.58
75.4,4,2,1,5,26,32.9,8.42,0.24,7.7,34.6,1,1,7.6,7.4,46.6,56.8,1,0,414846.5
100.7,4,3,3,5,24,50.9,6.42,0.3,9.1,26.5,2,1,4.9,4.5,39.8,80.1,1,0,558612.02
58.4,3,1,1,14,17,12.4,3.48,0.14,6.2,25.1,2,0,6.8,8.8,43.2,71.6,1,0,425538.95
139.3,6,5,2,2,4,3.8,5.63,0.54,8.6,24.4,4,0,10.0,9.1,47.8,74.9,0,1,724075.37
78.2,4,2,1,21,22,31.3,1.16,0.75,8.5,20.5,4,0,8.8,6.9,60.7,83.4,1,0,519552.26
121.9,5,4,3,10,19,9.5,8.19,0.3,7.9,33.6,1,2,7.9,7.8,39.3,61.4,1,0,647057.57
87.7,4,3,2,7,21,25.8,7.26,1.14,9.4,30.9,3,2,6.5,5.2,32.8,63.6,1,0,508122.04
84.1,4,3,1,22,22,22.2,6.32,0.29,8.8,31.5,6,0,7.8,6.7,45.8,74.5,1,0,521135.04
75.8,3,2,1,7,18,51.5,10.58,0.34,6.9,27.6,2,0,5.4,4.5,36.6,69.2,1,0,343396.77
90.6,4,2,1,22,26,58.6,6.15,0.26,6.9,26.5,2,2,3.9,2.8,53.0,75.3,1,0,412106.24
50.3,3,1,1,15,21,61.0,3.72,0.62,6.1,33.0,2,1,2.6,4.6,39.4,59.7,0,0,249030.08
74.6,3,2,1,2,23,18.0,3.58,0.43,8.5,34.8,0,0,5.6,7.2,38.0,74.6,0,0,447883.45
55.6,2,1,2,7,19,12.2,3.84,0.23,9.3,27.0,1,1,6.4,6.4,41.8,71.7,0,0,428799.0
88.2,4,3,2,4,6,14.7,6.33,0.46,9.0,25.6,4,1,6.5,8.8,44.4,75.3,0,0,535503.15
72.6,4,2,2,0,20,16.5,2.37,0.65,7.8,27.6,0,0,8.2,8.0,37.8,70.4,1,0,442442.44
36.3,2,1,1,1,6,9.4,2.75,0.53,9.4,23.7,0,2,7.2,8.1,48.4,74.6,1,0,376168.34
149.8,6,5,3,4,23,23.0,1.86,0.22,9.5,13.2,3,0,6.3,7.7,42.1,85.0,1,0,829475.98
96.2,5,4,2,5,5,20.4,2.3,0.5,9.2,20.4,2,2,5.8,7.9,36.8,73.1,1,0,623136.74
111.9,5,4,2,4,24,16.9,4.42,0.17,8.0,28.0,1,0,6.0,7.8,38.2,66.2,1,0,592116.2
122.6,7,5,2,16,30,14.9,13.8,0.3,6.8,47.1,3,2,6.1,9.2,31.1,60.1,1,0,598117.48
45.9,2,1,1,13,20,10.7,1.79,0.18,8.8,31.6,1,0,8.2,5.8,40.4,76.0,1,0,397968.09
82.0,3,2,1,5,23,29.6,10.13,0.39,8.0,47.3,3,2,8.6,7.4,47.8,50.1,1,0,379244.06
97.6,5,3,2,13,22,18.8,2.91,0.68,7.7,13.5,2,0,10.0,7.1,46.6,83.1,0,0,582698.49
88.3,4,3,2,3,7,4.9,9.46,1.55,7.0,34.3,1,0,8.8,10.0,43.5,71.7,1,1,518845.29
55.3,2,1,2,3,11,70.9,3.81,1.11,8.3,35.9,1,2,5.9,4.9,40.6,70.8,1,0,314370.1
107.9,5,4,2,21,24,30.7,5.97,1.68,7.2,35.8,2,1,5.8,6.7,48.5,61.3,1,0,534388.49
70.7,3,2,1,21,25,31.7,6.11,0.86,7.3,36.2,0,1,7.7,8.2,41.3,76.7,1,0,443227.66
79.4,3,2,2,0,29,36.8,4.2,1.22,6.2,24.6,0,0,5.2,6.3,50.2,79.0,0,0,420506.25
86.2,4,2,1,4,26,28.6,4.11,0.05,7.0,23.3,3,0,7.7,7.3,41.4,61.6,1,0,431593.75
80.7,5,3,2,17,17,50.2,12.31,2.09,7.8,42.8,3,0,4.4,5.1,35.2,54.2,1,0,400019.48
102.7,5,3,3,6,11,21.7,5.2,0.37,8.9,22.9,1,2,6.4,7.4,36.0,70.9,1,0,610689.74
50.5,3,1,1,14,16,21.0,3.8,2.1,8.0,18.0,2,0,7.5,9.4,39.7,85.4,1,0,418618.8
121.6,5,4,2,8,23,7.2,17.32,1.48,7.2,47.0,2,1,10.0,9.0,26.8,55.7,1,0,546007.69
73.8,3,2,1,14,26,52.6,18.25,0.47,4.1,51.8,2,1,6.8,6.0,42.5,37.6,1,0,217098.44
57.7,2,1,1,2,4,10.8,23.35,0.05,6.1,62.8,1,1,7.2,6.5,25.7,35.8,0,0,171810.16
116.8,6,4,2,15,28,45.0,1.43,0.87,6.9,27.5,3,1,4.4,8.4,46.2,69.5,1,0,576780.39
124.5,6,5,2,8,27,29.2,0.52,0.75,7.6,35.6,4,1,5.8,5.7,63.0,64.6,1,0,623809.44
123.7,5,4,2,6,20,35.0,5.95,0.06,8.4,21.3,3,1,7.6,6.6,49.4,74.1,1,0,651015.87
120.4,5,4,2,6,15,27.9,12.8,0.44,7.8,39.2,1,1,7.5,7.4,30.0,60.3,1,0,547231.52
96.3,4,3,1,16,30,31.4,4.86,0.84,6.0,35.0,6,0,7.9,7.4,51.8,67.6,1,0,509593.14
106.1,4,3,2,10,23,45.3,11.49,0.69,5.5,44.9,5,0,5.2,5.3,36.5,53.9,1,0,449891.25
56.3,3,1,1,5,18,24.7,12.04,0.75,6.4,42.1,2,1,7.9,7.8,36.0,45.3,1,0,304678.58
82.8,3,2,1,4,8,80.0,2.88,0.75,6.4,15.3,6,1,4.1,2.8,40.7,65.7,1,0,419560.9
74.0,4,2,1,7,18,22.7,4.27,0.89,7.6,13.6,3,1,9.4,8.9,42.6,72.6,1,0,465464.89
69.2,3,2,1,2,6,70.6,0.97,0.23,9.3,12.1,4,2,6.7,3.3,41.7,86.7,1,0,438421.82
95.9,4,3,2,3,26,9.1,1.9,1.08,6.7,29.1,6,1,9.7,7.5,42.5,71.3,1,0,585645.35
77.8,4,2,2,0,12,12.0,2.36,0.15,10.0,7.0,3,1,10.0,8.4,41.0,70.8,1,0,536672.77
48.8,3,1,1,5,21,11.4,1.42,1.07,8.1,27.0,3,0,8.2,7.7,47.5,56.7,1,0,366207.57
84.1,3,2,1,9,13,38.2,5.82,0.69,8.2,26.3,4,0,5.4,7.9,45.1,68.1,1,0,461208.88
98.4,4,3,2,6,7,24.0,1.37,0.48,7.3,21.4,2,0,7.4,8.4,46.1,76.0,0,0,588153.06
53.8,2,1,1,0,20,26.2,9.89,0.22,8.4,47.3,3,0,7.1,7.5,44.5,65.4,1,0,332891.79
117.1,5,4,2,4,5,38.4,12.8,0.09,7.2,52.5,0,1,6.1,5.6,41.1,66.2,1,0,532870.08
101.8,3,2,2,4,10,32.5,11.57,0.21,7.4,33.2,2,0,6.8,6.6,43.3,67.8,0,0,432525.79
61.9,4,2,1,2,13,35.6,7.62,0.22,8.0,36.7,2,1,6.4,5.1,35.7,68.4,1,0,392135.41
96.2,4,3,3,4,23,12.6,0.3,0.86,7.2,22.7,3,1,7.5,7.0,40.0,69.1,1,0,622265.35
103.0,5,4,2,21,21,38.9,8.93,0.1,7.8,39.5,1,0,6.2,6.1,44.5,72.4,1,0,518495.12
69.1,3,2,1,4,23,10.3,9.55,0.54,8.1,31.1,4,0,9.5,8.8,40.4,54.3,1,0,416395.86
98.0,5,3,2,16,27,11.8,2.27,0.62,6.7,16.8,4,0,6.9,8.3,42.2,80.5,1,0,613423.78
92.3,5,3,2,3,5,26.6,8.04,0.11,7.3,32.8,1,1,9.2,6.8,41.0,77.6,1,0,542077.03
73.7,3,2,2,11,14,8.2,6.41,0.84,7.4,36.3,5,1,10.0,7.3,34.0,74.9,1,0,532314.88
115.1,5,4,2,6,17,42.1,3.77,0.57,8.1,24.7,2,2,6.3,6.9,41.8,67.8,1,0,601538.49
92.0,5,3,2,14,28,29.0,6.4,1.11,8.5,34.4,4,0,3.5,6.3,36.9,53.2,1,0,479168.21
98.5,4,3,2,18,25,11.1,11.43,0.94,7.9,45.7,4,0,5.0,8.6,42.4,50.8,1,0,473754.7
129.9,5,4,3,22,26,23.0,2.94,0.55,8.0,33.0,4,0,7.6,7.7,52.1,69.9,1,0,701311.2
126.4,6,4,3,12,18,55.8,2.9,0.19,9.1,26.0,3,0,6.3,6.5,35.3,71.3,1,0,620967.13
96.0,5,3,1,3,7,19.3,6.32,0.19,6.4,23.1,2,0,10.0,6.6,25.2,67.0,1,0,535358.31
122.7,5,4,2,18,21,12.7,3.74,0.11,8.3,11.5,2,0,7.5,7.4,54.4,60.1,0,0,629970.98
98.3,4,3,2,12,29,10.3,1.92,0.15,6.3,30.5,4,1,7.5,7.9,40.6,74.2,1,0,607234.88
94.7,4,3,2,5,8,54.4,9.68,0.64,6.8,41.8,4,0,3.5,5.2,35.8,52.5,1,0,383520.33
89.8,4,3,2,0,14,20.7,6.54,0.46,8.2,29.5,4,1,8.5,6.7,34.5,66.8,0,0,502897.28
92.9,4,3,2,5,21,28.6,0.7,0.07,9.1,21.4,4,1,7.1,6.2,51.5,73.3,1,0,634796.93
48.8,2,1,1,3,11,20.3,8.44,0.66,7.8,32.1,1,0,6.9,6.1,43.7,69.3,0,0,336555.6
112.9,5,4,1,3,20,32.0,7.88,0.97,9.1,30.1,5,0,6.9,5.9,37.7,62.5,0,0,554245.92
116.8,5,4,2,4,5,17.9,5.92,1.02,7.9,31.7,2,0,7.7,8.2,44.7,52.7,0,0,557645.1
65.6,2,1,2,12,25,26.5,4.12,0.06,6.3,35.8,3,2,8.7,7.9,46.1,68.6,1,0,471736.42
104.7,5,4,2,8,16,53.8,3.86,0.96,5.8,30.7,2,0,4.8,5.8,45.4,51.9,1,0,471523.75
64.5,2,1,1,16,28,15.8,7.65,0.65,6.6,34.0,4,1,7.9,7.4,46.0,59.9,0,0,377353.37
67.6,3,2,1,2,26,21.2,1.54,0.28,7.3,23.0,0,0,8.9,7.2,44.2,80.9,1,0,471003.66
87.2,4,3,2,19,23,26.9,6.76,1.4,7.7,32.2,1,0,6.8,8.4,41.8,69.5,1,0,472040.42
49.5,2,1,1,1,7,41.9,7.81,0.2,7.0,19.3,2,1,5.1,7.0,43.5,65.8,1,0,323055.64
133.9,6,4,2,0,7,6.7,9.44,0.3,6.4,43.1,5,1,6.6,5.5,38.2,57.2,0,0,560238.04
103.9,5,4,1,2,6,44.8,2.84,0.24,7.6,24.0,4,1,4.5,5.2,43.2,62.7,1,0,522713.1
75.4,4,2,2,14,27,21.0,3.33,0.61,7.8,20.1,3,0,6.6,6.8,46.4,75.2,1,0,495701.41
51.5,2,1,1,22,24,46.0,7.5,0.71,6.8,42.9,4,0,7.4,7.5,41.4,63.6,1,0,277396.12
69.8,3,2,1,0,30,44.7,2.79,0.73,8.2,22.2,5,1,4.9,6.6,36.2,74.5,0,0,434928.87
89.7,4,3,2,8,18,50.5,1.56,0.45,9.3,13.1,3,1,5.3,4.3,42.6,78.7,1,0,531310.32
133.1,6,5,2,5,15,34.0,4.38,0.47,7.3,33.2,3,1,5.2,7.3,43.9,65.3,1,0,640886.29
111.6,5,3,3,1,10,58.1,15.01,1.35,6.8,40.4,1,1,5.2,8.1,32.8,58.3,0,0,400334.82
80.5,4,2,2,0,26,31.9,5.28,0.05,9.9,21.9,1,1,7.3,7.6,35.3,68.6,1,0,469920.02
94.1,5,3,3,21,23,48.6,0.88,0.76,8.6,26.8,3,1,6.3,4.9,42.5,63.8,1,0,537047.84
68.2,3,2,1,6,18,10.3,5.81,0.51,8.9,34.0,1,1,10.0,9.4,35.8,75.1,0,0,458193.43
91.6,4,3,2,9,30,11.3,4.15,0.29,7.5,17.9,3,0,8.2,8.2,43.1,60.4,1,0,510722.6
53.4,2,1,1,5,27,22.2,2.06,0.39,9.4,20.4,3,1,8.0,6.6,52.6,70.5,1,0,448144.98
106.6,4,3,2,1,4,11.0,3.36,0.52,7.3,16.4,0,1,7.4,7.9,36.5,75.2,0,0,583117.1
69.8,3,2,1,8,10,42.5,12.78,0.16,7.6,36.2,3,0,9.4,5.9,40.3,59.7,1,0,340797.17
131.3,7,5,2,0,5,24.8,2.21,0.64,9.3,15.8,2,1,8.6,6.4,36.2,75.9,1,0,669087.4
85.2,4,2,1,8,25,8.6,13.79,0.7,8.4,46.6,2,1,9.8,6.8,39.8,66.2,0,0,431282.16
103.0,4,3,2,6,11,31.2,5.02,0.75,8.0,20.0,5,0,8.6,6.2,39.1,78.3,1,0,598953.02
118.6,5,4,2,8,13,14.8,3.81,1.14,7.8,30.1,1,0,9.1,7.6,43.5,68.0,1,0,578719.59
68.7,2,1,1,16,23,22.1,4.0,0.15,6.6,26.6,4,1,9.2,8.1,49.3,62.7,1,0,442937.86
124.9,5,4,3,2,29,37.6,4.2,0.22,7.9,15.5,3,0,6.2,5.1,42.6,74.4,1,0,624164.46
73.1,4,3,1,15,26,21.3,13.4,0.1,7.7,34.1,1,1,10.0,5.9,39.2,58.6,1,0,427000.48
59.7,3,1,1,15,22,9.1,0.64,0.53,9.1,10.4,4,1,6.1,8.1,48.7,89.4,1,0,521075.78
58.3,3,2,1,1,3,16.1,3.79,0.33,8.0,20.2,4,1,7.5,7.3,51.5,70.2,0,0,428885.35
99.6,4,3,2,2,3,13.6,4.16,0.96,8.4,18.6,3,0,10.0,7.4,35.8,80.8,0,0,610451.22
39.3,2,1,1,15,24,23.7,7.75,1.42,9.2,27.0,4,1,7.2,6.3,41.8,57.5,1,0,317068.45
85.3,4,3,1,0,10,19.9,4.84,1.27,8.6,33.0,3,0,8.7,6.5,41.2,71.4,0,0,491288.18
75.1,4,2,2,16,18,18.7,5.17,0.53,7.6,22.6,0,0,7.0,6.3,40.4,63.2,1,0,453223.21
89.8,4,3,2,2,12,49.6,14.25,1.98,6.8,34.8,1,1,6.4,4.0,38.1,54.3,1,0,357907.46
50.2,3,1,1,2,4,11.1,5.26,0.63,8.5,22.8,3,0,7.7,8.2,39.1,68.8,0,0,361568.96
122.3,5,4,2,6,18,48.7,3.6,0.17,8.7,22.3,4,1,7.5,6.3,47.7,64.0,0,0,566927.03
126.3,6,5,2,21,29,4.7,5.14,0.16,10.0,18.7,2,1,9.1,10.0,46.6,68.8,1,1,735411.95
136.4,6,5,2,4,6,25.5,5.4,0.59,9.5,16.4,2,0,4.7,7.7,39.9,70.3,1,0,678380.25
88.3,4,3,2,10,21,31.1,1.54,0.76,7.3,29.3,1,0,5.7,6.7,54.9,84.5,0,0,533433.79
51.5,3,1,1,1,11,15.5,10.27,0.17,6.6,41.5,1,1,6.5,8.1,27.9,52.3,1,0,333376.76
98.6,5,3,2,0,5,28.0,6.67,0.36,9.0,27.4,3,0,9.2,6.6,42.8,53.6,1,0,500426.19
45.0,3,1,1,13,13,6.0,2.35,0.05,7.4,35.5,0,0,6.7,7.3,53.4,62.4,1,0,357745.15
49.5,2,1,2,5,10,23.7,6.49,0.05,7.9,47.2,0,1,7.0,7.8,33.6,47.8,1,0,340291.28
74.9,4,2,1,1,9,18.6,1.27,0.13,10.0,28.1,3,1,10.0,7.8,44.1,68.2,1,0,550530.64
80.0,4,2,1,2,3,15.7,7.08,0.35,8.0,15.8,5,0,9.8,6.4,42.2,49.8,0,0,387377.32
102.4,4,3,3,10,10,15.4,8.1,0.53,8.5,33.2,1,0,6.7,7.6,36.7,59.8,1,0,528736.42
92.3,5,3,2,10,27,20.2,16.7,0.3,6.7,40.8,2,0,6.3,6.5,37.0,52.8,0,0,394702.63
72.2,3,2,1,25,26,31.1,2.35,0.22,8.1,21.2,4,1,5.5,7.7,56.5,70.0,1,0,473855.87
71.4,3,2,1,9,28,9.2,5.23,0.63,6.0,20.3,1,0,8.7,7.6,46.7,63.3,1,0,442474.78
133.9,6,5,2,3,28,18.6,4.59,0.46,8.2,28.5,0,0,7.0,9.2,51.5,89.6,0,0,730087.92
50.8,4,2,1,16,19,8.1,3.1,0.39,7.6,37.8,6,2,8.8,9.2,41.2,62.5,1,0,437864.09
62.4,3,2,1,9,29,20.6,2.45,0.12,9.5,20.9,2,0,8.1,6.3,44.2,77.8,1,0,466482.28
46.2,2,1,1,8,13,8.6,4.44,0.41,5.4,38.6,1,0,8.5,7.4,35.8,62.1,1,0,329432.04
90.2,4,3,1,9,9,20.3,5.45,0.25,7.3,31.9,1,0,7.9,8.0,40.5,67.7,1,0,464728.99
97.5,4,3,2,7,11,45.7,3.39,0.06,9.5,28.0,5,0,6.1,6.0,46.6,68.4,1,0,511691.13
83.1,3,2,2,4,16,25.3,6.44,0.64,9.7,10.7,2,0,6.2,6.8,42.2,80.8,1,0,496932.94
55.1,2,1,1,2,7,34.5,4.92,0.93,9.1,28.5,2,0,4.5,6.6,38.8,80.2,1,0,368208.65
85.6,4,3,2,3,20,6.5,2.26,0.23,8.9,28.1,3,0,8.6,8.0,43.3,73.8,1,0,597060.23
107.6,5,3,2,2,26,13.6,8.73,0.41,5.7,48.9,1,0,6.9,8.8,28.6,63.9,1,0,510565.38
81.2,4,2,1,9,27,23.2,8.29,0.14,6.4,25.0,3,0,8.9,6.9,40.8,66.8,1,0,474744.34
114.9,7,5,1,23,25,20.4,4.44,0.18,8.9,36.7,1,1,5.8,7.8,55.0,70.1,1,0,634661.28
55.7,2,1,1,12,30,15.3,0.47,0.38,7.2,20.4,1,0,7.4,8.1,39.9,65.5,1,0,427600.82
66.2,3,2,1,4,15,29.4,1.26,0.87,8.1,23.5,3,1,7.3,8.1,44.9,73.0,1,0,472300.41
122.1,5,4,3,7,7,81.6,10.55,0.65,6.9,44.0,4,0,5.5,3.9,45.1,64.2,1,0,477406.27
79.4,3,2,1,10,10,20.2,14.53,0.4,7.2,48.9,3,1,7.1,7.5,30.8,48.1,1,0,360942.57
113.0,5,3,2,0,17,12.3,9.88,0.23,8.0,22.4,0,1,8.5,8.2,36.1,65.2,1,0,577953.07
77.0,3,2,1,24,24,13.1,2.73,0.16,5.6,29.6,0,1,9.1,7.1,54.6,57.2,1,0,469641.65
80.4,4,2,2,10,30,15.5,8.4,0.17,7.8,25.3,4,1,9.1,7.5,53.8,68.0,1,0,509681.61
129.3,6,5,2,1,6,25.5,7.79,0.13,6.9,33.9,4,1,7.9,6.2,40.3,65.5,1,0,624173.94
72.5,4,2,1,2,3,16.0,7.88,1.1,8.1,27.2,3,1,10.0,8.3,40.9,84.5,0,0,491806.04
124.9,5,4,2,0,8,1.3,4.73,0.11,6.2,18.8,3,1,8.3,10.0,35.4,69.4,1,1,709220.75
77.6,3,2,2,18,26,10.3,5.35,0.44,8.9,19.4,4,1,10.0,6.0,47.0,74.5,1,0,566532.5
63.9,3,2,1,12,21,13.4,1.35,1.42,7.6,27.1,2,0,9.1,8.8,45.3,70.7,1,0,474953.97
40.0,2,1,1,1,14,5.2,20.02,0.28,5.7,55.2,1,0,9.0,8.2,30.9,39.9,1,0,174510.47
93.1,4,3,1,6,9,32.0,1.26,1.27,10.0,11.1,4,1,7.4,8.0,47.9,78.4,1,0,608778.17
80.0,3,2,2,9,15,69.0,3.38,0.53,8.0,21.3,1,0,5.8,4.9,43.4,82.8,1,0,454954.37
108.8,5,4,2,19,30,39.5,18.01,0.81,7.3,48.8,3,1,5.3,7.3,41.8,43.5,1,0,393012.58
79.2,4,2,1,6,9,54.0,4.0,0.14,8.0,28.2,3,2,5.6,5.4,46.0,78.7,1,0,466582.35
128.6,6,5,2,2,11,45.3,4.43,0.44,9.6,28.7,3,0,5.6,6.0,38.3,71.5,1,0,618200.82
58.9,2,1,2,1,3,9.5,4.94,0.3,8.2,28.8,4,1,10.0,8.9,35.1,62.1,0,0,454952.23
113.9,5,4,2,5,23,52.8,5.5,0.15,8.4,31.7,2,2,4.5,8.0,49.1,63.3,1,0,566142.64
100.2,4,3,3,22,26,36.6,2.05,0.35,8.4,22.3,6,1,9.6,5.9,54.4,68.4,1,0,618923.23
90.9,4,3,1,6,15,17.6,7.59,0.79,7.3,36.0,2,1,7.2,7.6,41.8,58.0,0,0,480891.47
123.2,5,4,2,14,21,34.2,7.33,0.5,8.5,41.2,3,0,4.6,5.9,36.1,54.0,1,0,564638.5
79.9,4,3,1,4,23,23.2,4.57,0.05,7.2,39.4,1,0,6.1,7.0,40.8,58.5,1,0,424868.25
99.9,4,3,2,3,3,27.1,6.87,0.17,8.4,29.8,2,1,5.9,6.5,42.9,47.0,0,0,417542.04
54.4,2,1,1,5,27,37.9,2.55,0.05,9.2,13.8,3,1,9.0,5.4,39.6,78.0,0,0,399591.04
61.2,2,1,2,2,22,20.9,12.81,0.61,7.5,48.8,1,2,5.6,7.8,44.7,49.2,1,0,299115.29
121.0,5,4,2,11,23,27.4,23.83,1.41,4.7,43.5,0,1,7.7,7.2,22.7,35.5,1,0,414787.45
103.4,4,3,3,3,21,8.8,3.51,0.44,8.5,28.3,0,1,10.0,7.1,37.1,64.5,1,0,587753.1
99.8,4,3,2,2,20,32.1,5.2,0.11,8.9,29.7,0,1,10.0,5.6,42.5,80.5,1,0,542465.61
76.7,3,2,1,30,30,4.9,2.02,0.05,7.0,25.6,1,0,8.5,10.0,57.2,55.3,0,1,490376.79
49.0,2,1,1,15,25,37.2,7.92,1.38,6.0,38.1,0,1,6.7,5.9,29.8,66.2,1,0,298270.5
55.4,2,1,1,15,29,3.8,3.55,0.14,8.9,14.7,3,1,7.0,10.0,41.7,62.6,1,1,491944.43
94.0,4,3,2,6,7,38.2,3.56,0.2,7.4,19.3,4,0,5.9,6.3,30.0,65.1,1,0,546415.71
69.9,4,2,1,18,29,28.1,7.66,0.45,8.3,21.8,1,1,10.0,7.0,49.9,70.6,1,0,439585.02
68.4,3,2,1,14,28,20.4,5.88,0.16,9.5,18.0,4,0,8.9,7.1,39.6,88.6,0,0,503302.25
74.8,3,2,1,0,5,90.0,2.62,0.3,6.7,21.7,1,1,4.8,2.1,51.2,76.3,1,0,354092.3
60.7,2,1,2,3,4,33.4,0.65,0.63,6.9,22.3,7,1,7.7,5.2,36.7,51.9,0,0,373207.49
99.2,4,3,2,1,28,54.1,3.72,0.51,8.9,31.2,0,0,7.0,6.9,36.9,73.7,1,0,535935.45
70.9,3,2,1,5,24,13.8,1.26,0.48,9.7,33.0,7,0,10.0,9.1,43.4,68.3,0,0,485602.84
83.2,5,3,2,8,12,27.9,8.8,0.36,9.2,25.0,1,0,6.5,6.0,42.2,86.7,1,0,497178.45
71.3,4,2,1,1,8,14.3,4.33,0.47,8.8,24.7,5,0,9.2,8.2,42.0,74.1,1,0,481381.61
78.5,3,2,2,14,21,23.8,3.35,0.93,8.0,26.0,6,2,6.4,8.5,42.6,78.4,1,0,580463.72
61.9,2,1,2,3,27,30.2,2.66,0.12,8.3,17.6,0,1,3.9,5.5,31.4,67.3,0,0,407491.72
48.3,3,1,1,4,19,31.8,5.99,0.64,8.1,25.6,2,1,7.3,6.7,39.8,60.7,1,0,336122.9
68.4,4,2,2,20,21,4.9,4.06,0.65,9.7,35.1,1,1,8.9,8.9,45.8,70.8,1,1,518708.5
76.0,3,2,1,5,15,14.8,8.71,0.11,7.7,41.7,4,0,7.9,7.8,36.8,54.4,1,0,444518.8
100.8,4,3,3,14,19,23.7,4.29,0.91,7.3,37.1,2,1,6.5,8.4,51.7,68.2,1,0,573275.27
72.4,3,2,1,19,25,18.7,8.54,0.24,7.7,37.0,4,0,8.0,7.9,41.6,58.2,0,0,393692.03
86.7,4,3,1,1,20,33.1,3.37,0.24,6.5,34.0,4,0,7.4,7.3,49.8,65.6,0,0,449132.01
107.0,5,4,1,4,13,7.3,5.88,0.24,7.2,32.8,2,0,10.0,5.9,43.8,72.5,1,0,594897.47
92.4,5,3,2,29,29,30.5,1.68,1.49,8.0,34.1,6,2,7.8,7.5,53.7,70.9,1,0,585528.76
45.3,2,1,1,22,30,12.0,4.58,0.37,7.6,7.3,0,0,9.1,7.8,51.1,71.2,1,0,396708.44
74.8,4,2,1,3,22,14.7,13.22,0.3,5.3,36.3,5,1,6.9,9.8,37.0,46.3,1,0,405419.94
48.2,2,1,1,0,22,38.9,1.8,0.4,7.1,14.4,0,1,5.0,6.9,41.6,69.4,1,0,347328.67
72.3,3,2,1,7,15,59.9,7.17,0.35,7.6,26.6,1,0,3.5,4.8,43.4,71.3,1,0,340488.69
135.3,6,5,2,20,26,23.6,13.38,0.33,7.7,40.2,1,1,7.0,9.1,43.6,54.5,1,0,618062.01
55.3,2,1,2,9,13,47.4,2.9,0.26,7.7,24.2,1,0,5.9,5.8,47.5,63.5,1,0,361930.28
61.4,3,2,1,14,22,14.8,3.84,1.25,8.1,19.8,3,1,8.3,8.0,38.0,68.8,1,0,486958.18
115.4,4,3,2,1,21,48.0,2.8,0.34,9.0,23.9,3,0,4.6,4.5,47.1,80.6,1,0,618201.63
91.8,5,3,2,2,12,23.0,8.4,0.19,10.0,31.2,2,0,4.1,6.6,42.5,65.4,1,0,472804.25
108.0,5,3,3,11,30,9.4,8.85,1.11,7.1,38.3,2,0,7.7,7.3,44.9,39.3,1,0,508548.01
68.5,2,1,1,5,5,7.0,11.26,0.67,6.3,44.8,4,0,9.9,7.9,35.7,61.3,0,0,353582.94
77.3,3,2,1,9,23,73.5,14.15,0.89,7.6,36.8,4,0,3.5,3.2,32.2,53.5,1,0,254609.56
68.6,3,2,1,4,8,44.3,1.56,0.19,9.2,27.6,5,0,5.9,4.3,44.6,81.1,1,0,431522.15
59.5,3,1,2,3,9,13.6,8.72,0.41,6.1,35.7,1,2,5.7,7.9,43.5,55.4,1,0,357486.15
64.3,3,2,1,8,23,47.1,11.78,0.89,6.0,46.0,3,1,6.0,4.4,30.3,56.4,1,0,312629.04
67.1,2,1,2,7,25,7.4,10.56,1.28,5.9,34.7,4,1,9.1,8.8,38.5,61.1,1,0,407930.21
57.5,2,1,1,1,22,13.4,2.51,0.45,7.5,37.0,2,0,7.3,9.7,33.3,62.1,0,0,394632.86
66.9,3,2,1,6,7,11.3,8.49,0.47,8.3,35.5,1,1,9.7,8.1,32.6,52.7,1,0,394561.02
44.7,2,1,1,20,24,14.3,8.55,0.62,7.8,33.7,1,0,9.8,8.0,48.6,53.6,1,0,308431.61
85.4,5,3,2,7,11,50.5,3.87,1.17,8.2,17.2,3,2,8.8,3.5,45.0,74.5,1,0,475506.54
103.9,5,3,2,23,24,34.3,5.92,0.57,6.8,38.7,4,1,5.3,7.2,40.4,61.2,1,0,519314.6
108.0,5,4,1,6,12,19.1,0.56,1.49,7.4,14.9,2,1,8.2,7.4,49.3,75.3,1,0,613552.36
79.7,3,2,2,3,16,39.3,7.04,0.61,7.7,46.5,3,2,4.6,6.8,37.0,64.4,1,0,423423.64
46.4,2,1,1,2,13,2.0,4.6,0.49,7.9,32.3,4,0,9.8,8.4,43.9,65.1,1,1,408462.88
41.3,3,1,1,7,19,20.3,5.32,0.42,8.4,18.2,1,1,8.4,7.1,44.7,67.8,1,0,375777.15
103.7,4,3,2,23,30,51.2,4.79,0.42,9.3,26.5,3,1,2.7,6.9,50.3,65.1,1,0,514737.23
96.3,4,3,2,12,13,12.3,4.45,1.02,6.8,42.8,3,1,8.6,7.1,49.0,66.0,1,0,522976.69
67.3,2,1,2,9,9,34.4,1.78,0.32,8.1,22.8,4,0,6.4,6.3,44.8,87.1,1,0,480901.32
103.9,5,4,1,4,13,18.0,3.28,0.16,8.2,22.3,1,0,6.0,8.4,42.2,68.2,1,0,570996.83
51.1,2,1,1,2,15,29.9,6.95,0.26,7.9,32.7,1,0,6.6,7.5,46.7,68.6,1,0,327967.83
83.7,3,2,2,4,29,23.9,10.98,0.96,7.3,31.9,2,1,10.0,8.2,32.8,70.1,1,0,503091.22
94.9,4,3,1,19,21,25.3,2.51,0.19,8.2,33.1,4,2,8.2,6.4,50.3,65.0,1,0,566935.1
113.4,5,4,1,7,8,8.1,6.23,0.79,7.9,23.5,0,1,7.2,7.9,38.5,82.1,1,0,687556.54
100.6,4,3,3,1,4,21.7,5.11,0.26,8.4,30.1,1,1,7.1,6.4,41.4,61.2,0,0,519818.13
111.9,5,4,1,9,16,19.0,10.51,0.14,6.5,46.8,2,0,4.8,6.5,47.7,59.2,1,0,487063.57
79.9,3,2,1,21,30,3.2,4.61,0.3,8.4,26.7,6,0,7.2,8.6,40.4,61.2,1,1,525812.53
106.2,5,4,1,15,18,12.6,13.07,0.93,7.4,49.0,2,1,10.0,7.8,31.1,57.4,1,0,509527.19
48.9,2,1,1,3,9,10.8,4.24,1.41,8.2,24.9,4,1,9.7,9.5,49.4,65.3,1,0,362655.82
124.7,6,4,2,2,3,32.1,4.08,0.31,9.6,15.5,3,0,7.5,8.0,43.4,57.4,0,0,612588.44
65.8,3,2,1,2,4,33.0,2.78,0.84,8.4,29.0,2,2,7.4,7.2,39.8,82.7,0,0,471885.62
126.0,5,4,3,9,11,10.4,8.07,0.23,7.9,34.4,2,0,10.0,7.0,40.2,65.0,1,0,642960.73
70.5,3,2,1,12,27,17.2,12.23,0.05,6.1,34.4,1,1,8.3,6.5,37.2,50.8,1,0,334204.78
81.3,4,3,2,4,25,4.9,3.57,0.29,9.1,23.0,2,0,8.2,9.1,41.7,71.7,0,1,616844.1
80.0,3,2,1,16,20,10.4,4.16,1.04,9.9,16.2,1,0,8.2,8.3,52.4,74.6,1,0,514955.37
73.9,4,3,2,16,23,22.2,2.72,0.08,8.3,23.8,6,1,7.1,7.8,42.3,69.8,1,0,526919.04
37.1,2,1,1,10,22,63.7,1.35,0.19,6.3,41.5,1,0,4.3,5.2,45.3,62.6,1,0,250056.12
57.2,2,1,1,18,20,42.2,2.97,1.0,9.2,29.3,2,2,8.7,6.1,41.7,71.7,0,0,380980.0
75.2,4,2,1,17,20,44.6,3.97,0.56,9.4,28.0,5,1,4.4,6.2,45.0,88.3,1,0,473623.71
47.9,3,1,1,11,12,9.8,10.19,0.49,7.5,36.9,1,1,7.6,7.4,36.3,41.3,1,0,315512.74
115.2,6,4,2,0,10,13.5,2.81,0.11,7.6,32.6,2,1,5.4,6.3,44.3,52.9,1,0,609900.04
50.7,4,2,1,10,23,13.8,4.15,0.22,9.3,24.6,4,0,9.6,7.4,43.5,76.5,1,0,452864.08
144.7,7,5,3,7,10,34.9,5.56,0.42,9.0,14.0,0,1,7.2,6.7,45.2,52.7,1,0,638652.0
73.0,3,2,1,3,4,15.3,2.11,0.65,8.5,13.3,3,0,10.0,7.5,50.8,72.4,0,0,505091.43
59.6,2,1,2,16,20,34.0,7.53,2.02,8.7,26.0,2,0,5.8,5.1,37.1,61.3,1,0,303190.62
89.2,4,3,1,9,13,20.8,4.05,0.6,7.3,24.6,3,1,6.4,7.1,44.7,68.7,1,0,526571.14
99.9,4,3,2,13,13,36.3,3.35,0.51,9.4,22.9,3,0,4.8,5.9,37.6,69.4,0,0,501658.58
70.8,4,2,1,4,21,47.1,11.72,0.59,7.4,46.4,1,0,6.5,7.2,36.9,54.1,1,0,296655.93
81.0,4,3,2,12,13,14.2,12.62,0.07,6.7,43.3,2,2,7.5,8.3,40.7,47.5,1,0,432564.97
106.6,4,3,1,3,12,29.4,2.43,0.73,8.3,24.7,2,2,7.5,3.9,42.2,62.7,1,0,534753.31
80.6,3,2,1,7,10,5.8,8.51,0.07,8.3,24.3,0,0,8.0,8.2,41.9,64.0,1,0,457846.8
121.7,7,5,2,10,17,14.9,15.26,1.22,7.0,42.7,2,1,10.0,6.5,36.9,55.6,1,0,545077.16
122.2,6,5,1,7,10,26.6,4.46,0.16,9.8,19.3,1,1,9.1,5.6,46.1,79.9,1,0,665193.79
94.1,5,3,2,15,21,63.9,6.07,0.12,9.0,20.1,0,1,4.9,2.7,37.9,72.7,0,0,463163.08
61.6,2,1,1,3,3,19.3,5.11,0.11,6.7,8.6,2,1,9.3,8.3,47.1,80.8,0,0,438439.02
71.7,4,3,1,2,25,52.0,8.65,0.49,8.4,23.7,1,1,5.3,6.6,37.0,67.0,1,0,385838.72
49.0,2,1,1,11,22,42.7,2.93,0.39,9.2,34.8,3,0,6.1,4.6,37.1,78.1,1,0,397125.01
38.9,2,1,1,4,5,12.5,2.92,0.65,8.8,31.4,5,1,4.9,8.9,39.1,69.4,0,0,398029.46
68.7,3,2,1,0,23,23.2,3.11,0.38,7.2,20.4,4,0,8.2,9.3,36.2,74.5,1,0,489021.16
67.2,3,2,1,12,14,7.1,2.42,0.42,9.3,18.3,2,1,8.6,7.9,43.4,92.0,1,0,565749.98
114.6,6,4,2,3,18,90.0,2.42,0.08,8.5,40.7,0,1,4.3,2.6,39.5,70.6,1,0,452136.76
98.2,4,3,3,20,24,17.2,4.58,0.7,6.9,45.7,4,1,8.9,7.5,38.7,71.9,1,0,540679.19
90.0,4,3,2,5,18,34.9,3.76,0.66,8.4,26.7,1,2,5.6,7.7,34.9,71.1,1,0,523261.55
76.0,3,2,1,4,19,34.6,6.46,0.81,8.9,33.3,3,2,6.4,7.9,40.7,57.3,1,0,459256.9
74.6,3,2,1,4,30,15.1,3.0,0.42,7.3,28.1,3,1,7.3,7.6,50.7,70.5,1,0,477612.78
82.4,3,2,2,20,30,10.6,6.3,0.51,6.9,29.2,2,1,9.9,7.0,45.6,68.8,1,0,539102.85
123.6,6,5,1,9,18,21.8,4.98,0.7,8.6,28.4,1,0,9.9,7.5,40.3,76.4,1,0,650253.04
48.4,2,1,1,9,11,46.0,15.17,0.73,7.0,48.1,0,0,7.1,5.8,29.8,44.8,1,0,190686.42
113.0,5,4,2,18,24,13.8,4.79,0.67,8.7,33.4,3,0,10.0,7.9,39.3,98.9,0,0,675367.03
93.0,5,3,1,17,21,51.6,6.73,0.84,7.8,32.7,1,1,6.3,5.2,42.6,73.7,1,0,482109.5
53.6,3,2,1,1,3,27.7,2.18,0.99,10.0,22.2,3,1,5.7,7.2,42.5,87.1,0,0,435572.93
99.2,5,3,2,1,27,8.8,2.51,0.33,7.8,15.6,2,0,6.3,6.1,46.0,81.0,1,0,587930.7
80.5,3,2,2,15,20,6.4,13.53,0.44,7.5,34.7,3,0,7.2,8.5,36.1,49.7,0,0,373721.49
107.5,6,4,1,14,28,28.1,7.46,0.71,7.1,20.0,2,1,6.4,8.1,49.5,62.6,1,0,555143.13
105.8,5,4,1,7,8,14.2,6.73,0.2,6.3,36.4,1,2,7.0,7.5,34.9,65.6,0,0,550594.92
50.5,3,2,1,4,8,51.2,4.76,0.16,7.8,23.6,7,0,5.7,5.8,36.6,54.7,1,0,328205.75
74.5,3,2,2,14,14,32.1,5.3,0.16,7.6,27.3,3,1,6.6,5.1,46.3,63.7,0,0,408249.76
110.3,5,3,2,4,5,22.8,4.5,0.22,9.7,24.4,1,0,7.6,7.8,40.0,69.3,1,0,612442.97
114.1,5,4,2,5,13,12.2,7.4,0.27,8.1,32.9,1,0,10.0,8.7,37.5,69.7,0,0,582601.21
68.5,3,2,1,8,8,63.6,5.07,0.64,7.1,16.0,8,2,6.1,6.6,39.0,61.7,1,0,416663.97
96.1,5,3,2,4,16,8.1,8.42,0.42,7.6,35.8,2,0,8.9,5.7,32.3,78.1,1,0,539123.6
98.8,4,3,2,4,20,21.0,2.62,1.6,7.3,22.8,4,0,9.2,7.9,33.4,96.8,1,0,608163.71
101.3,4,3,2,8,18,18.7,4.88,0.19,7.7,34.1,5,0,6.5,5.7,39.7,70.0,1,0,562902.52
51.2,2,1,1,8,26,23.9,1.9,2.08,9.3,18.7,5,1,6.1,7.6,39.8,86.8,1,0,470826.65
99.4,4,3,2,1,15,5.2,10.03,0.76,7.8,30.7,1,0,10.0,7.7,38.7,65.9,1,0,555197.34
134.4,5,4,3,2,3,4.7,7.05,0.17,6.0,42.1,6,0,8.7,9.9,39.6,54.4,0,1,668041.72
61.1,2,1,1,0,8,11.4,1.41,0.05,7.5,16.7,2,2,8.4,8.3,40.6,66.8,1,0,496531.63
96.7,3,2,2,1,16,13.8,6.66,0.15,6.9,28.3,4,0,6.4,7.8,37.4,67.1,1,0,532529.46
133.7,6,5,3,11,19,15.6,4.52,0.05,7.3,21.7,4,2,7.2,7.2,49.6,63.8,0,0,697131.43
66.4,3,1,1,5,27,11.9,10.21,0.42,7.6,32.3,3,0,7.6,8.0,34.0,69.0,1,0,362780.19
107.7,5,4,2,3,15,27.1,9.5,0.68,8.4,45.0,3,0,6.5,7.9,42.8,55.0,1,0,477131.48
80.8,3,2,2,2,15,6.1,11.95,0.35,6.7,31.2,1,1,10.0,8.4,42.7,59.2,1,0,475546.56
76.9,3,2,1,3,11,23.4,8.58,0.24,6.8,33.0,2,0,10.0,8.0,40.3,54.1,1,0,384041.43
109.9,5,4,2,1,8,9.0,4.72,0.16,8.8,31.3,3,0,10.0,6.6,39.6,62.2,1,0,606269.41
71.7,3,2,1,4,8,7.2,6.01,1.12,8.1,27.3,5,1,8.7,8.2,40.2,79.3,1,0,499152.72
85.3,3,2,2,24,27,15.7,3.36,0.28,7.6,28.8,3,0,7.1,7.1,52.2,65.6,1,0,495659.97
72.3,3,2,2,7,7,19.2,4.12,1.0,7.6,23.4,1,2,6.2,8.2,41.7,66.6,1,0,459051.57
102.4,5,3,1,21,27,28.7,7.8,0.05,7.3,32.0,1,0,7.6,7.4,56.0,57.8,0,0,468513.79
41.9,2,1,1,17,23,5.1,1.77,1.43,9.4,18.8,2,1,10.0,7.7,43.9,73.1,1,0,422784.03
86.5,3,2,1,5,16,41.5,6.65,0.51,8.1,28.4,2,0,7.4,6.3,44.4,65.9,0,0,408333.04
140.0,6,5,2,13,16,13.6,7.36,0.24,9.5,36.4,1,0,8.2,7.6,47.1,50.6,1,0,636113.29
70.3,3,2,1,3,6,23.1,8.08,0.18,8.1,27.5,2,2,8.5,7.6,31.1,71.9,1,0,464797.54
92.8,5,3,2,0,4,44.0,3.18,0.54,7.2,28.7,4,1,6.0,6.4,43.5,71.9,0,0,507099.29
66.9,3,2,1,1,4,18.7,13.19,0.44,5.3,50.6,0,1,7.3,7.5,33.2,55.5,0,0,332639.81
87.9,4,3,1,9,19,20.8,7.32,0.27,7.0,36.5,1,0,6.1,6.0,39.8,72.2,0,0,457065.16
52.6,2,1,1,6,12,5.5,9.71,0.05,5.7,36.4,2,0,8.1,9.7,43.7,57.8,1,0,316601.18
149.0,6,5,3,3,16,20.7,1.77,0.4,7.5,33.4,2,1,8.1,8.4,43.2,70.5,1,0,785478.93
86.7,3,2,1,19,21,65.8,1.25,2.41,8.4,22.8,1,1,4.0,4.9,55.9,79.5,1,0,443300.14
72.6,3,2,1,14,19,8.2,1.73,0.42,7.0,30.9,0,0,6.7,8.6,40.8,58.8,1,0,445072.84
46.2,2,1,1,5,24,51.0,5.35,0.1,8.6,23.3,1,0,5.8,6.3,36.1,67.6,1,0,307583.46
55.6,2,1,2,9,13,26.4,8.27,0.09,7.0,38.1,5,0,7.7,6.3,39.1,68.2,1,0,361275.74
69.5,3,2,1,5,9,6.1,3.98,0.06,8.8,29.4,6,1,8.0,9.4,39.9,77.8,1,0,548028.84
69.8,3,2,2,2,11,4.0,4.14,0.74,7.1,22.7,2,0,8.7,7.4,38.1,86.6,1,1,570062.41
104.6,5,4,2,8,16,11.5,0.79,1.26,9.1,29.2,2,0,4.4,6.2,34.9,74.4,1,0,622832.62
87.8,3,2,1,10,25,26.8,4.15,0.12,7.5,35.2,2,0,8.3,6.3,49.4,76.4,1,0,521393.92
73.4,4,2,1,4,6,39.7,4.03,0.17,7.8,22.8,2,0,6.8,6.6,44.6,70.0,1,0,422635.06
89.3,4,3,2,13,16,37.4,2.59,1.1,7.6,15.0,8,1,8.6,6.6,48.7,64.8,1,0,594189.5
102.5,5,3,2,1,22,36.8,3.44,0.66,7.9,24.4,1,1,6.2,6.5,38.6,72.3,1,0,547463.35
43.6,2,1,1,21,26,9.2,11.93,0.07,7.6,37.3,2,0,9.5,7.9,43.5,56.0,1,0,280433.53
51.2,3,1,2,18,22,26.9,5.69,0.69,6.4,27.2,1,0,9.0,6.7,55.8,61.4,1,0,370162.58
46.6,2,1,1,7,19,11.4,5.13,0.68,10.0,20.9,1,1,8.3,6.6,45.5,65.5,1,0,389131.31
109.2,4,3,2,12,27,36.9,3.33,1.67,10.0,27.5,2,0,7.1,5.1,45.4,72.4,1,0,594879.38
94.0,5,3,2,18,21,81.0,6.42,0.34,7.2,42.2,4,0,3.8,2.7,44.9,55.1,1,0,378094.01
58.5,4,2,2,4,19,4.5,19.29,0.28,7.2,54.5,1,0,6.3,8.4,36.7,60.4,1,1,322469.13
116.7,5,4,1,14,27,9.8,7.89,0.08,6.4,43.3,4,0,8.9,6.5,36.4,65.6,1,0,591808.98
111.5,5,4,2,3,29,41.1,3.95,0.43,6.4,29.0,2,0,4.8,4.8,42.0,56.9,1,0,478701.94
81.2,4,3,2,3,29,28.7,4.39,0.26,9.9,12.6,2,0,5.8,6.6,42.4,72.0,1,0,498642.1
111.5,6,4,2,8,16,33.4,9.18,0.63,8.2,29.2,5,1,7.6,7.7,41.5,60.8,1,0,566330.74
75.2,3,2,1,14,15,4.9,17.51,0.7,6.6,42.6,3,0,10.0,9.9,30.8,46.6,1,1,414427.98
56.2,2,1,1,11,28,39.2,1.64,0.46,9.1,27.8,2,0,7.6,5.4,36.5,67.7,1,0,415862.22
92.4,3,2,2,3,16,27.0,4.8,0.25,7.3,13.9,2,0,8.1,6.3,42.2,70.0,0,0,488455.03
46.2,3,1,1,2,28,5.6,4.36,0.23,8.1,27.6,2,0,9.1,10.0,53.8,77.6,1,0,442298.7
71.4,3,2,1,4,18,26.0,9.14,1.08,7.6,33.0,2,1,8.6,6.6,40.8,58.9,1,0,392628.85
108.4,5,4,2,16,23,22.4,4.94,0.57,6.5,32.7,2,0,10.0,6.2,39.2,54.9,0,0,555975.12
40.7,3,1,1,4,30,8.8,9.9,0.35,8.5,26.9,1,1,7.5,7.7,35.6,48.2,1,0,339644.72
67.1,2,1,2,3,17,13.1,1.28,1.17,7.9,30.7,4,1,7.3,7.2,43.4,56.0,0,0,437874.46
81.7,3,2,2,20,27,34.7,7.01,0.35,6.5,34.4,3,0,7.8,5.7,52.3,64.0,1,0,414542.73
116.3,5,4,2,6,21,19.1,9.15,0.23,9.1,23.6,4,1,5.2,7.5,38.5,68.2,1,0,636465.9
81.4,3,2,2,6,24,43.7,1.1,0.31,9.6,12.4,6,1,5.9,7.3,51.1,78.3,1,0,546236.44
65.5,3,2,1,6,13,10.8,6.89,0.35,7.5,28.1,2,1,8.7,6.6,42.0,60.7,1,0,435614.56
45.0,2,1,1,0,14,22.5,1.98,0.16,7.0,28.9,8,0,6.7,7.6,43.8,66.2,1,0,352768.35
53.3,2,1,1,8,13,7.5,4.41,0.37,8.5,20.6,3,1,5.6,9.1,38.5,74.1,1,0,470736.92
141.3,6,5,2,14,30,11.5,4.11,0.44,8.1,30.4,3,0,10.0,8.3,49.2,64.3,1,0,732027.18
144.9,6,5,2,6,25,46.2,2.06,0.77,10.0,19.6,3,0,5.0,7.0,42.1,78.2,1,0,680772.79
66.4,2,1,2,6,7,26.6,5.39,1.07,9.2,36.4,2,1,6.4,7.6,47.8,66.3,1,0,407642.53
132.2,6,5,2,19,30,31.4,4.09,1.08,7.6,22.9,3,0,8.9,6.1,46.6,70.8,1,0,668910.23
91.2,4,3,1,3,10,16.9,3.39,0.42,9.6,22.1,6,0,3.4,9.4,42.6,57.5,1,0,519770.57
114.1,5,4,2,1,28,3.4,14.45,0.21,8.1,46.8,2,1,10.0,10.0,30.0,60.1,0,1,584612.88
62.8,3,2,1,5,8,40.4,9.22,0.15,5.7,31.8,2,0,9.6,8.5,36.5,60.5,1,0,345099.35
78.2,3,2,2,12,18,20.6,6.45,0.2,8.3,22.6,3,0,6.3,5.5,40.5,65.1,1,0,492309.22
67.3,4,2,2,11,14,14.3,3.9,0.08,9.3,15.6,3,1,7.3,10.0,44.9,72.9,0,0,502823.92
95.0,4,3,2,2,8,7.7,1.38,0.19,7.9,26.8,3,0,9.2,8.9,52.3,76.8,1,0,588842.06
73.1,2,1,2,14,15,6.7,2.87,2.6,6.9,16.5,3,0,8.9,8.6,39.0,70.5,0,0,484165.47
59.6,2,1,1,0,9,29.3,2.99,1.18,10.0,23.2,1,1,8.5,6.0,43.3,80.8,1,0,462577.97
63.6,3,2,1,4,10,18.5,13.43,0.49,8.5,33.6,1,1,8.5,8.2,44.1,59.7,1,0,379405.46
102.4,4,3,3,5,14,30.8,1.23,0.31,8.6,16.4,3,0,8.2,8.0,39.4,84.2,1,0,587794.21
64.3,3,2,1,2,4,45.8,3.78,0.61,5.9,16.4,3,0,10.0,4.2,40.4,60.8,0,0,326048.05
95.5,4,3,2,4,25,24.6,7.01,0.15,7.3,31.0,0,1,5.0,7.7,44.7,65.2,1,0,456652.57
140.3,6,5,2,4,11,16.5,5.53,0.34,9.8,19.9,2,0,9.9,6.9,35.5,59.3,1,0,715329.8
58.2,2,1,1,11,15,9.4,4.01,0.61,9.4,22.2,2,1,10.0,8.6,52.1,66.1,1,0,475996.66
115.9,4,3,2,12,19,3.7,2.57,1.1,8.0,22.8,4,0,7.1,8.5,52.2,61.6,1,1,650836.15
80.5,3,2,1,13,15,18.7,6.82,0.21,7.2,43.7,4,0,6.6,8.7,44.1,59.7,1,0,440926.24
115.6,5,4,2,13,18,24.0,4.3,0.13,9.5,17.5,3,1,8.2,7.1,30.0,72.2,1,0,650437.99
58.4,3,1,1,28,30,18.1,13.49,0.21,6.7,45.4,3,0,5.9,8.2,38.8,47.3,1,0,331536.38
101.4,5,3,3,3,3,60.3,5.0,0.05,7.8,25.5,2,0,4.1,6.1,46.7,58.0,0,0,424561.09
105.0,6,4,2,9,9,21.0,14.72,0.18,7.2,46.7,2,1,8.0,7.6,33.6,38.2,1,0,479195.8
117.4,6,4,1,15,15,15.7,5.88,0.23,8.4,26.8,1,0,6.9,6.8,44.1,59.5,1,0,570340.85
111.1,4,3,3,0,16,20.8,3.58,0.5,7.0,39.9,3,0,7.3,8.0,52.3,72.1,0,0,602933.65
76.1,4,2,2,23,23,13.0,3.33,0.17,8.8,23.4,1,1,6.8,7.7,49.7,73.3,1,0,501047.19
98.2,4,3,2,10,19,6.1,4.86,0.28,7.0,29.9,3,0,7.2,8.4,44.8,58.8,1,0,525010.75
116.9,5,4,1,6,18,30.2,2.67,0.22,9.5,30.0,0,0,7.7,6.5,42.5,72.8,1,0,632066.11
102.8,5,3,2,16,17,20.0,2.42,0.23,7.9,21.7,1,0,7.5,5.6,54.9,74.8,1,0,609360.82
48.3,2,1,2,3,19,5.2,8.94,0.62,7.8,40.7,1,0,8.8,8.3,43.7,61.4,1,0,349671.31
108.9,6,4,1,4,4,25.8,6.61,0.15,4.9,43.8,0,0,8.3,6.5,38.3,52.2,0,0,431118.44
94.7,4,3,2,6,29,21.7,2.34,0.12,9.1,18.0,3,2,7.8,7.6,41.0,71.8,1,0,555952.19
104.9,5,3,2,2,28,29.0,7.59,0.94,8.6,35.8,4,1,6.6,6.9,35.3,61.1,0,0,548406.02
79.2,3,2,1,23,27,7.3,4.15,0.52,7.5,20.6,2,0,7.2,7.6,45.1,80.0,1,0,542210.27
113.5,4,3,3,19,30,9.0,6.66,0.05,6.4,34.3,4,1,9.1,10.0,40.5,66.6,0,0,631469.86
62.1,3,2,1,13,14,18.1,7.04,0.47,6.3,28.9,2,0,10.0,7.2,43.2,72.9,1,0,406324.06
82.7,5,3,1,1,5,19.1,3.07,0.12,8.2,24.1,3,1,9.0,7.5,47.0,72.9,1,0,522830.3
68.9,2,1,2,1,11,18.6,15.79,0.09,5.5,52.0,2,0,5.5,9.3,28.7,37.7,1,0,297943.23
91.3,4,3,2,7,8,20.5,3.15,1.05,8.1,32.7,0,2,4.6,6.4,40.7,79.9,1,0,523370.49
119.8,6,5,2,23,28,12.6,6.99,0.17,7.8,14.4,2,1,7.1,8.6,42.1,66.7,1,0,685784.72
57.3,2,1,1,0,8,41.1,2.84,0.31,8.4,17.8,2,1,4.0,5.5,44.4,65.3,1,0,374581.9
120.6,6,5,1,5,9,27.4,4.33,0.41,9.5,33.5,3,0,5.2,6.7,37.7,63.1,0,0,614991.48
85.3,3,2,1,8,28,22.5,4.57,1.08,9.3,24.7,1,1,3.9,7.6,35.9,77.9,1,0,522783.33
116.4,5,4,2,24,29,15.1,8.87,0.12,7.6,33.5,2,0,8.3,8.8,42.7,63.2,1,0,622586.21
104.3,4,3,3,1,10,29.5,5.77,0.54,8.5,34.7,3,2,5.3,5.8,41.0,61.2,1,0,514378.25
86.0,4,3,1,7,29,33.8,7.92,0.45,8.0,14.5,5,0,5.0,6.9,39.7,62.8,1,0,457865.1
108.7,4,3,2,3,5,34.7,5.46,0.57,9.4,18.8,4,1,5.7,5.8,40.8,94.7,1,0,622126.97
123.9,5,4,3,3,26,7.7,10.46,0.49,7.5,43.1,2,1,7.5,8.7,41.6,61.3,1,0,620998.1
74.7,3,2,2,9,17,27.5,7.14,0.32,8.6,17.8,0,1,6.8,7.9,47.4,68.4,1,0,459642.72
64.6,4,2,1,22,24,5.2,5.92,0.41,10.0,25.5,2,0,6.6,8.9,45.5,75.7,1,0,512832.32
88.4,4,3,1,0,8,28.7,6.66,1.32,8.2,15.1,1,0,8.6,6.1,40.3,55.1,1,0,452027.12
106.2,5,4,2,10,13,26.7,1.56,0.54,7.9,19.2,3,0,7.6,5.9,55.4,66.6,0,0,546495.11
104.2,4,3,2,0,5,26.9,2.19,0.5,7.9,31.7,2,1,7.8,6.8,42.0,64.0,1,0,536725.96
81.5,4,3,2,18,18,21.3,6.05,0.19,7.1,17.7,3,2,6.9,6.1,42.6,78.7,1,0,579111.94
69.9,3,2,1,3,8,18.6,5.22,1.56,8.7,24.4,5,1,9.4,8.0,34.8,54.7,1,0,455038.38
118.9,5,4,2,6,13,18.6,9.77,0.51,7.8,40.8,0,1,8.5,8.9,42.1,52.1,1,0,554985.31
55.7,3,1,1,4,10,19.8,0.44,0.77,8.2,14.8,2,1,8.0,6.6,38.4,77.5,1,0,466515.1
65.3,3,2,1,20,25,23.2,5.01,0.12,9.5,27.2,0,1,9.0,7.7,42.8,68.0,1,0,467675.44
58.3,2,1,1,0,12,13.0,1.74,0.25,8.0,35.7,0,1,5.6,7.0,38.5,62.3,0,0,376847.75
63.9,3,2,1,1,12,19.5,5.93,0.17,8.0,34.0,4,0,8.0,8.7,34.1,63.7,1,0,437384.39
70.8,3,2,1,4,25,22.6,6.37,0.65,7.0,32.8,2,0,6.5,8.3,48.5,76.8,1,0,450104.9
83.2,4,2,2,1,5,48.7,7.74,0.07,7.5,43.6,1,0,4.7,5.7,39.7,67.5,1,0,407476.36
99.7,4,3,2,16,28,44.3,2.32,0.66,7.5,25.8,3,1,7.2,6.8,39.2,57.8,1,0,529143.65
65.6,4,2,1,2,16,11.5,1.39,0.64,8.3,21.1,2,0,10.0,8.7,46.0,75.4,1,0,473640.9
80.6,3,2,1,10,21,20.0,7.27,0.05,6.7,25.7,1,1,9.6,6.2,46.7,49.8,1,0,400854.5
71.7,3,2,1,16,23,29.6,2.98,0.61,7.7,31.3,5,0,7.0,7.4,49.0,71.4,1,0,479171.14
76.9,3,2,1,25,30,2.7,2.79,0.28,7.5,39.7,1,1,8.3,8.9,54.7,74.4,1,1,540410.3
83.2,3,2,1,7,23,32.1,5.03,1.61,7.3,14.0,5,0,8.7,6.8,45.5,59.6,1,0,457575.94
61.9,2,1,1,7,11,9.7,1.84,0.71,7.4,18.4,0,0,6.9,7.6,49.2,76.2,1,0,423932.41
105.0,4,3,2,7,15,34.5,7.11,0.28,7.4,31.0,6,0,9.2,6.6,40.6,76.4,1,0,571065.62
97.5,4,3,2,6,11,37.3,2.09,0.44,5.8,21.4,3,0,5.9,7.3,52.4,51.5,1,0,497525.54
95.4,4,3,1,22,28,14.0,2.56,0.83,8.9,28.2,2,1,8.0,6.6,52.5,73.7,1,0,610393.45
72.7,3,2,1,1,23,17.9,3.68,0.05,8.4,29.4,3,0,7.0,5.8,43.7,71.6,1,0,436110.84
61.3,3,2,1,8,14,42.9,2.28,0.39,8.6,25.5,3,1,6.2,5.7,41.0,72.5,1,0,435564.51
123.4,6,4,3,6,16,6.9,8.59,0.8,7.3,46.7,3,0,7.2,9.2,44.9,50.0,1,0,563951.41
73.1,3,2,1,4,7,50.5,8.15,0.31,8.8,32.8,0,1,5.1,4.8,45.4,67.8,0,0,382835.1
75.7,3,2,1,3,8,37.5,5.35,0.61,7.2,25.8,4,0,6.7,5.9,52.2,63.8,1,0,441317.51
52.0,2,1,1,7,15,25.3,2.93,0.37,6.5,19.4,2,0,7.2,8.3,44.2,71.9,0,0,379672.03
64.9,3,2,1,4,15,7.4,2.42,0.05,8.5,26.4,2,1,4.8,9.5,46.1,67.0,0,0,451379.31
76.3,3,2,1,5,26,8.3,5.92,0.66,9.7,18.0,7,0,10.0,8.7,43.4,73.6,1,0,537423.5
67.5,3,2,2,3,8,28.8,2.43,1.06,9.7,26.1,6,0,9.5,7.3,34.1,96.4,1,0,581078.91
114.7,4,3,3,6,16,19.3,3.14,0.11,9.1,19.7,2,1,6.0,8.4,48.3,62.5,1,0,630236.4
76.1,3,2,2,11,13,23.5,1.55,0.45,10.0,5.0,7,0,6.5,6.8,48.9,58.9,0,0,504846.63
98.0,4,3,2,1,15,20.8,5.03,0.14,7.5,35.6,5,0,7.4,8.0,39.0,66.6,0,0,523333.94
100.5,4,3,2,10,14,23.0,2.45,0.11,7.8,28.4,5,0,8.5,6.4,41.5,68.2,1,0,584269.34
111.7,6,4,1,11,18,66.5,4.37,0.23,7.8,32.7,5,2,5.3,6.4,38.6,66.0,1,0,545655.98
84.7,4,3,2,6,8,4.1,2.74,0.63,5.7,17.7,0,0,7.1,10.0,47.5,60.6,1,1,543387.6
145.6,6,5,3,6,11,22.0,8.33,0.21,9.0,39.8,1,0,10.0,7.9,36.4,66.9,0,0,705963.09
62.4,2,1,2,0,19,3.0,6.08,0.18,7.8,42.5,2,2,8.2,9.2,42.7,74.7,1,1,501838.41
47.9,3,1,1,9,22,24.1,1.76,0.09,7.7,16.8,2,0,10.0,7.9,45.5,68.5,1,0,406767.83
47.0,2,1,1,9,18,28.5,8.83,0.71,7.3,37.0,1,2,6.2,6.9,41.6,68.4,1,0,333894.43
93.3,4,3,2,11,28,25.3,3.86,0.61,7.1,24.9,2,1,8.9,6.5,51.3,70.9,1,0,550480.57
96.6,6,4,1,2,28,19.6,9.05,0.2,7.5,31.3,1,0,8.3,8.0,40.9,65.5,1,0,491680.96
91.8,3,2,2,2,14,1.8,5.44,0.5,7.3,31.4,3,0,7.6,7.7,43.3,67.1,1,1,510933.99
132.9,5,4,3,12,20,47.5,3.89,0.47,7.6,22.6,3,1,6.7,6.7,42.2,66.7,1,0,625365.75
56.6,2,1,1,10,11,1.8,1.43,0.41,7.5,22.3,4,0,9.2,8.6,48.9,78.2,0,1,462383.04
105.2,6,4,1,5,5,44.4,1.71,1.05,8.3,36.3,1,1,7.4,6.8,44.8,66.2,1,0,548673.65
76.4,4,2,2,10,12,31.0,10.38,0.05,6.8,28.3,4,0,5.8,5.3,32.7,67.9,0,0,385030.13
59.1,2,1,1,2,13,18.8,2.57,0.19,9.6,23.7,2,1,7.6,7.0,42.7,84.6,1,0,507010.74
85.1,3,2,1,3,4,26.9,8.63,0.58,8.0,48.8,1,0,8.4,7.5,45.0,57.7,0,0,368727.62
73.4,3,2,2,8,10,25.3,9.22,1.49,6.1,37.3,1,0,4.6,8.0,35.2,49.2,1,0,360435.07
62.1,3,2,1,20,22,5.4,6.91,0.49,8.3,34.8,1,0,6.9,7.5,46.2,65.1,1,0,464193.89
90.4,3,2,2,5,13,5.6,1.52,0.82,8.7,16.2,4,1,8.7,7.3,44.5,85.6,1,0,640536.18
99.7,5,4,2,5,20,61.5,2.98,1.13,8.2,18.3,0,0,5.2,6.1,44.0,69.6,1,0,531815.8
69.9,4,2,2,7,22,20.2,13.93,0.51,6.7,33.1,2,1,7.5,9.3,34.6,55.8,1,0,365060.44
69.0,4,2,1,9,9,2.4,12.0,0.16,8.2,37.7,2,0,10.0,8.7,39.0,56.9,0,1,450445.15
76.5,4,3,1,10,16,8.7,2.32,0.2,7.1,38.3,1,0,8.3,5.4,40.6,64.0,1,0,465487.39
111.9,4,3,3,2,9,37.8,3.8,0.43,8.0,30.4,0,0,8.0,7.9,45.3,82.4,0,0,598659.11
77.9,3,2,1,3,3,6.3,8.46,0.07,5.8,37.6,2,1,9.1,8.0,36.8,65.2,0,0,437083.28
66.4,3,2,1,8,14,28.0,1.16,0.46,8.9,17.7,2,0,5.5,6.0,47.0,70.8,0,0,433987.47
63.2,2,1,1,22,30,20.9,8.2,0.26,7.5,29.5,4,1,7.8,7.4,45.1,47.3,1,0,378764.48
64.6,2,1,1,2,3,21.4,5.41,2.14,6.9,24.3,3,1,7.5,9.3,42.5,70.5,0,0,383701.8
95.1,4,3,2,4,5,19.7,23.3,0.58,5.9,52.0,0,1,6.7,8.1,26.2,31.4,1,0,322235.59
49.4,2,1,1,2,4,22.5,9.5,0.52,8.7,36.2,3,0,5.2,8.0,31.6,64.9,0,0,321140.61
89.1,4,2,1,0,5,9.6,1.05,0.47,8.5,38.2,2,2,6.6,8.1,41.4,69.5,1,0,514017.72
101.8,4,3,2,3,6,63.0,7.57,0.17,6.0,40.8,4,1,3.5,5.5,37.9,68.7,1,0,436273.49
62.1,2,1,2,0,16,2.7,11.02,0.05,7.2,33.9,3,1,10.0,10.0,27.6,57.5,1,1,466079.75
106.9,5,3,2,17,25,11.1,6.45,0.17,8.0,24.3,5,1,7.8,7.0,41.4,69.5,1,0,625501.57
73.4,3,2,1,7,20,13.5,6.19,1.0,7.1,25.0,4,2,9.9,8.5,47.3,83.6,1,0,540916.2
128.0,6,5,2,25,25,24.3,6.16,0.29,10.0,41.7,0,0,5.8,7.1,41.2,77.2,1,0,630978.41
71.6,3,2,1,5,7,32.7,9.32,0.53,5.9,43.8,2,0,5.8,6.6,42.6,41.4,1,0,304307.81
122.3,6,4,2,9,17,37.5,5.93,0.87,5.2,36.8,1,0,5.7,5.3,39.8,57.4,1,0,539406.62
87.1,4,3,3,1,18,42.5,4.89,0.63,7.0,37.3,3,2,5.7,6.6,38.4,59.9,1,0,467469.54
50.7,2,1,1,8,10,18.4,6.29,1.02,5.8,38.3,3,0,8.1,8.1,41.0,64.7,0,0,316835.53
114.1,4,3,3,23,26,26.5,1.42,0.15,9.3,5.1,3,1,8.2,6.8,51.2,76.2,1,0,722241.53
120.9,6,5,1,3,23,13.6,4.97,0.65,9.0,18.5,4,0,10.0,9.2,39.6,60.5,1,0,589273.04
108.4,4,3,2,10,28,53.1,3.49,0.08,6.5,36.3,1,0,2.2,5.6,42.1,65.9,1,0,472188.19
125.3,5,4,2,9,10,24.7,9.52,0.25,6.3,52.2,0,1,10.0,5.0,46.5,61.7,1,0,545296.0
113.5,6,4,2,13,30,12.9,2.48,0.97,7.0,35.3,2,2,6.5,8.3,46.9,66.2,1,0,643104.75
73.5,4,2,2,6,27,14.0,4.84,0.12,7.9,27.3,4,1,8.2,6.6,35.6,66.9,1,0,529630.25
68.7,3,2,1,2,9,36.3,2.72,0.8,8.6,27.0,2,0,8.0,7.9,32.8,71.7,1,0,467061.41
124.3,4,3,3,5,8,33.4,6.14,0.27,9.3,20.2,2,1,7.7,8.5,48.6,65.7,1,0,611957.16
86.0,3,2,1,2,9,21.8,13.33,1.39,7.3,43.6,1,1,9.2,8.3,39.5,52.2,1,0,392245.25
108.0,6,4,1,25,25,13.6,7.63,0.22,7.2,34.6,1,0,9.6,7.7,46.0,60.0,1,0,549244.44
109.1,5,4,2,18,21,13.0,7.71,0.31,7.2,32.9,1,1,8.8,8.4,44.1,67.5,1,0,619899.14
71.9,3,2,1,12,24,19.3,2.0,0.11,8.4,27.5,3,2,8.8,6.7,46.3,82.2,1,0,543191.04
73.0,4,2,1,11,24,14.6,6.06,0.81,7.9,30.4,3,0,6.2,8.3,43.4,72.5,1,0,459774.77
93.1,4,3,3,26,29,35.7,3.22,2.46,8.0,5.3,1,2,5.6,5.7,50.0,72.7,0,0,545420.24
71.6,3,2,1,24,27,12.2,4.29,2.54,8.1,22.2,4,0,6.7,9.7,52.8,56.0,1,0,462525.23
124.6,6,4,2,1,3,24.7,3.76,0.43,8.0,21.2,1,1,3.8,6.1,47.0,69.7,0,0,603248.11
56.6,4,2,1,14,15,1.0,2.54,0.55,6.7,25.5,3,0,7.5,8.0,47.5,74.3,1,1,478753.66
95.6,4,3,1,7,9,9.9,5.59,0.2,8.0,30.6,1,1,6.8,7.8,43.4,75.0,1,0,548543.31
64.0,2,1,1,3,3,28.7,6.16,0.41,6.9,34.2,1,1,5.7,7.5,45.0,61.6,0,0,353725.43
84.5,5,3,1,3,12,20.5,8.67,0.4,7.7,31.8,7,0,8.6,9.7,41.7,58.3,1,0,452215.67
84.6,3,2,1,3,15,13.1,9.99,0.28,7.8,34.1,3,1,7.0,7.0,37.3,51.4,0,0,439478.37
90.5,4,3,2,6,6,22.1,7.23,1.05,8.8,12.8,3,0,8.8,7.3,26.7,78.0,1,0,520687.72
56.5,2,1,1,4,9,20.1,1.97,0.23,8.2,30.5,2,0,5.3,7.4,47.9,59.4,1,0,375263.24
86.5,5,3,1,1,8,5.7,3.23,0.99,7.5,27.2,3,1,7.6,7.1,48.2,76.8,1,0,530454.72
111.5,5,4,2,5,8,30.8,5.09,0.31,8.7,25.3,4,1,6.4,5.8,40.9,65.8,0,0,633475.95
66.1,3,2,1,16,23,57.1,9.66,0.32,7.4,33.1,5,0,7.0,3.4,35.7,51.6,1,0,265201.53
58.6,3,1,1,6,13,27.3,6.41,0.24,9.7,16.1,2,2,7.3,8.5,46.1,84.5,1,0,451777.66
66.8,2,1,2,24,25,38.1,9.0,0.41,6.0,50.6,0,0,6.9,5.6,48.6,44.5,1,0,278965.98
102.5,5,3,3,4,11,30.7,11.24,0.15,6.6,34.3,2,0,5.3,4.7,32.7,45.8,1,0,462560.19
85.1,4,3,2,4,24,29.7,10.62,0.29,6.5,27.0,0,0,8.3,6.5,39.9,75.4,1,0,488044.11
74.2,3,2,1,11,28,31.3,2.7,0.14,10.0,19.5,2,0,6.8,8.0,43.3,81.9,1,0,507269.28
81.4,3,2,2,6,9,60.6,2.2,0.06,8.7,22.7,1,0,2.3,5.6,46.5,77.5,1,0,374319.87
76.3,3,2,2,4,11,3.3,7.11,0.19,5.8,42.4,3,1,9.8,10.0,47.3,60.0,1,1,535646.05
117.9,4,3,3,25,25,12.1,9.28,0.39,5.6,36.9,2,0,8.6,9.4,46.2,51.3,1,0,589049.96
58.5,4,2,1,3,8,7.2,1.56,1.13,9.2,18.8,6,0,8.0,9.1,41.4,73.0,1,0,531712.45
114.3,6,5,2,16,21,15.2,4.51,0.35,6.9,23.5,2,1,7.5,5.0,42.7,81.8,1,0,657657.56
47.2,3,1,1,5,16,32.3,9.09,0.12,7.4,23.9,2,1,5.2,6.2,48.9,63.1,1,0,309882.72
101.7,4,3,2,1,3,18.0,2.44,0.11,8.0,14.7,2,1,9.5,7.9,49.7,69.4,0,0,570755.05
62.6,3,2,1,8,28,12.1,5.66,0.43,9.8,29.2,2,1,9.3,8.0,40.3,81.8,1,0,452082.64
63.2,3,2,1,3,18,16.1,6.56,0.32,7.5,33.9,2,1,6.3,8.2,40.0,58.3,0,0,371014.28
103.6,4,3,2,9,11,39.7,1.32,0.93,7.9,29.4,3,2,6.4,9.0,44.5,75.8,1,0,567225.67
99.7,4,3,2,10,25,20.9,8.05,1.53,8.1,30.5,0,0,6.5,6.4,42.0,75.8,1,0,521966.55
142.0,7,5,3,15,17,5.8,8.93,0.49,8.5,42.8,3,1,6.7,5.9,45.6,60.0,1,0,654207.37
59.3,2,1,1,15,21,25.1,5.38,1.34,8.0,21.7,2,1,9.7,4.7,47.0,52.2,1,0,386910.51
56.6,2,1,2,5,12,36.7,1.21,0.22,6.1,22.7,2,2,6.0,7.4,48.8,77.3,1,0,428946.76
100.0,4,3,3,14,18,26.2,3.45,0.9,8.9,23.1,2,0,6.0,6.9,42.2,83.5,1,0,555406.0
102.5,4,3,2,2,27,31.4,9.57,0.37,6.0,36.8,3,2,5.1,5.3,38.4,57.4,1,0,424647.23
60.2,3,2,1,0,5,22.1,2.76,0.69,6.6,21.2,2,1,7.2,7.0,47.0,68.1,1,0,392984.3
35.9,2,1,1,0,21,8.9,10.71,0.07,6.7,31.0,0,1,5.2,7.5,44.0,58.7,1,0,290301.74
56.5,2,1,2,10,15,21.0,4.67,0.33,8.1,10.5,4,0,7.4,7.0,33.0,74.2,0,0,485061.26
121.4,6,4,2,5,16,7.8,8.19,0.22,9.0,41.2,1,1,10.0,6.2,42.0,60.9,0,0,581930.66
55.0,2,1,1,7,9,35.6,2.27,0.59,6.2,27.1,1,0,8.0,7.1,51.0,82.2,1,0,371513.46
77.9,3,2,1,4,4,25.5,13.34,0.86,7.1,38.4,0,1,8.0,7.8,25.3,56.5,0,0,331406.12
54.9,3,2,1,24,28,31.7,3.17,0.05,9.6,16.6,0,1,10.0,6.9,55.3,76.7,1,0,451188.17
80.5,4,2,2,11,16,67.3,4.33,0.91,7.9,27.5,2,0,4.9,4.7,55.3,75.4,0,0,376769.43
58.2,2,1,1,6,25,30.0,4.11,0.24,8.8,23.8,2,0,5.6,7.0,44.1,68.8,1,0,411922.18
60.2,3,2,1,1,25,17.1,0.58,0.45,9.1,31.5,3,0,9.1,7.6,47.5,72.7,1,0,434385.16
59.9,2,1,1,6,19,34.2,4.53,0.9,7.4,24.6,0,1,6.9,4.8,38.0,72.7,1,0,405273.02
106.1,6,4,1,8,15,52.8,2.65,0.32,8.8,20.7,4,1,5.5,4.7,55.1,74.2,1,0,562903.52
102.6,3,2,2,23,28,11.0,5.46,0.6,8.0,33.6,1,1,8.7,8.1,47.8,72.6,1,0,577408.93
53.6,3,2,1,25,29,57.2,6.31,0.38,7.4,35.2,2,1,4.6,4.6,33.4,61.6,1,0,304155.1
132.0,5,4,3,0,4,13.0,2.79,0.09,9.8,12.8,3,1,10.0,8.7,47.6,81.7,0,0,745394.83
92.8,4,3,2,5,7,13.5,2.86,1.66,8.0,28.3,0,1,5.7,6.4,39.4,77.2,1,0,533755.19
58.1,3,2,1,3,6,54.7,3.11,0.19,9.6,30.6,4,1,6.6,7.8,40.7,81.3,1,0,409608.76
66.8,3,2,1,0,5,26.4,5.65,0.24,7.5,39.5,4,1,7.4,9.1,41.9,48.1,0,0,322761.25
73.2,3,2,1,9,28,45.7,3.97,0.71,7.9,17.7,4,1,6.6,5.7,44.2,74.4,1,0,442420.46
104.3,4,3,2,11,16,23.9,2.86,0.89,7.9,24.6,6,1,6.8,5.7,47.1,78.3,1,0,599498.69
145.8,6,5,2,1,13,17.1,3.81,0.24,9.1,16.3,0,1,10.0,7.0,44.4,67.2,0,0,725774.52
100.4,4,3,1,9,10,15.6,9.46,0.12,6.5,42.6,2,1,9.3,8.8,46.4,65.6,1,0,539892.09
95.3,4,3,3,2,25,17.4,5.41,1.06,8.3,28.7,1,1,6.7,7.2,34.4,70.2,1,0,557925.75
98.0,5,3,1,0,11,20.0,3.55,0.1,8.5,33.1,0,1,9.3,7.8,44.8,66.4,1,0,523079.4
74.1,3,2,1,16,18,53.7,10.96,0.29,7.6,40.4,2,0,5.9,5.6,41.1,61.5,1,0,296112.92
47.8,3,1,1,1,5,62.5,6.88,0.31,9.7,20.8,4,1,4.0,5.6,38.6,78.2,1,0,337459.71
87.3,4,3,1,5,12,14.3,1.34,0.91,8.1,22.9,3,1,5.5,8.2,38.9,56.8,1,0,522397.77
119.3,7,5,1,0,3,28.0,8.01,2.21,10.0,23.0,2,2,8.3,6.6,40.6,83.4,0,0,614741.25
60.3,2,1,2,4,11,19.3,14.03,0.26,7.9,32.9,1,1,6.6,8.9,30.0,41.5,1,0,321759.02
83.2,4,3,1,13,18,6.7,8.34,0.74,6.1,32.1,2,0,9.3,8.6,33.1,51.2,0,0,461731.18
69.8,3,2,2,5,11,39.2,3.28,0.56,7.0,28.3,1,0,8.6,7.5,42.7,79.7,1,0,456486.74
74.8,3,2,1,8,30,59.9,4.68,0.44,9.0,18.6,2,0,3.8,4.9,46.2,80.6,1,0,419508.65
58.0,2,1,1,5,14,17.0,1.22,0.14,7.6,23.9,0,0,9.9,7.4,41.7,69.3,1,0,465163.56
69.5,3,2,1,1,3,9.3,7.71,0.95,7.8,22.3,3,2,6.7,10.0,29.8,74.8,0,0,469445.67
113.9,4,3,3,3,18,25.8,4.33,0.14,7.3,14.6,5,1,9.5,7.0,42.2,73.9,1,0,636541.87
68.9,3,2,1,0,10,10.4,3.08,0.21,7.7,37.9,2,1,10.0,9.2,48.5,69.4,1,0,504060.02
93.6,4,3,2,5,16,7.8,4.44,0.42,7.7,24.5,2,0,9.8,6.6,39.1,46.3,1,0,509333.21
108.3,4,3,3,6,16,6.5,1.37,0.24,9.3,18.8,4,0,9.2,8.5,38.6,69.2,0,0,634187.22
112.9,5,4,2,4,12,46.0,1.52,0.11,8.1,20.0,1,0,7.3,5.5,36.8,71.6,0,0,580809.29
71.7,3,2,1,1,3,19.8,1.96,0.26,9.7,23.9,3,2,7.2,8.9,40.1,57.4,0,0,481247.75
57.8,4,2,2,7,8,27.5,0.63,0.32,7.4,23.7,3,0,5.2,6.3,46.4,79.4,1,0,426965.7
53.1,2,1,1,0,11,27.5,3.37,0.97,8.9,29.9,5,1,6.1,6.5,40.0,71.1,1,0,415702.32
117.4,6,5,2,7,21,20.3,2.4,0.71,8.4,25.2,2,0,10.0,8.0,46.1,83.4,1,0,684783.75
104.2,6,4,2,11,24,26.7,9.72,0.14,6.1,37.5,2,0,5.5,6.0,40.5,53.0,1,0,466358.24
67.3,3,2,2,10,18,20.7,2.22,1.53,7.6,31.5,4,1,9.1,7.5,50.7,58.6,1,0,451901.04
105.7,5,4,2,1,21,14.6,7.21,1.42,7.5,29.0,2,0,7.9,7.1,38.8,56.9,1,0,522595.54
66.6,4,2,1,1,13,5.9,2.73,0.37,9.4,21.5,5,0,8.1,8.3,46.2,77.9,1,0,515391.29
92.1,4,3,2,23,23,49.1,5.56,0.25,7.7,27.2,4,0,8.3,5.7,46.5,76.3,1,0,554042.91
58.3,2,1,1,1,13,9.1,11.28,0.39,9.2,43.8,1,1,8.5,9.8,37.1,60.2,0,0,349768.87
90.8,5,3,1,7,16,24.2,1.97,0.21,7.9,25.9,3,1,8.8,7.6,46.0,80.1,1,0,564183.22
44.8,3,1,2,4,9,9.8,12.36,0.25,7.1,40.0,0,1,10.0,6.6,31.0,55.5,1,0,303906.33
114.7,5,4,2,24,29,13.9,8.03,0.64,8.9,15.0,3,0,7.8,6.8,44.2,75.3,1,0,636447.84
91.5,4,3,1,24,28,34.2,6.33,0.84,6.5,34.7,4,0,7.4,6.2,42.8,76.1,1,0,472970.99
93.4,4,3,2,13,14,5.7,5.41,0.29,9.1,31.1,1,0,9.7,7.5,39.8,73.8,1,0,576063.05
52.5,2,1,1,6,22,8.0,4.74,0.8,7.3,34.9,7,0,8.0,9.5,44.7,59.8,1,0,382684.71
79.5,3,2,2,15,22,27.8,9.12,1.76,7.2,33.4,1,1,7.9,6.4,43.9,63.1,1,0,419107.8
77.1,3,2,1,23,25,9.5,4.73,0.24,8.2,31.4,1,1,10.0,7.9,43.8,69.2,1,0,496280.21
58.4,4,2,1,5,7,10.4,4.06,0.33,7.2,30.9,3,0,9.5,8.5,46.5,64.3,1,0,479054.69
51.0,3,1,1,2,3,7.6,7.43,0.28,10.0,13.2,1,0,8.7,10.0,37.3,67.1,0,0,381942.73
126.1,5,4,2,8,13,9.7,2.71,0.23,8.4,31.5,1,0,4.0,7.8,49.3,88.8,1,0,675196.2
114.3,4,3,3,15,17,23.8,14.66,0.45,6.9,42.0,0,2,5.2,8.8,48.0,50.1,1,0,495388.25
77.8,3,2,1,1,12,23.7,6.23,0.24,7.2,32.4,2,0,10.0,6.8,42.7,45.7,1,0,409037.65
75.3,3,2,1,2,17,20.1,4.32,0.27,6.6,24.8,6,1,6.2,8.4,41.5,62.2,0,0,462082.3
84.2,3,2,1,1,30,24.9,4.26,0.2,9.1,29.5,2,0,9.1,6.3,38.4,65.0,1,0,484675.93
118.3,5,3,3,14,15,40.6,3.93,0.27,7.8,29.0,1,1,4.5,7.0,46.4,67.0,0,0,546684.27
70.0,3,2,1,16,17,8.1,6.84,0.41,8.0,18.5,1,0,7.0,7.7,38.6,56.9,1,0,471938.87
106.2,6,4,2,3,4,29.9,5.52,0.31,6.9,25.5,2,1,8.0,7.8,40.1,62.0,0,0,517528.08
68.8,3,2,1,20,24,25.1,4.57,0.33,8.8,35.5,2,0,9.7,7.9,41.9,70.7,1,0,461660.51
156.8,6,5,2,11,15,5.3,10.48,0.46,6.9,42.8,2,1,9.6,8.8,43.6,45.9,1,0,683790.13
101.4,5,4,2,10,14,21.5,11.69,0.2,5.4,39.3,3,1,8.1,7.7,35.5,62.5,1,0,523923.05
67.2,3,2,1,19,27,58.0,2.1,0.49,8.0,21.3,6,1,3.1,4.8,47.9,73.7,1,0,425162.87
102.7,6,4,2,21,25,19.8,4.21,0.46,8.8,18.8,5,2,4.5,8.1,38.3,74.6,1,0,630071.87
54.0,2,1,1,2,6,21.5,3.6,0.53,8.7,18.6,2,1,6.9,5.7,40.9,70.6,1,0,411865.69
97.4,5,4,1,25,30,4.6,3.29,0.97,8.5,25.7,2,0,8.9,10.0,46.8,73.7,1,1,608401.16
70.1,3,2,1,5,14,9.8,3.55,0.78,8.0,37.1,2,1,8.3,8.6,38.8,74.0,1,0,536517.69
91.4,5,4,1,9,17,14.6,2.21,0.88,8.3,21.0,0,1,10.0,8.2,44.0,75.8,1,0,569900.3
118.9,6,4,2,13,15,53.7,8.12,0.29,7.0,34.0,4,0,3.1,6.0,29.3,70.6,1,0,557547.55
130.8,5,4,3,0,4,11.0,4.21,0.37,9.2,19.2,2,0,7.8,7.1,35.9,75.1,0,0,673465.85
85.9,4,3,1,14,22,13.1,5.21,0.46,7.8,27.6,1,1,10.0,7.2,36.0,74.7,1,0,566360.59
76.9,3,2,2,5,18,10.7,8.2,1.11,7.0,36.3,1,1,9.3,8.1,43.5,64.3,0,0,417575.07
51.7,2,1,1,12,16,9.9,2.16,0.26,10.0,33.3,2,0,6.7,7.5,46.1,57.6,1,0,420035.77
72.4,3,2,1,23,23,15.5,5.56,0.39,9.1,34.6,0,1,4.6,6.5,33.4,61.4,1,0,492626.92
52.7,2,1,1,1,4,26.4,1.69,0.27,8.4,30.5,6,1,6.7,7.0,48.9,65.7,0,0,382727.85
102.1,4,3,2,13,19,19.9,1.72,0.97,7.9,20.0,1,0,6.2,7.7,49.0,67.5,1,0,579850.7
80.9,4,2,1,12,18,8.0,4.86,0.79,7.6,21.7,3,0,7.8,8.0,43.6,60.8,1,0,509818.66
125.5,6,5,2,0,6,61.3,4.67,0.38,7.0,28.9,1,2,8.3,6.1,43.0,75.7,1,0,586576.79
93.5,4,3,2,13,13,29.6,2.17,0.43,9.2,17.2,1,1,5.5,7.0,45.9,88.8,1,0,614768.44
121.2,6,4,2,14,15,52.5,9.69,0.81,9.2,28.9,2,0,4.5,7.2,39.0,52.4,1,0,498745.67
41.6,2,1,1,6,8,19.9,0.77,0.47,9.0,21.8,4,0,9.0,9.7,46.3,83.0,1,0,484686.97
98.2,5,4,2,9,19,16.8,2.12,0.22,9.8,24.8,3,0,8.3,7.4,45.8,80.8,1,0,606046.73
108.8,5,4,1,3,3,28.1,3.61,0.29,8.9,32.5,2,0,9.4,5.8,38.8,88.5,0,0,604272.93
75.0,3,2,1,9,11,53.7,2.94,0.58,6.7,30.7,2,0,6.6,4.4,48.6,66.9,1,0,358764.79
90.2,4,3,2,3,23,74.5,1.93,0.28,9.7,21.3,3,1,3.0,4.3,40.2,64.6,1,0,481135.82
91.4,4,3,2,13,20,15.2,16.63,1.91,6.3,41.2,1,0,8.8,8.5,33.4,36.6,1,0,433224.7
53.9,2,1,2,11,13,39.8,8.41,0.1,7.7,41.4,3,0,6.5,5.9,45.3,69.7,1,0,341438.74
64.1,3,2,1,5,16,36.6,4.11,0.93,7.1,33.4,1,0,3.9,6.5,48.4,59.5,1,0,380046.67
76.5,4,2,1,4,4,24.0,10.37,1.07,5.5,36.6,1,0,10.0,6.6,42.4,61.2,0,0,376405.35
50.6,2,1,2,9,22,90.0,9.43,0.63,6.7,42.1,0,0,1.4,3.2,31.2,57.3,1,0,206483.72
68.9,4,2,1,8,13,17.3,2.98,0.3,8.4,24.8,1,1,7.7,7.6,43.7,79.4,1,0,512691.01
45.8,2,1,1,2,4,15.6,4.29,0.05,8.1,34.4,0,0,7.3,8.6,36.3,55.5,0,0,360187.81
41.4,2,1,1,1,6,32.6,4.79,0.21,8.7,24.4,0,0,7.0,7.6,36.2,71.6,1,0,372887.71
60.0,2,1,1,23,29,10.3,8.16,0.97,7.8,31.0,2,0,8.6,5.7,41.0,70.2,1,0,402787.13
134.8,6,5,3,11,15,36.0,6.63,0.13,7.9,19.0,1,1,7.5,7.2,41.0,74.3,1,0,673600.12
72.5,3,2,1,5,8,14.2,4.34,0.77,7.4,24.5,2,0,7.3,8.4,40.0,76.6,1,0,470678.13
112.9,7,5,1,3,9,9.4,3.11,0.11,10.0,33.0,2,0,10.0,7.9,30.1,59.9,1,0,628429.44
65.1,3,2,1,3,24,27.5,4.63,0.57,9.9,42.3,5,0,6.1,6.6,43.3,68.2,1,0,433599.88
77.0,3,2,1,12,22,17.8,1.89,0.37,8.5,25.5,2,2,7.0,8.1,46.0,73.3,1,0,558520.26
91.7,3,2,1,24,28,51.8,2.45,0.28,6.8,22.7,1,1,3.0,5.8,55.2,82.0,1,0,492288.74
55.2,3,2,1,5,5,17.5,4.01,1.41,8.4,23.6,2,1,8.2,7.3,42.6,93.4,1,0,462770.4
58.4,2,1,2,3,6,18.1,4.45,0.09,6.7,28.8,1,1,10.0,9.7,32.7,77.8,1,0,466456.59
106.3,5,3,3,12,30,55.1,13.74,0.39,5.5,42.0,0,1,5.0,5.9,30.2,57.6,1,0,385373.58
66.1,4,2,1,19,23,32.6,2.52,0.46,9.2,27.5,5,1,9.5,6.2,39.2,77.3,1,0,477689.63
102.8,4,3,2,12,22,25.6,0.93,0.05,7.5,13.2,6,2,5.7,7.8,45.9,75.9,1,0,631557.97
89.1,4,3,2,5,5,14.4,3.3,0.14,7.6,26.2,1,1,6.0,8.1,51.5,80.1,1,0,564943.02
54.2,2,1,1,1,3,5.7,2.87,0.16,9.1,35.5,2,1,10.0,8.6,45.4,72.8,0,0,429968.82
48.8,2,1,1,1,21,25.9,3.93,0.18,8.5,32.5,2,1,7.0,7.9,42.8,65.8,1,0,376797.94
105.8,4,3,2,20,29,6.5,3.48,0.97,8.8,38.4,1,1,7.1,7.7,41.7,68.7,1,0,608133.78
72.6,4,2,2,18,23,13.9,4.38,0.62,9.8,22.6,4,0,8.5,8.0,48.1,68.6,0,0,491448.12
57.2,3,1,2,8,15,8.9,8.18,0.27,7.0,29.4,1,0,8.9,7.2,39.0,47.8,1,0,339017.09
139.6,7,5,2,9,16,5.7,5.38,0.43,8.2,30.0,2,1,10.0,9.0,44.3,54.3,0,0,698113.03
44.8,2,1,1,16,24,30.9,2.83,0.11,9.7,16.2,1,2,6.4,6.8,49.3,77.6,0,0,389632.45
96.6,4,3,2,9,30,18.3,0.88,0.13,7.5,19.1,6,2,5.7,6.7,44.2,57.9,1,0,589861.61
117.4,6,5,2,12,18,5.2,6.69,0.29,7.6,29.2,2,0,8.2,8.2,44.1,56.3,1,0,601838.25
62.3,3,2,1,3,6,14.0,8.39,0.09,8.4,40.2,4,1,8.0,8.0,48.3,66.3,1,0,425200.99
63.1,2,1,2,0,19,31.8,3.45,0.05,6.9,34.0,3,1,8.6,7.6,48.5,60.5,1,0,404470.59
45.1,2,1,1,1,12,0.9,12.71,0.43,7.2,43.4,0,0,6.7,10.0,39.6,44.7,1,1,296410.53
73.6,3,2,2,0,9,22.2,6.5,0.16,7.4,31.5,0,1,7.0,8.2,51.7,55.8,0,0,374245.39
56.9,3,1,1,15,15,1.7,5.24,0.73,7.0,42.1,2,1,9.3,10.0,54.3,72.3,1,1,438763.42
91.4,4,3,2,12,27,15.7,4.21,0.62,9.2,27.4,5,2,10.0,8.4,52.2,78.5,1,0,624255.67
59.6,3,1,1,0,15,24.6,8.51,0.41,8.4,25.4,2,0,6.4,6.9,33.0,59.4,0,0,308900.2
72.7,3,2,1,12,24,33.7,12.2,0.6,7.6,39.6,3,0,5.5,5.5,32.3,60.8,0,0,360483.95
135.5,6,5,2,16,16,34.5,11.77,0.23,7.8,30.9,2,1,7.7,5.9,33.3,60.8,1,0,612881.17
116.9,6,4,1,2,8,35.8,4.73,0.57,7.5,24.5,4,0,3.2,6.6,46.0,75.2,1,0,539249.77
91.6,4,3,1,13,18,27.8,11.71,0.67,7.1,48.3,0,0,6.3,6.8,42.7,64.5,0,0,364937.56
83.3,3,2,1,3,11,52.1,2.76,0.2,7.3,27.9,6,1,6.4,5.4,45.8,55.8,1,0,445350.46
103.3,4,3,2,9,22,28.7,7.68,0.26,8.4,31.4,1,0,7.6,7.2,35.8,68.9,0,0,473503.46
73.8,3,2,2,1,18,8.3,2.5,0.23,7.3,27.2,4,2,8.7,9.0,48.1,70.4,1,0,544096.23
81.3,3,2,1,13,23,11.5,7.11,0.43,7.1,31.7,1,0,5.8,8.1,41.1,72.2,0,0,456178.86
55.1,3,1,1,16,23,8.1,7.09,1.76,6.6,18.3,1,1,6.5,7.6,42.3,52.1,1,0,373089.83
110.8,6,4,2,4,14,18.2,3.46,0.59,8.3,30.1,5,0,9.8,6.3,46.8,60.0,1,0,578367.1
80.2,3,2,2,17,18,15.1,2.82,0.24,7.9,29.4,0,1,7.9,7.5,46.2,71.1,1,0,507944.25
61.9,2,1,1,2,7,7.9,10.97,0.1,7.6,38.0,2,0,8.1,6.0,36.3,56.4,0,0,345409.05
74.6,4,2,1,15,26,16.6,2.06,0.66,7.6,19.4,4,1,6.7,8.7,40.0,75.9,1,0,530391.05
92.6,3,2,2,9,13,21.2,1.56,0.18,7.6,36.0,8,0,7.6,7.4,38.4,56.4,1,0,557344.28
122.7,5,4,2,2,3,17.0,6.25,0.99,8.2,25.7,3,1,7.1,9.3,45.6,77.7,0,0,631265.51
100.2,5,3,2,1,12,58.7,4.62,0.13,7.8,21.9,6,1,6.4,6.6,43.2,71.5,1,0,552838.38
87.8,5,3,2,3,13,3.0,6.18,1.42,10.0,26.4,4,0,7.2,10.0,36.2,73.0,1,1,598986.25
58.6,3,1,2,4,17,15.6,2.96,0.36,8.8,28.3,4,0,9.2,7.1,45.4,71.1,0,0,476882.38
71.6,3,2,1,7,28,31.7,3.16,0.54,8.3,28.0,2,0,9.4,6.4,44.4,61.9,1,0,474588.1
83.6,3,2,2,5,29,20.4,4.72,0.25,9.2,29.1,1,1,8.6,8.9,36.4,64.7,1,0,562131.34
58.1,3,1,1,0,5,17.4,4.77,0.05,8.9,34.0,3,1,6.0,8.0,40.6,82.2,1,0,425026.18
72.4,3,2,1,2,26,6.7,4.54,0.38,8.1,28.8,3,1,9.8,6.8,43.2,69.6,1,0,526193.59
97.0,5,3,2,8,17,40.4,12.08,0.87,10.0,43.3,2,0,5.6,5.9,28.9,61.0,0,0,434569.44
58.8,2,1,1,10,13,6.4,12.74,0.18,8.1,41.8,0,1,7.8,9.6,41.8,63.6,0,0,350291.39
64.1,4,2,1,10,11,26.9,1.94,0.29,7.2,24.2,2,1,7.4,8.1,47.0,64.9,0,0,436463.66
84.6,3,2,1,3,4,21.1,6.25,0.3,7.4,27.4,2,0,7.2,7.7,49.3,69.5,0,0,435090.62
36.6,2,1,1,7,14,46.1,2.23,0.75,6.4,36.3,1,0,5.2,7.3,51.3,67.5,1,0,227296.97
82.6,3,2,1,22,22,10.5,14.29,0.26,5.3,50.1,2,0,9.3,6.7,47.1,45.1,1,0,366424.16
131.6,6,5,2,13,18,22.7,3.22,0.33,10.0,19.2,2,1,7.7,6.6,42.2,72.8,1,0,760107.45
122.0,5,4,2,22,26,11.3,3.94,0.85,9.4,20.6,5,1,5.4,7.8,50.3,79.6,1,0,696395.59
134.9,6,5,2,8,18,24.9,8.38,1.28,5.8,29.2,2,0,8.9,6.6,40.7,64.5,1,0,615497.5
73.8,4,2,1,9,23,13.8,2.43,0.19,8.2,35.6,4,1,9.9,8.5,53.0,63.8,1,0,505364.16
64.4,2,1,2,1,3,25.5,1.53,0.37,8.0,26.1,2,1,8.2,7.9,50.9,76.6,0,0,436775.75
77.5,3,2,1,14,18,21.0,2.4,0.76,10.0,30.7,3,1,8.6,7.8,55.0,65.7,1,0,495301.18
68.4,3,2,1,1,8,9.9,9.38,0.19,5.0,53.9,3,1,8.0,6.9,36.5,45.7,1,0,352960.19
115.3,6,4,1,6,16,9.9,3.68,0.99,7.4,40.0,4,1,6.5,9.7,37.4,68.8,1,0,613441.23
44.3,2,1,1,18,27,17.0,8.92,0.93,6.8,32.4,2,0,8.1,7.9,37.9,62.7,1,0,359981.94
71.0,3,2,1,4,27,50.6,4.88,0.07,7.2,49.2,1,0,7.9,4.1,44.2,53.1,1,0,379715.98
66.7,3,1,2,4,13,28.1,1.25,0.46,8.6,26.7,4,1,7.5,5.7,38.9,77.0,1,0,496909.73
86.0,3,2,2,1,3,13.4,2.91,1.11,9.0,14.8,3,0,10.0,7.0,44.0,74.6,0,0,528721.43
99.7,4,3,2,0,22,38.0,5.76,0.3,7.3,31.7,1,1,9.0,8.0,39.4,73.8,0,0,532028.14
67.9,3,2,1,11,19,25.4,0.7,2.0,8.3,21.9,1,0,7.3,6.2,35.8,78.7,1,0,445881.66
85.2,4,2,2,5,25,32.9,6.48,1.17,6.8,34.9,2,2,6.1,5.6,42.4,53.7,0,0,381898.23
65.6,3,2,1,12,21,15.9,1.55,0.15,7.4,26.0,0,0,7.3,8.7,50.2,73.1,1,0,458164.32
85.0,4,2,1,0,4,31.0,3.06,0.14,8.5,28.4,7,0,6.7,7.7,48.6,65.4,0,0,494540.75
88.3,5,3,1,8,16,29.8,12.18,0.13,7.6,33.5,2,1,5.6,6.3,34.5,59.0,1,0,459022.09
101.7,5,4,2,9,10,20.6,12.36,0.37,5.2,45.2,5,1,8.5,7.9,32.1,53.6,1,0,502395.97
122.4,6,5,2,20,27,11.5,6.93,0.35,6.9,29.4,4,0,9.7,7.6,42.5,67.7,1,0,677376.68
103.3,4,3,3,0,25,24.8,5.34,0.13,7.5,30.4,0,1,4.6,7.7,34.7,58.9,1,0,540685.24
72.1,3,2,1,11,24,27.6,3.2,0.69,7.7,24.5,4,2,9.8,6.7,47.9,65.9,1,0,479595.52
104.8,4,3,1,23,28,2.9,1.2,0.34,8.1,19.3,5,0,8.0,10.0,50.3,75.4,1,1,656734.8
62.7,4,2,1,0,29,26.0,4.88,1.08,5.4,37.5,1,0,6.8,7.1,35.1,57.5,1,0,379399.01
78.3,3,2,2,3,8,39.3,3.88,0.32,9.1,27.7,4,0,6.8,5.7,40.5,68.7,1,0,454308.15
105.5,5,4,2,6,11,33.8,3.39,0.7,8.0,28.4,3,0,5.5,7.6,51.6,61.6,1,0,551013.02
49.1,2,1,1,3,7,10.3,10.41,1.14,10.0,28.6,1,0,7.4,8.0,37.1,69.4,1,0,359953.4
127.5,5,4,2,3,7,17.7,2.37,0.24,8.8,26.6,5,0,6.6,8.5,40.2,68.1,1,0,655411.92
61.9,3,2,1,4,20,5.5,20.99,0.9,6.4,52.7,3,1,8.6,8.7,26.6,38.9,1,0,263100.86
100.7,4,3,2,22,24,27.9,19.53,0.1,5.3,50.0,2,0,6.3,6.9,35.8,41.9,1,0,360694.13
99.1,4,3,2,4,16,15.8,8.25,0.61,6.9,41.2,6,0,8.5,8.8,48.5,39.4,1,0,473825.5
120.8,5,4,3,6,14,48.1,3.85,0.18,8.8,30.3,2,1,3.8,6.1,38.2,58.0,1,0,600689.1
107.2,4,3,3,16,30,27.5,0.96,0.28,8.1,5.0,6,1,7.8,7.4,55.4,91.6,1,0,715161.96
86.7,4,3,2,14,14,10.1,8.0,0.29,6.8,19.0,3,1,6.6,7.6,40.6,52.6,1,0,478267.36
73.3,3,1,2,11,24,24.3,17.37,0.29,8.3,55.4,2,0,8.9,6.7,40.3,56.0,1,0,312106.48
86.4,4,2,1,2,8,8.3,23.27,0.14,6.1,47.9,1,2,9.7,8.2,21.1,46.7,1,0,380777.55
60.4,2,1,2,0,6,10.9,2.49,0.28,9.0,13.1,4,1,5.1,7.0,50.8,76.8,0,0,502657.18
108.4,4,3,1,13,29,30.5,8.47,0.35,7.2,32.9,0,0,8.2,7.0,50.4,73.8,0,0,525706.62
67.8,4,2,1,14,17,6.9,1.86,0.2,9.5,22.4,3,1,4.6,8.3,56.3,82.9,1,0,566909.58
92.2,4,3,1,14,25,36.6,1.0,0.56,7.8,19.0,5,2,4.8,5.4,47.7,76.3,0,0,526968.35
64.5,2,1,1,14,17,16.4,10.23,1.35,8.5,12.7,1,1,9.5,8.9,40.3,70.7,1,0,432600.21
49.3,2,1,1,18,27,14.6,3.21,0.37,7.7,26.7,1,1,7.2,9.1,43.2,77.8,1,0,463240.98
84.9,4,3,2,10,19,25.0,3.91,0.29,9.7,35.6,3,0,9.7,8.5,39.5,74.4,1,0,518026.99
40.1,2,1,1,1,5,4.6,3.84,0.62,9.4,13.8,2,0,9.8,9.3,46.7,82.9,0,1,451259.25
69.5,2,1,1,4,12,13.8,0.3,0.53,8.0,32.6,1,1,7.4,7.9,45.8,85.4,1,0,508241.11
48.8,3,1,1,9,27,13.1,3.88,0.22,10.0,20.5,3,0,7.3,7.4,46.5,85.6,1,0,485904.94
123.5,6,5,1,20,23,13.5,11.65,0.34,7.2,50.8,2,1,10.0,8.5,42.8,51.4,0,0,535688.7
87.1,4,3,2,8,24,53.3,3.51,0.25,9.8,26.6,3,0,4.7,5.4,37.7,67.3,0,0,457383.68
78.6,4,2,1,7,10,41.9,5.63,0.55,6.7,27.0,1,1,3.4,6.4,36.2,65.8,1,0,386245.28
64.7,4,2,1,2,11,20.8,1.25,0.46,9.1,24.8,3,0,6.2,7.7,48.4,92.2,1,0,496170.14
67.1,4,2,1,0,26,48.0,7.94,0.44,7.9,41.1,0,0,6.0,4.7,40.8,52.4,1,0,275821.96
91.4,5,3,1,4,5,8.6,3.29,0.29,7.7,15.5,3,0,7.2,8.0,42.8,71.2,1,0,568537.8
87.5,4,3,2,10,28,10.6,2.32,0.37,9.2,22.5,4,1,10.0,8.8,47.6,74.1,1,0,615796.74
51.6,3,1,1,3,3,9.8,2.28,0.75,9.5,28.3,1,1,7.4,10.0,51.2,67.6,0,0,395664.04
64.2,2,1,1,2,13,46.2,16.52,0.56,7.1,42.9,1,0,5.0,4.2,36.9,51.3,1,0,226782.71
56.4,2,1,1,4,15,29.4,0.68,0.36,8.8,10.9,5,1,5.6,6.2,46.8,74.5,1,0,452978.64
104.0,4,3,3,8,14,20.3,7.11,0.64,7.9,45.1,4,0,9.0,6.8,43.5,61.3,0,0,561272.74
104.7,4,3,3,10,23,10.0,0.82,0.53,8.9,7.5,5,0,7.9,6.7,54.2,78.7,0,0,653186.15
67.9,4,2,1,0,9,17.0,7.17,0.39,8.4,27.7,3,1,9.1,9.5,37.2,67.3,1,0,486240.89
76.0,2,1,2,0,4,18.6,2.6,0.37,8.9,22.1,4,1,9.5,7.4,44.1,66.7,0,0,473323.3
46.5,2,1,1,0,3,17.4,7.09,0.14,8.3,44.6,3,0,8.4,7.4,39.2,58.6,0,0,298294.48
133.7,6,5,2,2,22,36.1,4.28,0.41,7.5,11.9,5,1,7.1,7.1,38.9,71.1,1,0,720629.09
71.9,3,2,1,3,5,42.6,5.84,0.76,8.8,27.2,3,1,4.4,5.6,40.1,69.1,1,0,429170.64
104.1,4,3,2,6,6,9.5,5.25,0.07,8.4,22.8,1,1,6.1,8.7,37.2,70.4,1,0,560932.13
104.8,4,3,2,9,19,25.7,5.17,1.91,8.3,22.8,1,2,5.0,6.5,48.4,74.9,1,0,513345.64
70.7,4,2,1,4,20,39.5,0.96,0.37,8.2,32.5,1,1,6.5,7.7,43.1,63.4,1,0,462041.55
73.3,3,2,1,10,19,6.0,2.22,0.47,9.2,14.7,8,1,10.0,8.3,46.8,75.1,1,0,573505.15
55.6,2,1,1,4,21,8.5,8.5,1.08,5.4,28.4,1,0,7.6,9.4,44.4,51.9,1,0,311357.98
77.8,4,3,2,3,6,9.4,3.1,0.51,8.1,16.5,0,0,9.9,8.6,50.2,65.4,1,0,520170.27
83.3,4,3,2,13,19,15.3,4.21,0.28,7.6,28.4,3,1,8.8,5.3,45.2,71.3,0,0,510282.85
91.2,4,3,2,11,24,18.9,2.02,0.37,7.8,23.6,4,0,7.8,6.2,45.7,73.1,1,0,569268.49
73.5,3,2,2,2,4,11.4,2.45,0.69,7.9,22.3,2,1,7.9,9.5,47.1,68.2,0,0,480314.52
43.4,2,1,1,8,12,16.8,14.8,0.18,5.7,41.7,0,2,7.2,7.3,37.2,45.0,0,0,215543.23
145.0,6,5,3,11,14,36.1,12.15,0.28,6.7,49.9,4,1,5.9,4.7,32.3,42.1,1,0,536358.35
89.0,4,3,1,6,15,39.2,7.15,0.24,6.5,19.5,2,1,7.3,5.8,49.0,73.7,1,0,447533.46
69.3,3,2,1,11,13,33.2,7.64,0.2,8.0,39.8,1,1,8.1,6.3,42.8,61.5,1,0,414644.67
122.0,6,5,2,6,23,10.8,6.04,0.61,8.7,18.0,2,1,7.6,9.2,45.8,58.3,1,0,665905.8
95.6,4,3,2,7,10,27.3,4.78,0.84,9.0,33.0,3,0,6.5,6.2,44.7,70.1,1,0,529195.24
75.0,4,3,2,26,30,15.8,15.4,0.41,7.2,49.3,1,0,7.1,7.5,41.7,44.0,0,0,363327.04
101.7,5,3,3,20,22,6.4,3.21,0.21,7.6,30.2,2,1,10.0,9.3,46.6,64.3,1,0,633010.23
114.5,5,4,2,1,7,11.6,2.58,0.75,7.1,25.2,2,1,9.5,7.4,46.7,78.0,1,0,616226.0
90.9,4,3,1,26,27,29.8,3.5,0.33,7.4,23.6,3,1,9.2,6.0,52.1,68.1,1,0,511580.68
40.5,2,1,1,0,4,28.8,3.46,0.06,7.8,27.1,3,0,5.9,7.3,46.5,83.3,0,0,354152.16
72.8,3,2,1,2,14,3.2,8.69,0.21,6.8,42.8,2,0,7.9,10.0,31.7,82.4,0,1,447859.52
98.7,5,4,1,26,30,17.9,2.7,1.12,10.0,18.6,6,0,10.0,7.4,43.3,88.4,1,0,652945.92
71.5,4,2,2,1,4,20.6,4.68,0.09,8.6,22.5,2,1,9.6,8.0,42.1,63.0,0,0,446913.2
83.7,4,2,2,4,8,18.6,6.35,1.36,8.3,28.6,1,0,6.3,6.9,38.9,78.7,1,0,497345.67
87.1,4,2,1,7,24,64.8,5.3,0.75,8.2,25.8,1,1,3.3,2.9,48.7,64.5,1,0,377277.42
71.4,4,2,1,18,21,10.1,1.78,0.62,7.8,22.3,1,0,8.7,8.8,43.7,77.1,1,0,522651.97
89.5,4,3,2,5,14,22.0,6.31,0.6,7.9,41.2,3,1,9.4,6.3,45.7,74.6,1,0,537489.72
122.5,5,4,3,8,27,39.3,5.59,0.26,8.5,22.1,1,1,5.0,5.7,34.2,61.4,1,0,611547.32
78.5,3,2,1,1,15,7.8,7.09,1.11,8.6,38.3,0,1,8.6,8.3,32.0,65.8,0,0,474134.54
58.0,3,1,1,14,19,18.8,6.74,0.41,8.0,36.5,2,0,9.4,8.4,43.0,65.4,0,0,382840.6
74.9,2,1,1,7,14,36.1,6.99,0.05,8.4,19.6,2,1,6.3,6.4,42.9,62.2,1,0,388879.81
108.3,5,4,2,1,5,15.5,0.51,0.13,8.0,16.3,3,1,7.9,7.1,48.1,61.9,0,0,578226.15
105.0,4,3,3,6,26,22.4,2.31,0.18,6.7,25.8,0,0,9.6,8.7,49.5,75.1,1,0,612199.29
83.4,4,2,1,2,10,13.3,9.31,0.76,8.7,32.0,3,0,7.5,7.5,39.7,52.8,1,0,430434.65
132.9,5,4,3,0,18,23.9,2.65,0.1,7.6,21.3,3,1,9.3,6.9,42.5,77.2,1,0,720281.54
105.4,5,4,3,5,6,18.4,9.71,0.47,6.7,43.6,2,1,7.5,5.9,34.5,55.3,1,0,508762.93
114.0,6,4,2,1,26,11.3,3.44,0.64,7.2,28.3,4,1,6.6,8.0,33.6,79.3,1,0,662318.22
125.9,5,4,2,2,29,12.9,2.95,0.76,8.5,24.3,4,1,9.0,9.2,46.6,63.6,1,0,648445.72
94.1,4,2,1,27,28,14.2,3.53,0.22,7.5,35.5,2,2,7.1,6.3,44.5,66.6,0,0,505904.35
101.6,4,3,2,13,15,32.6,25.0,0.32,7.0,52.3,0,1,5.1,6.0,29.0,55.2,1,0,426214.36
68.1,3,2,1,4,10,23.2,4.4,0.64,9.4,20.2,1,1,10.0,7.2,46.8,68.2,0,0,397257.01
105.9,6,4,2,1,3,26.8,8.15,0.65,7.9,29.5,4,0,7.8,7.6,53.8,77.6,0,0,516330.61
113.7,4,3,2,2,5,15.0,21.15,0.18,5.3,45.3,1,0,7.5,8.0,28.2,34.7,1,0,372386.77
108.8,4,3,3,3,3,2.8,6.54,0.13,9.6,26.7,4,0,8.4,9.6,35.0,71.6,0,1,632926.2
82.2,4,3,1,17,17,23.6,14.82,0.79,7.9,45.9,0,0,9.7,6.5,38.2,46.2,0,0,340970.83
58.4,2,1,2,16,20,25.1,9.18,0.18,6.7,26.9,1,1,9.7,8.5,32.6,65.7,1,0,377619.98
73.5,3,2,1,6,22,11.2,7.17,0.82,8.1,23.1,0,1,7.4,5.8,39.9,57.4,1,0,446976.63
136.4,6,5,2,3,5,13.0,1.73,0.23,8.6,22.2,5,1,8.5,8.9,44.5,70.5,1,0,749622.98
99.8,5,4,1,0,17,1.6,3.86,0.31,8.6,27.3,2,0,8.3,10.0,42.7,67.1,1,1,627815.98
48.1,3,1,1,8,29,13.1,6.54,0.77,7.9,28.2,6,0,9.3,8.5,47.8,60.8,1,0,386552.89
39.8,2,1,1,8,24,18.6,2.99,0.2,8.2,21.7,4,0,7.2,6.9,48.2,84.4,1,0,391238.88
61.3,2,1,1,10,30,14.0,6.89,0.65,10.0,36.1,8,0,5.2,8.0,38.5,62.2,1,0,406826.09
93.3,4,3,2,18,30,11.7,4.29,0.1,8.6,21.5,2,0,6.7,6.7,52.8,73.1,1,0,600074.97
124.7,5,4,3,5,7,15.9,2.39,0.28,7.6,35.3,5,1,9.5,6.7,50.7,83.6,1,0,715614.25
82.4,4,2,1,6,23,17.5,8.13,0.18,7.1,29.7,3,0,6.8,8.1,35.8,64.8,1,0,462712.13
72.8,3,2,1,12,12,26.3,6.02,0.37,9.7,29.6,3,2,8.4,7.6,35.0,50.5,1,0,453058.85
113.1,6,4,2,3,9,20.5,7.15,0.56,7.4,27.6,2,0,8.2,7.7,29.0,81.3,0,0,605089.32
97.6,4,3,2,5,25,8.0,5.36,1.44,7.0,26.9,2,2,7.4,6.9,45.0,75.3,1,0,546474.72
71.5,3,2,1,8,27,15.8,3.33,0.47,8.2,20.5,4,1,7.7,10.0,49.4,82.9,0,0,518433.02
106.0,4,3,2,9,10,5.2,4.6,0.14,7.8,32.5,2,1,7.7,8.8,41.5,78.2,1,0,685986.47
73.5,3,2,1,5,5,25.1,3.06,0.11,9.6,33.4,1,1,6.8,7.0,43.7,71.7,1,0,471844.03
73.6,3,2,2,5,20,35.4,13.21,0.07,8.6,38.7,1,1,4.0,6.6,38.4,46.2,1,0,372134.06
111.4,4,3,3,6,19,20.7,6.13,0.38,7.5,22.8,2,0,7.4,6.7,43.1,75.4,0,0,589391.19
105.8,4,3,2,16,18,19.3,4.71,0.29,8.8,30.1,3,2,6.8,6.6,47.1,56.3,1,0,582757.84
103.3,6,4,2,5,28,50.3,4.07,0.14,8.0,36.6,3,1,5.8,8.2,53.6,55.9,1,0,508132.3
101.3,4,3,1,8,24,39.9,2.25,1.32,7.5,30.8,3,1,7.1,5.4,44.4,69.8,1,0,482400.3
91.9,4,3,1,10,15,28.5,6.32,0.19,9.6,16.9,3,0,8.0,6.3,43.4,81.3,1,0,516775.63
62.3,2,1,2,2,6,16.3,1.88,0.29,10.0,15.4,2,1,7.1,7.3,41.2,73.6,1,0,486676.75
86.1,3,2,2,5,5,6.0,11.49,0.33,7.6,31.7,3,1,7.6,7.5,42.5,54.8,1,0,499045.47
48.5,3,1,1,5,13,36.5,7.84,0.43,7.0,33.8,0,0,6.3,6.5,47.6,82.4,0,0,293833.94
78.6,3,2,1,3,29,28.9,2.61,0.05,7.3,29.5,3,2,8.7,6.5,44.8,76.8,1,0,522124.32
93.0,4,3,2,4,4,66.0,11.67,0.18,7.9,44.9,2,0,3.8,4.7,38.6,60.3,0,0,322731.89
120.2,6,5,2,8,20,32.9,4.37,0.07,9.4,27.0,1,0,5.8,6.4,50.4,84.1,1,0,661694.39
45.0,2,1,1,3,29,9.9,7.48,0.33,7.9,41.9,2,1,6.7,7.7,37.8,66.9,1,0,326822.24
82.5,3,2,2,5,6,20.0,4.31,0.33,9.2,37.4,1,0,8.4,5.9,44.4,60.4,1,0,495317.72
99.4,5,4,1,7,19,20.4,4.41,0.55,7.9,37.0,2,0,7.2,7.1,35.2,57.1,1,0,520944.32
83.9,4,2,1,7,8,11.3,9.69,0.43,6.9,31.4,2,0,6.7,7.7,39.7,59.1,1,0,429564.71
105.5,4,3,2,7,12,35.9,4.79,0.34,8.3,31.6,4,1,5.4,6.2,41.9,66.2,1,0,559606.28
106.7,4,3,2,13,13,27.7,3.44,0.11,6.2,32.5,2,0,8.2,6.7,51.5,82.3,1,0,610336.63
90.0,4,3,1,7,7,19.5,2.95,0.22,7.8,38.4,1,1,7.9,8.3,43.5,66.8,0,0,467929.43
55.1,2,1,1,5,28,25.2,4.09,0.11,9.0,46.5,4,1,6.3,6.6,41.4,80.9,1,0,437673.96
61.5,4,2,1,7,27,27.8,16.15,0.19,4.3,47.2,2,0,8.0,8.0,41.9,47.1,1,0,222391.31
97.0,5,3,1,5,20,90.0,6.01,0.78,6.6,33.2,5,1,4.6,5.5,40.4,69.9,1,0,390336.32
92.0,4,3,1,25,27,13.1,2.46,0.13,8.2,24.7,4,0,9.1,7.1,52.5,48.9,1,0,477610.48
57.5,2,1,1,13,27,9.0,5.9,0.24,6.7,39.9,3,0,8.7,8.4,50.6,80.9,1,0,424064.94
109.5,4,3,2,1,12,4.9,11.55,0.8,6.8,38.4,3,0,10.0,9.7,33.1,50.3,1,1,558257.7
48.2,2,1,1,2,11,9.5,11.77,0.05,5.2,47.3,3,1,10.0,8.0,40.4,59.5,1,0,338429.87
95.0,4,3,2,5,18,4.5,6.54,1.04,8.5,29.5,2,1,8.8,7.8,37.3,54.8,1,1,575441.42
73.6,4,2,1,6,12,52.7,8.99,0.14,8.6,21.9,1,1,7.0,6.5,42.6,80.1,0,0,399338.24
124.5,6,5,2,3,12,29.1,4.77,0.1,6.5,30.3,3,1,8.0,6.5,46.3,52.7,1,0,613665.52
76.5,3,2,2,0,6,31.9,4.01,0.32,8.4,27.4,4,1,6.1,7.9,39.0,62.7,1,0,492976.35
81.9,4,2,2,19,23,44.2,2.65,0.22,8.1,26.5,5,0,8.5,6.0,36.3,68.0,0,0,509888.05
50.4,2,1,1,15,26,27.4,2.97,0.43,8.7,31.3,3,2,9.7,8.1,41.1,68.2,1,0,476427.46
81.5,4,2,1,5,16,54.3,4.75,0.14,9.5,22.2,3,1,7.2,6.0,43.2,70.6,1,0,444328.81
101.9,5,4,2,7,10,46.7,8.53,0.18,6.5,28.5,4,1,6.8,6.7,34.6,64.5,1,0,534165.58
141.0,7,5,2,0,3,31.2,5.02,0.14,9.3,35.9,3,0,8.3,7.4,38.9,60.5,0,0,615399.07
76.3,3,2,1,12,18,61.3,3.01,0.58,10.0,18.6,0,1,4.4,5.0,48.1,79.7,1,0,406300.38
66.4,3,2,1,28,28,34.9,10.01,0.2,5.7,40.8,2,0,8.3,6.2,42.6,68.9,0,0,357224.71
95.6,4,3,3,12,19,21.9,11.04,0.19,8.3,36.6,1,0,5.6,7.7,39.6,51.8,0,0,442871.19
104.4,5,4,3,3,12,40.1,3.21,0.24,7.4,16.2,2,0,5.8,7.0,39.9,71.4,1,0,585716.44
96.6,4,3,3,0,8,21.2,4.47,0.44,8.7,36.5,2,1,3.8,7.3,50.8,75.1,1,0,555430.09
79.4,4,2,1,4,9,24.4,1.77,1.53,7.6,26.6,2,1,8.0,7.9,41.0,57.9,0,0,478761.15
70.6,4,2,1,2,20,18.4,8.72,0.24,7.0,39.6,5,1,9.3,6.7,38.3,49.1,1,0,412249.09
105.3,4,3,2,4,4,25.5,1.06,0.38,7.9,31.8,3,0,9.8,7.3,47.9,76.0,0,0,593554.15
48.0,2,1,1,6,23,31.3,4.93,0.05,7.1,28.9,0,1,6.6,7.9,37.3,63.8,1,0,319234.54
94.7,4,3,1,3,11,6.3,5.77,0.39,8.7,32.4,2,0,8.9,8.4,41.2,69.7,1,0,545310.03
65.3,3,2,1,4,7,30.7,3.2,0.27,8.7,25.8,0,0,6.9,6.7,42.4,75.7,1,0,449541.63
88.3,4,3,2,10,10,32.6,3.03,0.77,8.8,29.8,2,0,9.5,7.6,48.9,58.4,1,0,562294.99
52.1,3,1,1,22,26,15.5,7.4,0.71,7.4,30.3,3,0,8.5,9.2,44.8,78.0,0,0,378098.97
83.7,4,3,1,1,7,19.2,6.24,0.26,7.6,41.9,6,1,10.0,8.0,37.3,62.0,0,0,507110.52
58.7,3,2,1,3,26,18.7,7.69,0.39,8.1,24.1,1,0,9.6,5.9,41.1,66.2,1,0,399138.59
94.5,4,3,2,6,17,36.1,1.47,0.43,7.7,33.7,7,1,7.7,5.7,50.9,68.8,1,0,549301.41
53.9,3,1,1,3,10,35.7,12.02,0.16,6.7,50.8,1,1,5.8,7.5,34.6,56.9,0,0,234169.26
106.1,4,3,2,1,7,25.5,12.61,0.13,8.0,41.3,0,1,5.7,6.6,35.5,62.8,1,0,472904.52
103.5,4,3,2,0,7,77.7,5.65,0.36,8.3,28.3,2,1,4.0,4.3,40.1,44.9,1,0,397537.45
98.8,4,3,1,16,22,7.3,3.95,0.43,9.3,34.2,1,1,8.7,7.6,47.8,77.1,0,0,604586.92
94.8,4,3,1,4,19,11.8,4.74,0.32,5.5,39.2,1,1,6.5,8.7,38.4,50.8,0,0,496559.8
98.7,4,3,2,0,11,28.9,10.99,1.35,8.8,29.6,4,1,8.7,7.4,45.5,58.9,1,0,478464.38
97.2,5,4,1,2,4,6.4,2.98,0.77,9.2,27.3,3,0,8.8,7.5,49.9,64.7,0,0,540196.96
72.2,3,2,1,0,3,49.6,1.38,0.84,9.4,19.1,1,1,6.6,6.6,42.2,73.0,0,0,439370.7
118.8,5,4,2,2,24,17.0,7.42,0.29,6.1,38.2,4,2,10.0,8.5,50.1,56.6,1,0,590755.68
82.7,4,2,1,2,23,52.5,4.98,0.23,7.5,33.5,3,1,4.3,6.2,29.4,64.3,1,0,443274.61
58.5,2,1,1,12,13,32.6,10.52,0.1,6.9,32.5,1,0,3.7,6.9,43.9,45.8,1,0,279648.56
69.9,2,1,2,8,17,42.3,5.26,1.18,8.2,18.6,3,1,5.3,9.9,61.3,71.0,1,0,399003.25
69.7,3,2,2,0,3,19.6,16.34,0.28,8.4,39.5,0,0,10.0,6.0,30.7,57.6,0,0,363258.89
93.4,4,3,2,7,9,42.1,17.01,1.17,6.8,56.1,1,1,6.2,5.9,37.6,45.1,1,0,344669.4
106.4,4,3,3,9,25,49.8,3.53,0.23,9.4,24.7,1,1,5.4,5.7,48.9,69.1,1,0,548752.18
112.3,4,3,3,14,21,17.1,1.0,0.63,9.9,28.3,2,1,7.1,8.8,46.6,69.0,1,0,671219.92
76.8,3,2,2,24,26,25.5,5.78,0.24,8.6,40.8,4,0,7.3,6.8,49.2,44.0,0,0,384789.67
70.3,4,2,1,11,17,25.7,1.74,0.29,8.6,23.7,3,0,6.4,8.2,54.9,78.3,1,0,470183.38
58.5,3,1,1,5,8,13.4,1.57,1.14,9.7,24.0,2,1,7.4,7.2,40.7,78.7,0,0,471586.99
69.0,3,2,2,6,22,24.4,9.07,0.42,6.0,43.6,3,1,8.9,7.6,41.8,52.7,1,0,378583.5
83.9,3,2,1,6,28,23.1,6.3,0.17,8.5,15.1,1,1,10.0,8.1,46.3,57.8,1,0,495204.68
53.0,3,1,2,22,28,37.7,3.1,0.05,9.8,18.0,4,0,5.2,5.8,44.7,75.0,1,0,397444.71
55.7,3,2,1,3,12,24.1,5.25,1.04,8.1,28.3,0,1,6.6,8.0,42.2,63.7,0,0,355684.59
89.1,4,3,1,12,14,40.7,5.53,0.89,8.6,35.7,3,1,5.4,7.7,46.2,77.9,1,0,496116.46
109.6,5,3,2,12,15,62.5,6.2,0.79,8.9,18.3,4,0,7.2,5.0,39.7,80.3,1,0,537085.35
136.7,7,5,2,14,17,17.4,10.16,0.05,7.0,42.7,0,1,9.0,6.6,47.9,50.7,1,0,608235.42
120.0,5,4,2,17,21,24.4,4.83,0.53,10.0,20.9,2,1,7.0,6.9,46.9,80.3,1,0,676991.67
96.3,4,3,2,17,19,15.2,1.12,0.53,7.3,28.1,1,1,7.2,7.6,45.0,62.4,1,0,544318.05
69.8,3,2,1,6,15,12.6,12.82,0.26,5.2,41.8,1,0,10.0,8.8,30.7,61.0,1,0,317956.81
83.6,5,3,2,1,4,19.3,4.96,0.16,8.7,25.3,0,1,7.8,6.6,40.1,72.1,0,0,484510.41
84.9,5,3,3,15,20,55.9,3.02,0.37,7.6,22.9,5,1,5.2,6.1,45.0,87.8,1,0,490686.54
54.6,2,1,1,6,13,33.4,1.82,0.32,8.6,20.3,1,0,3.5,7.2,47.2,69.5,1,0,386104.23
81.5,4,2,1,1,7,34.5,5.5,0.4,8.2,37.3,2,1,7.9,7.1,35.1,76.0,1,0,497143.44
116.8,5,4,2,6,6,31.3,4.35,0.6,8.5,19.3,6,0,6.9,8.0,40.0,84.1,1,0,627570.97
76.0,3,2,1,4,4,13.3,2.53,0.12,7.0,17.0,4,0,8.3,8.1,51.7,68.2,0,0,448677.37
108.7,5,3,2,7,29,12.2,9.33,0.07,6.7,28.5,2,1,8.3,7.3,31.7,50.0,1,0,538435.12
98.6,4,3,2,18,18,13.6,2.09,0.29,9.5,17.9,5,0,9.5,7.7,45.0,83.2,0,0,628612.27
59.0,2,1,2,10,27,2.7,1.97,1.76,7.8,23.6,4,2,5.5,9.6,40.0,64.6,1,1,485174.83
64.5,3,2,1,4,9,35.1,2.97,0.13,8.1,26.6,2,1,4.9,6.1,44.9,68.4,1,0,369706.63
87.2,3,2,1,5,10,45.5,0.89,0.34,7.9,22.0,6,0,8.9,4.5,49.3,67.8,1,0,485895.27
57.2,2,1,1,7,10,47.9,1.13,0.36,8.9,16.9,2,2,4.0,6.0,63.8,92.5,1,0,401740.52
45.5,2,1,1,1,4,17.1,2.15,0.05,7.9,38.3,6,0,6.7,7.8,48.5,69.2,0,0,328131.89
104.6,6,4,2,13,17,30.0,3.49,1.06,9.8,27.2,3,1,8.9,6.8,39.5,76.7,1,0,614942.02
81.0,3,2,1,3,7,29.4,2.15,0.15,7.5,19.9,1,0,7.1,6.9,46.9,72.6,1,0,476313.72
62.7,4,2,1,5,21,17.0,5.55,0.34,6.4,31.9,1,0,8.0,6.7,41.4,57.6,0,0,361768.38
85.8,3,2,1,3,12,18.9,2.4,0.79,7.1,33.9,4,0,10.0,5.1,41.6,72.8,1,0,521174.68
98.9,5,4,3,9,11,17.6,5.85,0.27,9.0,23.9,1,0,7.0,7.3,42.7,78.0,1,0,640260.66
82.4,3,2,1,19,27,41.8,2.67,0.66,7.0,25.4,2,0,5.4,4.8,52.1,64.7,1,0,427753.51
81.9,4,2,2,14,24,5.7,5.4,0.05,6.5,28.6,3,1,9.8,8.5,48.4,65.6,0,0,543759.79
114.9,5,4,2,4,22,1.8,12.1,0.09,7.9,46.5,0,1,9.1,8.5,29.6,64.2,0,1,569337.7
112.6,5,4,2,9,10,36.6,6.3,1.03,9.6,30.3,2,0,8.1,6.4,42.4,60.3,1,0,479471.43
68.1,3,1,1,6,7,28.7,1.02,0.81,10.0,14.6,3,0,6.1,6.6,40.7,78.9,1,0,458773.7
112.7,5,4,1,1,21,24.8,2.17,0.19,8.2,39.0,2,0,7.6,6.4,44.3,75.8,1,0,588035.12
70.8,4,2,2,12,15,75.7,1.27,0.69,5.3,21.1,1,0,3.8,5.3,44.8,60.8,1,0,308920.44
64.2,4,2,2,1,29,29.0,1.51,0.58,8.2,23.0,3,0,6.5,5.8,48.1,75.0,1,0,468495.92
61.4,2,1,2,8,16,22.2,9.01,0.2,8.7,41.2,3,1,5.6,4.9,38.4,57.9,1,0,357030.81
53.0,2,1,1,3,10,41.8,4.12,0.15,7.0,28.1,7,0,5.6,5.0,39.0,61.8,1,0,334834.38
83.8,4,3,2,4,18,12.8,4.4,0.89,7.5,26.2,1,1,7.3,9.3,42.8,63.0,1,0,511002.53
70.6,3,2,1,2,30,27.7,9.07,0.09,7.8,37.5,4,0,9.0,6.7,38.1,50.5,1,0,408058.41
66.4,4,2,1,1,24,21.3,2.4,0.21,9.5,23.2,2,0,8.4,8.4,42.5,57.7,0,0,417262.03
103.1,5,3,3,5,7,38.5,5.51,0.21,6.9,25.3,5,0,7.1,6.3,39.6,58.7,1,0,514627.33
94.8,4,3,1,1,3,3.6,7.45,0.16,8.7,35.5,1,2,8.5,10.0,27.0,68.6,0,1,606944.78
64.9,2,1,1,7,21,40.5,3.79,0.24,8.8,19.5,4,1,5.0,5.4,53.4,65.7,1,0,427155.92
110.3,4,3,3,19,25,3.6,13.28,0.07,6.7,32.6,0,2,9.1,9.8,32.4,52.0,1,1,633165.99
47.2,2,1,1,11,21,51.9,3.97,1.53,8.9,26.8,2,0,7.7,6.4,45.8,60.7,0,0,319708.11
106.0,4,3,3,16,19,17.9,1.93,0.78,9.3,15.8,3,0,6.5,6.2,49.3,78.6,1,0,590437.27
89.5,4,3,1,15,26,16.6,2.6,0.28,9.9,22.0,1,1,8.6,6.5,57.6,90.3,1,0,579487.87
128.3,6,5,3,5,25,23.0,5.2,0.1,9.4,29.0,2,0,6.8,7.0,53.7,75.3,0,0,702720.59
63.2,2,1,2,5,23,20.5,7.6,0.29,6.5,36.2,2,0,7.6,7.8,42.2,58.5,1,0,386709.82
67.9,2,1,1,17,30,20.7,2.09,0.18,8.8,45.0,5,1,7.4,6.6,42.5,72.3,1,0,517848.47
71.3,3,2,1,1,12,60.9,10.51,0.08,7.3,47.9,1,0,5.6,6.3,31.9,65.5,1,0,329789.57
58.2,4,2,1,7,7,35.5,1.98,0.97,8.7,27.1,1,1,6.4,7.5,42.1,81.5,1,0,443892.46
71.2,3,2,1,22,24,7.9,11.55,0.49,7.2,42.8,2,1,7.7,8.0,41.1,65.0,0,0,423025.02
104.3,6,4,2,1,9,12.6,2.81,0.26,8.4,30.6,2,0,5.8,8.2,40.7,73.0,1,0,597707.04
84.9,3,2,2,16,18,19.1,0.34,0.05,8.5,21.3,2,0,8.1,8.2,43.9,90.6,1,0,602295.78
75.2,4,2,1,2,5,41.6,6.98,1.55,7.1,32.5,4,1,7.1,7.0,40.4,60.6,1,0,360720.86
101.6,5,3,3,23,29,11.2,0.76,0.05,8.7,21.2,3,1,8.3,8.4,45.9,87.8,0,0,674877.86
68.4,3,2,1,14,14,15.0,25.0,0.11,6.5,56.2,0,0,7.9,7.1,35.4,42.1,1,0,229126.14
101.3,4,3,3,15,16,22.6,5.11,1.3,7.8,43.5,0,1,9.7,5.6,40.5,58.9,1,0,547970.67
53.1,3,1,1,25,30,6.2,1.58,0.59,7.9,17.1,2,0,10.0,8.3,46.6,61.0,1,0,466543.86
64.8,3,2,1,17,22,6.7,3.64,0.82,8.3,33.1,2,1,10.0,9.4,46.9,70.9,1,0,512951.27
41.9,3,1,1,0,3,15.3,1.4,0.81,8.8,28.0,4,0,8.5,9.0,37.3,61.1,0,0,408571.55
69.1,3,1,2,5,9,47.6,6.69,0.96,7.1,37.7,3,0,6.0,6.2,39.0,64.1,1,0,375589.78
117.9,5,4,3,25,28,7.4,1.0,0.43,8.0,23.6,1,0,6.9,7.6,42.9,66.2,0,0,683035.35
54.3,2,1,1,16,20,6.3,0.8,0.67,7.3,18.0,4,0,5.7,9.1,48.1,80.6,1,0,439475.81
73.3,3,2,1,17,25,34.8,13.36,0.23,7.3,45.0,2,0,8.7,5.5,34.4,43.0,1,0,289952.22
80.6,4,2,2,13,24,42.2,2.07,0.75,8.0,27.9,0,1,6.4,5.5,44.1,87.0,1,0,513090.15
61.6,3,2,1,1,6,18.0,5.64,0.29,9.3,44.0,1,2,10.0,6.1,41.4,68.6,1,0,429276.44
100.6,5,4,2,3,18,24.9,4.0,1.09,8.6,31.0,2,0,6.5,8.1,40.5,56.3,1,0,532308.14
48.3,2,1,1,1,13,9.7,3.13,0.52,8.9,26.7,2,0,9.0,6.3,46.4,78.9,1,0,398143.78
92.2,4,3,1,10,20,29.0,3.3,0.96,8.3,26.2,2,1,8.6,7.3,39.9,58.5,1,0,513446.42
126.2,6,5,2,21,25,4.6,7.62,0.44,8.5,29.0,7,0,7.7,10.0,41.8,71.1,1,1,722461.32
93.2,4,3,2,15,18,24.1,4.24,0.15,6.4,32.6,4,1,7.0,7.6,43.7,58.4,1,0,530238.15
138.0,5,4,3,3,9,17.1,1.75,0.55,8.3,28.2,4,1,7.6,6.6,48.4,90.7,1,0,776924.03
45.2,2,1,2,18,23,36.5,1.6,0.85,8.1,18.7,4,0,6.0,6.1,53.5,74.2,0,0,375875.11
65.0,4,2,1,5,27,27.0,10.62,0.05,8.4,32.8,2,2,7.8,5.5,32.9,44.6,1,0,340429.99
86.2,3,2,1,0,5,36.7,7.93,0.19,6.3,30.0,2,0,6.6,5.6,36.6,59.9,1,0,397498.16
95.6,5,3,2,7,27,8.0,13.13,0.22,7.2,45.2,1,1,5.4,7.3,26.6,45.7,1,0,493722.38
126.4,7,5,2,1,7,15.2,8.04,0.18,8.9,39.4,2,0,8.2,6.8,38.8,75.7,1,0,639108.79
80.4,3,2,1,18,20,27.7,2.05,0.6,8.2,5.5,3,0,7.7,7.1,48.1,80.3,1,0,517323.76
96.4,4,3,2,17,27,17.3,3.85,0.6,8.0,25.0,4,0,7.8,4.8,53.3,67.1,1,0,572424.65
50.2,2,1,1,15,19,10.9,10.76,0.2,7.6,50.3,5,1,10.0,6.7,39.3,59.1,1,0,347831.21
97.5,4,3,2,1,3,45.7,1.77,0.15,8.1,29.4,4,0,6.5,6.5,43.2,78.8,0,0,503493.88
65.7,3,2,1,6,18,34.3,1.08,0.57,8.8,24.7,0,2,6.7,8.7,43.4,81.6,0,0,447768.34
123.9,7,5,2,16,17,23.2,13.87,0.11,8.0,33.0,0,0,8.8,7.6,40.5,39.6,1,0,550389.86
102.1,4,3,3,10,15,23.0,13.42,0.19,7.3,48.1,0,1,10.0,6.4,38.0,63.7,1,0,500200.19
69.9,4,2,2,2,9,33.2,11.17,0.3,7.2,38.5,3,0,6.6,7.5,38.7,42.9,1,0,346107.71
53.1,2,1,1,5,5,9.5,10.6,0.53,8.1,41.9,1,1,9.9,9.1,48.5,67.8,1,0,391956.96
55.8,2,1,1,14,26,83.9,8.81,0.46,9.0,48.2,1,1,6.2,3.1,34.0,56.5,1,0,229564.65
77.8,4,2,1,3,25,14.0,11.31,0.09,6.6,31.1,1,1,7.7,6.9,23.0,55.3,0,0,401972.31
80.0,3,2,1,25,29,37.4,2.29,0.53,10.0,31.6,7,0,4.7,8.0,53.0,72.3,1,0,492842.14
110.8,5,4,2,15,15,34.8,3.73,0.09,7.5,26.0,4,0,7.3,5.5,45.5,70.2,1,0,570881.35
100.0,4,3,2,13,18,7.1,3.02,1.49,8.6,33.7,2,1,10.0,9.9,43.0,80.6,1,0,658386.79
74.9,3,2,1,25,25,12.8,6.34,0.21,8.1,26.4,1,0,7.7,8.4,51.2,78.0,1,0,483871.6
55.6,2,1,1,0,3,21.1,1.05,0.94,8.8,15.0,0,0,9.2,8.6,45.0,79.2,0,0,401028.24
110.2,5,4,2,0,3,14.8,11.31,0.15,5.6,47.3,3,2,6.7,8.7,33.9,58.6,0,0,552066.79
80.8,4,3,1,6,30,38.8,1.11,0.08,7.2,13.2,1,1,6.0,7.4,50.1,73.1,1,0,488106.13
57.0,2,1,1,13,18,21.5,8.87,0.37,7.1,30.5,1,1,7.4,6.2,44.9,59.0,1,0,345463.25
89.3,5,3,3,2,4,15.2,2.8,0.78,7.6,21.1,1,1,7.8,8.4,46.5,78.8,0,0,549182.8
68.9,3,2,1,11,20,18.5,6.23,1.0,8.3,25.3,5,0,6.5,8.7,36.4,76.7,1,0,446978.71
32.6,2,1,1,16,29,27.9,5.39,0.1,9.1,31.7,0,1,6.6,6.7,40.6,64.6,1,0,288027.75
67.3,3,2,2,8,23,36.9,0.67,0.72,6.4,29.3,1,1,3.6,4.5,47.9,82.8,1,0,458305.12
64.0,3,2,1,11,27,27.4,5.56,0.16,6.7,31.2,4,0,8.2,5.7,45.7,75.1,0,0,395551.86
68.8,2,1,2,11,25,36.3,1.97,0.21,7.8,19.5,2,0,6.6,4.9,53.2,59.4,1,0,362806.34
119.5,5,4,2,7,20,25.2,0.7,0.23,7.3,22.8,2,0,9.0,6.7,43.3,66.4,0,0,604449.59
109.6,5,4,2,2,7,25.4,5.0,0.63,7.6,20.5,4,0,7.2,5.7,41.5,64.5,1,0,564177.13
101.8,4,3,2,3,7,11.5,0.93,0.36,7.6,14.7,4,0,5.5,7.2,50.9,72.6,0,0,563404.1
85.1,3,2,2,9,10,35.7,13.3,0.36,7.4,36.3,0,0,7.1,8.5,35.9,47.4,1,0,378372.23
69.7,4,2,1,11,11,3.8,1.99,0.09,10.0,10.6,1,0,7.8,10.0,47.0,78.9,0,1,543524.91
77.9,4,3,1,4,26,16.2,5.25,0.43,7.1,31.5,2,2,9.5,8.2,41.6,67.2,1,0,521932.24
76.3,3,2,2,0,16,8.3,4.77,0.14,9.2,30.2,1,1,8.1,9.2,44.0,84.4,1,0,564635.0
59.2,2,1,2,8,15,29.5,8.95,0.49,10.0,30.5,1,1,10.0,5.6,42.4,76.1,0,0,381513.88
61.1,3,2,1,14,20,24.8,2.69,0.8,7.6,18.2,0,0,6.0,6.2,38.3,91.7,1,0,450037.44
116.9,6,4,2,4,6,20.3,3.0,0.19,10.0,18.9,2,0,8.0,7.5,46.8,66.6,1,0,662007.44
80.2,3,2,2,1,20,52.5,4.85,0.18,7.1,36.4,0,0,6.4,4.9,49.8,65.8,0,0,375921.56
56.6,3,1,1,3,24,17.7,2.12,0.89,9.5,30.0,1,0,7.3,7.1,37.1,73.0,1,0,445345.99
98.2,4,3,2,3,22,17.3,3.14,0.09,7.4,18.5,1,1,5.8,8.2,44.9,70.7,1,0,586016.86
76.8,3,2,1,2,17,12.0,2.32,0.43,6.4,30.7,3,0,7.9,8.8,46.5,63.0,0,0,435389.32
69.6,4,2,1,7,9,38.3,5.75,0.05,8.9,22.2,4,1,3.7,6.9,35.5,67.4,1,0,480646.04
54.6,2,1,1,10,15,29.3,7.64,0.05,8.1,40.3,2,1,6.0,8.0,37.6,59.5,1,0,366379.86
67.8,4,2,1,1,4,35.7,9.67,2.31,7.3,45.0,4,1,6.4,3.9,34.1,63.6,0,0,312764.31
91.3,4,3,2,11,11,39.7,9.22,0.52,5.8,20.9,1,1,7.9,8.3,41.5,63.9,1,0,486369.33
81.7,3,2,1,3,7,42.3,6.43,0.44,9.1,21.9,1,0,6.6,7.0,33.8,65.2,1,0,428967.53
54.6,3,2,1,3,3,70.3,6.37,0.48,8.9,31.7,3,1,3.7,4.2,37.2,75.4,0,0,299800.39
128.0,5,4,3,14,30,60.1,6.26,0.1,6.0,18.2,4,1,4.3,3.7,45.3,53.1,1,0,535839.49
109.0,5,4,2,24,29,32.6,4.31,0.6,8.2,37.5,1,0,6.0,6.5,51.9,73.8,1,0,551295.46
115.0,5,4,3,5,21,11.5,1.66,0.12,8.9,24.9,6,1,9.6,7.1,45.1,78.7,1,0,739462.32
73.1,3,2,1,2,22,30.6,11.63,0.05,6.0,30.4,1,0,4.7,8.0,30.9,48.5,0,0,297175.87
59.1,3,2,1,6,21,23.9,6.23,0.67,8.8,35.7,0,0,6.1,7.9,40.1,68.6,1,0,367216.06
118.5,6,5,1,21,24,2.6,7.82,0.21,10.0,35.8,2,1,6.6,8.9,45.0,59.0,1,1,652694.27
89.2,5,3,2,7,15,36.4,2.92,0.59,9.3,27.2,4,1,7.5,5.1,52.0,77.2,1,0,517573.21
51.2,2,1,1,4,8,22.8,16.81,0.15,8.3,47.4,0,1,9.8,7.0,34.7,38.5,0,0,226850.8
53.6,2,1,2,5,12,22.9,10.62,0.22,8.2,41.8,2,0,8.3,8.2,48.2,63.0,1,0,327475.36
83.8,3,2,1,0,13,10.9,3.34,0.32,7.0,20.0,1,1,9.2,8.4,46.5,53.5,1,0,504836.54
128.4,6,4,2,7,25,37.9,2.76,0.3,9.0,24.6,2,0,5.7,5.0,50.6,77.6,1,0,663222.18
54.8,3,2,1,0,27,9.4,7.74,0.34,6.3,29.4,2,0,9.1,7.5,35.6,52.1,1,0,362966.21
75.4,4,2,1,15,18,19.0,4.29,0.48,7.5,35.9,1,0,6.6,8.4,49.1,67.9,1,0,429657.73
59.9,3,1,1,2,28,12.9,5.71,0.23,7.6,29.6,1,0,7.3,7.7,41.8,74.3,1,0,412274.57
100.3,4,3,2,27,27,13.2,11.2,0.33,6.8,23.0,2,1,8.1,7.7,55.0,51.0,0,0,482736.69
108.7,5,4,2,1,25,36.8,5.62,0.26,7.0,20.0,6,0,6.6,8.3,39.0,46.9,0,0,546216.89
69.0,4,2,1,5,29,18.6,4.1,1.2,7.8,26.6,1,1,10.0,6.4,51.9,58.0,0,0,404883.7
90.0,4,3,2,3,3,20.3,6.47,0.81,7.6,26.6,2,0,8.9,8.5,49.2,62.3,0,0,480577.08
128.6,6,5,2,6,21,50.0,1.17,0.08,9.6,15.8,2,0,5.8,5.3,42.7,69.2,0,0,641939.03
61.3,4,2,1,6,7,48.6,5.42,0.59,8.3,22.4,4,0,8.3,5.4,43.7,55.1,1,0,383624.11
70.1,3,2,1,23,28,18.6,1.38,0.46,9.3,14.4,5,0,10.0,7.7,42.5,69.6,1,0,527232.02
59.0,4,2,1,20,30,30.1,7.3,0.1,7.4,34.5,6,0,7.0,7.1,53.2,72.4,1,0,369875.44
87.4,5,3,1,18,29,35.1,4.26,0.47,9.0,30.0,3,1,7.2,7.2,35.4,82.4,0,0,538545.39
79.0,4,3,1,1,8,13.3,13.08,2.43,5.0,46.2,1,1,6.3,7.6,26.7,37.4,0,0,332261.96
104.7,4,3,3,2,8,4.9,10.07,0.88,6.0,42.9,4,0,8.9,10.0,36.7,59.2,1,1,575208.12
90.6,4,3,2,2,7,43.0,5.65,1.25,8.8,27.5,2,1,5.1,6.2,36.3,72.9,1,0,475940.81
80.3,3,2,2,2,8,16.5,13.9,0.71,6.2,32.5,1,0,5.1,7.0,29.4,46.2,1,0,349477.08
122.7,6,4,2,27,27,21.7,3.17,0.53,8.2,35.2,3,0,9.0,6.1,47.5,87.4,0,0,659291.55
83.7,4,2,1,6,15,12.9,2.03,0.67,5.9,37.2,2,1,8.3,8.4,49.7,63.9,1,0,481275.07
39.8,2,1,2,0,3,42.6,4.0,1.16,7.6,31.3,2,0,4.9,6.4,46.8,68.4,0,0,252040.39
89.3,4,3,2,2,3,26.3,3.95,0.66,6.8,19.7,3,0,4.5,6.4,44.6,54.8,0,0,452530.13
93.6,4,3,2,22,27,19.3,4.16,0.54,7.3,17.4,6,0,6.8,6.0,49.7,75.3,1,0,586549.65
74.7,4,2,1,9,16,21.4,4.91,0.3,8.0,22.3,2,2,6.6,6.7,43.5,55.2,1,0,451752.77
100.8,5,4,2,1,10,51.1,0.96,0.13,8.5,36.1,2,1,5.4,3.7,49.7,73.3,1,0,546566.85
106.1,6,4,2,9,11,20.5,2.54,0.05,8.0,26.8,4,1,5.0,8.3,45.8,67.0,1,0,630219.26
79.0,3,2,2,16,25,35.7,3.16,0.43,9.0,23.4,6,0,7.3,6.4,42.5,68.1,0,0,518211.28
125.7,7,5,1,8,12,4.9,13.7,0.43,6.4,43.5,0,0,9.6,9.7,34.7,46.2,1,1,574293.94
56.0,2,1,1,1,8,26.5,3.12,1.32,7.9,22.4,3,1,5.3,6.6,44.0,82.8,1,0,400298.89
81.5,3,2,2,3,11,20.7,3.36,0.81,6.9,26.9,4,0,5.1,9.1,47.3,75.9,1,0,445974.34
55.7,2,1,1,8,20,9.9,7.58,0.83,8.8,30.4,0,0,9.9,8.7,42.6,73.3,1,0,401672.61
115.5,6,4,2,10,17,78.3,4.04,0.43,7.2,23.7,5,2,3.6,3.8,38.1,68.5,1,0,503828.42
103.4,4,3,3,0,6,8.2,16.05,0.49,5.2,39.6,2,0,9.4,7.7,36.4,40.3,1,0,442582.61
65.3,2,1,2,1,4,15.3,8.08,1.69,6.3,35.7,1,2,8.1,7.0,36.9,55.0,0,0,378416.46
60.1,3,2,2,1,8,16.0,7.26,0.71,7.8,25.7,2,0,7.8,7.5,42.1,60.7,1,0,413090.01
108.4,4,3,2,11,19,48.6,1.13,0.09,8.3,29.2,1,0,7.3,6.2,39.0,75.7,1,0,592747.45
35.4,2,1,1,1,9,16.1,5.87,0.2,7.6,33.0,4,0,9.2,8.0,43.4,68.0,1,0,306459.96
105.4,5,4,2,7,25,22.6,5.18,0.92,8.9,25.5,4,1,8.1,7.0,47.5,70.8,0,0,552061.26
112.2,5,4,2,7,25,17.2,9.16,0.33,6.4,31.3,4,0,8.5,9.0,36.9,67.4,1,0,613814.81
76.4,3,2,1,7,22,25.5,7.39,0.33,8.1,35.5,2,1,6.6,5.1,42.9,62.0,1,0,375852.32
108.0,6,5,2,14,17,28.3,6.59,0.11,7.8,35.2,3,1,7.9,6.3,44.2,68.4,1,0,602102.53
77.8,4,2,2,7,26,28.3,6.08,0.21,8.2,25.6,0,1,9.4,7.6,38.4,58.2,1,0,460400.77
138.3,6,5,2,13,23,18.2,3.12,0.2,8.2,27.1,1,1,9.3,8.9,50.5,86.7,1,0,751869.38
111.0,4,3,3,4,4,38.1,2.04,0.65,7.5,18.3,2,1,3.7,6.6,43.3,81.0,0,0,585883.69
90.4,4,3,2,22,23,15.8,6.23,0.29,5.5,35.0,0,1,8.6,9.1,43.6,54.1,1,0,536429.83
50.6,2,1,1,7,14,15.0,2.13,0.56,9.1,15.9,3,1,8.8,9.4,48.0,84.0,1,0,457396.31
109.1,5,4,2,0,12,22.4,4.88,0.05,7.9,24.2,2,1,9.2,6.9,42.1,76.1,1,0,610366.96
74.9,4,2,2,18,27,26.9,12.2,0.07,7.2,45.2,0,1,9.1,6.2,43.1,41.2,0,0,368994.67
44.7,3,1,1,25,28,17.9,13.82,0.05,6.8,50.4,1,0,8.6,6.6,41.0,58.9,0,0,248421.14
45.9,2,1,1,5,19,20.8,4.02,0.55,6.5,19.2,2,1,5.8,5.9,45.1,60.3,1,0,359265.06
99.5,4,3,2,16,29,25.4,9.69,0.6,7.6,33.8,2,1,7.1,5.9,40.9,66.0,0,0,498263.99
72.1,3,2,1,3,20,1.0,4.82,0.06,8.0,32.1,2,1,7.7,8.7,38.6,81.9,1,1,500426.95
92.9,5,3,1,6,18,17.7,2.04,0.63,8.2,15.8,3,1,6.1,6.4,41.3,78.1,1,0,579914.98
115.7,6,4,2,0,12,34.9,4.87,0.37,9.6,21.8,0,0,8.8,7.6,37.8,97.9,1,0,664536.41
65.6,2,1,2,5,10,43.8,19.79,0.19,6.2,55.4,1,0,5.4,5.6,27.9,48.3,1,0,222667.29
103.0,4,3,2,21,23,7.9,7.05,0.87,7.5,27.6,5,0,10.0,6.7,60.0,64.5,0,0,570031.55
39.1,3,1,1,27,30,19.6,2.39,0.52,8.1,14.5,2,0,7.1,7.0,52.6,73.7,0,0,389187.12
114.2,5,4,3,17,27,22.8,6.17,0.35,6.7,29.2,1,2,6.4,7.5,40.8,67.5,1,0,618862.53
112.1,5,4,2,5,24,21.4,8.31,0.29,7.6,31.5,0,1,8.5,7.0,44.7,62.8,1,0,588073.59
70.8,4,2,1,13,15,4.1,9.61,0.38,7.6,45.7,6,0,8.6,9.3,50.0,44.5,0,1,399661.3
90.6,4,3,2,9,18,28.1,3.98,0.09,7.4,43.7,2,0,7.5,5.1,41.5,61.5,0,0,475853.42
78.3,3,2,1,1,10,20.8,14.05,0.11,7.6,43.3,2,0,6.8,8.3,31.7,47.5,1,0,334922.9
93.8,4,2,2,7,14,53.7,4.46,0.5,8.5,26.6,3,1,4.6,5.2,34.2,77.0,0,0,437823.35
115.5,5,4,2,6,19,4.5,6.22,0.68,7.6,22.3,2,1,8.0,8.1,40.1,61.9,1,1,634475.09
78.7,3,2,2,13,18,24.6,1.17,1.15,9.2,10.3,5,0,5.8,7.0,51.3,82.9,1,0,548047.73
77.8,3,2,1,5,11,14.8,11.55,1.09,6.7,47.2,2,1,9.5,7.2,35.3,54.9,1,0,360233.07
56.1,3,2,1,13,27,18.4,1.71,0.05,9.1,10.7,0,1,8.1,7.6,41.7,76.2,0,0,447876.53
114.2,5,4,2,9,21,14.4,7.9,1.62,7.1,37.9,3,1,8.3,10.0,33.5,55.9,1,0,617151.83
85.8,3,2,2,8,19,54.3,3.36,0.44,9.7,38.9,1,1,6.4,4.7,45.9,71.7,1,0,454839.7
47.9,2,1,1,25,26,23.4,1.72,0.08,7.7,16.4,3,1,8.0,7.9,46.8,75.0,1,0,452522.76
79.2,5,3,1,9,10,79.1,3.54,0.14,7.9,12.3,5,0,7.1,3.8,54.6,67.7,1,0,380821.79
112.5,5,4,2,1,14,7.4,1.11,0.1,7.5,26.4,4,1,9.1,7.7,44.6,70.1,1,0,636462.44
52.5,3,1,1,2,11,8.8,2.78,0.17,8.7,32.2,1,0,5.3,9.3,39.4,69.0,1,0,385069.62
70.7,3,2,2,6,8,13.3,3.03,0.7,7.0,19.7,1,2,7.4,7.9,48.5,74.6,1,0,523944.16
69.8,3,1,1,10,27,22.6,1.79,0.19,8.2,29.5,1,2,6.1,8.9,56.3,72.3,1,0,460740.38
67.2,3,2,1,9,30,6.6,5.99,0.05,6.4,40.6,2,0,9.3,8.1,51.5,62.8,1,0,429233.07
61.8,3,2,1,11,12,6.7,4.64,0.59,8.5,28.9,5,1,7.9,9.5,39.4,70.4,1,0,469059.99
88.3,4,3,1,8,11,23.6,5.97,0.12,8.4,25.5,1,2,8.2,6.9,35.9,65.9,0,0,521158.07
103.3,4,3,2,27,30,11.0,3.12,0.65,8.3,30.1,4,1,7.2,7.2,42.8,66.4,1,0,650573.24
96.1,4,3,2,4,6,48.6,4.1,2.22,7.5,23.6,0,1,6.1,6.2,46.2,79.7,1,0,541114.19
74.9,3,2,1,13,13,29.1,1.61,0.68,9.0,20.7,0,2,6.3,7.0,45.5,69.7,1,0,499598.39
107.0,6,4,2,5,23,30.8,2.88,0.32,7.2,23.5,1,1,6.4,5.5,40.5,83.7,1,0,587283.1
82.9,4,2,1,10,24,54.9,1.71,0.07,7.6,25.7,2,0,5.7,5.6,50.3,85.5,1,0,426613.81
136.5,7,5,2,0,8,4.4,3.75,0.98,8.7,25.8,1,1,9.4,8.7,37.6,66.5,1,1,778662.61
111.4,4,3,3,26,28,11.7,2.88,0.32,8.7,23.2,1,0,10.0,8.7,54.3,78.0,1,0,635878.82
55.9,3,1,1,14,20,7.6,7.89,0.05,8.1,29.8,3,0,10.0,7.4,37.2,69.5,1,0,427576.47
102.6,5,3,2,6,6,27.5,8.39,0.24,9.8,33.3,3,0,8.6,6.6,38.1,73.1,1,0,579661.13
64.0,3,2,1,10,14,40.4,5.48,0.25,8.0,23.2,1,0,7.0,5.2,50.1,72.6,1,0,423968.91
92.1,4,3,2,0,11,24.1,8.22,0.85,7.1,28.1,5,0,6.7,8.2,39.0,55.4,1,0,451826.4
70.8,2,1,2,4,17,55.9,5.84,0.05,7.7,37.3,4,0,6.2,5.8,36.2,76.4,1,0,402108.19
65.5,2,1,1,8,25,34.9,3.22,0.3,6.0,35.2,0,1,8.5,8.8,52.0,78.1,1,0,410990.15
111.8,5,4,3,9,11,20.6,5.11,0.57,8.3,22.4,1,0,9.4,8.6,48.8,66.1,1,0,596727.12
73.0,3,2,1,8,8,61.8,12.6,0.42,8.4,32.2,1,1,4.9,4.6,44.1,54.0,1,0,317987.16
110.6,5,4,2,0,13,30.3,9.2,1.66,7.0,30.4,2,2,6.5,5.3,29.1,45.1,1,0,509271.25
72.4,3,2,2,5,9,28.4,4.9,0.23,9.2,12.4,6,1,8.3,6.3,43.8,78.8,0,0,477819.3
98.3,4,3,2,14,27,43.9,1.1,0.53,7.4,29.8,4,1,2.4,5.9,44.1,69.2,1,0,520882.26
105.1,5,3,2,2,16,16.8,15.27,0.25,5.9,48.3,0,1,10.0,5.8,30.3,38.5,1,0,424470.04
74.6,4,2,1,30,30,13.7,4.32,0.25,7.2,21.8,3,0,9.9,6.9,52.3,70.5,1,0,515163.93
68.4,4,2,1,8,18,24.2,10.02,0.16,5.8,43.5,0,0,7.0,8.2,30.2,48.1,1,0,377503.85
75.1,3,2,1,11,17,26.9,4.78,0.71,9.4,31.0,3,2,6.7,6.1,44.7,74.3,1,0,493057.44
57.1,2,1,2,18,22,24.7,0.84,1.81,8.9,19.8,3,1,10.0,6.3,56.5,71.4,1,0,451913.45
81.3,3,2,2,1,11,43.4,11.01,0.34,7.8,39.5,2,2,4.6,6.6,37.2,52.2,0,0,354566.08
100.2,4,3,1,15,21,21.7,5.95,0.98,7.1,33.6,3,0,7.2,6.8,49.5,65.0,1,0,517496.11
97.4,5,4,2,7,14,3.2,1.2,1.15,9.2,20.0,4,0,10.0,9.5,46.4,74.1,1,1,635946.6
120.4,5,4,2,2,13,13.1,3.99,0.14,7.5,27.3,4,1,6.5,8.2,38.0,57.2,0,0,636530.13
83.7,5,3,2,30,30,24.6,6.01,0.3,7.3,32.8,1,1,7.6,6.5,57.3,74.2,0,0,498514.62
105.8,4,3,2,4,10,28.3,5.52,1.32,8.9,28.2,4,1,6.8,7.7,40.6,66.6,1,0,558606.75
90.9,4,3,2,3,5,29.5,9.19,0.28,6.6,32.9,1,1,10.0,7.6,32.1,66.7,1,0,482885.81
61.3,3,2,1,5,21,21.3,5.95,0.06,6.8,27.2,2,1,6.8,7.6,34.6,67.5,1,0,416487.34
119.6,5,4,2,3,5,40.0,4.98,1.1,6.8,40.9,4,1,4.3,7.8,40.8,47.8,1,0,495264.21
105.9,4,3,3,25,27,19.6,1.97,0.6,8.1,20.5,2,0,8.1,8.3,54.0,78.1,1,0,605896.02
88.0,4,3,2,14,28,9.7,14.34,0.28,8.8,30.3,1,0,7.5,7.7,37.0,56.2,1,0,479277.31
50.0,2,1,2,5,5,27.9,3.88,0.13,7.8,34.6,4,1,8.0,6.2,35.7,65.9,1,0,377981.26
69.5,3,2,1,0,8,4.5,3.05,2.42,6.8,26.7,2,1,9.4,9.6,43.0,86.2,1,1,535781.38
61.4,3,2,1,6,13,7.9,2.17,0.17,7.6,23.8,1,0,6.7,8.0,50.2,75.7,0,0,435492.68
98.5,5,4,1,6,22,36.0,2.79,0.32,7.7,24.7,3,0,9.4,6.4,43.6,70.0,1,0,577408.25
78.9,3,2,2,10,16,7.6,8.69,0.64,7.5,42.5,2,1,7.6,7.5,47.8,56.4,1,0,454542.49
70.3,4,2,2,1,4,14.7,1.46,0.1,8.7,14.6,1,0,7.3,7.7,39.9,92.8,0,0,556591.52
135.4,6,5,2,4,14,30.0,3.57,0.87,6.0,36.9,0,0,7.9,8.4,47.6,63.8,1,0,635156.8
64.9,2,1,1,1,18,26.1,0.82,1.2,7.2,25.5,1,0,9.7,7.7,47.0,80.3,1,0,485872.14
69.8,3,2,1,13,30,16.0,2.53,0.26,6.9,32.6,3,1,6.0,7.7,48.9,70.6,1,0,434237.98
54.0,2,1,1,1,5,36.9,2.98,0.58,9.2,19.4,3,0,5.8,7.7,45.1,76.6,1,0,423111.14
105.1,4,3,1,15,23,5.4,2.75,0.74,7.2,44.7,3,0,10.0,8.9,44.9,73.4,0,0,570214.36
97.5,5,4,1,10,18,15.0,2.16,0.3,8.5,21.9,3,0,7.1,7.3,47.3,76.1,1,0,569551.68
80.5,3,2,1,8,12,12.0,11.81,0.24,7.5,37.6,3,1,8.4,7.8,35.4,57.5,1,0,409381.0
122.6,5,4,2,6,22,40.2,2.99,0.54,7.6,19.1,1,0,5.7,7.2,45.5,76.3,1,0,602797.3
77.8,3,2,1,3,7,21.1,8.42,0.18,5.1,36.7,2,1,8.3,7.6,40.5,47.6,0,0,374361.35
124.3,6,4,2,15,15,33.9,3.32,0.11,9.3,16.9,5,0,4.9,7.0,44.9,79.4,1,0,700010.68
98.2,5,3,2,13,14,25.9,1.72,0.44,9.6,35.3,6,0,7.7,5.8,46.2,74.5,1,0,550661.68
109.3,5,4,2,10,29,12.3,7.52,0.31,7.6,19.3,1,0,8.9,7.3,34.3,63.1,1,0,603187.65
61.8,2,1,1,1,3,40.1,9.87,0.75,6.6,20.7,1,0,7.3,6.2,37.6,65.0,0,0,280946.92
148.1,6,5,3,7,22,29.2,1.7,0.77,10.0,15.5,5,0,6.3,8.0,48.3,74.2,1,0,741836.28
104.8,4,3,2,10,13,44.0,7.0,1.17,6.9,34.9,0,1,8.2,7.9,43.1,55.6,1,0,464495.69
71.4,3,2,1,26,28,10.0,3.88,0.58,8.8,34.1,4,0,5.2,7.0,49.1,79.0,1,0,501648.62
108.3,5,4,2,19,21,23.8,15.8,0.25,5.1,48.9,0,0,6.4,6.6,29.9,52.1,1,0,433001.41
72.5,4,2,1,16,17,45.1,9.32,0.3,7.8,31.7,2,0,9.7,6.4,43.5,69.0,0,0,354293.26
114.5,5,4,1,18,20,34.7,12.84,0.15,5.7,42.8,0,2,6.7,8.7,33.1,61.8,1,0,500205.46
68.2,2,1,2,9,18,68.7,3.35,0.61,8.5,29.8,0,1,6.1,3.7,40.8,76.4,1,0,394619.52
85.6,4,3,1,0,9,32.8,13.35,0.28,6.9,33.1,0,1,7.1,4.7,28.6,43.5,1,0,368393.43
73.5,3,2,1,1,12,63.4,8.06,1.08,7.2,40.2,1,0,7.4,5.1,33.6,68.2,1,0,322508.89
42.5,3,1,1,17,27,62.7,5.41,0.68,7.5,16.0,2,1,4.5,3.7,45.6,66.8,1,0,276490.52
78.9,3,2,1,6,18,14.0,7.51,0.23,8.7,28.1,4,1,8.4,8.3,33.7,62.9,1,0,475135.28
53.7,3,1,2,15,19,5.4,2.14,0.21,8.2,22.5,4,0,10.0,9.0,40.9,78.2,1,0,510521.29
84.3,3,2,2,12,30,29.4,5.45,2.3,8.2,17.9,2,1,9.3,6.6,51.6,79.0,1,0,531418.23
68.8,3,2,2,3,9,14.5,3.85,0.28,10.0,22.6,3,0,5.3,7.2,52.0,79.0,1,0,472857.57
97.3,5,3,1,9,13,32.1,9.97,0.09,6.1,34.9,3,0,7.6,6.0,44.2,56.2,1,0,427775.46
80.6,3,2,2,27,30,12.6,0.6,0.07,7.7,23.7,2,1,6.9,7.9,49.8,81.0,0,0,575672.76
64.7,3,2,1,8,19,53.5,5.35,0.19,6.2,33.3,1,1,5.4,4.2,48.4,65.1,1,0,388464.47
101.5,4,3,2,1,7,22.5,3.5,0.27,6.4,31.0,2,0,6.7,6.8,45.1,69.4,1,0,549357.2
48.3,2,1,1,3,3,72.1,14.16,0.26,8.7,35.6,1,2,1.0,3.8,24.7,49.9,0,0,156860.04
113.0,5,4,1,0,5,27.4,4.3,0.14,7.6,28.4,5,1,8.8,7.3,47.4,58.1,1,0,549216.3
111.8,6,4,2,9,18,42.1,3.98,0.92,5.4,39.3,1,1,4.2,6.5,37.8,58.9,1,0,531957.75
82.2,5,3,2,7,26,25.5,5.4,0.9,7.6,34.5,3,2,7.2,8.5,39.9,57.7,1,0,471386.38
95.1,4,3,3,10,17,19.2,7.66,0.15,7.1,35.1,1,1,7.6,6.5,42.9,72.8,1,0,538440.61
110.6,5,4,2,4,6,5.8,1.02,0.11,7.3,16.5,3,2,7.4,7.8,46.7,62.6,1,0,643215.63
70.9,2,1,2,7,14,0.9,1.59,0.6,7.9,5.0,2,1,9.9,10.0,47.4,72.1,1,1,573340.84
60.2,3,1,1,0,3,12.8,14.21,1.59,7.0,28.4,0,0,7.6,8.3,39.6,42.4,0,0,235571.15
84.0,4,2,1,15,19,25.5,5.58,0.13,7.4,34.0,2,0,6.2,6.4,45.6,68.3,1,0,480397.96
102.2,4,3,1,12,26,29.2,20.91,0.92,6.8,46.4,0,0,4.9,5.6,32.1,38.9,1,0,339571.37
55.7,2,1,2,11,17,18.8,2.36,0.56,8.2,14.6,3,1,6.4,9.3,53.5,88.5,1,0,479228.35
101.5,4,3,3,14,26,8.3,7.04,0.7,7.7,26.4,2,1,9.1,6.4,42.5,69.1,1,0,593954.2
135.7,6,5,3,15,22,8.4,5.65,0.34,7.6,28.3,3,1,5.4,6.8,43.7,64.6,1,0,694311.22
101.6,5,4,1,7,22,17.8,11.65,0.11,5.9,41.3,1,1,10.0,7.7,39.7,55.6,1,0,491358.88
56.3,3,2,1,5,12,39.4,1.32,0.38,7.1,18.9,4,0,6.1,7.3,55.2,76.6,1,0,383290.84
52.9,2,1,1,7,13,19.2,14.27,0.56,6.9,49.0,1,2,6.4,6.6,31.9,57.2,1,0,272023.31
96.7,6,4,1,7,20,36.4,5.27,0.36,7.1,28.1,3,0,7.5,7.2,34.0,74.4,1,0,527133.02
95.7,5,3,2,1,4,10.6,4.57,1.05,8.5,24.3,0,0,7.7,6.9,41.5,67.8,0,0,538829.91
76.9,3,1,2,17,30,56.6,6.94,0.51,7.3,25.1,3,1,6.6,6.2,50.7,58.9,1,0,420430.54
55.9,2,1,2,0,8,7.5,4.41,0.44,7.2,41.9,1,1,6.9,8.9,44.4,67.1,1,0,410160.73
115.6,5,4,2,9,18,23.2,5.39,0.75,8.1,26.8,3,2,6.0,6.3,40.4,82.3,1,0,664808.53
103.3,4,3,2,1,26,11.3,10.63,0.27,7.3,40.5,2,1,9.1,8.8,36.8,68.0,0,0,552376.83
116.2,5,4,2,6,9,2.9,2.13,0.49,6.6,27.3,5,0,10.0,8.6,39.9,84.3,1,1,736039.66
116.3,5,4,2,18,25,26.3,6.78,0.72,5.9,42.6,5,1,7.5,4.6,35.2,71.7,1,0,607985.66
93.1,5,3,2,19,21,16.0,6.94,0.5,8.2,24.0,1,0,8.3,7.5,42.8,58.6,0,0,497626.98
69.1,3,2,1,3,14,28.0,14.78,0.53,6.0,48.6,1,0,5.9,7.3,28.9,48.3,1,0,270637.09
63.3,4,2,1,19,20,19.4,3.76,0.88,8.2,23.3,2,1,6.9,8.2,45.2,70.5,0,0,419900.92
77.8,4,2,1,1,12,17.6,0.3,1.03,8.7,21.1,4,1,6.8,8.6,37.6,77.7,1,0,537362.38
57.1,4,2,1,5,9,20.5,3.34,0.2,9.3,20.5,3,0,9.6,6.3,52.2,76.3,1,0,456484.25
110.8,5,3,3,0,6,8.5,2.68,0.44,9.8,34.5,3,0,10.0,8.0,47.6,81.8,1,0,664411.9
84.8,4,3,2,11,19,5.8,13.1,0.69,5.8,42.1,3,0,9.4,7.7,34.6,38.0,1,0,410917.19
121.7,6,4,2,4,19,51.9,0.3,0.53,8.3,9.6,3,1,8.6,5.6,46.0,85.2,1,0,635460.69
68.2,3,2,1,1,6,14.4,9.61,0.41,7.2,34.6,2,1,9.0,10.0,42.9,64.9,1,0,466136.04
86.1,5,3,2,8,23,18.2,6.25,0.8,9.3,27.9,0,1,9.6,7.3,43.5,74.6,1,0,579020.18
100.6,4,3,2,1,7,63.8,1.65,0.36,6.9,25.8,6,2,4.4,4.0,42.2,65.8,1,0,496824.37
96.4,4,3,1,1,3,18.6,6.52,0.31,9.2,18.7,2,1,7.5,7.2,42.4,76.4,0,0,546752.64
92.5,4,3,2,19,21,14.8,0.87,0.1,9.0,11.7,1,0,7.8,8.5,47.7,75.0,0,0,630003.13
76.8,3,2,1,13,24,55.0,7.91,0.27,7.0,46.5,3,0,3.9,5.9,41.2,60.8,1,0,358897.56
52.7,3,2,1,21,28,30.0,4.48,0.14,8.8,23.9,3,1,6.3,7.9,55.4,70.4,1,0,398686.52
42.4,2,1,1,14,25,20.8,0.53,0.08,8.1,20.3,3,1,8.1,9.2,50.2,69.6,1,0,429407.12
88.3,4,2,2,1,13,4.3,1.52,0.14,6.7,39.7,1,2,7.8,10.0,43.6,53.6,1,1,521896.47
69.2,3,2,1,3,3,9.2,8.09,0.22,7.7,38.1,4,0,9.2,7.2,34.3,68.8,0,0,435864.65
81.1,4,3,2,1,10,3.5,15.22,0.24,6.4,44.5,2,1,7.7,10.0,35.8,46.2,1,1,439710.01
126.4,6,5,2,3,6,9.8,15.51,0.37,6.2,47.2,0,0,7.2,6.2,38.5,46.8,1,0,466214.94
88.6,4,3,2,6,27,17.8,9.89,0.71,6.5,51.1,0,1,7.8,8.6,44.4,57.9,1,0,467597.16
94.7,4,3,2,15,29,54.9,1.17,0.66,9.0,16.0,7,1,2.3,3.9,60.6,67.8,1,0,519307.88
68.0,3,2,1,18,29,12.0,10.96,0.05,7.2,43.2,0,0,9.8,6.3,35.8,61.5,1,0,395000.08
97.4,4,3,2,2,24,17.3,16.77,0.24,6.0,52.4,1,1,8.9,7.3,22.1,47.7,1,0,423415.98
52.4,2,1,1,14,17,20.0,13.02,0.89,6.3,42.3,3,2,8.9,8.3,43.1,42.1,1,0,307723.4
81.9,3,2,1,14,19,10.6,6.28,0.29,7.3,26.8,2,0,9.4,7.0,37.5,61.0,1,0,471737.14
74.4,3,2,1,6,20,24.5,1.9,0.58,7.7,26.6,4,0,7.2,6.6,39.2,79.2,1,0,481576.9
74.7,3,2,1,2,5,20.0,10.6,0.32,6.8,37.6,2,2,8.0,6.6,39.8,67.1,1,0,402885.57
62.3,3,1,1,18,20,20.7,4.76,0.37,8.7,31.0,2,0,8.2,7.5,47.3,76.7,0,0,443115.0
49.9,2,1,1,22,28,18.5,4.73,0.4,7.6,16.5,4,1,5.6,8.4,43.5,64.8,1,0,420210.84
60.9,3,2,1,2,9,11.7,4.96,0.05,8.1,49.6,3,2,8.5,7.9,37.4,58.8,1,0,401778.32
141.7,6,5,2,28,30,13.1,5.02,0.3,7.5,32.7,2,1,7.6,7.2,48.1,57.3,1,0,703054.62
72.1,3,2,1,17,19,9.0,1.76,0.18,6.5,29.2,2,1,10.0,9.5,45.4,74.6,1,0,531416.65
79.1,3,2,2,6,27,13.7,3.72,0.05,8.3,39.7,1,1,7.8,8.8,44.1,57.6,1,0,512866.58
54.9,2,1,2,18,20,21.1,14.24,0.36,6.1,39.6,3,1,7.4,6.5,33.1,65.6,1,0,336956.57
91.1,4,3,2,4,22,13.2,4.89,0.25,8.6,21.5,3,1,6.3,6.9,37.7,71.0,1,0,555182.22
77.8,4,2,1,6,10,23.2,3.54,0.19,9.7,20.2,4,0,6.9,6.8,35.9,73.1,1,0,520727.59
78.9,3,2,1,12,13,35.7,2.35,0.37,7.6,39.8,0,2,3.4,7.5,48.0,63.8,1,0,416727.82
77.3,4,2,1,1,5,5.5,2.25,0.18,9.1,21.1,3,1,10.0,5.6,40.2,69.9,1,0,555380.83
59.3,2,1,1,23,27,30.7,8.12,0.06,7.1,52.9,3,1,7.8,8.1,47.9,56.9,1,0,352720.02
64.6,2,1,2,1,9,4.4,6.15,0.39,7.5,26.4,0,1,8.2,9.1,29.3,59.2,1,1,429885.18
72.1,4,2,1,3,17,18.4,5.7,0.7,8.2,9.9,3,0,8.5,6.3,34.3,80.5,1,0,492932.37
51.6,3,1,1,3,12,22.6,7.92,0.06,5.6,24.2,6,1,6.1,7.4,38.5,68.1,1,0,370677.08
62.7,2,1,1,7,14,7.7,9.64,0.1,5.6,42.5,0,0,8.2,8.4,35.7,56.7,1,0,368871.03
68.0,4,2,1,10,14,5.6,5.13,0.1,7.9,32.5,3,1,7.0,9.1,38.0,73.8,1,0,482082.06
124.0,5,4,3,0,21,13.3,8.75,0.11,4.8,41.1,3,0,5.8,8.9,36.6,47.9,0,0,521619.17
89.6,4,3,2,8,21,21.5,3.0,0.61,9.2,15.4,1,0,8.7,7.7,43.2,67.3,1,0,534480.42
65.7,3,2,1,5,17,22.1,10.59,0.32,8.6,26.0,2,2,7.4,7.8,42.1,67.8,1,0,424308.09
76.1,3,2,2,3,23,37.0,4.32,0.73,8.3,16.0,1,1,3.9,6.5,43.6,71.8,1,0,452348.26
114.6,6,4,3,5,23,57.2,15.41,1.07,6.5,42.7,1,0,3.9,6.0,39.6,51.0,1,0,391062.91
84.4,3,2,2,12,28,8.1,4.79,0.38,9.0,27.9,4,0,10.0,7.4,51.8,62.4,1,0,543278.75
49.2,2,1,2,4,7,11.7,1.95,0.97,7.8,32.7,1,0,7.1,7.5,41.3,70.7,1,0,407354.95
103.8,5,3,3,21,30,0.9,6.21,0.21,7.4,37.0,1,1,9.9,8.1,50.8,54.6,1,1,602829.18
61.1,2,1,2,12,15,16.3,4.56,0.06,7.8,28.6,3,0,6.8,9.2,48.7,77.1,0,0,423204.8
56.5,3,2,1,8,27,3.7,1.52,0.05,7.5,42.4,0,2,9.1,8.9,45.6,67.3,0,1,509644.61
74.5,3,2,2,10,11,15.9,15.89,1.67,7.9,43.4,2,2,8.7,8.7,37.4,63.7,1,0,363242.24
116.0,5,4,2,13,24,11.5,4.39,0.27,9.2,8.8,2,1,7.2,9.1,45.7,77.8,1,0,657050.95
74.4,4,2,1,11,29,12.0,1.5,0.17,7.4,14.5,1,0,8.0,6.3,46.3,68.5,0,0,477115.43
94.4,4,3,2,3,29,33.5,4.49,0.19,7.2,29.1,0,2,7.2,6.8,43.5,73.4,1,0,555567.72
137.4,6,5,2,7,25,13.0,3.06,0.68,7.8,15.9,3,1,7.3,8.4,45.9,64.2,0,0,680010.36
59.1,2,1,2,0,12,23.1,3.45,0.09,9.3,32.3,2,1,7.1,6.7,47.3,69.4,1,0,439761.5
71.1,3,2,1,5,10,11.2,6.66,0.34,7.3,32.8,3,0,6.8,6.5,35.7,62.7,0,0,373438.79
73.0,3,2,1,4,11,21.6,2.68,0.29,8.3,33.2,2,1,7.7,8.8,47.7,52.2,1,0,429630.98
78.4,4,2,1,2,8,4.4,9.58,0.58,6.3,39.0,4,1,10.0,10.0,32.1,69.0,1,1,515421.57
72.6,3,2,2,3,26,67.4,2.97,0.58,9.7,5.0,4,1,2.8,4.8,43.0,84.2,1,0,473057.0
110.1,5,4,2,7,20,33.7,2.26,0.28,7.1,36.0,4,0,5.7,5.6,46.2,56.3,1,0,553834.73
97.6,4,3,3,10,12,18.1,5.41,1.16,7.4,28.9,4,1,4.7,6.5,30.6,69.2,1,0,522511.25
86.3,4,3,1,26,26,14.9,1.13,0.86,6.7,24.5,3,0,8.8,7.8,49.1,62.1,1,0,531789.17
82.4,3,2,1,1,17,6.3,4.49,0.18,9.2,28.1,4,0,6.2,7.7,43.9,73.9,1,0,506002.65
118.6,5,4,2,7,15,70.4,4.04,0.45,8.0,25.3,1,0,5.1,4.8,43.0,62.9,1,0,506446.06
123.0,7,5,2,6,13,17.6,3.69,0.61,9.8,26.5,2,1,8.7,7.9,39.0,74.5,1,0,690932.95
109.2,5,4,2,0,4,8.9,1.79,0.8,7.3,26.0,0,1,9.8,7.6,47.2,74.3,0,0,630185.43
56.0,2,1,1,1,10,22.2,2.67,0.08,9.2,21.9,4,1,8.1,9.0,39.2,77.0,1,0,462098.89
95.7,5,3,3,12,20,17.6,9.64,0.53,7.7,24.6,1,0,5.6,6.8,41.3,61.1,1,0,510479.86
47.2,2,1,1,2,5,38.0,2.26,0.17,7.4,25.2,2,0,6.3,5.4,43.1,65.7,0,0,315084.14
81.8,3,2,1,2,25,50.3,10.88,0.07,6.5,37.7,3,1,5.9,6.1,36.4,54.4,1,0,305324.96
55.1,2,1,2,1,29,18.5,8.34,0.97,8.0,37.2,2,0,8.6,8.0,39.4,70.6,1,0,387145.45
110.6,4,3,3,15,27,9.7,4.1,0.72,8.0,31.9,2,0,9.2,7.0,42.4,72.3,0,0,620078.63
113.0,5,3,3,0,5,14.2,11.08,0.48,6.5,37.5,2,1,7.4,7.4,40.7,62.6,1,0,556962.11
47.1,2,1,1,6,23,40.9,6.87,0.85,9.4,25.6,0,0,6.1,4.7,36.9,69.6,1,0,327793.19
63.9,4,2,1,2,27,24.2,4.23,0.82,8.0,35.0,5,0,7.2,6.6,46.3,75.8,1,0,394936.58
68.8,3,2,1,5,9,5.3,2.48,0.38,7.8,29.6,2,1,6.7,9.0,42.4,82.4,1,0,488281.5
62.3,3,2,1,15,20,29.3,4.72,0.38,6.9,24.6,1,1,5.6,5.6,35.0,56.6,1,0,386459.41
54.0,2,1,1,23,23,5.6,13.48,0.18,6.4,31.4,0,1,8.5,7.1,36.1,46.7,0,0,321512.06
69.4,3,2,1,5,23,27.6,4.66,1.47,5.8,43.8,3,0,5.9,6.1,49.1,69.2,1,0,371633.03
98.9,4,3,2,6,11,19.9,15.74,0.47,6.6,50.9,2,0,5.5,8.5,39.7,62.0,1,0,442718.77
64.2,2,1,1,10,20,12.6,3.41,0.52,8.8,30.5,3,2,5.9,8.8,35.0,62.4,1,0,503648.02
59.5,3,1,1,2,3,20.1,9.1,0.32,8.8,24.0,2,1,8.7,5.3,34.5,55.7,0,0,366623.53
74.9,3,2,1,5,6,9.8,13.35,0.25,6.5,47.7,1,1,8.9,6.2,25.9,45.3,1,0,397531.47
98.3,5,4,2,6,6,17.1,3.85,0.48,8.5,18.3,2,2,8.1,7.6,43.9,69.3,1,0,597233.43
99.5,4,3,2,18,19,30.6,2.5,0.79,7.9,31.8,2,1,6.5,5.2,44.1,71.3,1,0,570298.96
102.8,4,3,1,21,28,20.7,0.34,0.25,6.7,22.6,4,0,6.7,8.6,51.8,78.6,1,0,628441.36
46.9,3,2,1,24,25,33.0,4.25,0.95,5.9,21.0,6,1,3.8,4.5,51.0,65.4,1,0,371659.57
94.5,4,3,1,0,4,43.5,7.84,0.05,7.5,33.8,0,0,7.0,5.3,46.3,76.8,0,0,388828.66
58.7,2,1,2,20,29,12.3,2.43,0.19,6.2,30.9,4,1,7.6,8.0,56.7,66.6,0,0,417375.01
89.2,5,3,2,12,17,27.7,3.21,0.43,7.9,29.5,6,0,8.1,8.4,55.0,64.4,1,0,545728.12
127.4,5,4,3,3,15,34.3,6.16,0.16,7.3,30.9,0,1,5.3,6.6,45.5,57.5,1,0,547111.99
109.7,4,3,2,8,11,1.5,8.74,0.14,5.7,22.8,3,0,10.0,9.9,39.3,57.6,1,1,585667.06
120.2,5,4,2,0,9,10.3,6.08,0.62,5.1,44.6,2,2,8.6,8.1,31.0,58.9,1,0,615162.05
93.0,4,3,2,12,14,18.6,2.3,0.12,7.5,29.1,1,0,7.6,8.4,42.2,69.2,0,0,520844.63
52.5,2,1,2,3,14,9.4,3.22,1.32,9.6,22.7,2,1,6.8,8.3,36.4,71.8,1,0,425972.6
115.2,5,4,2,0,16,31.5,2.47,1.05,8.5,32.2,6,0,7.1,7.5,45.3,68.7,0,0,618205.52
67.0,2,1,2,2,25,33.5,5.73,1.35,7.1,21.1,4,0,7.7,7.4,51.3,61.3,0,0,359076.58
67.9,4,2,1,16,17,53.1,2.94,0.1,7.3,23.4,0,0,2.1,6.6,42.2,72.3,1,0,353879.81
57.7,2,1,2,0,3,34.7,2.57,0.47,8.5,30.4,3,0,6.5,4.4,35.5,87.5,0,0,390984.06
75.6,2,1,1,5,11,7.6,2.47,0.14,8.3,38.8,3,1,8.3,6.6,39.1,66.7,0,0,503134.2
79.6,3,2,1,16,28,51.5,14.75,1.43,7.4,39.1,0,0,6.2,6.3,46.0,56.8,1,0,309376.87
80.2,4,2,1,9,18,18.4,5.98,0.36,9.5,13.8,1,0,5.3,9.4,48.8,70.1,1,0,512661.77
66.3,3,2,2,10,11,54.9,11.54,0.5,8.2,41.5,2,2,6.5,5.8,43.6,71.9,0,0,337663.54
90.3,5,3,2,12,18,18.0,10.91,0.26,8.3,45.0,1,1,8.9,7.2,32.5,53.8,1,0,480900.78
53.6,3,1,1,4,4,39.4,11.18,0.64,7.0,25.7,1,0,7.5,7.3,41.7,57.0,0,0,239856.97
45.0,2,1,1,9,12,22.9,9.78,0.36,5.0,38.7,4,0,6.5,8.5,39.7,41.8,1,0,269019.19
108.8,5,3,2,13,27,15.6,15.91,0.65,4.4,57.2,0,1,9.6,8.3,39.8,27.0,1,0,380103.43
82.3,3,2,1,12,20,6.2,5.84,0.45,8.2,38.8,7,0,7.4,8.1,38.0,63.5,1,0,548245.82
91.7,4,3,2,14,15,35.2,5.95,0.86,7.2,19.3,3,0,3.5,6.6,43.6,63.6,0,0,430195.53
103.3,4,3,1,3,4,21.0,6.11,0.74,9.4,24.9,2,1,8.1,7.6,37.9,74.9,0,0,528980.06
114.0,5,4,2,3,15,6.5,1.19,1.49,9.8,15.5,3,0,8.5,9.5,48.2,83.6,0,0,690343.41
116.7,4,3,2,19,26,10.7,3.19,0.24,8.2,17.6,4,1,10.0,8.3,58.2,75.1,1,0,668272.79
72.2,3,2,1,5,5,11.8,10.06,0.88,6.8,38.3,2,0,6.7,8.3,31.7,61.8,1,0,386405.89
107.6,4,3,3,16,17,14.6,4.3,0.43,7.0,30.8,3,0,7.5,8.6,44.5,71.5,0,0,616716.83
82.2,4,2,1,1,5,25.7,9.94,0.79,8.9,45.5,2,0,6.6,7.0,42.5,63.8,1,0,436718.97
81.2,3,2,1,10,25,18.8,4.66,0.27,8.1,10.0,1,0,9.0,7.7,41.7,69.0,1,0,509549.0
100.1,4,3,2,9,12,12.4,13.38,0.12,6.2,46.3,3,1,6.5,9.8,32.4,44.6,1,0,456109.15
69.9,4,2,1,4,8,39.9,11.82,0.65,7.0,33.4,2,1,8.2,5.6,37.0,55.6,1,0,331237.91
107.1,4,3,3,17,25,21.2,2.37,0.25,7.9,15.9,1,0,6.5,6.8,45.3,71.1,1,0,624609.79
107.5,5,4,2,18,24,14.4,1.3,0.15,10.0,16.9,7,1,7.4,6.8,57.2,80.8,1,0,645458.39
115.2,6,4,2,8,16,15.8,1.67,0.32,8.5,24.0,1,0,8.0,7.9,47.3,82.2,1,0,665420.27
105.1,5,4,2,4,11,4.6,1.26,0.63,8.4,17.5,2,0,7.2,9.8,47.5,73.4,1,1,642661.56
56.8,3,2,1,0,20,22.1,6.85,1.54,6.3,31.4,2,1,8.1,5.4,35.2,63.7,1,0,369912.84
71.4,3,2,1,4,10,10.7,6.45,0.36,8.2,29.2,1,2,8.7,8.9,41.5,82.8,1,0,503668.84
106.1,5,3,2,2,29,14.4,6.52,0.4,7.8,33.0,4,2,7.1,6.6,40.0,67.8,1,0,593396.75
78.4,3,2,1,0,8,34.3,5.78,0.35,8.3,36.1,2,1,7.1,7.0,43.8,70.3,1,0,441735.53
95.3,4,3,2,5,17,22.0,7.41,0.34,7.7,30.1,4,1,8.0,7.4,43.6,78.0,0,0,549275.99
117.0,5,3,3,9,16,5.1,2.26,0.34,7.9,24.6,4,1,9.5,5.4,42.6,70.5,1,0,671342.36
91.4,4,3,2,4,17,4.9,14.52,0.51,6.8,43.3,2,1,10.0,7.1,35.0,57.0,1,1,523935.07
55.7,4,2,1,11,22,22.6,7.75,0.32,6.8,45.7,1,1,8.1,6.1,46.4,51.8,0,0,317206.13
35.5,3,1,1,0,8,62.1,2.01,0.91,8.4,26.1,0,1,5.6,6.2,40.3,70.2,1,0,279662.76
68.6,4,2,2,1,24,18.7,2.88,0.52,9.4,24.8,2,0,6.1,5.6,52.5,71.6,1,0,462608.36
59.5,3,1,1,4,14,27.4,6.87,0.28,8.6,28.9,3,1,4.9,8.1,34.6,71.2,1,0,387174.79
108.9,5,4,2,8,12,22.4,12.56,0.56,6.7,40.7,0,0,6.7,5.5,35.7,71.1,1,0,521456.5
74.7,4,2,1,13,21,51.0,2.86,1.1,7.9,11.2,3,1,6.1,3.5,41.5,68.6,1,0,439024.83
66.2,2,1,1,4,10,31.6,2.31,1.04,8.8,19.4,2,1,7.5,7.0,46.7,84.1,1,0,507729.22
51.2,2,1,2,4,7,22.5,9.42,0.66,7.7,38.0,2,1,3.7,7.2,38.5,67.4,1,0,319196.79
99.8,4,3,2,16,29,42.3,9.77,1.41,7.3,35.6,0,1,6.4,4.4,34.5,61.8,1,0,490598.4
100.3,5,3,2,4,12,23.2,4.38,1.47,7.4,26.7,2,1,9.1,6.0,52.9,70.5,1,0,545344.69
64.1,3,2,1,7,13,7.7,2.44,0.21,7.3,35.3,4,1,10.0,8.4,41.9,73.8,1,0,495749.11
63.8,3,1,1,18,22,34.0,3.41,0.49,7.2,29.6,1,0,8.9,6.2,36.9,68.5,1,0,392855.83
68.7,3,2,1,3,16,46.8,15.97,1.44,6.4,37.6,0,1,5.1,6.5,34.2,47.4,1,0,255209.59
67.9,4,2,1,6,16,39.9,17.81,0.28,6.7,36.8,4,0,5.5,5.9,32.9,58.6,1,0,288633.24
119.9,5,3,3,0,4,30.2,9.24,0.69,5.7,44.3,1,0,7.7,7.8,34.5,54.1,0,0,507370.46
93.2,4,3,1,10,28,6.9,7.57,0.32,8.3,24.4,3,2,9.8,7.0,37.2,68.3,1,0,557299.76
78.4,3,2,1,5,19,9.0,4.44,0.14,6.9,30.7,1,1,10.0,8.6,42.6,58.2,1,0,484490.86
88.8,3,2,2,12,17,32.5,10.45,0.26,6.6,43.3,2,1,7.7,5.4,34.4,55.3,1,0,426054.98
133.8,6,5,3,11,25,16.8,2.81,0.27,7.9,26.6,1,1,6.0,7.9,49.8,59.7,1,0,674920.17
81.0,3,2,1,24,28,5.3,3.88,1.0,8.4,36.4,2,1,6.6,8.8,51.8,69.6,1,0,518631.47
92.0,4,3,2,4,29,43.2,3.53,1.21,9.6,21.5,2,0,8.3,5.0,43.5,63.5,1,0,500317.67
48.6,2,1,1,2,5,15.9,3.46,0.22,7.6,28.3,2,1,7.7,8.0,36.9,55.4,1,0,382134.82
68.8,3,2,1,1,5,54.9,1.59,0.05,9.4,17.4,4,0,3.9,6.0,38.4,66.1,1,0,425229.74
55.0,2,1,2,2,5,27.3,0.92,1.26,8.0,19.9,3,1,5.5,7.5,46.6,78.7,1,0,442821.08
77.6,3,2,1,8,28,14.3,4.47,0.08,9.3,30.1,4,1,7.2,7.0,45.5,63.4,0,0,482212.09
127.1,7,5,1,25,30,26.7,12.59,0.61,6.9,46.7,1,0,9.6,6.7,41.3,52.3,1,0,522039.12
67.1,3,2,1,1,5,18.0,10.14,1.54,5.8,27.9,2,1,7.4,9.2,39.8,53.4,1,0,341354.52
58.4,2,1,1,12,20,20.4,6.51,0.07,7.0,26.1,3,0,8.7,6.5,45.4,68.7,1,0,417145.59
50.8,2,1,1,2,8,19.4,4.95,0.79,7.9,29.2,2,0,8.2,7.6,41.6,53.9,1,0,350923.44
68.4,3,2,1,16,16,36.8,16.59,0.35,6.3,51.0,2,0,6.5,6.2,36.1,46.2,1,0,257866.85
53.4,3,1,1,17,28,46.0,7.12,0.45,6.6,24.5,4,1,3.0,6.3,35.4,61.0,1,0,340141.05
56.7,2,1,1,4,5,25.9,3.3,0.35,6.8,23.5,1,0,8.5,8.5,43.5,75.0,1,0,387964.79
92.1,4,3,1,3,3,13.2,5.1,0.14,8.7,30.3,3,1,7.0,7.2,40.9,74.1,0,0,514287.98
68.1,4,2,1,9,12,23.1,11.8,0.8,4.8,47.9,2,0,5.0,7.6,33.8,32.5,1,0,288931.19
77.8,3,2,1,6,15,49.8,0.9,0.43,8.9,23.0,2,0,2.9,6.4,48.7,85.5,0,0,469894.73
112.2,5,4,2,10,11,20.2,10.75,0.13,6.1,38.0,2,1,8.5,7.0,38.6,64.1,1,0,540548.65
47.8,2,1,1,21,24,37.2,4.98,2.16,9.8,17.3,1,1,7.7,5.6,47.7,78.5,1,0,398366.57
120.3,6,5,2,3,24,24.9,4.36,0.29,6.0,27.7,1,0,3.9,7.2,32.4,54.1,1,0,587020.43
78.9,4,2,1,8,28,15.4,2.81,0.17,6.1,35.0,3,1,7.2,7.7,43.9,69.4,1,0,494240.42
114.1,5,4,2,14,27,11.8,6.38,0.49,7.3,37.2,4,1,8.8,6.2,46.6,68.9,0,0,600663.8
104.7,5,3,3,3,4,32.8,6.74,0.05,8.7,22.8,3,1,7.0,5.9,38.5,66.7,0,0,534862.23
115.4,6,4,1,10,12,25.6,5.25,0.14,10.0,35.5,5,0,6.5,7.8,42.4,77.9,1,0,628551.86
135.2,6,5,3,15,27,8.9,3.01,0.59,9.1,17.5,1,1,8.3,7.6,47.5,89.0,0,0,769957.48
60.0,3,2,1,3,14,36.2,7.6,0.32,7.7,32.8,2,1,8.0,7.0,39.6,60.7,1,0,385735.54
132.6,6,5,2,2,21,23.5,12.9,0.31,6.0,34.9,0,1,8.1,6.1,41.7,46.9,0,0,552576.46
80.5,3,2,2,2,5,52.1,12.45,0.26,6.2,53.1,2,0,6.5,5.7,38.2,48.8,1,0,300880.95
68.9,3,2,1,20,21,5.0,3.26,0.85,7.4,32.2,2,1,8.0,9.5,49.7,72.4,1,1,531582.38
82.8,3,2,1,2,3,28.8,3.09,0.28,7.7,26.8,5,0,5.2,7.2,44.6,70.2,0,0,463025.59
51.1,3,2,1,3,28,24.9,5.57,0.16,7.6,26.2,5,2,7.7,6.7,47.5,59.9,1,0,424104.5
62.0,3,1,1,1,17,27.6,1.84,0.38,8.5,37.5,3,1,8.4,7.1,46.0,79.9,0,0,432883.17
102.3,4,3,2,18,25,12.2,7.04,0.45,7.1,35.7,2,1,7.2,9.7,38.4,61.2,1,0,570155.29
74.7,3,2,1,6,28,3.2,3.22,0.26,8.3,38.8,1,1,9.1,9.9,49.1,73.2,1,1,538737.49
76.3,5,3,3,11,15,11.1,2.83,0.48,8.5,24.7,3,0,8.3,9.4,41.6,77.9,1,0,585281.28
124.3,5,4,2,1,9,23.3,10.29,0.21,6.2,39.5,0,1,5.0,7.0,39.9,54.8,0,0,499952.86
62.8,3,2,1,0,4,21.5,2.03,0.34,7.0,31.1,4,0,7.3,4.7,37.6,74.0,0,0,391973.48
66.9,3,2,1,17,24,35.4,7.8,0.13,8.7,31.6,7,1,6.9,7.3,34.7,79.8,1,0,512387.44
69.6,3,2,1,7,22,19.1,0.88,0.12,8.5,22.8,5,2,7.0,9.4,44.7,82.6,1,0,532071.18
56.3,2,1,1,7,13,78.5,14.01,0.24,6.7,45.2,5,0,5.4,4.3,43.9,38.7,1,0,125724.75
58.1,2,1,1,9,25,15.4,5.16,0.2,6.5,36.6,1,1,6.1,7.1,38.1,61.8,1,0,390802.67
78.1,3,2,1,17,18,65.0,1.44,0.09,9.1,15.2,3,0,7.9,5.0,42.6,72.3,1,0,458294.74
77.5,4,2,1,10,16,33.6,4.99,0.85,7.9,28.0,3,1,6.8,7.8,39.9,77.9,1,0,453298.98
134.0,6,5,2,22,25,34.5,15.34,0.07,8.2,38.2,1,0,6.4,6.7,28.6,55.0,0,0,554195.79
92.3,4,3,1,0,17,14.3,1.83,0.17,8.5,26.8,0,0,9.4,7.0,50.2,72.1,1,0,534342.96
62.3,3,2,1,6,22,59.0,7.86,0.12,7.3,33.0,2,1,2.8,4.2,49.6,50.7,1,0,242527.3
90.0,4,3,2,7,21,42.4,6.07,0.76,7.2,26.7,1,1,9.6,6.9,41.0,90.5,1,0,550033.68
67.2,2,1,2,8,9,40.9,3.18,0.05,9.7,32.1,2,1,5.3,9.4,40.7,73.7,1,0,449860.52
77.7,4,2,1,7,11,16.8,5.22,0.84,8.9,34.6,2,0,9.2,6.4,40.2,67.2,1,0,484799.37
101.8,4,3,2,2,6,34.2,5.22,1.71,8.1,36.0,4,1,6.7,7.2,36.3,54.4,0,0,464917.56
66.9,3,2,1,7,8,27.0,0.75,0.83,9.4,28.3,4,0,5.7,7.7,46.6,77.3,1,0,487076.8
78.3,3,2,1,18,25,5.8,2.53,0.54,8.5,27.4,2,0,10.0,7.1,51.9,71.9,0,0,491151.76
115.7,6,5,1,5,12,18.3,3.58,0.2,6.3,33.4,3,0,8.6,8.3,51.9,66.3,1,0,596397.11
122.6,5,4,2,3,5,17.1,12.33,0.53,8.0,36.7,1,2,10.0,9.6,32.0,47.1,1,0,563350.39
100.9,4,3,3,22,23,32.7,18.58,0.09,7.0,57.8,0,1,7.4,7.6,31.2,30.8,0,0,348230.67
109.5,4,3,2,23,30,32.8,1.44,0.3,7.2,25.3,2,1,5.9,6.3,52.6,85.0,1,0,634520.49
83.8,4,3,2,1,3,19.5,8.62,0.51,8.1,28.6,0,0,4.9,6.1,37.0,55.2,0,0,421013.82
85.1,3,2,1,5,8,29.9,1.3,0.4,7.5,26.4,2,0,5.9,7.3,44.9,76.2,0,0,470231.42
75.1,3,2,2,1,7,3.9,16.14,0.28,6.1,44.1,1,1,9.1,9.3,30.9,46.2,1,1,397704.92
50.0,2,1,1,3,25,22.0,6.59,0.1,7.9,36.5,4,1,7.0,7.9,41.9,72.4,0,0,367884.24
72.6,4,2,1,7,17,16.9,4.32,0.13,8.1,31.9,1,1,9.0,7.3,45.9,70.0,1,0,476999.04
65.4,3,2,1,6,27,20.5,3.55,0.67,8.0,31.7,1,0,8.2,6.4,43.6,69.9,0,0,396770.17
77.4,4,2,2,9,13,36.6,4.91,0.05,6.3,20.7,2,1,4.7,6.5,39.7,68.2,1,0,441294.0
126.1,6,5,2,14,22,43.9,2.81,0.26,8.2,12.0,2,1,5.5,7.2,51.4,69.1,1,0,622001.83
108.4,5,4,2,7,27,11.4,3.92,0.19,9.7,24.5,1,1,6.9,8.7,42.8,64.7,1,0,640186.74
99.9,4,3,2,12,15,6.1,1.85,0.36,8.5,23.8,2,2,9.1,7.9,53.6,72.1,1,0,583615.89
63.8,3,2,1,6,8,47.0,7.22,0.54,7.5,41.0,1,2,6.5,4.7,35.5,49.6,1,0,319288.01
107.9,5,4,2,5,7,4.4,3.64,0.1,8.8,20.1,5,0,7.8,9.2,40.9,56.6,1,1,664978.55
42.0,2,1,1,2,4,26.7,5.47,0.27,8.0,21.6,0,1,4.8,6.7,34.2,70.7,0,0,324731.52
92.0,5,3,2,2,19,25.9,11.31,0.44,6.7,33.7,5,1,10.0,7.0,40.0,55.3,1,0,458961.3
70.5,2,1,2,8,26,60.9,7.84,0.34,8.5,23.3,2,0,5.4,7.1,42.8,75.4,0,0,308036.22
82.2,4,3,1,13,14,44.5,2.44,0.71,8.5,19.8,1,1,6.5,5.7,49.1,81.1,1,0,502664.7
65.1,3,2,1,6,14,19.0,7.37,0.89,8.0,22.8,1,2,4.9,7.6,38.8,71.3,0,0,432204.28
122.6,6,4,3,11,24,18.9,5.72,0.12,7.6,30.0,2,0,8.8,8.2,47.0,70.4,1,0,649266.96
111.0,5,4,2,0,16,38.7,0.72,0.25,8.3,21.4,5,0,8.0,6.9,47.2,69.1,1,0,624325.66
70.8,2,1,1,2,9,23.0,7.47,0.37,8.4,25.6,0,2,8.0,8.7,36.8,71.0,1,0,449600.96
69.7,4,2,1,0,24,18.8,5.15,0.54,7.4,22.1,2,1,7.9,6.9,50.5,63.7,0,0,416256.32
134.7,6,5,2,5,28,11.9,3.4,0.16,10.0,14.0,3,0,8.4,7.2,43.7,82.4,1,0,772733.82
78.6,3,2,1,1,16,26.4,8.03,1.34,6.9,17.2,1,2,5.9,6.7,39.8,87.7,1,0,476015.41
114.4,5,4,1,6,9,16.6,2.73,0.15,7.6,20.3,4,2,6.8,6.6,48.7,52.9,1,0,625561.17
97.9,5,3,2,7,11,66.5,7.54,0.71,8.6,26.8,2,1,4.2,4.9,36.9,73.1,1,0,476993.2
76.7,4,2,2,12,16,7.0,11.63,0.39,7.1,24.4,1,1,10.0,8.3,38.6,60.9,1,0,468064.36
87.2,4,2,1,15,23,6.1,2.07,0.68,8.9,31.7,4,1,9.0,7.8,43.7,67.6,1,0,608144.83
70.2,3,2,1,9,19,27.1,7.27,0.29,9.1,35.2,3,1,6.1,7.5,35.3,72.4,1,0,436175.8
92.5,5,3,2,3,19,33.4,0.3,0.91,8.9,18.2,5,0,5.8,7.2,48.2,67.8,1,0,556015.87
65.8,3,2,1,24,27,15.8,4.51,0.52,8.3,12.0,0,0,4.7,6.9,34.3,90.1,1,0,513674.43
64.2,3,2,2,23,23,28.9,5.86,0.13,7.2,38.1,1,0,7.7,7.5,38.4,71.9,1,0,455635.82
77.6,3,2,1,4,15,22.0,3.29,0.62,7.3,23.3,2,0,7.2,6.1,47.1,65.7,1,0,458080.74
77.2,4,3,2,12,29,30.5,4.81,0.35,6.4,19.2,0,0,7.2,5.9,36.6,52.3,0,0,411765.86
114.0,5,4,2,16,20,21.3,3.34,0.05,7.4,17.6,3,0,10.0,8.7,43.3,66.7,1,0,642914.73
130.4,6,5,2,7,21,23.8,2.16,0.48,7.8,20.3,5,1,6.7,7.0,46.3,84.6,1,0,736291.43
88.9,4,2,1,7,19,25.9,8.82,0.5,6.7,28.6,2,0,7.6,6.9,42.2,76.9,0,0,502674.35
99.3,5,4,2,6,8,88.4,1.35,0.25,8.1,17.7,1,1,2.2,5.3,48.0,73.4,1,0,430572.87
81.8,4,3,1,6,14,15.0,6.59,0.42,7.2,17.4,4,1,7.7,7.8,44.6,73.5,1,0,537752.16
87.9,5,3,1,7,8,17.7,3.74,0.21,8.9,34.2,0,0,6.4,7.3,38.4,66.8,1,0,527241.59
130.4,6,5,2,0,5,16.1,4.81,0.31,6.6,36.6,3,1,6.3,6.7,43.7,61.5,1,0,649769.74
66.6,3,2,1,14,17,7.0,6.36,0.34,8.7,22.9,3,0,5.8,8.6,41.0,62.7,1,0,451118.28
59.4,2,1,2,3,5,33.9,10.47,0.28,7.9,41.5,3,2,5.1,8.1,24.0,70.1,1,0,370660.82
103.9,5,4,2,18,25,18.9,3.31,0.36,7.2,23.4,3,1,8.1,7.4,55.1,64.2,1,0,583159.13
73.9,3,2,1,3,17,15.8,1.87,0.18,7.0,25.2,5,2,7.5,8.9,42.0,73.8,1,0,545200.09
95.4,5,4,2,2,3,15.5,5.04,0.53,8.5,18.4,1,0,7.6,7.5,41.5,73.2,0,0,568929.06
120.8,6,4,3,5,23,56.3,5.07,0.14,8.5,30.5,3,1,4.6,4.6,38.2,89.7,1,0,591411.52
55.2,2,1,2,1,5,53.1,13.46,0.09,6.1,48.5,1,0,5.7,5.1,37.1,50.5,1,0,191988.19
129.1,5,4,3,6,7,60.2,1.96,0.05,6.9,26.9,4,0,5.1,4.4,42.8,65.9,1,0,587220.31
85.0,3,2,1,11,29,17.0,7.82,0.33,7.2,29.3,1,0,7.9,8.9,37.7,57.6,1,0,446420.26
68.4,3,2,1,3,16,4.1,6.02,0.49,4.6,21.2,4,1,8.2,10.0,53.5,69.6,1,1,493993.43
107.1,4,3,2,5,6,18.9,9.95,0.23,7.9,40.7,2,0,8.8,7.8,24.2,75.9,1,0,558942.73
111.5,6,4,2,24,24,19.6,1.89,0.66,7.6,22.5,5,0,4.7,5.0,46.8,87.0,0,0,703374.33
45.3,2,1,1,13,30,29.3,4.68,1.19,8.1,21.5,1,0,5.9,8.4,45.5,66.8,1,0,332047.87
85.0,3,2,1,8,11,12.9,11.07,0.45,9.0,30.0,3,1,6.9,7.4,32.1,69.8,1,0,469714.82
100.2,5,3,2,20,20,18.1,0.61,0.15,8.0,23.4,5,1,8.8,6.9,45.7,66.2,1,0,647130.97
96.0,4,3,2,2,12,17.9,1.6,0.22,9.0,12.5,6,0,7.0,7.2,45.4,77.9,1,0,608082.66
94.5,4,3,1,4,10,35.8,7.51,1.63,7.3,35.3,2,1,5.2,6.6,27.3,51.5,0,0,433502.78
55.2,2,1,1,14,15,30.6,1.43,0.57,7.9,21.0,1,1,7.2,7.2,54.7,74.3,1,0,439869.7
70.4,3,2,1,2,4,29.3,4.95,0.12,9.4,20.0,3,1,8.2,8.0,42.4,65.3,0,0,463072.01
60.4,4,2,1,4,22,10.3,2.4,0.11,7.7,18.9,3,1,9.4,8.5,44.8,72.5,1,0,480370.1
104.8,5,4,1,12,27,67.4,5.88,0.33,8.3,30.7,2,1,5.9,4.8,43.2,78.1,1,0,472791.06
76.0,3,2,1,14,22,52.9,15.31,0.08,7.0,26.5,0,0,5.7,5.2,33.3,48.7,1,0,328720.67
70.0,3,2,1,0,9,44.6,2.88,0.08,8.6,19.1,3,0,6.4,5.1,41.1,71.0,1,0,394557.85
132.2,7,5,1,5,13,3.8,2.59,0.58,8.8,27.3,0,0,8.4,9.9,44.7,80.6,1,1,791302.1
56.1,3,1,1,6,7,8.5,10.56,0.15,7.7,35.2,0,2,7.9,8.6,35.3,57.0,1,0,367080.02
118.0,6,5,1,17,20,25.7,2.01,0.33,7.7,32.4,2,0,5.8,6.3,45.7,60.5,1,0,586655.24
78.4,4,3,1,2,10,18.4,1.48,0.09,7.9,23.8,5,0,8.8,6.4,46.4,69.9,1,0,505498.56
112.7,5,4,2,25,29,9.4,2.32,0.53,8.5,18.3,1,1,5.7,8.8,42.2,75.1,0,0,662558.89
66.8,3,2,1,8,28,15.2,6.94,1.04,5.8,32.6,2,2,6.0,7.2,44.2,65.8,1,0,398826.37
55.7,3,1,1,7,12,59.7,2.43,0.52,8.6,23.9,3,0,7.8,4.0,56.6,59.2,1,0,326272.79
83.3,5,3,1,3,4,11.8,6.12,0.07,7.2,24.9,2,0,8.0,6.9,50.9,71.0,0,0,470331.08
109.1,6,4,2,2,5,51.5,7.6,1.07,8.6,34.4,0,2,5.8,6.2,40.9,66.8,1,0,485752.95
104.4,4,3,2,27,28,20.7,3.83,0.15,6.1,42.1,3,1,5.8,8.9,42.4,45.6,1,0,509370.26
54.2,3,1,1,23,25,10.9,3.65,0.89,8.5,16.6,0,1,9.0,8.9,54.7,71.7,1,0,440043.53
90.4,5,3,2,2,7,9.7,4.7,0.3,8.2,31.2,3,1,10.0,6.1,40.8,69.3,1,0,516730.86
89.1,4,3,1,7,18,20.3,15.8,0.54,6.8,39.4,2,0,9.8,7.3,41.2,44.4,1,0,347983.0
100.0,4,3,1,5,12,21.7,3.29,0.38,9.4,17.9,5,1,5.3,8.1,39.8,67.3,0,0,588278.72
98.4,5,3,2,13,13,24.9,4.9,0.11,7.9,25.0,2,0,9.1,5.6,41.4,68.7,1,0,582343.49
125.7,5,4,3,0,21,5.9,13.35,0.57,7.2,36.6,2,1,8.6,9.8,36.7,55.4,0,0,605904.3
90.0,5,3,2,1,18,46.7,14.08,0.75,5.6,49.1,0,0,2.1,4.1,30.6,31.4,1,0,285460.17
61.2,2,1,1,3,14,16.1,3.06,0.81,8.3,24.7,4,1,5.6,8.2,52.7,66.5,1,0,431401.22
89.5,3,2,1,3,4,43.8,1.99,0.23,8.0,22.0,4,1,3.3,5.7,47.0,66.8,0,0,458070.36
53.7,3,1,2,1,13,8.6,8.94,0.39,7.2,37.0,3,0,9.3,8.2,47.0,49.6,1,0,332493.08
61.5,3,2,1,24,24,34.1,4.58,0.37,6.4,32.8,1,1,6.4,6.7,41.7,71.4,0,0,411949.92
79.4,4,2,2,1,28,5.4,13.09,0.05,8.7,37.5,5,0,7.7,7.3,30.4,66.2,1,0,455952.21
60.0,2,1,1,0,3,23.7,1.22,0.09,7.4,30.4,4,0,7.3,7.7,57.6,59.2,0,0,421428.95
77.3,3,2,2,21,26,49.7,1.99,0.45,8.0,24.1,2,1,8.3,5.5,40.6,71.4,1,0,474553.35
44.6,2,1,1,4,7,43.1,4.97,0.28,6.4,45.2,1,2,5.7,6.7,48.8,64.5,1,0,264871.22
113.1,5,4,2,19,23,26.6,5.38,0.37,6.4,24.6,1,1,7.7,6.4,46.4,73.7,1,0,675041.04
118.8,5,4,2,5,16,28.7,2.69,0.56,6.7,16.2,0,0,8.0,6.7,42.0,78.4,1,0,603969.97
49.7,3,1,1,3,20,24.1,5.64,0.19,9.4,27.3,3,1,5.6,7.7,46.2,67.9,1,0,396132.86
136.9,6,5,2,8,9,23.4,9.37,0.52,5.8,44.1,3,0,8.3,6.5,47.6,56.0,1,0,594978.53
80.3,3,2,1,2,7,2.8,5.17,0.83,7.3,26.7,2,0,10.0,10.0,41.7,76.0,1,1,559020.91
72.9,3,2,1,9,10,33.9,9.24,0.64,7.0,29.6,3,0,8.2,6.9,41.3,58.1,1,0,403059.38
52.8,2,1,1,14,23,10.9,3.77,0.35,7.3,27.2,3,1,8.1,9.9,46.3,61.3,1,0,433742.13
84.6,4,2,2,2,17,17.8,10.13,0.08,6.4,35.9,2,1,9.2,7.3,37.0,66.7,1,0,438647.59
89.2,4,3,2,27,27,27.6,6.77,0.57,7.3,30.0,3,1,7.9,7.2,38.0,56.3,1,0,513579.01
88.4,4,3,2,1,7,37.8,2.27,1.03,7.0,20.1,2,0,6.6,6.2,39.1,57.7,0,0,456337.03
50.9,2,1,1,3,15,8.5,6.68,0.26,8.6,25.2,3,0,9.8,8.0,46.6,70.9,1,0,426537.58
49.1,2,1,1,16,21,11.4,4.93,0.53,9.5,31.5,4,1,10.0,8.4,42.4,76.4,1,0,455483.62
64.6,3,2,1,1,4,51.7,5.61,1.21,9.1,35.4,2,1,6.9,7.2,35.6,77.9,0,0,358930.56
92.6,3,2,2,3,7,34.9,4.89,0.29,6.0,29.9,1,0,6.6,8.0,40.1,69.5,0,0,437324.69
95.4,3,2,2,12,28,42.8,3.11,0.16,6.1,20.7,3,1,5.4,6.9,44.3,74.9,1,0,519301.24
68.2,4,2,1,14,28,30.2,15.66,0.49,5.1,40.7,0,0,7.8,5.8,28.8,38.9,0,0,228249.44
114.7,6,4,2,4,7,20.1,6.11,0.55,8.3,19.8,1,0,7.9,7.0,40.3,73.0,1,0,597625.99
105.5,6,4,1,7,8,37.0,5.16,0.39,7.4,35.2,1,1,8.2,7.0,43.1,69.9,1,0,526452.0
79.9,4,2,1,18,18,6.7,1.73,0.54,10.0,20.6,1,2,7.1,7.3,44.5,73.1,1,0,561293.8
124.4,6,4,2,0,4,23.5,7.26,0.31,7.7,29.9,1,1,9.0,7.2,40.8,65.0,0,0,645115.06
56.8,3,2,1,0,7,37.8,0.92,0.64,9.5,25.4,1,0,4.4,6.6,58.2,86.0,1,0,384207.37
74.8,3,2,1,0,17,22.1,7.88,0.15,8.6,33.4,2,0,7.3,9.1,37.1,72.2,1,0,388946.11
60.5,3,2,1,1,3,10.9,1.98,0.31,7.3,7.6,1,0,9.1,7.7,37.5,85.1,0,0,487590.93
110.1,5,3,2,0,21,12.2,2.05,0.23,7.4,19.5,3,0,8.0,6.2,48.6,68.5,1,0,592134.83
128.5,6,5,1,4,5,22.3,1.46,0.28,9.9,18.9,5,0,8.2,8.0,49.7,90.7,1,0,759461.74
89.4,4,3,2,3,21,23.2,18.5,0.47,4.6,65.0,2,0,9.5,8.3,36.7,33.3,0,0,297296.33
76.1,3,2,2,17,17,2.4,11.54,0.24,7.0,50.1,1,1,8.0,10.0,41.8,42.1,1,1,434094.9
86.7,4,3,1,0,5,40.0,3.17,0.22,8.8,8.2,2,0,4.2,5.8,39.5,76.1,0,0,447225.05
57.2,2,1,1,4,10,13.6,5.46,1.3,8.3,18.8,2,0,6.4,6.4,42.4,70.1,1,0,396822.19
129.3,5,4,3,2,17,8.0,7.06,1.53,7.3,32.8,3,1,8.3,8.4,37.0,56.8,1,0,673067.45
61.8,3,2,1,0,3,23.1,2.16,0.79,7.8,28.4,5,2,9.3,7.7,50.0,74.2,0,0,469069.04
85.7,3,2,1,7,8,11.5,0.31,0.87,7.2,17.9,1,1,7.8,8.4,51.5,94.1,1,0,585936.87
108.8,4,3,2,12,24,16.1,3.18,0.35,7.2,30.1,3,0,10.0,7.2,37.5,72.4,0,0,579748.18
89.0,4,3,2,13,19,30.7,1.71,0.72,9.9,14.9,1,0,5.0,7.2,44.7,86.1,1,0,581996.3
53.6,2,1,1,5,18,24.8,3.04,1.22,8.3,20.2,1,1,4.7,7.2,48.0,79.1,0,0,390986.39
109.7,4,3,2,4,15,18.0,5.41,0.4,7.2,21.8,1,0,8.2,6.9,35.5,63.2,0,0,581898.19
80.9,3,2,1,0,3,14.8,0.91,0.37,9.0,10.5,1,0,7.2,6.6,44.4,71.0,0,0,505566.49
93.3,4,3,2,4,5,20.0,4.2,0.16,7.5,23.8,1,0,6.5,7.1,33.8,68.3,0,0,527888.86
127.5,5,4,3,26,26,16.3,4.45,0.05,6.9,36.7,1,1,7.9,7.5,45.9,64.8,1,0,660851.1
138.0,6,4,2,3,8,7.7,6.55,0.55,7.1,34.8,3,1,6.6,8.8,40.3,73.7,1,0,676979.21
96.8,4,3,2,20,22,22.3,5.27,0.75,6.5,32.6,2,1,8.3,7.2,39.9,58.0,1,0,537741.37
72.9,3,2,2,11,23,61.6,5.74,0.46,9.4,24.1,2,0,5.2,4.6,43.8,71.7,1,0,406429.27
54.4,3,1,1,13,28,6.7,4.74,0.38,8.6,29.1,4,0,8.0,8.7,47.1,69.7,0,0,426334.64
91.0,4,3,1,2,5,49.9,7.14,0.05,8.3,26.7,6,0,6.0,5.7,35.2,64.8,1,0,458900.4
66.8,3,2,1,13,17,14.8,6.41,0.13,7.2,25.4,2,2,10.0,7.0,46.7,70.4,1,0,425595.87
74.5,3,2,1,10,17,15.7,1.46,0.84,8.3,25.8,2,1,7.6,8.0,51.5,75.4,1,0,519658.18
68.0,4,2,2,5,13,4.4,9.04,0.9,6.9,31.3,3,1,8.0,10.0,38.0,72.0,1,1,509765.35
47.7,3,1,1,9,29,65.8,4.11,0.05,6.6,21.4,2,1,5.6,4.8,35.0,69.5,0,0,281287.11
102.1,4,3,2,9,24,13.9,9.63,1.53,8.2,36.7,2,0,7.1,9.4,36.3,46.2,1,0,504781.01
39.0,2,1,1,8,8,6.2,5.59,0.14,8.6,17.8,2,1,9.3,9.4,43.9,63.5,1,0,387184.46
103.2,4,3,2,1,8,9.7,9.76,0.73,7.7,37.5,1,1,9.6,8.5,31.7,56.0,1,0,534768.49
61.9,3,2,2,6,11,12.7,8.4,0.2,7.5,36.1,1,1,10.0,7.4,39.0,42.0,1,0,365263.22
39.1,2,1,1,16,16,19.0,2.33,0.1,7.3,16.1,7,1,7.3,5.6,42.8,64.5,0,0,377480.27
67.0,3,2,1,23,28,20.1,2.68,0.4,8.5,14.9,6,2,5.7,6.2,48.5,83.2,0,0,479930.24
55.3,2,1,1,3,13,24.3,10.73,0.06,6.2,48.0,2,0,7.0,8.0,36.0,41.4,1,0,258536.38
81.6,3,2,1,7,26,19.9,7.62,0.05,6.7,38.0,1,2,7.9,6.5,40.4,64.6,0,0,482103.08
103.5,4,3,3,7,8,28.0,11.14,0.15,6.2,42.8,4,0,6.2,7.4,40.3,44.1,0,0,438655.79
51.0,2,1,1,19,20,15.0,2.06,0.26,7.6,25.7,6,2,8.2,6.8,46.7,71.3,1,0,451690.46
118.6,5,4,2,3,22,42.0,3.4,0.1,7.3,31.6,2,0,8.8,6.0,51.3,67.9,1,0,569689.15
46.0,2,1,1,4,17,35.8,4.14,0.15,8.7,30.1,5,1,5.8,6.0,49.7,72.4,1,0,346123.71
79.1,4,2,2,12,24,22.0,6.62,0.19,6.7,26.6,4,1,6.3,8.1,44.9,52.9,1,0,453631.95
86.4,4,3,2,6,11,11.8,2.87,0.7,8.1,23.1,2,1,9.6,8.8,46.6,80.3,1,0,564587.72
71.7,3,2,1,5,13,4.3,8.94,0.37,8.0,30.0,4,0,6.9,7.8,36.3,60.1,1,1,480281.36
52.0,2,1,1,0,4,25.3,5.87,0.15,9.0,31.0,1,0,7.3,8.4,42.2,61.5,0,0,351046.28
64.6,3,2,1,5,8,58.6,5.88,0.33,8.2,29.7,3,1,4.3,5.0,44.2,71.2,0,0,352850.26
72.3,3,2,1,18,28,18.3,5.99,0.19,5.9,41.6,1,1,5.3,8.6,47.5,59.6,1,0,429925.06
108.3,6,4,1,24,29,21.6,4.11,0.19,7.8,28.7,3,0,7.3,8.6,52.9,63.2,1,0,601388.51
80.4,3,2,1,2,28,53.5,6.23,0.23,8.5,28.7,3,0,4.5,5.0,42.5,64.7,1,0,398141.15
83.2,4,3,2,8,28,19.5,7.36,1.31,6.6,39.1,1,0,8.5,9.0,42.7,37.5,1,0,436295.03
120.4,5,4,3,20,25,20.4,3.55,0.1,9.4,28.8,2,2,7.9,5.6,53.5,71.1,1,0,694726.48
64.9,4,2,1,14,16,27.4,2.87,0.5,9.5,30.5,2,1,7.4,5.9,46.7,69.8,1,0,437984.54
121.0,6,4,2,7,16,27.7,4.5,0.3,8.5,27.4,2,1,5.7,6.5,40.1,66.6,1,0,616432.1
77.0,3,2,1,24,26,18.9,4.54,0.61,8.9,39.7,5,0,6.9,6.4,50.2,61.8,1,0,484837.41
136.1,6,5,2,8,15,15.6,8.26,0.45,8.7,37.4,1,1,8.3,6.2,43.7,68.9,1,0,677646.29
54.4,2,1,2,22,27,20.8,3.68,0.41,8.1,40.2,1,0,6.3,8.4,45.7,70.5,1,0,397681.86
110.1,4,3,3,1,7,8.6,8.75,0.48,8.3,32.9,0,1,8.4,7.6,36.4,66.0,1,0,589014.2
65.8,3,2,2,0,11,34.9,9.97,0.31,6.2,53.7,1,1,7.2,6.6,37.7,44.6,1,0,289053.89
64.1,4,2,2,7,27,40.7,4.72,0.74,8.7,31.0,0,1,7.4,6.9,49.4,64.2,1,0,417042.94
85.8,4,3,2,6,13,38.7,5.77,0.17,8.2,21.1,0,2,5.6,7.4,39.4,47.3,1,0,477910.05
88.7,4,3,1,3,9,19.5,8.64,0.35,10.0,22.4,0,0,7.1,9.0,31.9,73.3,1,0,479742.94
58.4,2,1,1,1,4,61.8,10.95,0.66,6.8,36.0,3,1,5.2,4.2,29.1,68.2,0,0,268888.5
36.2,2,1,2,15,26,30.0,5.35,0.61,9.1,23.9,1,1,5.9,8.4,38.0,54.7,1,0,305823.67
106.6,4,3,2,1,14,16.6,2.99,1.21,9.1,25.2,4,1,5.8,7.7,36.9,81.5,1,0,600275.93
97.0,4,3,2,3,7,11.3,8.54,0.76,7.4,45.9,4,1,8.8,8.0,36.3,68.3,0,0,551315.68
119.5,6,5,2,7,29,18.8,4.78,0.55,6.1,33.0,2,1,7.4,7.2,40.3,56.5,1,0,626898.38
96.8,4,3,2,3,26,25.9,2.68,0.66,7.8,17.7,3,1,8.1,7.4,46.1,94.3,1,0,626964.78
140.7,6,5,2,1,4,27.7,10.98,0.05,7.1,40.7,1,1,6.3,8.5,42.8,49.4,0,0,552174.75
100.8,5,3,2,3,16,31.6,5.99,0.8,8.7,24.9,0,1,7.0,7.4,45.4,65.8,1,0,518294.06
79.8,3,2,1,9,9,60.7,11.71,0.78,7.4,35.6,0,0,2.2,6.2,34.3,56.0,0,0,262735.43
42.1,2,1,1,0,7,34.2,8.08,0.99,7.6,31.3,1,2,7.6,5.7,35.6,67.7,1,0,353909.07
92.7,4,3,2,2,6,11.2,4.89,0.05,8.7,23.6,2,1,7.4,7.4,54.0,64.4,0,0,568304.88
95.6,4,3,3,1,12,33.6,9.33,0.5,8.2,24.2,0,1,6.6,6.7,30.2,61.2,1,0,514128.93
66.7,3,1,1,15,18,21.2,8.57,0.35,8.4,32.5,3,1,7.4,7.8,46.5,53.5,1,0,389921.03
76.1,4,2,1,6,8,11.6,2.42,0.28,7.4,37.3,5,0,7.7,8.2,40.3,68.7,1,0,467286.64
147.8,6,5,1,18,23,1.2,7.97,0.29,8.5,36.5,1,2,9.0,10.0,47.0,74.9,1,1,777948.16
67.3,3,2,1,3,8,47.3,14.81,0.35,8.0,33.0,0,1,5.9,5.2,39.8,54.8,1,0,284734.8
65.2,3,2,1,0,11,26.1,4.96,0.57,10.0,6.2,3,0,7.6,7.5,42.0,83.5,1,0,467236.24
69.9,4,2,1,3,3,36.7,8.54,0.27,8.0,34.9,0,2,4.7,7.0,44.3,60.0,0,0,375582.17
82.0,3,2,1,15,18,22.3,16.89,0.31,7.6,49.0,2,2,8.7,6.9,51.8,61.4,1,0,431284.16
68.1,3,2,1,2,29,45.5,4.21,1.37,8.5,29.6,1,0,5.8,5.9,35.4,70.5,1,0,386153.4
72.0,3,2,1,1,19,49.3,6.32,0.08,8.4,29.5,1,2,6.2,5.1,45.6,59.0,1,0,399973.13
60.8,3,1,2,9,15,17.5,6.06,0.05,8.9,20.2,2,1,7.6,7.8,48.3,71.8,0,0,441213.59
96.3,4,3,2,6,8,24.1,5.53,0.61,6.2,43.2,0,0,5.8,5.8,34.9,58.8,1,0,448869.74
72.8,3,2,2,0,4,53.3,16.73,0.16,6.8,45.3,0,2,9.2,7.2,33.5,47.0,0,0,303280.67
112.9,5,4,2,10,10,11.2,1.63,0.18,8.6,18.2,3,0,8.4,7.6,45.4,79.0,0,0,696599.67
105.6,6,4,1,11,25,8.7,5.05,1.53,7.3,32.4,1,1,6.1,7.3,47.0,53.5,1,0,545284.69
70.9,3,2,1,12,24,8.2,4.69,0.61,6.4,26.5,3,1,8.3,6.3,45.4,64.5,1,0,454732.1
103.5,5,3,2,0,6,2.1,4.78,0.63,7.5,20.3,2,1,8.3,9.2,45.5,78.3,0,1,648740.25
85.1,3,2,1,0,11,18.2,2.47,0.34,8.5,19.7,2,0,7.5,7.3,38.7,84.8,1,0,540892.85
107.3,5,4,2,4,25,8.8,10.2,0.41,7.1,38.2,1,0,6.0,8.3,48.7,52.6,1,0,524335.56
74.9,4,2,2,6,9,10.3,7.96,0.22,7.8,41.3,1,0,8.4,7.7,41.2,48.4,1,0,447831.72
89.4,5,3,2,17,23,25.8,3.15,0.47,7.2,13.8,3,0,6.0,10.0,55.0,84.5,1,0,553606.99
97.5,4,3,2,1,3,22.4,3.71,0.33,8.2,28.4,5,2,9.7,6.0,44.6,62.9,0,0,567158.58
66.7,3,2,1,7,16,15.2,2.21,0.7,8.6,28.5,2,1,7.8,8.3,51.7,69.3,1,0,461797.09
54.9,2,1,1,1,4,27.7,4.03,1.78,6.8,31.3,1,1,8.2,7.4,42.2,59.8,0,0,351254.64
104.8,4,3,2,9,10,21.2,6.28,0.9,6.4,36.7,1,1,8.9,6.0,48.4,61.1,1,0,521928.74
75.8,4,3,2,12,13,14.0,1.8,0.23,9.1,31.0,0,0,8.7,7.4,41.6,68.7,0,0,539624.51
74.9,3,2,1,7,7,30.1,4.35,1.39,8.1,33.1,3,1,7.2,9.2,48.5,74.9,1,0,511154.92
85.3,4,3,1,11,20,35.7,1.26,0.27,7.3,20.8,4,1,8.3,6.0,43.2,78.6,1,0,524928.49
74.7,3,2,1,11,14,20.7,3.38,0.05,7.7,32.6,2,1,6.7,9.4,44.2,58.1,1,0,461856.05
88.8,4,3,2,21,23,30.6,6.52,0.43,8.2,30.5,2,0,8.1,6.7,39.7,54.4,1,0,509028.08
62.6,2,1,1,21,26,1.8,4.2,0.27,7.1,33.6,2,0,8.3,9.6,43.6,57.0,1,1,455623.79
121.3,5,4,2,2,22,6.2,1.72,0.07,9.8,11.0,5,0,8.7,7.8,42.7,74.7,1,0,741787.16
75.5,3,2,1,17,21,27.9,6.29,0.47,8.3,27.6,3,0,5.3,6.0,47.3,72.4,1,0,434703.42
77.3,3,2,1,4,7,14.1,4.77,0.26,8.8,30.1,2,0,6.1,6.5,44.0,72.4,1,0,437844.56
54.0,2,1,2,8,9,11.3,3.35,1.87,8.3,23.9,4,1,8.1,7.3,42.5,84.6,0,0,471066.15
48.0,2,1,1,3,4,66.2,4.08,0.23,8.6,29.0,3,1,6.2,5.6,45.5,65.1,0,0,295681.38
77.0,3,2,1,15,19,15.6,4.12,0.36,10.0,32.2,6,0,7.7,8.2,47.9,63.7,1,0,483089.19
71.9,3,2,2,5,15,13.3,2.7,0.77,7.7,23.0,1,0,10.0,7.4,42.4,71.4,1,0,490935.38
125.6,6,4,2,10,13,13.6,10.57,0.15,6.8,43.8,2,1,8.7,9.6,37.1,42.1,1,0,563442.8
50.4,2,1,1,5,7,64.9,11.43,1.04,9.2,27.2,1,0,4.4,4.1,35.4,64.7,1,0,251493.64
75.0,3,2,1,15,15,63.6,0.56,0.87,9.7,23.6,4,0,7.0,5.4,58.5,73.2,0,0,435998.01
87.8,3,2,1,19,25,21.8,5.07,0.67,7.7,16.8,2,0,9.5,6.0,42.5,86.3,0,0,546391.58
54.4,3,1,2,13,15,48.4,12.75,0.41,6.2,43.1,3,1,3.7,6.1,43.6,50.9,1,0,219077.06
53.6,2,1,1,3,10,15.4,3.83,0.34,7.6,27.8,3,0,7.9,8.2,38.9,85.2,1,0,433575.65
79.4,4,2,1,7,13,5.4,9.41,0.87,9.4,43.3,0,1,9.4,8.0,37.1,66.1,1,0,469131.62
78.6,3,2,1,4,10,15.4,8.23,1.6,7.6,29.4,4,0,9.1,7.7,41.8,69.8,1,0,449663.9
75.4,4,2,2,10,12,7.7,2.64,0.12,9.2,8.2,4,0,9.4,7.6,48.8,81.8,1,0,599879.99
66.9,3,2,1,20,27,24.0,4.84,0.33,8.2,30.7,4,0,7.2,8.1,47.8,56.1,0,0,433001.21
94.1,4,3,2,8,29,14.3,5.23,0.85,8.2,20.5,6,2,7.6,8.6,46.4,81.5,1,0,639666.85
64.6,3,1,1,3,13,10.1,3.46,0.56,8.7,24.6,2,0,8.2,8.4,46.2,78.7,1,0,501612.22
68.8,3,2,1,6,30,54.5,7.09,0.37,7.5,26.8,3,0,4.2,6.2,44.0,66.1,1,0,352737.42
132.6,6,5,2,2,3,20.2,8.31,0.24,7.2,32.2,0,1,5.6,7.9,36.2,51.0,0,0,564415.15
67.6,3,2,1,4,9,29.2,5.7,0.26,9.4,11.0,1,1,7.8,6.5,39.9,61.3,1,0,407512.88
94.6,4,3,1,28,28,27.4,8.83,0.43,7.2,22.3,3,0,8.0,7.3,45.0,62.0,1,0,491922.75
72.2,4,2,1,8,10,28.2,5.82,1.6,8.3,30.9,2,1,9.8,7.7,48.0,74.5,0,0,416726.14
95.0,4,3,3,7,8,48.5,5.18,0.18,9.0,25.0,2,0,4.9,5.6,46.0,71.7,0,0,525513.24
81.2,5,3,1,14,28,25.8,1.06,0.21,8.9,12.5,4,0,7.8,7.6,48.2,81.1,1,0,584018.79
62.0,4,2,2,9,16,86.6,1.86,0.3,9.0,17.5,2,0,2.8,2.4,46.7,88.7,1,0,350437.78
125.3,6,5,2,16,30,3.7,14.18,1.35,5.2,48.9,0,0,8.5,8.3,32.3,54.5,1,1,577735.64
59.4,2,1,1,15,22,4.1,7.59,0.19,7.8,29.6,1,1,7.8,9.6,41.5,70.3,0,1,434115.66
63.6,3,1,1,4,9,21.1,12.52,1.57,8.3,40.6,2,1,7.7,7.0,33.5,63.2,1,0,337839.21
94.5,4,3,1,4,5,14.7,4.61,0.65,10.0,17.3,1,0,10.0,8.8,46.7,79.0,1,0,572964.12
125.4,6,4,3,3,4,32.9,20.07,0.14,7.3,53.8,3,2,6.2,6.5,30.7,48.9,0,0,467970.88
52.0,2,1,1,23,24,44.2,4.98,0.4,8.2,25.5,3,0,6.7,7.2,52.9,73.6,1,0,354930.87
84.2,3,2,2,9,20,14.5,4.64,0.13,8.5,28.9,1,0,7.1,7.7,55.1,74.2,0,0,495678.62
55.3,3,1,1,20,24,32.7,1.22,1.06,9.1,22.4,4,1,4.6,7.0,53.2,100.0,1,0,469151.01
92.4,3,2,2,24,28,78.1,8.94,0.13,5.4,35.0,1,1,3.6,3.7,39.2,56.4,1,0,379757.88
88.2,4,3,1,5,5,7.9,12.38,0.16,5.9,39.2,1,1,10.0,7.9,35.4,35.5,1,0,408925.41
81.7,3,2,1,10,16,45.8,16.31,0.8,6.7,44.7,2,1,4.7,5.2,26.3,40.7,1,0,287716.44
78.0,4,2,1,10,20,78.4,5.38,0.42,7.8,33.3,3,2,2.3,3.1,52.1,75.3,1,0,353988.79
76.9,3,2,1,10,15,14.0,3.06,0.4,7.8,37.3,3,0,6.8,8.7,56.5,71.1,1,0,470683.9
36.9,2,1,1,10,10,18.5,4.84,0.2,8.3,21.3,2,1,10.0,8.5,39.0,68.7,1,0,355452.03
85.4,3,2,2,2,6,2.6,7.47,0.34,8.1,37.6,3,1,10.0,10.0,37.5,67.0,1,1,555220.38
88.0,4,3,1,3,17,51.5,4.23,2.04,6.5,27.4,7,0,6.5,6.7,39.5,74.0,1,0,485798.37
128.4,6,5,2,4,14,2.7,4.7,0.54,6.6,29.0,5,0,10.0,9.8,38.0,70.2,1,1,716451.13
102.1,5,4,2,16,16,15.3,5.2,0.12,7.5,30.8,1,0,9.3,7.2,37.5,78.0,1,0,615569.61
60.0,2,1,2,17,22,9.5,5.44,1.23,8.4,24.3,2,0,8.2,7.3,49.2,84.8,1,0,498665.22
114.3,6,4,2,7,9,14.7,1.95,0.25,8.1,20.6,2,1,7.3,5.9,39.8,81.3,1,0,679608.12
78.6,4,3,1,3,26,7.8,6.26,1.33,7.2,43.9,2,1,10.0,8.6,40.7,61.1,1,0,466270.01
91.2,4,3,3,6,14,26.8,2.83,0.46,9.6,22.3,3,1,7.4,7.1,40.3,86.3,1,0,627359.97
74.9,4,2,1,1,11,39.6,5.79,0.2,8.5,31.3,4,1,5.0,6.7,32.1,61.9,1,0,419060.92
85.0,3,2,2,11,12,24.1,1.41,0.28,8.2,35.0,1,2,8.2,7.8,43.5,61.8,1,0,541558.28
72.5,4,2,1,10,10,4.2,10.93,0.57,9.0,46.6,3,1,8.2,10.0,31.6,49.9,0,1,442846.88
62.2,2,1,1,13,22,51.6,5.29,0.2,8.0,26.8,4,1,7.2,5.3,44.0,66.5,1,0,340656.36
70.3,3,2,1,4,4,22.8,4.55,0.63,8.9,19.9,3,0,6.0,7.7,45.4,64.2,0,0,404476.16
77.6,3,2,2,23,28,25.5,10.11,1.53,6.3,30.3,1,0,8.2,6.6,45.6,61.6,0,0,397721.46
63.7,3,2,1,15,18,27.1,7.48,0.49,6.2,26.1,2,1,7.4,5.3,44.0,67.8,1,0,417594.56
83.5,4,3,2,11,23,22.3,4.21,0.46,7.2,24.9,1,1,7.8,7.1,47.6,83.2,1,0,559390.89
85.8,3,2,1,8,25,20.7,11.73,0.53,7.6,30.0,1,1,8.0,8.8,32.9,57.0,1,0,461375.82
62.1,2,1,1,6,20,5.2,5.3,0.67,7.7,28.1,1,1,8.4,8.0,40.7,76.7,1,0,455330.6
113.9,6,5,1,9,22,5.1,5.04,0.29,7.7,23.2,2,0,9.4,7.3,41.7,71.2,1,0,629819.0
115.2,5,4,2,16,24,28.0,5.89,0.21,8.0,26.5,6,1,7.6,7.3,37.0,73.5,0,0,615574.41
95.2,4,3,2,17,26,12.4,17.11,0.6,6.6,46.4,0,1,8.3,8.7,31.5,62.7,1,0,452140.08
129.8,6,5,2,8,12,27.2,1.27,0.5,9.6,17.3,6,1,9.0,7.5,40.4,85.1,1,0,811270.57
67.7,3,2,1,6,8,48.5,18.02,0.06,5.8,42.4,2,2,3.8,7.2,31.4,40.1,1,0,275548.99
142.1,6,5,3,2,8,74.6,9.88,1.08,5.9,40.7,2,1,4.9,3.4,40.4,46.9,1,0,468195.58
59.5,2,1,1,14,24,21.8,4.32,0.58,9.6,32.4,2,1,7.9,8.7,42.9,59.7,1,0,426710.72
74.2,3,2,1,15,22,42.5,3.81,0.23,7.6,35.1,1,2,6.9,4.1,40.9,53.1,1,0,400145.99
70.0,3,2,1,4,15,54.5,6.45,0.08,8.9,34.0,0,1,6.3,3.4,41.4,63.7,1,0,351870.9
51.7,2,1,1,16,21,45.8,7.31,0.51,8.0,28.9,1,2,6.9,4.5,41.0,67.4,1,0,352747.6
60.5,3,1,1,12,19,8.3,11.21,1.56,8.6,30.8,3,0,7.9,8.5,35.6,62.4,1,0,375389.89
106.7,4,3,3,1,4,18.8,5.06,0.36,7.3,33.9,0,1,6.8,5.9,49.0,60.6,0,0,513009.86
96.6,4,3,2,2,20,68.4,5.06,0.27,8.8,28.5,1,0,5.1,4.1,46.7,55.0,0,0,407152.9
88.7,5,3,1,26,28,13.9,0.7,0.05,8.1,26.3,2,0,10.0,7.3,51.7,84.3,1,0,635894.85
55.8,2,1,1,3,9,8.9,3.63,0.61,7.4,39.7,2,0,8.1,8.8,40.3,60.3,1,0,433203.84
103.3,5,4,1,19,29,13.6,14.3,0.29,8.5,39.6,2,0,6.6,9.0,36.1,60.5,1,0,520859.56
102.6,4,3,2,4,16,66.3,7.68,0.24,6.8,28.2,1,1,5.8,5.7,35.7,54.9,0,0,396309.65
62.4,3,2,1,8,24,12.7,7.59,0.21,6.8,29.7,2,1,6.9,6.4,37.4,49.9,1,0,397927.99
85.7,4,3,1,17,17,10.3,3.92,0.35,6.9,29.1,1,2,8.8,8.1,45.6,63.5,1,0,524402.29
75.9,3,2,1,10,10,29.4,3.56,0.63,7.6,22.3,4,0,5.5,6.5,32.3,75.2,1,0,474125.81
61.9,3,2,1,10,11,21.8,7.72,0.4,7.7,37.2,2,1,7.1,7.1,48.3,49.1,1,0,387725.87
101.4,5,4,2,15,23,10.7,6.61,0.24,7.5,35.7,3,0,8.3,7.8,45.5,61.3,1,0,594106.85
71.5,3,2,1,7,13,9.4,7.74,1.05,8.0,40.5,4,1,7.9,7.5,36.2,61.4,1,0,462055.66
57.4,3,2,1,2,5,8.5,5.79,0.59,6.2,41.0,4,1,8.8,7.3,48.1,57.4,1,0,419794.62
110.6,5,4,3,1,22,21.7,6.62,0.3,7.7,12.7,3,1,8.0,6.8,43.1,59.9,1,0,549154.64
102.1,4,3,2,9,16,3.7,1.87,0.19,6.9,19.7,1,0,8.0,8.8,49.6,70.6,1,1,615855.76
51.4,2,1,1,5,29,25.3,15.51,0.17,6.2,46.3,0,0,6.5,8.1,32.1,43.1,1,0,240882.14
63.3,2,1,1,10,10,7.7,4.04,0.06,7.8,18.8,5,0,10.0,8.0,46.9,59.8,0,0,436443.11
43.4,3,1,1,3,5,44.2,5.94,0.44,7.8,28.9,1,0,5.7,7.1,32.6,76.2,1,0,342063.43
95.2,4,3,2,20,20,19.0,0.77,0.73,8.8,14.8,0,1,8.2,8.5,51.0,85.9,1,0,605606.44
74.2,3,2,1,4,25,44.1,3.5,0.06,6.8,24.8,4,0,4.0,7.4,41.4,63.4,0,0,414166.25
43.6,2,1,1,10,16,44.2,5.64,0.82,7.4,41.3,0,0,8.7,4.8,47.8,58.5,1,0,275017.84
140.3,6,5,2,11,22,2.8,7.45,0.77,9.9,36.2,1,1,9.5,9.8,39.9,66.8,1,1,760290.73
75.1,3,2,1,3,10,15.3,1.03,2.45,8.3,21.7,1,1,4.9,6.4,42.1,81.9,1,0,455793.72
58.1,4,2,1,13,19,39.4,5.64,0.22,7.6,23.1,1,0,4.9,8.1,49.6,78.7,1,0,433314.28
70.7,3,2,1,3,10,15.3,11.24,0.05,5.2,43.8,1,1,6.9,8.2,42.3,40.3,1,0,297973.07
99.1,5,3,2,3,7,7.6,6.95,0.47,7.8,15.7,2,1,10.0,7.6,44.1,76.6,0,0,553685.99
48.3,2,1,1,14,14,20.6,11.94,0.19,5.5,46.6,2,1,10.0,7.0,41.2,52.2,1,0,303201.46
59.2,4,2,1,2,4,22.1,7.45,0.67,5.1,40.3,1,0,8.3,8.1,43.0,55.6,0,0,334002.0
109.2,5,4,1,4,19,10.2,3.82,0.39,8.5,16.9,3,1,10.0,7.6,41.7,63.9,1,0,627218.37
88.7,3,2,1,12,15,5.7,4.79,1.19,8.4,36.1,1,1,10.0,6.8,39.8,66.2,1,0,510093.78
67.9,4,2,1,8,24,28.0,6.06,0.22,6.2,28.3,2,1,5.5,7.4,43.8,62.7,1,0,387410.67
83.6,3,2,1,15,16,17.7,7.95,0.11,6.1,28.9,0,0,7.7,8.7,33.8,58.4,1,0,454188.01
47.0,3,1,1,7,11,37.7,8.3,1.02,6.7,35.9,2,0,6.4,6.3,46.8,58.9,1,0,250797.06
61.7,2,1,2,2,11,36.4,4.18,1.46,9.9,13.9,1,1,8.6,7.2,41.7,85.3,1,0,489354.5
84.2,3,2,2,11,11,11.9,4.11,0.05,8.3,19.9,0,1,10.0,7.2,43.6,74.6,1,0,539432.15
70.9,3,2,1,6,29,47.5,3.65,1.74,8.6,27.2,4,1,9.2,6.0,38.9,79.1,0,0,405299.26
50.6,2,1,1,16,22,10.2,1.6,0.39,9.5,17.1,3,1,9.1,8.0,54.3,66.5,1,0,489220.19
126.8,5,4,3,4,8,17.2,9.59,0.75,8.9,42.4,4,0,8.4,7.2,41.9,58.8,0,0,576532.84
140.1,6,5,1,1,14,0.9,4.22,1.05,8.1,15.6,4,1,8.3,8.7,43.1,68.7,1,1,770658.89
98.4,4,3,2,7,12,12.5,2.32,0.18,8.7,23.4,2,0,8.3,7.1,47.6,78.5,1,0,618252.63
109.9,5,4,2,21,24,12.8,7.39,0.83,7.6,38.8,1,1,9.7,7.1,44.9,64.3,0,0,560492.35
69.5,3,2,1,4,7,16.3,7.88,0.52,5.6,41.6,0,1,9.3,7.1,43.9,63.3,1,0,405516.29
145.2,6,5,1,2,20,22.4,1.96,0.6,8.6,17.5,5,2,8.3,7.1,42.2,88.5,0,0,765663.97
61.1,2,1,2,0,9,24.0,11.08,0.33,6.6,51.5,0,0,6.1,7.3,36.2,55.0,1,0,285788.44
127.2,6,5,2,13,15,56.5,10.13,0.62,4.4,28.3,4,0,8.1,5.5,42.9,55.3,1,0,513541.88
122.8,6,5,2,3,3,9.3,5.92,0.52,7.0,30.5,2,1,9.1,7.9,34.0,62.8,0,0,669103.85
81.4,5,3,2,7,8,11.7,5.75,0.35,7.3,36.4,4,0,8.5,7.9,35.7,50.2,1,0,484637.89
127.9,6,5,1,4,23,18.9,9.52,0.43,8.3,42.0,2,1,9.1,6.6,47.6,50.6,0,0,580021.09
101.2,4,3,2,8,23,34.6,3.98,0.83,7.9,20.1,4,0,5.7,6.8,39.5,58.4,0,0,508338.66
67.8,3,2,1,10,10,22.7,11.15,0.2,6.4,40.2,2,1,6.4,5.7,46.2,51.2,1,0,323263.33
70.9,4,2,1,6,11,17.3,1.07,0.44,7.0,29.5,0,1,7.3,6.5,43.9,67.3,1,0,466294.37
93.6,4,3,3,0,9,22.0,6.33,0.54,7.5,29.2,2,1,6.0,6.2,34.4,79.6,1,0,550590.24
61.1,2,1,2,10,12,30.0,5.15,0.24,8.0,19.5,3,0,7.2,6.3,49.4,71.3,1,0,404231.23
99.9,4,3,2,0,10,11.0,1.87,0.74,8.8,9.8,1,0,5.2,8.2,46.5,79.3,1,0,618412.3
127.7,6,5,2,2,4,63.5,9.71,0.38,8.1,29.5,2,1,4.0,5.1,41.3,57.1,0,0,503228.0
66.5,3,1,1,6,20,20.0,3.58,0.16,6.6,24.3,1,1,4.7,7.7,37.7,67.1,1,0,408729.81
89.3,5,3,2,8,30,29.6,8.9,0.34,7.7,28.3,2,1,6.6,7.7,42.1,45.9,1,0,467135.39
109.3,6,4,1,17,17,8.5,7.69,0.45,7.4,45.5,2,0,8.1,8.2,27.9,65.1,1,0,578518.12
120.8,5,4,2,22,26,22.3,2.88,0.21,7.9,28.7,4,0,9.3,6.3,50.2,67.2,1,0,671021.49
124.4,6,5,1,1,8,9.7,1.11,0.56,8.6,19.1,3,1,8.8,8.0,39.9,66.5,1,0,679375.94
69.5,4,2,1,9,26,20.8,6.91,0.1,9.4,26.2,4,0,6.4,6.4,48.9,68.3,1,0,423979.32
120.6,6,5,2,11,16,28.1,7.88,0.86,7.3,31.8,3,1,6.5,6.6,46.1,68.3,1,0,585486.04
106.9,4,3,2,25,27,29.0,6.41,0.06,7.8,34.1,2,0,9.2,7.3,47.0,71.2,1,0,575294.94
58.6,2,1,2,17,27,19.2,2.9,0.48,7.2,18.6,3,0,6.1,7.3,52.3,85.9,0,0,444072.34
75.3,3,2,1,20,29,11.7,16.94,0.36,5.4,42.3,0,0,10.0,8.5,48.4,45.6,1,0,361998.33
101.4,4,3,2,8,24,54.5,5.19,0.11,6.7,30.0,4,1,6.0,5.5,42.6,56.1,1,0,458623.42
66.0,4,2,1,8,26,57.1,1.27,0.13,6.7,5.4,4,1,3.2,3.8,47.7,78.4,1,0,372839.8
94.4,4,3,2,9,20,4.0,9.83,0.3,6.6,31.2,3,0,7.2,9.1,33.2,67.4,1,1,560707.34
106.7,4,3,2,0,26,24.1,3.16,0.9,9.9,27.9,4,1,8.6,7.8,38.1,78.3,0,0,629158.84
44.1,2,1,1,2,5,12.0,8.12,0.61,6.7,39.8,2,0,9.3,8.3,34.4,60.6,1,0,317679.38
106.0,4,3,1,1,3,14.1,2.76,0.56,7.8,13.6,2,2,8.7,6.6,43.3,80.0,0,0,616148.26
83.0,4,3,1,22,25,38.7,5.31,1.09,6.4,30.1,2,1,6.6,5.9,48.1,61.7,1,0,419253.88
61.6,3,2,1,1,3,9.2,2.16,0.45,8.0,14.4,2,0,8.2,8.2,40.1,75.5,0,0,441032.81
61.1,2,1,2,9,16,2.6,5.0,0.91,6.8,24.4,4,1,7.7,9.0,44.7,69.2,0,1,483919.48
77.7,3,1,2,27,29,12.1,2.99,0.45,7.8,20.7,2,0,8.8,7.5,54.4,51.0,1,0,492242.57
55.7,3,2,1,1,3,23.4,4.44,0.4,7.6,32.1,3,0,9.9,7.4,42.6,62.0,0,0,383602.87
105.9,6,4,1,2,3,16.6,3.62,1.35,7.9,32.4,3,0,7.8,9.4,48.1,58.6,0,0,539696.16
74.8,3,2,1,1,6,22.5,10.05,1.04,8.4,30.4,1,1,7.9,7.6,28.4,52.0,1,0,405778.01
89.3,4,3,1,9,14,40.9,12.37,0.61,8.8,25.9,0,0,7.8,6.9,29.5,51.3,1,0,402013.03
74.1,3,2,1,16,17,22.8,3.5,0.3,9.9,9.4,4,1,6.7,6.3,49.4,79.4,1,0,542890.24
65.3,3,2,1,1,30,51.3,10.71,0.25,7.3,44.8,2,2,6.2,4.4,37.9,60.9,1,0,303258.43
102.2,5,4,1,5,6,24.0,16.41,0.95,6.7,43.9,3,1,8.6,6.3,33.5,40.3,1,0,439087.94
94.8,4,3,2,9,12,30.7,2.01,0.75,8.4,21.2,2,1,5.9,6.6,46.2,65.6,1,0,556411.95
44.0,2,1,1,1,13,23.1,4.75,0.06,8.7,17.9,1,1,5.5,7.4,35.8,76.0,1,0,352582.4
70.6,3,2,1,1,8,10.4,3.93,0.73,7.3,33.7,0,0,8.0,8.4,33.6,74.8,1,0,482049.22
49.9,2,1,1,19,30,31.2,15.98,0.95,5.6,51.5,1,0,8.2,7.7,41.6,48.9,1,0,238540.17
67.2,3,2,1,2,12,12.2,6.24,0.35,5.7,30.4,0,0,6.0,9.1,46.0,69.7,1,0,455346.63
91.6,4,3,1,7,14,54.1,16.4,0.15,7.4,38.1,1,0,5.8,3.4,30.2,50.8,1,0,306735.51
38.4,2,1,1,5,5,17.4,8.67,0.76,7.7,34.5,0,1,7.6,6.6,28.7,68.5,1,0,292482.92
76.2,3,2,2,6,17,32.4,9.37,0.2,6.6,23.2,1,0,6.5,8.4,38.3,59.4,1,0,423680.44
89.5,3,2,1,12,18,54.6,5.21,0.45,9.5,28.6,2,1,5.8,5.8,40.4,73.9,1,0,479888.36
105.3,5,4,2,1,12,19.2,7.44,0.77,6.9,30.8,2,0,5.2,7.3,43.5,53.8,1,0,469661.53
149.3,6,5,3,21,24,49.7,7.02,0.12,9.2,29.5,3,0,7.5,3.5,39.8,79.7,1,0,757796.25
53.4,2,1,1,6,25,31.6,7.57,0.25,6.7,33.2,3,1,5.6,5.4,44.0,75.5,1,0,345230.54
84.2,5,3,1,0,13,11.9,0.97,0.32,8.6,26.8,2,1,8.8,8.7,44.8,75.9,1,0,557965.39
67.4,3,2,2,5,18,41.7,14.15,0.47,7.2,48.2,1,1,7.3,5.7,41.5,65.0,1,0,345639.92
72.1,4,2,1,15,19,75.2,7.73,0.05,7.0,40.5,3,0,6.2,4.9,45.4,64.1,1,0,368277.33
107.6,4,3,2,7,16,22.6,4.75,2.02,6.6,30.4,8,0,7.4,6.8,41.0,64.6,1,0,549112.39
110.9,6,4,2,12,18,77.4,9.57,0.36,7.4,34.5,2,0,1.6,6.4,42.2,57.0,1,0,428590.29
124.4,6,5,1,13,16,32.1,4.91,1.51,7.1,24.3,1,1,4.5,6.7,44.4,82.6,1,0,596312.11
104.1,5,3,2,1,8,21.3,10.84,0.3,5.6,36.0,3,0,9.5,5.8,29.0,54.1,1,0,486896.97
73.7,3,2,1,12,12,15.0,3.52,0.43,6.3,31.0,2,1,7.2,8.2,48.2,65.9,1,0,496677.2
90.4,4,3,3,3,19,48.7,14.5,0.17,6.9,43.0,1,2,5.2,5.9,33.9,59.5,1,0,437767.29
71.8,3,2,1,14,25,10.0,6.22,0.18,5.5,42.3,2,1,6.6,7.3,32.9,61.6,1,0,426027.15
101.1,4,3,1,4,12,13.7,14.4,0.29,6.5,41.8,0,1,7.5,7.9,27.3,49.3,1,0,465357.77
70.7,4,2,1,20,23,32.7,18.01,0.75,7.1,37.4,1,1,9.4,7.7,32.8,57.6,0,0,331385.27
74.1,4,3,2,10,12,22.9,3.93,0.42,6.5,29.8,2,1,7.5,7.0,48.7,53.6,1,0,439873.35
74.1,4,2,1,1,16,11.7,0.4,0.63,7.1,29.3,6,1,7.0,6.9,41.7,70.7,1,0,471813.49
58.4,2,1,2,22,22,14.5,0.3,0.46,8.8,23.2,4,0,9.6,7.9,54.0,76.7,1,0,493482.75
99.4,5,4,2,17,19,28.9,2.04,0.39,5.6,31.1,5,1,3.3,6.3,51.6,65.0,1,0,513540.59
39.6,2,1,1,3,11,90.0,1.77,0.57,8.2,29.8,4,0,3.0,3.8,43.4,78.6,1,0,252913.18
78.8,4,2,1,14,17,14.3,3.88,0.26,7.5,28.4,2,1,7.5,9.0,49.2,62.0,1,0,466236.01
65.1,3,2,1,2,9,26.0,10.63,0.37,8.7,22.7,1,0,6.9,5.9,36.8,64.1,1,0,323905.81
45.7,2,1,1,3,4,42.8,4.38,0.14,9.6,29.7,1,0,4.0,4.3,38.5,92.0,0,0,350916.1
52.7,2,1,1,4,6,27.1,6.99,0.47,8.0,32.3,3,0,7.0,9.3,39.3,71.0,0,0,361545.79
47.8,2,1,1,15,22,17.7,8.92,0.26,6.7,34.5,3,0,7.2,7.6,37.7,67.9,1,0,333276.3
114.8,6,4,2,5,26,17.5,8.33,0.16,7.6,24.4,4,1,6.4,6.3,43.7,64.1,1,0,542204.07
69.4,3,2,1,1,20,44.9,1.95,0.15,9.1,15.8,2,2,5.4,5.0,46.1,88.2,1,0,474201.74
122.4,6,5,2,9,13,3.3,2.47,1.16,8.9,9.5,3,1,5.9,9.0,53.0,65.1,1,1,695585.24
91.9,4,3,2,5,7,22.8,2.91,0.19,5.8,24.9,2,0,10.0,7.5,43.6,76.2,1,0,518541.52
74.5,4,2,1,8,28,15.9,2.72,0.69,6.7,22.5,5,0,2.8,5.2,46.8,67.8,1,0,446090.84
96.3,4,3,2,10,10,5.1,5.89,0.56,8.5,27.1,4,0,8.4,8.9,44.3,63.3,0,0,542956.28
70.3,3,2,1,23,24,21.2,2.89,0.42,6.9,37.6,2,0,7.3,6.6,51.1,60.2,1,0,407971.57
104.5,4,3,1,13,22,12.7,4.42,0.76,8.3,32.9,3,2,7.3,9.3,47.0,67.9,1,0,600091.15
76.8,3,2,1,0,7,8.5,6.39,0.66,8.5,28.9,4,1,8.1,8.4,36.1,75.6,1,0,512422.3
77.8,3,2,1,0,4,48.3,0.55,0.67,9.0,14.3,2,0,6.7,6.7,45.3,69.0,0,0,422455.96
112.7,5,4,2,3,7,9.9,3.28,1.22,8.6,16.0,3,1,6.5,7.7,43.3,86.6,1,0,678978.56
122.8,6,4,3,2,5,7.9,2.82,1.52,7.7,32.6,5,0,5.8,8.3,54.3,61.1,1,0,628652.08
110.6,6,4,2,9,14,6.0,5.21,0.55,6.5,21.6,2,0,7.8,9.6,34.5,64.0,0,0,576702.11
84.2,3,2,2,10,21,25.2,5.94,0.27,9.6,17.9,4,1,3.2,6.2,46.7,68.7,1,0,501693.67
102.1,4,3,3,1,9,27.2,11.1,0.45,5.2,59.1,1,0,5.9,7.4,44.1,48.8,1,0,425557.46
72.8,3,2,1,15,21,73.6,9.78,0.14,7.4,34.0,3,1,3.3,4.9,36.4,55.3,1,0,298561.25
72.3,3,2,1,2,6,16.2,3.49,1.29,7.5,40.9,3,1,8.1,9.0,53.6,61.3,0,0,469058.8
70.9,3,2,1,0,25,14.2,4.14,0.42,9.3,21.6,4,0,10.0,7.1,42.6,63.9,0,0,465122.1
119.5,4,3,2,0,16,7.6,4.4,2.3,8.0,35.5,2,1,8.9,7.2,40.5,68.3,1,0,629594.54
47.7,2,1,1,21,21,28.3,8.79,0.27,6.6,37.3,3,1,7.6,8.1,43.8,48.5,1,0,307770.03
65.6,3,2,1,1,28,5.8,11.93,0.1,6.6,34.9,0,1,7.5,8.0,36.8,54.0,0,0,370204.88
119.6,6,4,2,11,28,12.6,7.48,0.96,8.5,23.9,1,0,7.2,6.9,43.1,59.8,1,0,612038.08
66.2,3,2,1,19,20,24.2,6.04,0.84,8.8,12.0,0,0,6.5,6.7,39.1,64.4,1,0,412203.35
57.7,2,1,2,17,28,13.0,1.44,0.74,9.0,13.8,5,1,7.9,6.4,50.5,72.0,1,0,501449.0
44.3,2,1,1,6,9,12.7,4.93,0.18,8.0,32.3,2,1,7.5,7.8,34.0,60.6,1,0,363915.54
110.9,5,4,1,0,17,11.0,9.5,0.28,6.4,36.2,1,0,8.8,5.0,35.4,61.8,1,0,517786.22
75.0,3,2,1,10,23,50.1,5.03,0.34,7.2,25.1,2,1,6.6,6.0,41.8,63.1,0,0,382365.46
68.5,3,2,1,1,3,12.2,4.91,0.36,8.4,25.9,2,1,10.0,6.3,41.7,80.4,0,0,472805.96
126.7,6,4,3,11,14,28.5,1.51,0.3,9.3,27.0,3,1,7.5,8.2,46.2,69.7,1,0,722757.1
99.1,6,4,2,1,28,11.5,12.44,0.39,5.5,32.8,0,0,8.7,7.2,36.7,52.7,0,0,438105.21
65.3,3,2,1,16,26,14.1,1.66,0.16,6.6,27.8,1,0,9.8,6.9,41.1,65.1,1,0,467510.1
94.6,4,3,2,5,21,20.6,12.72,0.9,6.8,30.1,2,1,8.7,7.4,36.3,56.1,1,0,474672.09
79.6,5,3,1,15,29,47.2,6.02,0.68,8.0,9.5,0,0,5.3,6.3,39.5,71.8,0,0,421195.93
89.0,4,3,3,18,25,2.5,15.05,0.8,6.9,39.3,4,0,7.3,9.6,39.1,52.0,1,1,522704.26
50.5,2,1,1,5,8,43.5,8.89,0.51,8.0,29.6,1,0,5.4,4.5,48.0,68.9,1,0,293835.18
112.6,5,4,1,6,28,9.8,9.65,0.92,6.8,33.9,5,1,7.1,8.1,39.4,60.0,0,0,511466.6
81.3,3,2,1,18,30,22.6,4.57,0.05,9.2,24.1,3,0,7.7,7.2,53.7,74.3,0,0,525233.31
66.6,4,2,1,14,15,19.0,5.15,0.08,9.4,28.9,0,0,8.5,7.3,45.7,80.4,1,0,524792.61
76.9,3,2,1,3,8,7.0,4.6,0.54,8.5,20.9,2,1,7.9,8.7,38.8,69.3,0,0,536972.21
65.1,2,1,2,15,15,12.8,2.8,0.48,7.6,15.8,0,0,7.6,7.0,47.7,83.4,1,0,498336.81
62.7,2,1,1,16,17,19.0,6.06,0.22,5.0,42.0,1,1,3.8,6.3,33.9,59.1,1,0,330043.99
93.2,4,3,2,5,18,6.4,2.36,0.74,7.5,33.6,3,1,7.7,8.8,45.6,47.5,0,0,517649.72
38.6,3,1,1,5,10,37.6,3.38,0.18,8.2,26.3,5,0,10.0,4.5,49.9,72.6,1,0,319260.38
78.6,3,2,2,8,15,20.7,3.31,0.46,8.7,27.1,5,0,9.3,7.6,39.4,83.3,1,0,576109.49
62.9,3,2,1,1,15,13.2,3.54,0.99,7.7,33.0,1,0,10.0,6.6,47.9,73.0,1,0,447955.09
54.2,3,1,2,4,30,15.6,2.93,0.29,8.0,31.7,2,1,8.7,9.0,39.2,68.9,0,0,479820.63
129.6,6,5,2,20,22,37.5,1.33,0.14,10.0,10.3,1,1,7.9,5.0,48.3,76.6,1,0,730949.56
75.3,3,2,2,22,22,43.3,2.28,1.73,7.1,23.7,2,0,5.6,4.7,43.4,83.8,1,0,446873.41
72.1,3,2,1,4,14,10.4,7.08,0.64,6.0,22.4,3,1,7.1,10.0,40.4,64.3,1,0,478498.06
76.6,3,2,1,11,21,7.5,3.98,0.66,5.6,32.3,2,0,10.0,9.3,59.5,54.4,0,0,421913.9
75.1,3,2,2,9,19,31.1,4.35,0.68,8.9,29.2,5,0,5.3,6.0,40.9,71.7,0,0,449551.04
56.2,2,1,1,3,28,8.4,12.0,0.16,5.7,31.9,2,1,9.2,6.8,35.4,48.4,1,0,338874.8
103.1,4,3,3,3,5,27.2,16.11,0.71,6.2,50.9,1,1,9.9,6.1,33.0,28.2,1,0,381992.4
132.5,7,5,1,14,17,9.4,13.43,0.53,7.7,46.5,1,0,9.8,8.3,37.1,54.1,1,0,576755.45
69.5,3,2,1,9,19,9.4,12.73,1.37,8.5,48.0,1,0,8.0,8.3,42.8,56.4,1,0,419310.27
95.4,4,3,2,1,8,5.1,8.59,0.61,7.5,32.4,3,1,10.0,7.8,35.3,59.7,1,0,568166.87
93.0,4,3,2,23,26,61.9,10.67,0.22,6.2,42.1,5,0,5.2,6.8,43.9,52.4,1,0,402743.64
112.7,6,4,2,4,21,43.5,11.2,0.39,7.5,46.4,2,0,5.9,5.3,35.1,57.2,1,0,475351.14
64.7,3,2,1,12,14,16.1,11.54,0.05,6.0,32.1,2,0,9.0,5.7,46.8,50.9,1,0,311851.09
63.9,4,2,1,3,6,23.4,2.22,0.1,8.2,22.4,4,2,6.1,9.9,45.3,64.4,1,0,483197.65
77.2,3,2,1,8,23,22.9,4.64,0.4,6.5,20.8,2,0,5.3,8.1,44.0,57.4,1,0,413357.7
87.3,5,3,2,17,25,62.6,5.88,0.31,6.9,31.1,2,0,4.5,4.8,48.2,61.4,0,0,381548.65
111.4,5,4,2,2,14,26.3,1.67,1.14,10.0,17.7,6,0,6.3,7.2,51.4,80.8,1,0,665965.51
61.1,2,1,1,23,29,35.1,1.25,1.75,9.4,15.3,1,1,4.5,6.7,54.9,60.6,1,0,360029.77
75.2,3,2,2,10,24,48.1,6.42,0.39,7.0,35.7,1,2,5.8,4.2,46.8,66.9,1,0,399671.85
120.6,6,4,2,3,4,10.2,2.58,0.41,7.7,19.4,1,2,7.5,7.9,50.0,70.3,0,0,654271.28
109.3,5,4,2,8,9,11.5,7.13,0.59,8.4,27.1,3,0,6.8,8.3,41.3,62.4,1,0,597724.54
123.6,6,5,2,11,18,43.4,7.38,1.11,7.2,40.2,1,2,6.1,6.5,52.2,73.0,1,0,568362.2
83.2,4,3,2,25,26,15.7,4.7,0.11,9.1,39.3,3,0,6.5,5.2,51.7,77.5,1,0,502507.11
81.5,4,2,1,9,14,9.0,4.78,0.3,6.4,40.2,3,0,10.0,8.2,46.3,66.8,1,0,491451.29
86.9,5,3,2,9,18,22.0,3.41,0.18,8.0,27.2,2,1,10.0,7.7,44.0,62.2,0,0,502454.0
102.0,4,3,2,8,16,42.5,1.86,0.13,7.5,29.2,1,1,7.2,6.1,38.1,80.2,1,0,583702.08
45.0,2,1,1,1,3,66.8,6.61,0.06,8.0,31.9,6,1,3.9,3.6,40.4,57.5,0,0,254133.39
81.5,3,2,1,8,24,54.7,4.72,0.32,8.1,12.9,3,0,6.0,6.8,38.9,70.3,0,0,430418.45
113.7,5,3,2,0,29,1.9,2.23,0.05,8.3,11.9,3,2,7.9,9.6,41.0,78.1,1,1,709592.85
39.5,3,1,1,5,11,16.0,4.3,0.33,8.4,23.9,1,0,8.9,7.4,43.5,54.3,0,0,322177.34
87.3,4,3,2,9,9,7.2,9.89,1.5,7.6,48.6,0,1,9.6,7.9,46.1,59.1,0,0,454066.13
95.2,4,3,1,5,7,10.6,1.24,0.14,7.2,15.4,4,1,9.5,6.4,44.7,67.5,0,0,554980.73
129.1,7,5,1,12,12,22.5,5.3,0.21,7.7,33.7,2,0,6.9,9.2,38.9,62.4,1,0,657255.28
59.2,3,1,1,5,29,22.4,2.09,0.49,8.1,14.6,3,0,8.6,8.4,37.4,65.7,1,0,447469.51
66.4,3,2,1,7,12,1.9,4.29,0.27,7.9,33.2,2,0,9.6,8.9,38.0,76.3,1,1,525465.63
111.9,4,3,2,22,27,10.6,0.78,0.15,10.0,22.0,2,0,8.7,6.0,60.6,75.8,1,0,667485.48
78.9,3,2,2,17,20,57.1,1.38,2.11,8.4,13.0,7,1,5.3,5.9,45.3,77.1,1,0,526757.89
86.3,4,3,2,3,9,5.8,1.25,0.91,10.0,19.6,2,0,7.0,8.9,35.8,91.7,1,0,662299.27
94.0,4,3,2,0,27,42.6,14.92,0.25,4.8,51.8,1,0,6.8,6.2,34.6,52.9,1,0,349006.38
43.4,2,1,1,11,20,13.4,6.35,0.43,7.2,32.5,1,0,7.7,7.4,39.7,64.7,1,0,365313.68
83.7,3,2,1,10,15,19.7,2.57,0.18,7.9,32.7,3,1,5.8,5.7,45.4,64.0,1,0,485621.61
65.7,3,2,1,10,13,46.3,2.67,1.39,9.7,26.3,0,0,4.9,6.5,49.8,69.1,1,0,396897.67
81.9,3,2,2,12,12,16.7,8.3,0.05,5.3,50.0,3,0,8.5,5.9,47.5,57.5,1,0,404062.71
103.2,5,4,1,22,24,59.5,7.27,0.63,8.6,40.8,1,0,4.3,5.5,44.2,56.5,1,0,432170.52
109.1,6,4,2,3,11,5.6,4.91,2.33,8.4,30.2,3,0,7.8,8.9,43.5,53.8,0,0,517131.85
80.7,4,3,2,5,17,37.0,12.61,0.29,7.5,44.9,0,2,3.4,6.1,42.8,48.7,1,0,351999.67
100.8,4,3,2,12,16,33.9,2.68,0.85,8.0,22.9,0,2,8.4,6.4,42.0,75.6,1,0,563843.2
81.4,3,2,1,5,5,55.2,1.3,0.14,8.5,24.4,4,0,3.7,2.9,38.9,69.5,1,0,400191.19
106.7,6,4,2,12,26,30.1,12.1,0.84,7.0,44.0,1,0,7.1,5.9,40.8,62.9,1,0,486895.18
83.6,5,3,2,5,16,18.0,3.46,0.58,7.4,22.7,1,0,7.1,7.0,38.4,65.1,0,0,464910.08
109.4,4,3,3,21,23,10.0,1.35,0.5,9.2,31.0,8,0,8.7,6.3,47.0,72.6,1,0,669685.75
107.8,6,4,3,3,18,15.6,5.09,0.34,8.0,25.1,2,1,8.3,8.9,41.7,63.0,1,0,658027.78
80.8,3,2,1,20,25,5.0,5.82,0.25,7.0,32.7,2,1,8.4,8.6,46.4,63.3,1,1,503263.02
113.8,6,4,3,2,30,35.7,4.94,0.15,8.3,25.7,1,0,7.0,6.1,40.1,60.7,0,0,551674.75
51.2,2,1,2,0,5,19.6,11.6,1.22,6.9,49.1,0,1,7.7,9.2,40.7,64.1,1,0,287842.56
73.0,3,2,1,10,10,17.6,15.59,0.28,6.2,36.0,2,2,5.8,8.5,34.6,59.0,0,0,388482.26
62.7,3,2,1,1,4,14.7,3.5,0.6,6.4,19.4,3,0,9.8,9.4,34.3,58.4,0,0,420305.61
119.3,6,5,1,26,26,32.7,9.05,0.5,6.9,31.1,3,2,9.1,8.0,45.4,69.4,1,0,636637.54
109.8,5,4,1,0,4,17.5,3.87,0.81,7.5,24.3,2,1,6.5,8.2,42.7,80.9,0,0,599908.85
76.6,5,3,2,25,25,21.1,12.0,1.25,7.4,38.9,1,0,5.3,6.5,40.2,61.5,1,0,412099.37
109.1,5,3,2,1,20,20.8,1.65,0.24,7.9,14.1,0,1,9.5,5.9,42.7,85.1,0,0,646883.5
96.3,4,3,2,4,9,29.8,5.58,1.21,10.0,26.6,3,0,5.4,7.6,39.1,73.0,1,0,495180.18
103.7,5,4,2,0,19,28.3,7.72,0.45,6.0,25.9,3,0,9.1,6.4,34.6,67.2,1,0,513589.89
69.9,3,2,2,4,8,46.2,7.85,0.18,6.3,35.6,2,1,7.7,3.6,47.2,64.0,1,0,373694.48
85.9,3,2,2,10,12,42.4,3.69,0.53,7.5,35.0,5,1,5.9,6.6,47.7,59.8,1,0,462596.17
57.8,2,1,1,3,9,14.5,4.63,0.24,8.3,32.5,3,0,7.8,7.9,45.4,75.3,1,0,397940.44
107.1,4,3,2,0,6,65.1,7.31,0.37,7.3,29.7,0,0,3.2,3.6,38.1,67.1,1,0,434792.27
90.5,4,3,2,11,13,28.0,5.69,0.53,7.2,25.7,1,1,7.2,8.3,38.7,58.2,1,0,489868.75
73.4,3,2,1,0,18,74.3,5.45,0.47,6.7,48.6,0,0,4.8,3.5,25.5,47.2,1,0,291956.98
56.4,2,1,1,6,29,25.4,3.6,0.42,8.5,29.6,3,1,7.8,9.3,49.3,72.8,1,0,430187.63
112.6,5,4,1,2,19,15.6,2.37,0.94,10.0,24.9,3,0,8.9,8.9,53.9,75.0,0,0,627500.83
69.0,2,1,2,25,30,13.1,10.35,0.72,6.2,45.4,3,1,9.7,8.8,36.2,44.7,1,0,379733.01
83.3,4,3,1,8,8,4.6,2.2,0.97,8.8,26.2,4,0,8.6,8.8,35.4,83.4,1,1,607103.61
131.1,7,5,2,13,22,23.9,11.66,0.24,8.7,39.6,3,0,10.0,7.3,42.2,63.4,1,0,607652.7
66.1,3,2,1,11,21,24.8,13.16,0.24,7.1,43.1,3,1,8.0,7.4,46.2,57.6,1,0,352222.35
70.6,3,2,1,15,22,19.9,8.79,1.04,7.8,35.5,1,1,8.3,7.1,38.0,63.3,1,0,419281.18
94.6,4,3,1,16,24,26.5,3.8,0.39,8.0,24.0,0,0,7.8,7.0,55.7,61.0,0,0,496267.77
107.8,5,4,3,11,23,6.5,1.18,0.62,10.0,18.2,3,1,9.2,9.9,49.3,70.6,1,0,727269.46
79.9,3,2,1,3,20,18.7,7.78,0.24,8.4,41.5,4,0,8.4,6.8,27.1,72.7,1,0,480394.23
129.9,6,5,3,16,17,8.1,1.74,0.38,9.4,26.5,2,0,10.0,8.5,53.4,77.0,1,0,705807.41
57.5,2,1,2,0,4,27.1,3.0,1.07,8.0,19.1,0,0,3.4,6.4,41.4,64.5,0,0,377028.95
81.0,4,2,1,20,21,22.7,3.53,0.11,8.8,30.7,4,0,7.1,5.7,46.5,70.3,1,0,515565.82
98.6,4,3,2,16,29,42.1,2.4,0.43,8.1,23.3,2,0,3.7,7.2,45.7,76.7,1,0,521765.76
109.7,5,4,1,2,8,16.0,2.79,1.33,8.9,17.8,2,1,10.0,8.0,43.7,71.1,1,0,719141.57
43.6,2,1,1,6,14,41.9,5.63,0.26,7.4,32.6,1,2,4.1,7.2,37.7,67.1,1,0,313970.72
105.6,6,4,2,1,3,18.6,19.25,0.21,7.4,42.7,3,0,6.6,6.5,24.0,56.2,0,0,427367.05
96.5,4,3,1,17,29,32.3,7.3,0.19,8.2,24.2,1,2,5.8,6.1,46.4,81.3,1,0,533447.05
66.3,3,2,1,19,25,11.0,10.42,0.75,6.8,46.4,2,0,6.4,8.3,35.3,41.1,1,0,365495.0
49.0,2,1,1,1,26,20.9,3.33,0.63,9.0,15.0,2,1,7.2,8.1,37.2,82.8,0,0,412788.93
128.7,5,4,3,8,25,19.3,16.6,0.64,6.2,48.6,1,0,4.6,8.6,23.8,51.0,0,0,473340.17
44.6,3,1,1,11,13,43.7,15.46,1.17,5.4,53.2,2,1,8.4,6.0,40.1,48.1,1,0,212347.73
73.2,3,2,1,8,21,19.3,3.82,0.28,7.8,20.6,1,1,8.3,7.9,55.8,64.2,1,0,459010.7
78.3,3,2,2,11,24,19.4,16.16,0.64,6.3,54.1,0,1,6.6,9.2,28.1,49.8,1,0,346994.66
107.0,6,4,1,5,6,70.8,2.73,0.68,7.0,30.7,2,1,5.1,4.2,40.4,64.2,1,0,489991.57
98.9,4,3,3,12,23,35.9,4.44,0.51,8.5,50.1,1,2,7.1,6.8,44.4,68.0,1,0,546749.63
84.4,4,3,1,15,21,16.5,4.76,0.47,8.4,27.7,4,1,6.5,7.4,49.1,73.3,1,0,523164.23
62.4,3,2,1,12,23,30.1,3.65,0.49,8.0,39.0,1,2,8.1,7.0,44.7,77.3,1,0,440827.52
99.9,4,3,2,6,8,38.3,0.96,0.55,9.2,11.5,2,1,6.1,7.8,54.0,85.9,1,0,606463.35
83.7,5,3,1,6,10,22.2,1.07,0.53,8.0,16.8,1,0,9.2,6.7,41.9,60.4,1,0,531087.36
121.7,5,4,2,1,30,35.0,4.14,0.77,6.5,37.0,1,1,5.9,5.7,42.0,64.6,1,0,578636.54
119.2,5,4,3,11,24,20.8,10.96,0.63,6.5,35.0,1,1,5.6,8.2,39.2,67.7,1,0,619229.49
44.5,3,1,1,9,11,44.0,4.87,0.21,7.1,26.0,2,0,7.5,7.6,34.6,55.5,1,0,272447.06
87.1,4,3,1,11,12,3.9,2.94,1.01,7.8,38.5,3,0,8.4,8.0,44.8,66.8,1,1,535257.83
49.7,2,1,1,7,12,9.7,9.04,0.22,7.5,39.1,2,1,8.3,7.6,41.1,63.0,1,0,319068.82
86.1,3,2,2,0,12,15.0,7.67,0.76,9.6,32.5,5,1,8.4,8.0,31.3,49.6,1,0,483629.24
68.0,4,2,1,23,28,34.9,6.35,0.56,6.2,35.0,2,1,5.2,6.6,41.9,64.4,1,0,428344.43
68.8,4,2,1,4,6,26.3,2.84,0.58,9.0,25.7,0,1,6.8,7.2,52.8,68.5,1,0,449479.1
82.3,3,2,1,19,20,11.4,5.31,1.07,6.9,18.0,3,0,7.4,7.9,41.8,69.8,1,0,520752.92
107.1,4,3,3,9,14,22.7,0.3,0.66,8.9,20.8,3,0,6.9,6.5,47.6,79.1,1,0,646720.77
91.3,4,2,2,17,27,4.1,11.28,0.38,6.5,34.4,1,0,10.0,6.9,38.7,55.0,0,1,475334.94
106.1,4,3,2,2,13,5.9,7.81,0.59,7.8,39.2,3,1,7.4,8.1,36.2,62.2,1,0,598628.81
63.9,4,2,1,12,18,5.1,3.37,0.25,9.7,17.5,3,0,7.4,8.0,39.3,67.9,1,0,483734.8
60.9,2,1,1,12,21,8.3,5.61,0.18,6.3,27.8,5,2,10.0,6.5,45.3,63.5,0,0,427003.43
115.2,4,3,3,9,13,33.9,4.17,0.22,8.3,16.6,5,0,5.3,5.9,39.3,68.3,1,0,649643.31
83.3,3,2,1,1,25,27.0,5.51,0.68,8.2,32.6,0,0,7.3,7.9,38.8,70.2,1,0,470692.65
85.9,3,2,2,2,6,16.9,19.4,0.13,7.2,59.4,0,0,8.9,7.4,36.1,43.5,1,0,351977.63
110.7,4,3,3,11,14,34.7,11.49,0.14,7.2,32.0,4,1,7.7,6.8,34.1,50.3,1,0,508120.44
68.6,4,2,1,15,30,45.8,9.48,0.4,10.0,25.8,1,1,3.8,4.9,46.9,61.8,0,0,315629.08
46.3,2,1,1,3,19,8.6,9.52,1.01,8.5,40.2,2,1,7.4,8.6,35.9,55.2,0,0,286007.62
68.2,4,2,1,18,26,42.9,12.13,0.49,7.7,37.8,1,1,3.5,8.3,38.8,57.0,0,0,297471.06
93.7,5,4,1,4,15,11.3,12.36,0.38,7.4,40.6,0,0,9.5,8.4,38.4,57.0,1,0,459217.8
106.7,5,3,2,6,30,13.0,8.45,0.23,8.1,36.1,3,0,9.7,8.2,32.7,62.1,1,0,574964.33
86.7,5,3,1,0,6,61.9,5.15,0.06,8.0,26.2,1,0,6.4,5.3,44.5,69.8,1,0,421700.26
106.3,4,3,2,4,29,23.3,2.11,0.24,8.4,20.4,3,0,7.4,6.5,39.3,70.0,1,0,605649.38
43.1,2,1,1,7,8,14.5,6.88,0.57,6.2,27.1,1,0,7.7,8.7,42.1,56.6,1,0,326365.55
79.7,3,2,1,1,9,30.6,4.62,0.38,8.5,19.1,1,1,6.1,6.7,35.7,61.2,1,0,455727.44
92.0,4,3,2,5,10,37.6,2.31,1.36,8.8,9.2,1,1,4.2,8.1,46.2,74.8,1,0,552219.87
42.7,2,1,1,23,28,23.5,5.67,0.17,8.2,29.3,2,1,8.2,9.0,39.2,62.8,1,0,385262.39
91.0,4,2,2,0,4,14.5,1.5,0.36,8.7,22.6,2,0,6.6,7.2,41.0,93.5,0,0,583952.08
79.9,4,2,1,10,11,26.2,3.88,0.5,8.8,27.9,3,1,4.2,7.8,41.6,87.6,1,0,501601.02
72.7,3,2,1,3,12,32.0,9.72,0.08,7.8,40.8,1,1,8.8,6.1,40.5,63.5,0,0,384998.9
132.3,6,5,2,19,21,18.8,5.16,0.79,8.0,29.4,2,0,6.8,8.6,52.8,60.8,1,0,618695.99
56.5,2,1,1,2,3,59.5,7.89,0.37,7.9,22.1,3,1,5.4,4.3,36.9,65.9,0,0,317217.59
79.6,3,2,2,3,18,25.4,7.65,0.81,8.8,25.1,1,0,7.1,7.3,37.9,70.0,1,0,484816.44
53.7,2,1,2,20,20,36.2,4.85,0.4,9.4,17.9,2,1,8.3,7.0,42.5,56.4,1,0,390841.29
128.7,7,5,2,1,10,36.9,8.68,0.18,6.5,28.7,1,1,4.3,7.2,46.1,61.0,1,0,551635.45
68.7,2,1,1,1,12,6.1,5.32,0.78,7.5,32.9,2,1,9.7,7.1,39.6,55.3,1,0,448307.49
92.4,3,2,1,13,24,30.7,1.88,0.23,9.2,21.6,6,0,6.9,7.3,49.1,73.2,1,0,549217.78
108.5,5,3,2,9,13,32.8,4.7,0.83,8.5,20.1,3,2,7.5,6.9,45.4,65.0,1,0,601863.28
99.8,4,3,2,4,19,14.3,16.42,0.51,5.9,52.5,0,0,7.4,6.6,28.8,44.8,1,0,425558.88
68.3,4,2,1,11,29,12.6,2.65,0.56,8.2,22.5,4,0,7.6,9.0,48.4,69.3,0,0,453401.96
64.6,3,2,1,9,27,6.0,15.74,0.72,7.4,38.5,1,1,10.0,9.8,40.9,54.5,1,0,337059.62
72.1,3,2,2,9,9,48.5,0.41,0.34,10.0,20.5,3,1,4.6,5.9,44.7,85.4,0,0,479321.53
66.6,4,2,1,28,28,10.9,1.45,0.87,10.0,28.7,4,2,7.5,7.8,55.6,80.7,1,0,566947.16
88.2,3,2,1,17,29,6.2,2.43,0.55,6.4,22.4,3,1,8.2,7.8,48.7,84.4,1,0,581827.3
85.5,4,2,1,3,5,16.3,1.65,0.76,9.2,14.2,1,0,5.7,10.0,38.5,74.3,1,0,558314.92
84.0,4,2,2,5,9,9.4,9.93,0.82,6.7,40.0,0,1,8.0,8.9,46.0,68.7,1,0,437558.98
63.3,3,2,1,5,8,6.1,1.24,1.4,9.5,20.9,4,0,8.3,7.4,49.0,69.3,1,0,440568.6
96.1,4,3,1,3,5,78.5,2.67,0.07,6.8,23.5,2,0,4.8,2.5,37.2,55.7,1,0,393805.77
130.1,6,5,2,7,10,8.9,8.61,0.32,6.8,30.6,5,1,7.6,7.6,35.2,65.7,1,0,644019.11
78.8,5,3,2,3,3,11.4,6.31,0.66,7.6,31.2,6,1,5.4,7.4,47.1,77.5,0,0,487327.4
55.3,2,1,1,6,7,22.7,4.92,0.1,8.6,18.3,0,1,7.5,7.5,37.6,65.7,1,0,397226.76
46.3,2,1,1,0,26,6.0,4.43,0.31,7.6,24.6,2,0,7.9,8.2,34.8,73.4,0,0,416261.42
125.5,6,5,2,6,21,19.4,8.35,0.43,6.8,29.6,3,0,5.9,8.6,32.0,55.7,0,0,597832.94
69.0,3,2,1,11,29,31.4,1.82,0.12,6.6,19.3,3,0,7.4,4.0,42.9,80.1,1,0,456672.71
49.0,3,1,1,14,15,24.4,2.5,0.88,7.5,26.8,4,1,7.9,7.7,50.0,78.9,0,0,426366.17
88.7,5,3,1,6,28,28.1,7.17,0.88,8.3,43.1,1,0,8.0,7.8,42.0,65.8,0,0,493527.72
102.3,5,3,3,8,13,18.9,2.66,0.05,9.7,10.4,4,1,8.3,5.7,38.5,69.8,1,0,647710.47
81.0,4,3,2,19,30,14.7,5.45,0.47,6.8,36.5,4,1,9.1,6.8,44.0,66.7,1,0,549854.08
83.2,4,2,1,14,24,28.4,3.97,0.23,7.1,28.4,2,1,7.6,6.4,48.5,54.3,0,0,480216.62
45.1,2,1,1,22,28,27.1,3.02,0.7,7.4,5.0,2,1,10.0,7.5,43.8,75.2,1,0,444773.0
124.4,6,5,2,11,13,8.6,4.78,0.63,7.8,25.1,0,0,10.0,7.6,43.0,62.6,1,0,648978.86
68.4,3,2,1,4,4,22.5,0.59,0.31,8.6,44.4,4,0,7.9,7.2,54.2,71.3,0,0,446947.35
95.1,5,3,2,5,11,19.9,7.0,2.53,7.4,17.1,3,0,5.1,6.6,41.0,68.1,0,0,461721.46
107.7,5,3,2,3,4,32.0,6.83,0.92,6.1,41.9,0,1,9.7,6.8,48.3,60.4,0,0,465674.68
105.2,5,3,3,9,23,26.1,12.46,0.11,5.0,46.4,1,1,6.9,6.4,33.4,37.4,1,0,429942.72
75.5,4,2,1,2,21,45.4,2.34,0.32,7.7,18.1,5,0,6.9,5.1,41.5,63.9,1,0,435987.6
73.2,4,2,1,23,28,37.9,11.05,1.78,7.7,40.1,1,0,7.2,6.5,48.2,72.5,1,0,380497.79
104.9,4,3,3,12,14,40.9,2.44,0.31,8.2,26.6,1,0,6.1,7.1,46.4,78.8,1,0,555784.89
116.5,6,4,2,4,11,32.6,8.86,0.28,9.1,30.6,2,0,6.1,7.0,32.8,68.2,1,0,608324.62
98.5,5,4,2,3,11,39.7,1.63,0.76,6.8,22.9,1,1,5.8,6.1,54.6,58.8,1,0,495694.68
51.0,2,1,1,18,25,15.7,2.66,0.46,8.3,21.0,2,0,3.9,8.6,48.8,75.9,1,0,404367.69
62.3,2,1,1,11,12,36.9,2.85,1.31,9.6,23.8,1,1,4.8,6.0,54.9,78.0,1,0,439696.75
152.5,5,4,3,1,7,19.9,5.53,0.07,7.5,32.9,3,1,6.9,7.3,37.4,62.2,1,0,732688.55
86.4,4,3,2,6,11,6.2,6.52,1.0,6.4,39.5,1,1,8.7,9.3,40.4,51.3,0,0,472095.14
110.4,5,4,1,6,25,36.6,1.18,1.71,5.7,25.3,1,1,7.4,6.0,48.9,63.5,1,0,544938.38
66.4,3,2,1,2,20,24.5,6.0,0.8,7.5,32.4,1,1,6.5,6.6,47.7,73.4,1,0,411567.07
112.4,5,3,2,8,12,50.6,5.48,2.02,7.3,20.5,1,1,6.6,6.4,47.8,74.5,1,0,530910.05
85.2,5,3,2,15,19,22.3,6.45,0.92,7.1,19.1,1,0,7.2,6.3,31.5,75.2,1,0,522920.51
94.0,4,3,1,14,28,11.2,6.54,0.1,8.0,26.7,0,0,7.7,9.1,39.7,71.7,1,0,564304.62
66.7,3,2,2,1,12,13.5,13.13,0.34,8.7,29.6,3,1,8.2,5.8,35.5,53.2,1,0,379223.63
50.5,2,1,1,2,16,17.6,3.07,0.6,6.8,27.0,4,0,8.9,7.6,46.9,55.1,1,0,373527.88
95.7,4,3,2,5,6,25.0,11.33,0.08,6.2,42.6,2,0,7.0,6.5,35.4,53.8,0,0,405482.52
86.6,3,2,2,0,12,40.1,7.12,0.24,7.5,32.1,1,1,6.9,6.6,37.3,71.9,1,0,492823.53
69.4,4,2,2,6,26,24.6,3.93,0.29,8.7,21.2,4,1,8.5,8.6,44.5,80.8,1,0,515876.38
137.3,6,5,2,1,24,8.4,3.34,0.5,7.7,19.9,6,1,9.3,6.9,38.2,63.5,1,0,728792.97
71.2,3,2,1,9,20,25.2,8.21,0.57,8.1,36.9,5,2,6.3,5.7,37.4,65.6,1,0,394820.04
109.2,5,4,1,7,7,44.2,2.45,0.36,6.8,33.8,3,0,5.3,7.2,45.6,61.6,0,0,484250.88
60.7,2,1,1,8,11,22.6,7.37,0.08,7.7,31.5,3,1,8.4,7.0,40.9,62.2,1,0,413195.24
92.7,4,3,3,1,8,28.0,3.39,0.65,8.1,19.8,3,0,6.9,6.9,36.7,62.3,1,0,566561.77
131.5,6,5,1,5,18,19.5,8.42,1.65,9.1,35.7,2,1,6.5,7.2,40.8,70.7,1,0,588039.94
48.4,3,1,1,16,24,19.3,2.95,1.57,9.3,13.7,8,0,7.8,7.1,48.7,81.0,1,0,429031.7
61.8,2,1,1,7,25,41.1,4.44,2.31,8.1,19.2,3,1,7.4,5.3,50.1,62.0,1,0,371963.74
73.7,3,2,1,8,18,34.6,3.54,0.41,7.1,31.7,4,0,8.1,6.3,44.0,64.9,1,0,421799.19
58.3,2,1,2,2,13,82.4,12.54,0.94,4.7,32.9,4,0,5.0,3.1,41.1,40.0,1,0,207096.19
91.3,4,3,2,1,23,14.7,15.53,0.52,5.8,37.4,1,1,8.1,8.7,22.7,36.6,0,0,403292.48
120.6,5,4,2,6,17,12.4,3.61,0.16,10.0,30.5,1,1,8.7,7.3,43.3,62.9,0,0,665716.59
81.1,3,2,1,10,21,6.5,6.38,0.73,5.9,21.9,2,0,10.0,9.4,39.9,64.4,1,0,514632.42
73.7,3,2,2,4,5,17.5,5.2,0.05,7.0,27.4,4,0,6.9,8.2,39.4,62.3,1,0,457832.75
61.9,3,2,1,9,18,20.1,3.33,0.46,8.2,37.2,0,1,9.1,6.4,46.7,68.8,1,0,413879.64
101.6,4,3,2,14,23,11.9,2.36,1.02,9.5,25.4,3,0,9.3,6.8,37.5,70.7,1,0,675911.11
41.4,2,1,1,20,22,28.4,2.06,0.05,7.0,18.1,3,0,8.2,6.7,39.9,78.5,1,0,390101.6
92.6,4,3,3,6,7,35.0,2.77,0.18,8.6,25.9,3,1,4.1,5.8,47.2,69.8,0,0,502407.97
80.5,4,3,1,11,11,27.6,3.74,0.24,7.3,30.1,4,1,6.3,6.2,45.7,76.7,1,0,505661.74
92.7,4,3,2,5,7,9.3,4.16,0.93,6.8,20.9,0,1,7.5,8.8,39.3,64.9,1,0,535976.17
60.3,3,2,1,0,6,12.7,0.85,1.61,7.8,25.8,1,0,10.0,8.1,50.8,77.9,1,0,434419.11
73.5,4,3,1,11,15,21.9,9.64,1.2,7.3,44.6,2,1,6.2,8.5,45.2,57.3,1,0,393530.47
43.9,2,1,1,2,22,42.8,11.7,0.22,5.8,52.0,1,1,4.5,5.1,37.9,40.8,1,0,179181.46
58.1,2,1,1,15,19,18.8,13.1,0.08,8.0,42.1,1,0,5.9,5.6,31.3,68.4,0,0,329297.39
103.8,5,4,2,19,28,3.3,1.47,0.3,9.8,25.1,5,1,8.2,8.8,55.3,90.8,1,1,712568.65
93.3,4,3,2,8,22,17.4,4.41,0.69,7.3,21.7,4,0,8.4,8.6,34.0,68.7,1,0,536080.47
68.6,3,1,1,9,14,21.0,10.17,0.05,8.1,46.7,4,0,10.0,6.7,33.5,56.5,1,0,387289.03
70.6,3,2,1,12,22,54.0,0.64,0.64,6.9,17.3,4,0,4.8,7.1,51.5,81.3,1,0,461711.92
73.7,4,2,1,7,27,3.3,1.88,1.42,8.1,18.3,3,1,7.6,9.0,37.8,74.3,0,1,569381.0
63.4,4,2,1,25,29,35.2,8.61,1.88,8.3,29.2,1,0,9.0,7.1,51.3,70.4,1,0,384929.63
88.3,4,2,1,5,22,6.5,3.94,0.36,8.7,21.2,2,0,10.0,8.1,52.7,74.7,1,0,528532.78
48.7,3,1,1,2,9,15.0,4.47,0.76,8.1,18.5,2,1,5.4,5.7,45.1,73.0,1,0,406787.74
69.2,3,2,1,3,3,27.0,2.86,0.26,9.4,20.1,4,1,6.4,6.3,39.8,70.4,0,0,497644.59
99.5,4,3,1,8,18,38.2,6.24,0.17,7.0,41.8,3,1,6.8,6.9,35.5,56.8,1,0,496221.23
87.5,4,3,1,8,9,12.7,5.69,0.83,7.9,24.3,2,0,8.4,7.7,34.8,76.9,0,0,559044.63
89.4,4,3,1,2,4,15.4,2.11,0.2,8.3,18.9,2,1,10.0,7.2,45.3,86.1,0,0,596304.8
57.7,3,1,2,5,14,18.6,10.92,0.39,7.6,46.5,2,1,6.9,7.3,38.0,57.8,0,0,365499.97
129.8,6,5,2,1,13,12.2,0.42,0.05,9.1,5.3,1,0,6.5,8.0,45.9,91.6,1,0,769886.0
117.0,5,4,2,6,10,50.6,6.78,1.38,6.4,38.7,3,0,4.5,3.0,48.1,54.4,0,0,411959.87
118.4,5,4,2,2,3,24.4,5.69,0.38,8.5,26.1,1,1,9.0,6.6,44.9,73.5,0,0,609167.37
101.9,5,4,1,8,28,33.3,13.32,1.84,5.7,46.8,0,2,6.8,5.8,37.9,48.0,1,0,417976.85
107.9,5,4,2,0,5,18.8,3.59,0.88,9.0,26.0,3,1,10.0,8.1,42.6,72.7,1,0,605877.76
66.1,3,2,1,2,10,18.7,3.11,0.46,9.9,31.3,0,1,8.7,8.2,37.9,71.6,1,0,423740.02
59.8,3,2,1,17,28,40.5,10.09,0.26,6.8,29.0,2,0,5.3,6.4,43.7,58.5,1,0,320266.01
90.3,4,3,3,4,10,20.8,2.8,0.2,7.2,16.6,1,2,8.9,7.5,45.0,51.3,0,0,527966.97
105.4,5,3,3,10,13,29.9,1.84,0.78,9.9,22.3,6,0,8.8,4.8,51.5,66.9,0,0,593118.82
96.5,5,3,1,9,23,16.2,9.19,0.38,7.3,26.9,4,0,10.0,6.7,41.2,48.7,1,0,520154.21
78.0,3,2,1,4,7,13.0,8.88,0.84,6.1,42.1,3,1,6.0,7.4,50.8,53.1,1,0,404962.72
33.9,3,1,1,6,10,23.8,7.59,0.46,6.7,36.6,4,1,7.8,7.1,46.4,52.4,1,0,298096.57
69.0,3,2,1,2,28,11.1,2.54,0.71,7.3,27.8,0,0,6.6,7.9,34.2,56.0,1,0,453722.21
105.2,5,4,2,11,23,5.6,10.71,0.9,8.4,30.2,0,0,8.2,6.2,40.4,54.3,1,0,523439.9
97.1,4,3,2,3,11,16.3,5.53,0.34,6.8,30.3,1,2,7.6,8.6,47.7,63.2,0,0,514074.39
67.7,3,2,1,9,19,58.2,5.5,0.57,5.5,31.2,1,1,5.5,4.2,39.8,86.0,1,0,363793.09
82.7,3,2,2,1,7,29.2,15.93,0.28,6.5,57.5,1,1,7.8,4.6,29.3,44.9,1,0,347702.07
70.8,3,2,1,11,21,14.4,1.7,0.38,8.6,20.0,3,0,7.1,8.5,54.8,72.3,0,0,437706.03
105.8,5,4,3,10,21,30.0,8.54,0.05,8.0,27.9,2,0,8.8,5.9,35.8,53.5,1,0,534832.0
88.3,4,3,2,1,4,44.3,14.06,0.08,4.1,54.5,2,1,8.0,6.7,37.0,35.4,0,0,292165.62
96.0,4,3,2,11,21,12.1,1.88,0.17,8.1,16.4,8,0,8.5,6.1,45.7,82.0,1,0,634346.7
71.7,3,2,1,1,25,30.0,6.47,0.43,7.3,43.7,1,2,9.6,6.4,43.6,72.9,1,0,437305.42
84.8,4,3,2,1,17,16.0,2.8,0.05,8.6,12.3,1,0,7.8,6.6,40.1,68.6,1,0,525114.08
65.7,4,2,2,0,10,47.5,7.36,0.58,5.6,47.8,2,0,3.1,6.3,35.8,57.5,1,0,325958.87
89.4,4,3,1,19,30,14.3,6.83,0.28,7.8,30.6,2,0,6.7,6.8,49.8,85.9,0,0,546271.08
66.8,3,2,2,14,26,15.6,8.35,0.8,7.7,30.0,2,1,7.3,8.0,49.8,78.8,0,0,463347.83
64.7,3,2,2,29,29,27.9,2.78,0.37,9.3,34.4,3,1,8.5,6.5,49.1,73.9,1,0,512603.53
85.4,4,3,1,5,10,10.8,6.34,1.26,8.1,27.5,4,0,6.8,7.2,43.4,59.7,1,0,532870.15
103.1,5,4,1,3,3,10.3,8.65,0.05,8.2,25.1,1,0,8.2,8.8,43.1,57.5,0,0,517230.7
46.0,2,1,1,9,16,46.3,3.27,0.31,6.9,26.7,1,0,9.6,7.9,45.6,51.4,1,0,297983.47
115.4,5,4,3,9,13,40.6,6.77,0.14,7.6,35.2,3,0,6.6,5.9,45.3,63.8,1,0,599409.9
78.1,4,2,2,3,9,34.0,3.99,0.61,9.3,23.3,5,0,9.1,5.8,51.2,87.4,1,0,512776.2
72.2,3,2,2,0,20,12.8,10.4,0.17,6.8,35.3,0,2,6.3,7.7,30.1,52.8,1,0,397113.53
53.6,2,1,1,0,29,21.4,1.52,0.09,9.1,18.6,8,1,4.5,7.4,48.8,74.6,1,0,467283.71
68.0,4,2,1,0,17,23.3,6.29,0.99,6.8,35.6,3,0,5.0,5.4,50.7,62.2,0,0,348585.08
72.3,4,2,1,6,12,56.0,12.65,0.31,6.7,32.5,3,1,6.9,4.4,41.7,56.5,1,0,355362.31
60.0,2,1,1,2,6,20.2,4.12,0.41,6.4,32.4,2,2,7.3,5.9,36.0,57.9,1,0,394837.69
77.7,3,2,1,11,23,11.9,1.26,0.23,8.3,32.5,3,0,7.7,6.7,55.0,70.9,1,0,495475.64
124.3,6,4,2,14,30,32.0,6.13,0.31,6.9,41.1,4,0,9.5,8.2,43.5,64.3,1,0,630486.27
59.7,2,1,1,1,3,23.7,12.39,0.24,8.2,47.9,0,0,9.1,4.9,38.3,59.5,0,0,263793.39
97.9,4,3,2,0,16,34.9,4.92,0.6,9.9,18.0,6,1,7.4,6.9,46.3,77.6,1,0,570351.68
67.5,3,2,1,0,22,50.0,5.18,0.19,6.1,43.0,3,1,7.5,5.4,48.2,54.4,1,0,352324.45
92.9,4,3,2,5,22,52.0,1.32,0.23,7.1,23.0,4,0,5.3,5.9,41.1,71.5,1,0,482607.03
71.0,4,2,2,23,27,14.0,10.13,0.42,8.2,37.3,4,0,8.6,6.6,43.0,63.4,1,0,442165.73
53.0,2,1,1,6,11,16.3,4.35,0.64,7.2,28.2,1,1,6.1,7.1,44.5,75.9,1,0,416858.92
58.6,2,1,1,5,15,2.6,10.08,0.46,7.2,31.7,3,2,7.7,10.0,33.8,64.6,1,1,470709.15
47.2,3,1,1,25,29,11.7,8.82,0.97,8.9,32.4,1,1,7.8,7.4,48.1,56.6,1,0,372388.86
52.7,3,1,1,2,28,19.8,2.68,0.14,9.7,26.8,3,1,7.6,8.8,42.1,75.3,0,0,378150.41
90.6,4,3,2,13,19,46.9,6.84,0.21,6.4,37.0,1,1,7.4,3.2,43.2,64.3,1,0,453801.85
115.7,5,4,2,26,26,19.3,8.92,0.14,9.4,33.4,2,0,9.6,8.0,41.9,69.5,1,0,655348.1
109.6,5,4,2,22,22,38.3,11.55,0.63,7.8,31.4,3,0,10.0,6.4,44.2,64.9,0,0,561905.93
90.1,4,3,2,5,6,13.3,3.83,0.06,9.0,23.1,4,1,10.0,6.3,40.3,77.4,0,0,560438.85
47.6,3,1,1,7,7,8.8,5.3,0.54,7.2,31.3,2,2,10.0,8.9,42.3,53.2,1,0,352306.12
75.0,3,2,1,19,20,21.0,0.73,0.25,7.6,11.1,2,1,5.4,6.6,49.2,68.5,1,0,504362.66
70.2,3,2,1,14,19,25.7,13.36,0.66,5.1,48.7,2,0,9.4,7.3,35.1,57.8,1,0,311373.24
74.6,3,2,2,16,23,11.9,7.98,1.97,6.3,37.8,1,0,10.0,6.9,33.5,51.6,1,0,413823.02
73.1,3,2,1,6,9,7.7,7.06,0.29,8.3,40.0,5,1,8.7,7.6,44.3,66.2,1,0,483223.28
67.7,3,2,1,8,12,14.5,0.69,0.48,8.9,16.9,3,0,5.5,8.4,46.3,72.8,1,0,510856.57
80.0,3,2,1,9,11,31.8,7.45,0.05,8.4,29.8,5,1,7.2,9.1,39.5,74.1,0,0,479235.44
70.2,4,2,2,29,30,20.9,6.1,0.33,8.0,29.1,2,1,8.9,6.4,47.2,75.7,0,0,503990.18
119.5,5,4,3,0,30,10.0,4.85,0.52,7.9,32.4,2,0,8.7,9.2,45.3,60.0,1,0,652878.5
91.8,5,3,3,9,15,11.2,6.56,0.69,7.0,28.5,2,0,7.6,9.2,52.8,70.3,1,0,544443.63
75.2,3,2,2,15,20,34.3,5.47,0.45,7.6,37.7,5,1,6.6,7.2,35.8,71.7,1,0,481923.71
100.6,5,4,2,2,14,18.3,7.66,0.2,8.5,28.9,1,0,9.7,8.3,41.5,71.0,1,0,603228.85
131.0,6,5,1,6,10,6.1,6.36,0.05,8.5,30.2,1,2,9.3,7.5,39.1,65.6,1,0,704269.15
77.1,3,2,1,8,25,43.6,4.58,0.24,8.2,21.7,2,0,8.3,5.1,50.5,57.2,1,0,425342.68
77.3,3,2,1,16,20,6.4,7.36,0.42,6.7,25.2,3,1,10.0,7.7,36.5,73.3,1,0,521028.85
71.2,3,2,1,5,7,39.7,3.11,0.27,7.6,24.9,2,1,6.1,6.6,44.3,65.6,1,0,388755.61
114.0,6,4,3,1,9,13.6,6.39,1.03,6.4,26.4,2,1,9.4,7.4,39.4,62.4,1,0,601591.96
107.6,6,4,2,13,17,9.5,6.82,0.14,7.3,24.3,3,1,10.0,7.2,37.2,69.8,1,0,638956.72
65.2,2,1,1,5,5,23.1,6.89,0.27,6.0,33.6,3,1,7.7,6.5,37.5,52.9,1,0,391668.38
82.5,3,2,1,6,20,17.5,6.77,0.14,7.3,22.0,3,0,8.8,7.2,39.6,57.7,1,0,501075.63
90.0,5,3,1,6,8,14.3,9.36,0.21,6.7,33.8,3,1,5.8,8.6,39.8,52.8,1,0,450692.07
66.9,3,2,1,27,28,24.0,7.46,0.46,7.6,31.9,0,1,6.7,6.1,33.8,56.6,1,0,429253.12
70.9,3,1,2,3,8,7.2,8.96,0.05,6.6,43.2,2,0,8.3,8.7,37.2,48.8,1,0,371044.7
108.4,6,4,2,27,29,22.1,3.62,1.15,8.8,23.3,6,1,6.0,7.8,52.7,72.7,1,0,644902.2
97.8,4,3,2,5,22,23.3,4.3,0.58,6.3,32.4,1,0,7.6,6.7,49.4,66.5,1,0,532912.93
131.8,5,4,3,2,3,13.5,12.0,0.16,5.5,33.0,2,1,10.0,8.0,37.5,49.0,0,0,621758.08
107.3,5,4,2,5,23,0.7,2.15,0.61,8.0,14.9,2,1,9.4,10.0,47.3,75.4,1,1,682220.19
102.6,4,3,2,6,19,18.1,8.62,0.27,7.7,39.2,4,1,9.8,7.2,33.3,39.2,1,0,485008.34
75.2,3,2,1,8,13,17.7,11.04,0.24,6.8,33.3,1,0,8.9,6.7,36.5,60.5,1,0,440213.25
102.7,5,3,3,21,29,16.4,4.95,1.43,7.6,21.3,1,1,10.0,6.6,40.1,70.0,1,0,649816.7
45.1,2,1,1,25,26,4.4,2.43,1.21,8.3,16.4,3,0,8.6,8.6,48.4,83.6,0,1,477069.77
83.2,4,3,1,0,4,22.3,5.39,0.05,8.4,25.0,2,1,6.5,8.1,52.2,72.6,0,0,485537.41
55.3,2,1,1,7,27,36.8,1.21,0.26,7.9,26.9,6,0,7.7,6.4,53.1,77.1,1,0,407667.75
91.6,4,3,3,1,11,16.9,3.93,0.53,8.2,10.5,1,0,5.5,6.0,46.1,68.8,1,0,538081.46
72.0,3,2,1,18,21,7.3,4.51,0.19,8.9,43.7,3,0,9.4,9.3,47.5,52.9,1,0,422601.87
57.3,2,1,1,4,8,27.6,7.11,0.17,6.3,34.1,0,1,3.8,6.8,39.1,61.1,1,0,320442.61
60.9,2,1,1,21,27,50.7,3.54,0.33,9.3,17.1,5,1,4.3,6.2,50.7,63.1,1,0,391022.64
41.8,2,1,1,6,9,9.9,4.37,0.08,9.2,23.4,2,0,8.9,8.6,40.0,73.2,1,0,453910.12
106.5,4,3,2,3,6,10.2,11.34,0.57,6.3,32.7,2,1,6.4,7.1,47.5,60.8,1,0,538397.42
109.6,4,3,2,3,5,44.3,2.68,0.21,8.7,24.3,3,0,5.4,4.8,47.8,72.5,1,0,561716.54
81.3,3,2,2,2,4,18.1,11.55,0.27,5.6,35.4,3,1,5.8,6.5,41.1,46.8,0,0,341747.93
44.7,2,1,1,8,12,4.1,6.59,1.8,8.0,30.8,3,0,9.8,9.3,39.3,79.9,1,1,422506.73
50.4,3,1,1,3,12,60.8,9.3,0.76,8.7,28.9,1,1,6.7,5.6,36.0,62.6,1,0,271333.44
59.6,3,1,2,10,19,1.7,2.4,0.82,7.2,29.5,3,1,8.9,10.0,41.9,77.4,1,1,551785.76
55.2,2,1,1,11,29,3.5,4.97,1.55,7.1,41.2,1,0,10.0,10.0,37.5,75.8,1,1,419596.14
114.2,5,4,2,18,18,7.8,4.98,0.43,8.3,22.1,2,0,8.1,6.1,52.5,80.9,1,0,650936.58
73.2,3,2,1,18,28,32.6,4.7,0.19,7.6,27.6,2,0,4.8,6.5,49.2,73.5,0,0,415965.21
70.3,4,2,1,28,29,34.5,5.78,0.08,8.0,33.3,9,2,4.6,4.3,45.3,80.3,1,0,455060.07
55.1,3,1,1,1,3,6.3,3.42,0.64,10.0,30.3,3,0,8.4,9.1,39.5,76.5,0,0,462346.32
67.3,3,2,1,10,14,10.5,3.3,0.25,7.7,28.4,2,0,8.8,7.7,52.2,77.7,1,0,428482.88
68.3,3,2,1,12,22,25.1,3.56,1.24,6.5,23.0,4,1,10.0,7.1,47.7,70.0,1,0,454754.61
91.4,4,3,2,0,22,50.3,9.44,0.14,6.7,27.7,3,1,4.0,5.5,35.3,54.3,1,0,409820.31
93.3,3,2,2,5,27,1.5,1.95,0.43,8.5,24.3,1,1,8.0,9.7,50.5,75.2,1,1,658440.34
64.7,2,1,1,5,12,3.7,3.45,0.13,6.8,32.3,1,1,9.5,8.8,53.0,55.3,1,1,463118.97
75.4,3,2,1,0,3,13.6,8.26,0.96,6.8,38.0,1,2,8.2,7.8,35.5,60.8,0,0,371222.1
81.6,3,2,1,15,18,5.3,12.39,0.05,8.2,42.1,1,0,7.7,7.3,36.7,54.3,0,0,388392.53
77.4,3,2,1,1,13,42.6,12.21,0.27,8.7,27.5,1,0,6.1,6.4,34.4,69.2,1,0,346686.98
133.5,6,5,2,5,6,19.1,8.92,1.19,7.0,30.9,2,2,6.0,7.7,40.6,72.3,1,0,645749.81
91.0,4,3,3,1,5,40.2,10.93,0.39,6.8,37.0,1,2,5.7,6.7,36.3,48.7,1,0,401535.25
100.9,4,3,3,16,27,25.3,4.25,0.64,6.8,30.4,2,0,5.6,7.0,38.3,69.5,0,0,536291.23
68.3,3,2,1,3,15,31.8,3.53,0.37,8.3,26.9,1,1,8.4,7.8,38.3,74.3,0,0,416343.87
61.9,3,2,1,17,23,11.8,0.52,1.14,10.0,20.1,3,0,9.3,9.7,49.5,90.0,0,0,512161.42
59.1,3,2,1,14,17,3.1,3.64,0.46,7.7,12.5,10,1,8.7,8.0,53.1,80.5,1,1,572262.94
99.9,4,3,2,1,27,17.3,3.98,0.19,7.7,17.5,2,1,7.9,6.3,43.1,80.6,0,0,604018.36
98.6,4,3,2,8,12,37.0,0.89,1.49,8.9,20.6,1,0,6.9,6.3,50.9,79.8,1,0,534380.68
43.7,2,1,1,3,8,59.7,2.37,0.05,7.8,25.3,3,0,4.3,4.7,45.6,62.0,0,0,204392.63
65.0,3,2,1,0,13,16.5,15.58,0.05,6.2,44.6,0,0,5.4,8.1,31.7,43.4,1,0,301607.93
80.3,3,2,1,7,27,32.7,4.86,0.57,9.3,27.9,0,0,6.3,7.2,38.5,74.7,1,0,466113.78
107.0,5,4,2,3,3,11.6,2.42,0.11,6.9,30.6,1,0,9.0,8.2,45.7,58.4,0,0,547245.52
97.4,4,3,2,13,22,14.5,4.43,0.39,6.9,21.0,2,0,9.5,6.0,50.9,64.6,1,0,526508.95
76.5,3,2,2,1,6,18.8,6.04,0.12,8.4,16.2,0,0,7.9,7.7,34.1,68.2,1,0,473660.75
64.1,2,1,2,10,28,52.9,5.02,0.42,7.7,25.4,2,0,4.6,7.4,46.3,67.7,1,0,360994.19
89.2,4,3,2,10,12,31.9,3.0,0.05,7.1,31.1,2,0,7.7,7.2,42.3,71.2,1,0,532501.25
53.7,2,1,1,23,24,28.9,8.42,0.3,7.8,34.5,1,1,7.3,6.8,45.8,65.3,1,0,404988.97
72.3,4,2,1,23,28,51.1,19.34,0.57,5.8,49.7,1,1,4.0,6.3,31.6,47.8,1,0,232248.2
61.8,2,1,2,13,17,10.5,10.28,0.69,7.4,44.7,1,1,5.6,7.1,40.8,49.9,0,0,359348.74
89.6,4,3,1,3,3,16.3,4.39,1.57,7.7,42.2,0,1,7.1,8.0,37.5,61.9,0,0,450299.61
80.8,3,2,2,15,28,29.1,4.69,0.26,6.5,35.0,4,1,9.3,6.9,49.8,67.8,0,0,461388.86
88.5,4,2,1,9,23,12.9,7.39,1.33,8.7,40.7,1,0,9.0,6.6,41.6,55.0,1,0,415128.16
127.5,5,4,1,6,17,15.7,5.77,0.57,9.5,15.5,3,0,10.0,7.9,50.8,79.8,1,0,647138.73
65.9,3,2,1,3,5,23.7,10.0,0.16,6.4,38.4,2,2,7.4,7.2,39.3,58.1,0,0,311907.52
52.5,3,2,1,3,3,19.4,11.14,0.83,8.8,31.1,4,0,7.6,8.2,31.8,52.1,0,0,345519.04
82.8,3,2,2,1,8,8.2,1.3,0.17,8.2,26.9,3,0,4.4,8.2,36.3,80.0,0,0,547475.48
54.5,3,1,1,5,21,11.5,7.05,0.05,4.6,28.0,4,0,5.4,8.1,47.7,61.3,1,0,381421.99
104.5,4,3,2,6,6,8.1,0.52,0.1,8.9,19.5,1,1,9.2,8.2,43.1,91.8,1,0,661645.82
55.3,3,1,1,3,14,32.7,13.81,0.17,4.6,41.6,1,0,7.1,6.8,29.8,57.8,1,0,254205.35
71.5,3,2,1,14,27,11.2,4.07,0.05,7.5,32.8,4,1,4.9,9.0,52.0,54.3,1,0,435325.32
105.0,4,3,2,2,4,29.2,1.37,0.17,9.0,17.2,2,1,7.3,7.6,42.2,75.0,0,0,592031.58
113.2,4,3,3,0,19,22.3,6.17,0.37,8.2,18.0,1,2,9.0,6.3,44.6,71.3,0,0,579027.9
91.9,4,3,3,20,28,19.7,12.04,1.98,6.3,43.8,2,0,8.2,7.3,42.1,55.6,1,0,469759.59
64.5,3,2,1,2,8,7.0,11.83,0.14,7.7,43.7,3,1,7.7,6.7,26.5,49.0,1,0,349132.67
52.2,2,1,1,5,14,22.1,6.98,0.5,8.6,23.1,2,2,3.8,8.8,43.9,69.4,1,0,369109.56
89.8,4,3,1,16,17,27.2,3.51,0.34,7.5,31.1,3,0,7.8,6.3,41.3,66.1,0,0,521483.55
69.2,4,2,1,8,19,32.8,4.28,0.11,7.6,28.0,3,0,5.5,5.9,37.4,61.7,1,0,412579.48
117.5,5,4,2,0,3,8.1,2.14,1.37,8.4,23.6,0,0,9.2,9.9,32.2,69.6,0,0,660481.1
122.0,5,4,2,12,16,16.8,5.54,0.1,6.7,15.5,1,1,8.9,7.0,37.8,64.6,1,0,641846.5
127.8,5,4,2,14,25,38.6,5.81,0.2,7.0,38.6,3,0,7.8,5.4,42.1,77.7,1,0,644823.34
75.6,3,2,1,4,4,35.9,1.71,0.11,9.3,23.1,3,1,7.2,7.2,45.0,85.3,0,0,504803.75
64.2,3,2,1,1,6,18.8,9.64,0.29,9.6,33.2,0,1,7.2,7.4,38.3,67.6,1,0,357994.86
101.8,4,3,3,1,22,6.8,0.3,0.56,9.1,22.0,3,1,9.4,7.2,49.4,63.9,1,0,604352.82
70.4,4,2,1,2,4,34.1,7.44,0.53,7.9,32.9,3,1,5.2,6.9,31.0,75.7,0,0,383487.17
64.1,2,1,2,24,24,20.0,9.03,0.15,9.2,41.5,1,2,9.6,8.0,33.4,46.9,1,0,414314.26
117.1,5,4,2,27,28,9.5,10.12,0.32,6.4,45.4,2,1,7.3,8.8,56.1,45.0,1,0,520612.56
130.4,5,4,2,15,16,17.2,5.32,1.14,7.9,25.1,1,0,10.0,7.8,44.2,56.5,1,0,662443.72
67.3,4,2,1,16,20,6.9,5.74,0.51,8.6,46.7,1,0,8.2,9.0,47.1,56.7,1,0,435937.86
63.1,2,1,2,25,30,33.9,9.37,1.84,6.5,41.8,2,1,7.5,7.5,36.6,70.7,1,0,379390.3
89.8,3,2,1,2,10,4.2,6.11,1.04,6.1,46.2,2,1,8.9,9.0,44.0,65.2,0,1,500511.22
109.3,6,4,2,22,22,40.4,2.99,0.86,9.0,24.6,2,1,3.6,8.0,53.4,75.6,1,0,622218.35
115.2,6,4,2,1,3,24.2,6.1,0.4,8.7,28.7,2,2,8.2,7.8,30.8,68.6,0,0,577399.94
63.4,3,2,1,0,18,7.0,14.63,0.42,7.6,33.1,0,0,7.4,9.5,35.7,48.3,0,0,335970.69
60.7,3,1,2,1,9,16.0,3.63,1.17,8.9,11.6,1,0,7.8,7.5,44.7,82.5,0,0,457964.27
100.8,5,4,1,5,8,14.7,3.11,0.39,8.2,24.7,3,2,8.1,8.5,31.3,83.5,1,0,708414.94
79.4,3,2,1,8,30,10.1,4.39,0.46,8.1,24.2,2,1,6.8,8.2,44.4,77.5,1,0,549333.94
72.2,3,2,1,8,24,22.7,6.49,0.36,8.0,32.5,4,0,6.6,8.2,38.5,70.7,0,0,441961.82
124.5,7,5,2,11,29,51.6,2.63,0.42,9.3,17.2,4,1,7.4,5.2,47.9,84.5,1,0,674491.48
66.7,2,1,2,2,21,10.9,1.26,0.31,8.6,26.3,3,1,6.3,7.3,48.0,74.8,1,0,510889.75
104.4,4,3,3,1,12,21.2,6.06,1.44,7.9,35.6,2,1,8.5,8.6,42.7,49.3,1,0,507122.03
60.6,3,1,1,0,25,20.2,5.56,0.05,8.2,40.2,4,2,7.1,7.6,39.0,74.4,1,0,401170.29
61.8,3,2,1,8,8,22.5,1.28,0.32,8.8,37.5,2,0,9.0,8.2,43.8,63.5,1,0,438334.57
110.0,5,4,1,12,28,1.8,1.82,0.63,7.2,29.9,3,0,9.9,8.2,47.6,70.2,1,1,674062.19
84.2,3,2,2,4,12,42.2,5.23,0.47,9.3,39.7,2,2,5.1,5.3,40.5,82.4,1,0,463041.79
128.6,6,5,2,27,27,80.2,3.67,0.36,7.4,29.9,2,0,4.7,3.5,41.4,68.1,1,0,518150.7
85.9,4,3,2,15,21,19.9,2.63,0.15,8.3,25.7,2,1,6.8,8.7,47.6,85.4,0,0,579659.85
70.7,4,2,1,2,5,32.3,3.74,0.2,7.1,20.6,2,0,9.4,8.0,41.6,71.2,1,0,462952.12
80.8,3,2,1,9,22,26.5,2.79,0.43,8.0,25.1,2,1,7.4,7.1,44.1,65.0,1,0,467341.67
80.0,3,2,1,1,5,7.9,4.48,0.8,8.5,23.7,3,2,8.0,8.5,39.9,70.5,1,0,495871.3
67.6,3,2,1,4,22,18.8,8.39,0.29,7.8,26.1,2,0,7.1,7.6,38.3,60.6,0,0,413750.71
42.7,2,1,1,2,8,11.6,9.33,0.28,6.8,25.0,2,0,7.7,6.9,34.8,70.8,1,0,361930.68
67.6,3,2,1,8,19,17.5,2.89,0.71,7.5,25.4,2,2,7.4,7.6,49.0,69.0,1,0,471008.92
67.3,3,2,1,0,20,20.7,5.67,0.7,8.1,20.6,3,1,8.7,6.4,38.3,75.6,1,0,524064.28
99.6,4,3,2,0,12,21.7,5.63,0.11,8.9,25.9,2,0,6.8,6.9,40.9,73.3,1,0,565285.48
95.2,5,3,2,2,8,10.8,1.49,2.59,9.8,25.1,1,0,7.0,7.7,40.8,62.0,1,0,546702.98
83.0,4,3,1,5,30,21.8,0.74,0.84,10.0,11.8,4,0,9.2,8.9,40.2,75.3,0,0,546336.44
61.8,2,1,1,10,15,18.0,11.17,0.49,6.5,30.3,3,1,9.8,7.7,38.0,58.5,1,0,366581.07
72.1,4,2,1,1,8,40.1,7.34,0.17,6.8,23.7,1,0,5.2,5.9,42.8,61.8,1,0,327675.76
92.5,5,3,1,13,14,31.3,10.95,0.5,7.1,32.9,1,1,6.5,7.4,44.7,60.2,1,0,422743.88
64.2,3,2,2,15,16,35.4,9.17,0.29,7.2,30.5,1,0,8.5,5.9,45.0,66.2,1,0,418253.62
33.6,3,1,1,0,19,37.2,7.35,0.73,6.2,24.8,3,1,7.2,9.1,34.4,71.8,1,0,307270.21
109.5,5,4,3,23,24,9.3,9.26,0.85,8.2,39.8,6,1,10.0,8.4,43.6,63.9,1,0,644242.41
92.2,4,3,2,26,29,30.4,4.47,0.32,7.2,32.3,0,0,8.0,4.3,47.5,67.4,1,0,467251.99
75.6,3,2,1,9,30,9.0,7.78,0.77,6.9,22.8,1,0,9.1,7.2,44.7,69.3,1,0,501052.15
34.3,2,1,1,24,27,47.5,9.05,0.05,7.8,26.2,0,1,5.3,7.7,46.3,59.2,1,0,270029.45
108.7,5,3,2,9,10,30.0,7.52,0.74,6.4,39.9,3,0,5.5,7.0,38.1,61.4,1,0,497079.95
97.4,4,3,2,12,28,8.5,2.61,0.81,7.9,15.3,5,1,6.6,7.6,47.7,77.5,1,0,662782.22
106.9,4,3,2,3,7,22.3,2.04,0.67,9.0,15.0,2,1,7.5,7.7,47.0,77.8,1,0,586306.97
81.9,4,3,1,0,6,10.3,7.12,1.79,7.7,29.6,4,1,10.0,6.3,40.9,65.0,1,0,541739.37
118.0,5,4,2,2,8,13.9,2.73,0.23,8.9,17.5,9,0,6.5,6.8,43.1,80.9,1,0,692391.73
78.7,3,2,2,13,13,24.9,2.83,0.36,9.1,37.2,2,0,7.2,5.7,42.7,62.9,1,0,442917.28
66.5,2,1,2,20,30,12.6,3.7,0.15,8.0,28.9,3,1,5.7,7.4,45.0,63.0,1,0,449133.22
101.1,4,3,3,7,7,16.4,4.13,0.06,4.7,34.2,2,1,10.0,9.2,54.3,59.6,1,0,520477.46
92.8,5,3,1,22,24,37.7,3.82,0.17,9.3,23.3,2,1,5.3,7.0,41.5,82.2,1,0,580630.85
104.8,4,3,2,5,16,17.5,3.6,0.18,8.0,31.7,3,1,10.0,8.0,52.8,57.8,1,0,564367.96
54.8,2,1,2,0,12,9.4,4.5,0.38,8.8,27.4,2,0,9.1,7.3,50.8,78.9,1,0,394573.95
54.9,2,1,1,3,13,3.7,1.76,0.54,9.7,16.6,3,0,10.0,10.0,37.8,89.6,1,1,513989.81
98.9,5,4,2,4,5,31.4,1.25,0.05,6.5,13.6,2,1,4.3,6.0,41.9,74.9,1,0,528059.99
101.6,5,3,2,7,25,31.1,12.99,1.25,6.9,36.3,4,1,3.2,6.6,34.8,47.0,1,0,450300.87
136.6,6,4,3,0,10,22.4,2.38,0.37,9.8,18.3,2,0,6.9,8.0,40.0,64.1,1,0,709547.15
86.0,4,3,2,12,23,73.5,0.3,0.11,8.3,23.8,2,2,4.2,4.3,44.7,92.2,0,0,475286.74
95.3,4,3,2,1,7,15.8,3.17,0.64,9.1,29.6,1,1,8.9,8.5,46.2,62.6,1,0,545956.22
103.0,4,3,2,8,30,40.5,0.86,0.84,7.3,23.1,6,1,8.6,6.0,47.6,68.8,1,0,578801.39
114.3,5,4,2,19,22,11.6,1.39,0.37,8.8,21.7,1,0,7.8,9.2,51.4,61.0,1,0,630808.86
90.3,4,3,1,24,28,32.6,4.76,0.05,6.7,21.2,3,0,6.2,7.1,46.4,51.3,1,0,452413.5
92.9,5,3,2,23,23,8.2,1.54,0.07,9.2,14.6,4,2,8.1,7.2,48.4,83.5,1,0,657327.43
49.6,3,1,1,7,30,32.2,11.06,1.51,6.7,25.8,1,0,7.4,6.2,34.2,55.1,1,0,317726.66
77.3,3,2,2,12,12,16.4,7.9,0.27,9.0,25.6,2,1,6.0,7.4,44.1,74.7,0,0,465702.72
96.3,5,3,2,27,29,27.9,9.3,1.04,8.9,34.3,4,2,4.4,7.9,49.4,61.2,1,0,553084.94
68.5,4,2,2,1,10,23.0,5.0,0.37,7.3,33.5,4,1,8.0,9.1,35.5,75.5,1,0,471893.28
70.5,4,2,1,14,23,30.8,1.84,0.05,10.0,14.9,2,1,4.9,5.3,51.0,76.6,1,0,502031.28
83.5,4,2,1,2,11,3.4,3.58,0.72,7.5,34.0,2,0,10.0,9.1,44.0,75.2,1,1,580605.65
67.6,3,2,1,25,30,17.9,5.79,0.98,8.5,38.1,4,1,4.5,8.7,40.8,58.2,1,0,432367.94
68.1,3,2,2,8,17,39.0,10.04,0.87,7.3,42.0,1,0,5.2,6.3,31.8,51.8,1,0,316642.16
69.8,4,2,1,2,3,42.6,1.92,0.5,7.8,32.0,1,1,4.1,6.0,42.6,62.8,0,0,385205.9
115.3,6,4,3,13,25,27.0,4.85,0.43,8.7,19.7,1,0,6.2,7.6,41.8,67.1,1,0,610124.77
60.3,4,2,1,7,7,39.9,9.01,1.21,6.9,25.1,3,1,5.0,4.9,44.8,49.4,1,0,293262.78
54.1,2,1,1,4,17,17.3,5.95,0.57,7.2,36.8,3,1,9.5,8.1,39.3,55.5,1,0,390520.18
47.3,2,1,1,5,6,0.3,12.99,0.63,6.9,50.4,1,1,10.0,10.0,33.1,44.1,0,1,292974.23
84.0,4,3,1,6,21,12.1,3.39,0.29,9.0,35.2,2,1,6.4,8.0,41.6,86.0,1,0,593720.72
72.2,3,2,1,3,30,21.2,3.49,0.08,8.3,13.3,2,1,6.5,8.4,41.8,73.3,1,0,503053.54
108.7,5,4,3,7,12,23.3,0.61,0.12,8.1,21.6,3,1,7.2,7.1,47.7,71.9,1,0,646188.14
82.1,4,3,2,3,25,26.0,4.55,0.61,7.4,20.1,3,1,5.7,7.1,47.4,75.7,1,0,518140.32
101.4,4,3,2,20,30,20.0,6.91,0.69,7.5,29.9,1,2,8.5,7.6,38.3,61.3,1,0,538587.68
55.6,3,2,1,0,4,20.2,9.7,1.59,7.9,40.3,0,1,5.6,5.3,39.2,62.5,0,0,322875.58
88.2,4,3,2,1,7,33.5,4.98,0.26,6.8,32.3,1,0,7.7,7.7,34.6,70.3,0,0,479698.44
56.6,3,2,1,7,20,10.1,10.14,1.03,6.6,27.0,4,0,8.5,8.5,43.9,65.1,1,0,430587.58
110.1,5,4,2,6,25,23.0,7.27,0.11,8.4,28.8,2,1,8.6,7.8,32.9,66.3,1,0,615880.61
99.4,4,3,2,4,8,27.1,15.2,0.4,5.8,42.2,2,0,7.2,7.3,40.0,50.2,1,0,395961.22
71.9,4,2,1,5,12,12.7,6.08,0.28,7.2,37.0,5,0,9.3,9.2,46.1,66.3,1,0,430048.11
97.1,3,2,2,16,17,16.2,7.8,0.58,7.5,27.3,4,0,8.7,7.8,38.8,68.8,1,0,530484.7
61.7,2,1,1,23,25,52.7,7.0,0.06,6.8,33.7,0,1,5.2,5.4,42.5,65.2,1,0,351096.24
88.6,5,3,2,24,30,22.3,9.71,0.27,6.9,33.9,2,1,8.4,5.5,33.8,60.9,0,0,485777.24
61.4,3,2,1,10,11,87.5,6.29,0.33,7.9,42.0,5,0,5.3,2.4,33.7,55.9,1,0,229641.57
117.7,4,3,2,15,15,21.1,3.89,0.31,8.8,29.5,5,1,4.9,7.0,44.1,75.4,1,0,605867.49
79.5,3,2,1,4,20,34.6,1.76,0.41,7.5,23.1,0,0,3.6,6.7,45.5,62.6,1,0,452036.94
100.7,5,3,2,25,27,5.7,3.25,2.16,7.3,23.8,2,1,10.0,7.6,53.9,70.3,1,0,603130.14
114.6,5,4,2,6,9,3.4,3.71,0.05,9.2,23.6,2,0,10.0,9.3,42.1,74.6,1,1,706653.77
98.2,5,3,2,1,4,9.0,10.46,1.02,6.6,53.1,2,0,10.0,7.1,36.2,41.7,0,0,424969.67
91.1,5,3,3,12,18,37.5,8.55,0.14,6.7,39.0,1,0,6.3,7.4,34.9,53.4,1,0,451574.16
54.3,2,1,1,19,28,16.4,18.66,0.68,4.3,55.6,0,0,10.0,7.3,34.1,49.4,1,0,254856.41
53.6,2,1,1,1,4,5.4,4.86,0.05,9.0,30.4,4,0,10.0,9.4,41.8,63.5,0,0,398906.98
88.8,4,3,2,3,6,20.9,2.2,0.23,9.6,24.8,7,1,9.3,7.1,46.9,80.2,0,0,616863.28
66.7,3,2,1,4,4,35.2,2.49,0.64,8.2,28.4,1,0,7.5,6.9,43.8,62.0,0,0,350018.33
83.1,3,2,1,13,19,9.9,9.32,0.6,7.6,39.2,2,2,9.4,8.4,45.5,49.0,1,0,481781.2
52.0,3,1,1,8,8,36.6,3.08,0.32,8.1,17.9,3,1,6.8,6.6,44.6,79.3,1,0,416070.45
94.6,3,2,2,12,12,6.9,1.21,0.5,7.3,14.5,4,0,9.0,7.0,46.4,83.6,0,0,578440.97
39.1,2,1,1,14,16,34.6,7.08,0.45,8.3,34.9,3,1,7.4,6.2,46.8,65.2,1,0,345933.24
109.8,6,4,2,27,29,41.0,8.93,1.3,8.8,34.2,0,1,9.7,4.1,48.6,67.4,1,0,553918.73
65.6,3,2,2,13,17,12.0,1.08,0.3,8.4,17.6,2,1,7.1,9.5,45.8,86.9,1,0,571983.23
79.3,4,3,1,3,23,44.8,3.35,1.74,8.8,19.1,4,1,5.7,2.7,52.1,72.5,1,0,400689.23
46.4,2,1,1,5,14,50.6,3.09,0.52,7.3,29.8,2,2,5.6,6.5,45.1,69.3,1,0,311115.89
91.5,4,3,1,6,21,26.2,5.13,1.0,6.9,33.3,1,1,8.2,7.2,43.0,63.0,1,0,478376.13
73.1,3,2,1,12,13,12.7,3.07,1.28,8.6,13.3,2,2,8.5,6.1,44.0,69.5,1,0,512562.37
108.6,6,4,2,0,3,90.0,4.6,0.3,9.5,24.7,4,1,1.1,3.8,43.6,60.7,0,0,447884.51
96.2,5,4,2,16,27,11.3,5.89,1.77,7.2,29.4,0,1,8.4,6.8,48.6,58.6,1,0,549135.39
82.8,3,2,1,3,10,55.1,1.09,0.94,8.2,19.9,3,1,5.2,5.9,45.3,84.5,0,0,409122.1
104.7,5,4,1,18,24,68.1,4.16,0.2,8.5,17.9,3,1,4.4,4.7,47.3,86.0,0,0,511888.19
116.1,6,5,1,3,8,26.9,3.57,0.58,7.6,21.5,2,1,8.5,7.2,37.3,62.3,1,0,595751.27
116.2,5,4,2,12,14,8.2,4.17,0.19,8.5,23.3,0,2,10.0,7.7,40.5,77.5,1,0,702963.54
115.6,5,4,2,8,22,25.3,4.16,0.6,7.0,15.2,2,0,6.1,8.4,39.8,68.7,1,0,627655.37
75.4,4,2,2,1,18,74.8,0.93,0.54,8.8,27.8,4,1,6.9,3.3,45.7,86.8,1,0,472972.51
90.2,4,3,1,19,20,12.7,14.49,0.29,6.5,43.1,2,1,5.9,7.1,32.5,51.0,1,0,445181.36
43.8,3,1,1,6,14,19.0,5.34,1.39,6.3,27.1,1,0,6.7,7.3,32.2,59.6,0,0,293957.45
66.1,2,1,2,17,22,2.6,9.49,0.43,6.3,29.8,0,1,8.5,9.5,34.7,61.3,1,1,474597.11
124.0,7,5,2,1,4,19.1,2.46,2.8,8.5,24.9,4,2,8.8,6.3,45.9,61.2,0,0,594229.36
66.2,3,2,1,3,9,31.7,11.12,0.23,8.5,23.5,3,1,4.3,4.7,45.2,65.1,1,0,372989.6
101.2,4,3,2,8,11,9.2,5.25,0.61,6.6,35.5,4,0,10.0,8.3,47.5,61.1,0,0,572182.91
123.6,5,4,2,16,20,53.7,7.57,0.79,8.6,35.8,3,2,2.7,5.8,37.5,62.5,1,0,519527.69
126.7,6,4,2,6,11,6.2,1.4,0.15,8.7,16.7,2,0,10.0,9.9,41.1,71.6,1,0,726247.62
147.4,7,5,3,16,27,12.8,3.71,0.25,9.0,8.1,2,0,7.5,9.0,42.9,70.6,1,0,815105.19
68.4,3,2,1,10,10,47.4,5.55,0.31,7.7,24.7,2,0,6.0,5.9,35.3,70.5,1,0,409757.04
40.7,2,1,1,1,3,18.0,14.55,0.5,7.4,39.9,0,1,4.5,6.8,32.6,54.4,0,0,244638.52
82.2,3,2,1,2,7,61.3,6.93,0.33,9.5,26.7,5,1,6.0,6.2,42.2,68.0,1,0,425946.91
71.0,3,1,2,13,18,3.7,1.95,0.86,8.5,34.9,2,0,8.5,8.6,41.8,74.1,1,1,572814.95
47.6,3,1,1,11,16,15.4,2.17,0.15,7.3,27.3,3,0,9.7,8.5,40.0,69.6,1,0,432179.83
78.4,4,2,1,28,28,25.8,1.22,0.35,9.8,31.0,5,0,5.2,5.6,54.9,73.6,0,0,490290.13
100.3,5,3,3,9,15,73.1,2.64,0.43,8.7,28.6,4,0,6.3,6.4,40.6,66.8,0,0,493412.32
108.0,5,3,2,11,13,22.5,11.23,0.12,7.4,40.2,1,2,4.9,6.2,34.8,66.0,1,0,546519.63
73.9,3,2,2,16,22,30.0,6.61,0.63,9.5,28.0,2,1,7.4,5.8,31.7,87.9,1,0,515959.6
118.8,5,3,3,18,25,20.1,7.61,0.58,9.0,15.7,3,1,5.5,5.5,48.0,51.5,1,0,586902.66
84.3,3,2,2,11,15,18.6,11.27,0.56,7.6,22.7,2,0,10.0,7.1,45.3,60.2,1,0,455891.51
67.4,3,1,1,22,29,12.7,7.73,0.67,6.7,39.0,1,0,9.6,8.2,42.7,58.7,1,0,365805.16
99.3,4,3,3,13,17,27.5,1.55,0.41,7.9,22.4,2,1,9.6,6.4,46.7,74.8,0,0,565298.55
99.2,4,3,2,16,26,16.5,8.9,0.69,7.6,41.0,0,2,7.5,6.7,44.3,82.4,1,0,536455.01
88.2,4,3,2,14,28,31.2,16.59,0.54,6.5,35.6,4,0,6.5,5.3,38.5,51.3,1,0,396186.84
59.8,2,1,1,20,29,22.2,1.59,0.07,7.8,25.4,1,1,7.5,7.5,48.3,69.7,1,0,482526.81
128.2,5,4,3,5,18,15.3,5.95,0.11,7.6,32.9,2,0,7.8,8.3,38.6,70.3,1,0,648766.71
115.2,4,3,2,13,15,54.2,10.99,1.3,8.2,31.2,3,1,4.8,5.7,38.7,68.2,1,0,499843.23
99.9,4,3,2,2,10,11.7,9.29,0.42,7.6,26.9,1,0,7.9,8.5,36.1,58.4,1,0,522233.74
101.8,4,3,2,19,20,13.1,16.7,0.6,6.0,40.3,1,1,9.9,6.6,37.6,47.9,0,0,392750.58
110.2,5,4,2,5,21,2.2,11.29,0.56,7.8,31.8,1,0,10.0,8.9,31.8,59.9,1,1,610846.77
100.3,4,3,2,5,28,17.2,2.96,0.48,8.7,20.0,0,1,6.1,7.3,49.7,87.0,1,0,637989.88
86.0,5,3,1,3,17,51.5,10.08,1.84,7.3,31.7,2,0,6.6,6.9,47.5,61.7,1,0,349369.86
139.9,7,5,3,0,12,52.3,4.96,0.67,6.8,31.9,1,0,3.4,6.9,37.4,68.8,1,0,605254.04
97.4,4,3,2,18,25,14.2,4.06,0.29,7.9,25.4,2,0,10.0,8.5,42.3,65.2,1,0,600967.62
75.2,4,2,2,2,6,29.4,3.06,1.29,8.1,15.9,1,0,5.6,7.6,38.8,77.5,1,0,454366.98
96.5,4,3,2,6,8,34.0,10.23,0.4,8.2,38.4,5,1,7.9,5.8,35.9,59.4,0,0,468299.5
68.0,3,2,1,1,10,5.8,1.77,0.63,7.6,15.5,1,0,9.6,8.3,52.5,72.3,1,0,505336.95
68.0,3,2,1,3,26,43.6,5.76,0.52,7.5,27.1,1,2,5.6,4.4,38.3,62.3,1,0,338203.54
104.6,4,3,2,5,9,6.8,3.1,1.29,9.7,14.7,2,2,8.0,8.9,44.4,79.0,1,0,665369.34
122.4,5,4,3,4,14,15.0,5.18,0.45,7.6,23.7,0,1,7.7,7.4,39.5,67.3,1,0,636238.41
116.8,6,4,2,20,20,8.4,4.42,0.38,7.9,23.4,6,2,9.2,10.0,36.2,62.4,1,0,719308.42
59.3,3,2,1,8,20,25.7,5.31,0.73,9.7,21.7,4,1,8.6,7.3,40.0,65.9,1,0,481389.49
74.4,3,2,1,10,21,10.6,6.64,0.92,6.8,30.4,1,1,10.0,7.2,42.0,65.4,1,0,429553.88
75.2,4,2,1,3,6,12.7,2.78,1.27,9.5,21.5,0,1,10.0,7.5,51.1,76.3,1,0,478101.56
128.8,6,5,2,0,3,38.2,1.79,0.64,7.9,30.5,2,0,7.3,5.7,34.8,76.2,0,0,616887.46
148.7,6,5,2,7,7,14.0,2.71,0.94,8.4,16.4,4,1,8.5,7.1,49.3,75.7,1,0,785905.61
84.7,4,3,3,1,9,20.3,5.77,1.0,8.1,8.3,0,0,6.8,7.3,41.8,64.0,1,0,499853.16
120.3,5,4,2,19,30,6.7,5.2,0.41,7.6,21.0,1,1,9.5,7.1,45.1,73.8,1,0,716546.95
101.7,4,3,2,16,28,4.9,2.74,0.38,7.2,33.4,1,1,10.0,9.4,41.6,61.2,1,1,601471.98
100.3,4,3,2,11,13,23.2,5.72,0.23,7.2,34.5,8,0,9.2,5.2,49.3,72.8,1,0,547164.27
61.4,2,1,2,12,23,13.5,10.63,0.17,7.0,31.7,3,1,8.5,7.9,41.2,67.1,1,0,456093.52
75.4,3,2,1,22,25,60.1,5.25,0.16,7.1,26.9,4,1,4.1,4.4,46.1,61.9,0,0,361976.2
102.9,4,3,2,16,23,77.8,2.59,0.16,8.2,9.8,1,1,4.0,2.8,46.4,69.5,1,0,534225.78
97.2,4,3,3,5,13,7.3,1.44,0.58,7.6,17.2,6,0,9.6,8.8,49.7,64.7,0,0,619382.9
73.4,3,2,1,9,12,5.0,5.18,0.05,7.0,24.1,6,0,10.0,7.7,38.8,56.9,1,1,512736.3
112.5,6,4,2,9,26,60.9,2.39,1.01,6.6,31.7,4,1,5.3,5.7,52.5,80.7,1,0,569958.74
44.2,2,1,1,8,9,28.0,3.92,0.32,9.7,21.8,3,1,8.6,7.4,54.8,68.2,1,0,340880.07
76.7,3,2,1,17,18,22.8,6.76,0.35,7.6,23.1,2,0,9.1,6.3,42.3,63.8,1,0,480512.05
84.5,4,3,1,3,3,5.6,6.32,0.38,7.1,21.1,1,1,8.2,7.9,47.1,86.8,0,0,536635.38
91.0,4,3,3,16,29,74.1,10.92,0.69,6.2,44.9,2,1,3.2,4.6,37.3,63.4,1,0,331514.93
91.7,4,3,2,3,3,10.3,0.98,0.8,7.8,21.2,3,1,10.0,8.2,39.3,82.4,0,0,608694.34
71.6,3,2,2,14,14,34.8,4.32,0.06,6.1,23.2,6,1,7.8,7.5,42.1,72.0,1,0,472702.46
68.2,3,1,2,18,18,33.6,4.44,0.74,7.4,34.7,0,1,7.6,7.4,48.0,74.6,0,0,440272.2
97.2,4,3,2,5,7,4.6,5.82,0.31,8.5,32.9,2,1,7.9,10.0,40.4,48.5,1,1,550196.62
107.1,4,3,2,14,16,12.0,1.98,0.22,7.6,20.5,5,0,5.1,9.0,48.9,71.9,1,0,630008.03
54.7,2,1,2,12,20,6.1,2.93,0.05,8.8,14.7,4,0,9.3,8.3,46.9,70.2,0,0,451600.7
103.0,5,3,2,6,11,2.8,1.8,0.07,9.2,31.1,3,1,9.5,9.3,42.9,61.1,1,1,609811.45
93.7,3,2,1,2,4,17.2,6.14,0.18,8.4,32.7,6,1,8.9,7.4,34.4,55.2,0,0,467212.19
98.8,4,3,2,7,14,6.8,2.82,0.34,8.2,23.1,4,0,8.5,7.8,44.3,71.2,1,0,604821.74
120.9,5,4,2,19,27,10.3,9.18,0.13,8.6,23.6,3,1,7.5,9.4,35.5,55.0,1,0,627111.69
58.5,2,1,1,7,12,5.5,8.33,1.32,8.6,34.1,1,1,9.0,7.4,40.4,62.7,1,0,404060.08
41.6,2,1,1,2,4,15.5,9.96,0.06,6.6,29.7,3,0,9.9,8.8,39.2,56.2,0,0,281834.12
100.7,5,3,2,4,17,59.7,3.62,0.26,7.2,31.3,6,0,5.8,4.7,31.4,80.5,1,0,504933.46
98.5,4,3,2,1,6,25.3,3.64,0.89,7.6,29.8,2,0,5.3,8.2,48.6,73.9,1,0,521296.45
93.9,4,3,2,6,21,13.2,3.85,0.68,7.7,21.5,2,0,7.8,8.5,41.7,77.7,0,0,523680.89
106.9,6,4,2,15,24,19.2,2.61,0.1,9.4,25.2,3,0,6.7,7.4,49.2,66.0,0,0,594546.1
112.6,5,4,1,5,6,24.0,1.67,1.0,9.1,17.5,0,0,9.8,7.4,41.6,87.2,0,0,582739.11
117.2,6,5,1,15,27,24.3,2.28,0.81,8.4,30.0,3,1,7.1,6.0,44.9,76.5,1,0,656915.42
88.1,3,2,1,3,11,16.0,12.49,0.32,7.2,36.0,1,1,10.0,8.2,43.8,55.9,1,0,440175.15
71.9,3,2,1,12,15,11.3,3.33,0.1,7.0,31.8,5,1,8.6,8.8,38.5,55.8,1,0,505521.71
68.2,3,2,2,0,12,34.7,14.61,0.05,7.8,59.5,4,0,6.1,7.9,30.7,52.8,1,0,306902.17
48.9,2,1,1,14,16,7.7,3.19,0.24,8.3,18.8,4,1,7.0,7.7,46.2,70.9,1,0,453804.63
86.8,5,3,1,24,27,35.1,5.64,0.18,6.8,20.9,5,1,6.1,8.8,34.1,61.7,1,0,468376.1
97.3,4,2,2,2,5,14.2,6.29,1.19,6.1,33.2,0,0,8.1,7.4,35.8,63.9,1,0,500562.95
99.9,5,4,1,3,5,43.9,5.06,0.36,6.6,33.6,3,1,4.4,5.6,45.7,61.2,0,0,431651.42
95.1,4,3,2,20,22,8.7,3.2,0.79,8.2,18.5,2,0,9.4,7.8,41.0,72.4,1,0,594389.76
98.7,4,3,3,14,18,8.6,0.79,0.4,5.9,24.7,1,0,7.2,7.9,48.6,59.9,1,0,607195.22
75.0,3,2,1,2,11,20.8,4.71,0.19,6.8,23.7,5,1,5.4,5.9,43.4,55.0,0,0,392626.5
48.8,2,1,1,11,16,10.2,2.57,0.61,8.7,12.1,2,0,6.3,6.8,48.2,88.2,1,0,461416.83
43.9,3,1,1,5,24,61.3,3.32,0.14,7.7,27.4,2,0,4.2,3.9,38.3,60.2,1,0,266760.47
69.4,3,2,1,4,18,11.6,3.15,1.35,6.3,27.9,3,1,9.0,8.1,44.3,57.9,1,0,462368.9
57.6,3,1,2,10,11,9.4,12.47,0.17,6.4,33.3,2,2,10.0,9.5,31.6,50.9,1,0,359239.48
84.3,4,3,1,22,26,27.3,2.18,1.51,8.1,17.2,3,1,6.8,6.3,47.3,81.2,0,0,495982.49
109.7,5,4,2,11,25,1.9,14.39,1.34,7.7,38.5,0,0,9.4,9.5,40.6,49.7,1,1,514060.54
123.5,5,4,2,6,7,63.9,16.42,0.84,7.0,44.4,0,1,4.6,4.1,29.1,48.6,1,0,376877.23
93.4,4,3,2,8,15,31.0,8.98,0.66,7.8,23.3,3,0,3.7,7.4,42.5,57.6,1,0,445441.02
68.9,4,2,2,17,17,24.1,0.39,0.8,9.2,14.1,3,0,8.0,7.4,48.5,88.6,0,0,525909.87
117.3,6,4,3,13,27,10.7,1.61,0.34,6.6,33.1,3,1,8.3,8.8,50.7,51.3,1,0,649825.85
107.4,5,4,1,3,6,18.0,10.25,0.56,8.5,38.0,3,0,5.4,6.5,27.7,63.1,0,0,517172.35
42.3,2,1,1,7,16,11.9,2.04,0.68,9.5,18.2,2,1,10.0,7.8,51.0,92.6,0,0,418735.93
109.0,4,3,2,15,22,13.9,5.39,0.34,7.2,37.1,1,1,9.0,7.5,35.4,62.0,1,0,599799.97
77.9,3,2,1,3,26,37.1,3.15,0.42,5.1,28.7,3,0,4.0,6.3,37.1,57.2,1,0,374429.72
125.4,5,4,2,18,22,25.9,10.82,0.68,8.5,32.1,0,1,8.1,8.1,46.6,44.7,1,0,566063.85
128.1,6,5,1,9,9,15.0,5.13,0.24,5.1,34.6,2,1,10.0,7.1,42.8,63.7,1,0,576856.79
43.3,2,1,2,5,6,4.2,5.7,0.8,8.2,29.4,2,1,8.7,9.0,39.5,75.1,1,1,441126.86
119.3,5,4,1,18,29,80.6,20.8,0.34,5.6,63.4,3,1,4.7,3.2,37.6,46.5,1,0,328772.23
96.1,5,3,3,14,19,8.0,14.55,0.55,6.2,36.6,1,1,7.6,10.0,36.2,64.0,1,0,501658.8
125.7,6,5,2,11,28,37.3,5.11,0.29,7.5,33.4,3,1,5.8,5.5,38.7,72.2,1,0,632485.56
72.3,3,2,1,11,11,11.6,0.59,1.25,8.6,18.4,2,1,10.0,8.4,53.5,64.0,1,0,526990.0
125.0,5,4,2,1,6,22.7,8.0,0.1,5.4,27.2,1,1,8.4,5.9,40.2,69.9,0,0,575040.93
61.4,2,1,1,0,5,9.5,17.84,0.05,6.2,51.0,2,1,10.0,8.4,24.3,38.3,1,0,305712.6
78.3,3,2,1,2,21,11.3,0.8,0.94,7.0,20.4,3,0,7.9,6.7,41.0,69.8,1,0,520744.01
50.5,2,1,1,0,11,10.6,8.66,1.02,7.0,43.5,0,1,9.0,8.1,33.1,64.4,1,0,331291.24
129.4,7,5,2,8,10,21.6,11.2,0.73,7.3,31.6,2,2,7.4,7.6,32.1,62.1,1,0,566414.72
116.8,6,4,2,4,28,10.7,5.1,0.37,8.8,21.8,3,1,9.2,7.8,41.2,64.7,0,0,640556.19
106.0,6,4,1,6,9,20.9,5.51,0.32,7.1,30.6,3,1,7.4,8.0,41.7,68.4,1,0,595467.39
121.1,5,4,2,1,9,47.7,5.2,0.34,9.7,12.5,2,1,8.5,6.3,43.2,53.8,0,0,587974.36
66.6,2,1,2,5,6,7.4,1.87,0.88,7.4,31.2,3,0,8.2,7.4,47.6,77.0,1,0,486978.2
82.7,3,2,2,0,21,7.4,21.87,0.76,5.0,64.4,0,1,9.1,8.6,31.7,31.0,1,0,279191.96
32.8,2,1,1,5,14,54.8,1.32,0.13,9.4,24.6,1,1,2.6,5.7,50.3,92.1,1,0,343797.85
79.0,3,2,2,20,22,31.5,8.73,0.63,7.2,35.1,2,2,8.7,7.7,45.4,58.3,1,0,415557.13
70.1,3,2,1,5,8,19.9,8.34,0.09,7.7,37.0,3,1,5.9,5.9,41.4,71.8,1,0,430839.08
72.3,3,2,1,1,14,5.3,2.06,0.19,7.8,25.6,2,1,7.7,8.3,48.4,79.2,1,0,540708.67
65.0,3,2,1,6,22,4.4,5.44,0.05,7.5,35.0,2,0,6.8,9.6,44.2,71.6,0,1,458495.26
42.4,3,1,1,0,6,9.3,1.71,1.04,8.6,34.2,5,1,6.2,7.6,38.9,78.2,0,0,377284.33
56.7,2,1,1,2,4,22.0,7.16,0.13,8.9,28.2,0,1,9.0,8.3,32.8,71.8,0,0,390680.07
50.1,3,1,1,13,17,39.3,11.62,0.06,7.2,36.4,0,2,5.2,5.6,33.8,62.7,1,0,301532.41
136.6,6,5,2,22,25,21.5,5.61,0.18,8.3,26.5,4,0,5.4,8.0,47.6,74.7,0,0,660715.23
90.6,4,3,2,6,8,22.5,8.37,1.64,8.5,23.0,4,1,5.2,6.5,38.3,64.9,1,0,486258.83
143.3,6,5,2,20,20,42.8,2.27,0.26,7.8,24.8,1,0,7.8,7.4,49.3,66.8,0,0,681593.47
79.0,3,2,1,8,23,27.1,2.25,0.23,7.3,13.7,1,0,6.6,7.4,43.9,69.8,1,0,499593.04
80.4,3,2,2,18,24,12.9,5.27,0.87,6.8,38.5,1,0,8.1,6.2,40.7,60.7,1,0,468417.99
94.3,4,3,2,5,7,19.0,1.57,0.42,7.4,32.9,6,1,9.1,8.6,32.0,71.5,0,0,566662.9
77.8,3,2,1,0,6,40.1,2.08,0.74,7.2,18.9,3,0,7.2,6.8,37.2,78.5,1,0,420844.93
81.1,3,2,2,4,13,24.0,3.07,0.17,9.2,15.2,3,0,7.7,7.3,52.3,76.8,1,0,532567.25
72.9,3,2,1,7,13,57.9,7.18,0.21,5.8,40.8,2,0,7.0,4.6,45.8,66.1,1,0,299498.34
61.3,2,1,1,10,11,10.9,2.23,1.09,8.8,11.5,0,1,6.3,7.0,42.0,77.4,1,0,471672.62
82.4,3,2,1,2,5,8.0,4.96,1.17,6.7,23.5,0,0,8.0,8.6,38.9,84.5,1,0,496818.47
68.0,4,2,2,6,13,25.3,8.66,1.03,9.3,22.9,3,0,8.7,5.6,37.1,69.0,1,0,453932.44
87.6,4,3,2,1,4,21.2,3.4,0.49,8.5,26.9,3,0,10.0,6.6,48.0,71.1,0,0,494114.38
53.8,2,1,2,3,11,7.3,3.47,0.44,7.2,29.5,1,1,10.0,8.8,47.5,62.9,1,0,392287.45
59.0,4,2,1,4,26,12.1,7.22,0.3,7.1,33.7,3,2,6.4,6.4,45.0,71.9,1,0,431147.65
120.5,6,4,3,3,27,48.0,5.76,0.47,7.7,28.0,1,1,5.9,4.5,36.1,75.5,1,0,595209.29
64.8,2,1,2,12,12,27.9,3.73,0.56,8.7,28.7,2,2,7.9,7.5,53.9,83.9,1,0,495319.3
70.8,3,2,1,8,13,12.8,2.52,0.8,8.5,23.1,4,1,7.9,7.5,43.5,83.9,1,0,557612.41
109.7,5,4,2,3,5,9.1,3.0,0.48,8.1,34.8,4,0,9.4,9.7,47.5,69.6,1,0,619338.88
62.0,2,1,1,13,19,15.0,8.79,0.12,6.7,41.7,3,1,10.0,7.4,42.7,48.9,1,0,384334.07
61.1,2,1,2,5,13,38.6,3.4,0.31,7.8,19.7,2,0,5.1,4.8,35.0,73.4,1,0,367574.87
73.7,3,2,1,5,19,20.6,23.39,0.05,7.0,52.1,0,1,5.7,8.5,25.0,48.6,1,0,256474.0
80.2,4,2,1,9,21,18.7,2.73,1.23,10.0,18.8,4,1,8.7,6.1,44.9,76.7,1,0,544752.1
88.0,4,3,1,6,6,40.0,7.7,1.09,8.7,22.8,0,1,5.6,5.3,36.2,64.8,1,0,432736.79
130.5,6,4,2,4,4,7.7,7.94,0.5,6.6,41.3,5,1,9.5,7.7,32.2,56.7,0,0,576643.26
49.4,3,1,1,25,26,10.5,6.54,0.6,9.1,32.7,5,0,8.6,8.1,43.7,78.0,1,0,479329.19
112.0,4,3,2,12,16,21.9,1.44,0.61,8.0,20.1,2,1,7.3,7.7,53.4,71.6,1,0,574390.81
63.2,3,2,1,2,17,18.7,9.95,0.29,7.3,38.4,2,0,6.7,8.4,40.3,64.6,1,0,359993.4
57.1,2,1,1,26,30,15.8,4.85,0.07,6.7,26.1,3,2,8.1,5.0,44.8,73.8,1,0,470065.18
90.9,5,3,2,2,5,41.3,12.06,0.61,7.2,44.9,1,2,5.7,5.3,36.9,59.6,0,0,387986.86
80.0,3,2,1,2,22,3.2,3.98,0.73,7.2,25.9,3,1,10.0,10.0,35.5,63.4,1,1,563404.79
67.2,3,2,1,6,24,8.3,3.94,0.32,9.4,9.1,1,1,8.6,7.1,43.2,75.0,1,0,496342.59
62.3,2,1,2,26,28,8.3,6.79,0.37,10.0,17.0,2,2,6.5,8.0,36.3,60.6,1,0,487343.9
72.8,4,2,2,13,15,29.8,4.85,0.24,7.9,35.9,0,0,9.1,8.2,38.4,63.5,1,0,476567.77
78.5,4,2,1,9,24,14.0,1.54,0.05,8.8,19.6,2,1,7.9,7.6,50.0,62.2,1,0,502625.42
108.8,5,4,2,0,15,74.8,8.8,0.29,7.1,36.6,1,0,7.1,4.1,34.9,68.6,1,0,461738.87
66.5,2,1,1,3,20,42.6,1.29,1.74,8.5,19.9,1,0,5.8,6.0,42.4,65.3,1,0,376970.33
70.0,3,2,2,7,24,14.0,9.78,1.41,6.7,26.1,2,0,6.9,9.0,38.4,52.6,1,0,395689.83
60.2,3,2,1,19,22,29.2,2.38,0.49,8.5,14.9,2,1,6.6,5.3,55.5,73.3,1,0,451314.21
103.6,5,3,2,16,23,28.2,16.95,1.34,6.9,53.4,1,0,7.0,8.7,20.0,42.5,1,0,384524.78
91.3,4,3,2,4,9,51.0,1.5,0.33,8.6,28.4,3,1,5.2,5.4,40.1,89.0,1,0,520856.47
95.9,5,3,2,16,25,16.2,1.66,0.7,9.0,11.1,2,0,7.0,7.3,59.5,87.8,1,0,605998.62
100.4,4,3,3,8,18,12.5,2.29,0.08,7.9,31.9,4,1,7.5,7.0,50.9,68.4,0,0,604510.86
110.5,5,4,3,7,18,26.8,9.56,0.63,10.0,26.4,3,1,9.7,5.9,41.6,80.4,1,0,652210.44
70.4,3,2,1,6,24,16.3,7.34,0.58,7.0,33.7,2,1,7.5,5.3,41.8,66.0,1,0,460566.8
81.1,3,2,1,4,28,31.6,10.09,0.77,6.6,36.8,1,1,10.0,8.0,36.5,57.6,0,0,382639.02
129.0,5,4,3,3,8,47.3,7.78,0.33,5.1,40.9,2,1,7.4,3.7,32.5,49.1,1,0,517536.29
133.9,6,5,2,6,8,9.3,4.81,0.08,8.7,31.5,5,0,8.3,7.9,40.4,64.4,1,0,703937.67
122.9,5,4,2,2,6,11.6,11.51,0.16,4.3,40.4,3,1,9.2,7.4,35.5,68.3,1,0,562363.2
62.5,3,2,1,4,5,44.4,14.45,0.25,6.4,51.1,0,0,5.2,6.3,40.0,52.9,1,0,255745.5
50.4,2,1,1,0,3,19.8,2.11,0.16,7.5,33.8,3,1,9.3,5.4,44.9,67.3,0,0,354582.14
74.2,3,2,1,0,5,20.4,11.07,0.92,5.7,42.6,3,0,9.6,6.5,36.3,54.2,0,0,318537.13
102.0,4,3,3,14,21,39.6,10.95,0.35,7.3,29.7,2,1,7.3,6.8,36.3,61.2,1,0,474485.58
69.0,3,2,1,9,11,18.2,2.43,0.27,10.0,23.4,4,0,7.0,7.7,42.8,76.1,1,0,487332.52
61.4,3,2,1,7,16,34.9,3.06,0.27,8.9,19.6,4,0,7.6,5.9,35.4,54.9,1,0,398414.66
90.3,5,4,1,6,21,10.0,9.16,0.48,6.6,33.4,0,2,7.3,8.0,40.2,66.6,1,0,490822.82
84.5,3,2,2,16,26,14.5,3.42,0.52,10.0,15.2,3,0,6.0,9.4,39.9,91.7,1,0,582787.67
115.9,6,4,2,11,26,52.7,5.71,1.15,7.1,40.0,2,1,5.9,6.7,41.3,65.2,1,0,563898.8
78.2,4,2,1,3,21,20.1,6.0,1.1,8.9,26.6,1,0,5.2,8.4,45.9,73.2,1,0,447234.33
67.5,3,2,1,19,28,9.5,2.27,0.26,6.5,35.8,3,1,7.7,8.5,49.1,60.0,1,0,468345.95
72.3,3,2,2,27,28,9.2,2.27,0.33,8.0,28.8,3,0,8.9,8.2,51.5,68.2,1,0,532493.05
89.1,4,3,1,24,30,18.6,1.95,0.48,7.1,19.4,5,1,10.0,6.8,55.4,75.2,1,0,570956.15
59.8,2,1,1,9,15,35.7,7.47,0.36,9.7,22.6,1,0,5.7,6.6,44.5,71.9,1,0,344419.68
51.1,2,1,1,17,24,1.5,1.5,0.52,7.6,22.2,2,0,7.4,10.0,47.2,71.6,0,1,445361.37
138.4,6,5,2,3,18,13.1,9.7,0.15,6.3,36.9,5,0,9.3,8.7,27.9,66.1,1,0,685550.11
44.9,2,1,1,9,30,28.3,3.29,0.39,8.6,21.1,2,0,7.4,6.6,42.4,74.7,1,0,363506.32
101.7,4,3,3,2,10,23.4,5.66,0.6,7.6,36.9,1,1,7.6,5.1,40.4,69.3,0,0,542281.97
102.4,5,3,3,25,26,26.4,1.87,0.31,10.0,20.2,1,0,5.0,7.8,49.7,73.7,1,0,553895.11
80.8,3,2,1,4,28,10.8,17.17,0.58,6.7,48.9,0,1,9.9,8.8,24.0,54.2,0,0,372747.79
97.7,5,3,2,11,18,21.6,7.89,0.46,7.6,24.8,1,1,4.4,6.8,42.2,57.0,0,0,491515.3
85.0,3,2,1,22,28,40.6,7.67,0.35,8.3,18.2,1,0,6.6,5.6,47.9,68.6,1,0,469336.56
85.2,4,3,2,4,11,14.2,8.19,0.78,7.3,39.4,3,0,9.9,5.8,37.5,63.7,1,0,450580.7
72.0,3,2,1,4,11,20.8,7.22,0.41,7.9,23.9,4,1,7.8,8.6,42.3,63.5,1,0,453447.74
104.4,4,3,3,3,26,4.0,2.11,0.66,7.4,22.7,4,0,8.4,9.1,40.6,72.1,0,1,690835.83
58.0,2,1,1,24,25,27.9,2.61,0.12,7.6,24.4,8,0,5.6,7.2,50.0,76.7,1,0,495877.48
82.5,4,3,1,5,28,11.1,4.74,1.34,7.0,29.9,2,1,7.4,6.8,51.7,71.9,1,0,494978.75
73.5,2,1,2,1,5,6.6,7.42,0.19,8.0,27.5,3,1,10.0,6.7,37.1,65.8,1,0,461221.2
71.1,3,2,1,5,9,13.1,8.79,0.55,6.8,29.2,2,1,7.3,9.3,33.3,58.4,0,0,436936.7
62.3,3,2,1,21,22,28.9,2.8,0.09,8.9,19.2,3,0,7.8,6.5,51.6,78.3,1,0,481858.83
52.9,2,1,1,0,20,11.4,4.42,0.47,7.1,16.3,3,0,7.0,7.1,40.0,87.1,1,0,484200.02
111.5,6,4,2,15,26,7.9,15.11,0.15,5.7,48.8,1,2,8.0,10.0,32.6,52.2,1,0,572718.57
93.3,3,2,1,2,4,32.3,3.85,0.6,8.3,29.1,2,1,4.4,7.7,38.5,83.7,0,0,467272.97
122.4,6,4,2,1,3,9.2,9.99,0.57,7.4,38.5,2,2,8.3,7.3,38.3,60.9,0,0,596987.31
132.4,6,5,2,3,14,72.2,1.31,0.86,9.2,21.0,2,0,3.6,5.2,44.8,79.3,0,0,597599.82
95.1,5,3,2,17,18,39.5,3.94,0.5,6.8,35.8,1,1,8.4,4.7,52.4,47.3,1,0,478674.9
67.6,2,1,2,5,14,52.9,11.12,0.45,5.6,48.7,1,0,4.2,5.2,39.3,50.5,1,0,250057.5
86.0,3,2,2,16,23,22.2,12.76,0.13,8.2,45.3,3,1,6.9,6.4,43.5,64.0,1,0,493141.75
65.7,4,3,1,11,12,11.0,6.78,0.69,6.3,32.7,3,1,9.6,8.3,42.3,64.2,1,0,441685.46
76.1,4,2,1,0,11,41.4,0.71,0.9,9.2,18.5,4,1,6.2,7.9,46.7,77.3,1,0,484407.07
60.2,2,1,2,20,23,7.3,0.65,0.24,6.1,25.4,3,2,8.3,6.4,49.1,70.6,0,0,499824.06
78.5,4,3,1,21,29,3.4,6.41,0.22,8.3,24.4,2,0,8.5,10.0,54.0,82.5,1,1,570980.65
121.0,6,4,2,17,20,26.5,6.83,0.89,7.7,31.9,0,1,5.7,7.8,46.0,59.9,1,0,575089.59
107.0,4,3,1,9,28,6.0,18.19,0.21,6.7,48.8,1,0,8.0,7.2,25.3,54.4,1,0,439216.44
57.5,2,1,1,3,6,18.6,2.87,0.79,8.9,29.2,6,0,7.9,6.5,42.4,85.4,1,0,442620.92
104.8,4,3,2,3,10,17.7,1.81,0.49,9.2,30.6,2,0,6.1,6.8,45.3,79.3,1,0,573464.25
85.4,3,2,1,9,25,34.8,4.55,0.58,8.4,28.1,2,0,5.1,5.7,43.4,62.7,1,0,431043.05
64.4,3,2,1,4,23,6.9,3.68,0.34,8.9,28.8,3,1,10.0,7.3,47.1,76.6,1,0,482759.99
99.1,5,4,2,1,6,5.1,8.02,1.39,8.7,30.5,4,0,9.4,6.4,36.3,70.3,0,0,534170.98
76.3,4,2,1,3,18,16.7,8.98,0.87,8.7,37.3,1,0,8.3,7.4,38.6,75.5,1,0,443553.17
69.0,3,2,1,15,23,1.1,4.44,0.12,8.5,31.8,1,1,8.1,10.0,49.7,67.9,1,1,540746.2
42.0,2,1,1,4,25,25.1,8.68,0.58,6.5,45.3,3,1,7.7,6.5,32.0,40.0,1,0,232929.77
106.4,5,4,1,18,23,23.4,2.24,0.17,8.0,10.3,3,0,3.8,7.5,42.8,68.2,1,0,599926.21
108.8,5,3,3,7,10,23.8,6.1,0.19,7.7,33.7,4,1,5.6,8.3,51.4,63.8,1,0,586780.87
101.8,4,3,3,5,9,16.4,0.37,0.2,7.8,19.6,0,1,8.8,6.1,44.1,75.4,0,0,580360.17
82.7,5,3,1,23,25,62.2,2.83,0.54,7.0,29.7,4,1,3.8,4.4,52.7,74.9,1,0,414465.17
51.2,2,1,1,20,27,27.0,7.52,1.59,8.5,33.7,0,0,6.9,5.5,49.3,64.5,1,0,362950.25
70.8,3,2,1,6,26,32.3,14.65,0.78,7.0,37.3,1,2,7.4,5.3,28.3,49.2,1,0,339024.97
55.6,3,2,1,9,15,12.2,2.52,0.19,7.5,13.3,2,2,7.1,9.2,40.9,67.4,1,0,478141.05
51.9,2,1,1,6,30,16.9,6.22,1.31,7.8,32.0,4,1,6.9,7.1,41.6,64.5,1,0,365042.47
67.2,3,2,2,5,10,9.6,2.43,0.9,8.5,20.3,3,0,7.8,8.4,40.9,75.7,1,0,498171.36
119.3,5,4,2,13,24,21.7,3.77,0.23,6.9,32.7,2,1,7.8,7.5,47.2,68.5,1,0,582711.24
40.5,2,1,1,9,9,9.8,7.07,0.38,6.9,31.3,4,1,5.9,8.7,44.2,68.7,0,0,326112.81
79.1,4,2,1,19,26,32.9,2.06,0.99,7.9,28.8,4,0,7.3,6.8,49.1,73.6,1,0,505301.75
67.7,4,2,1,5,7,19.3,3.76,1.19,7.9,28.4,2,0,7.7,7.5,43.0,57.5,1,0,401685.75
73.7,4,2,2,24,28,0.5,5.74,0.29,6.2,22.0,6,0,9.1,8.2,49.3,54.9,1,1,566139.96
116.4,6,4,2,10,20,9.0,6.04,0.05,8.5,28.2,1,1,7.3,8.0,48.6,65.2,1,0,618373.0
64.1,3,2,1,13,25,49.6,5.31,0.81,7.9,28.2,1,0,5.6,5.8,50.5,65.1,1,0,310337.81
73.2,3,2,1,11,28,51.9,5.74,0.89,7.6,27.1,1,1,7.0,4.7,44.5,78.6,1,0,430350.7
90.1,5,3,2,3,21,29.5,2.96,0.05,7.4,29.7,1,0,8.1,4.8,39.0,62.1,1,0,525776.16
48.5,2,1,1,12,12,16.9,2.61,0.47,7.2,19.5,7,0,9.7,7.8,45.0,76.0,0,0,406855.73
74.2,3,2,1,5,13,45.3,2.11,1.77,8.3,33.8,0,1,4.6,7.2,47.9,83.7,1,0,453269.58
61.9,3,2,1,5,10,17.9,2.37,0.71,8.4,13.6,3,0,8.8,5.7,49.8,81.3,1,0,463457.15
85.9,4,3,2,2,8,43.7,2.2,0.29,10.0,10.2,5,1,5.2,5.9,49.1,87.8,0,0,573735.17
134.0,6,5,2,12,13,21.5,5.38,0.5,9.9,28.8,4,2,4.2,5.1,42.8,83.4,0,0,725316.01
95.8,4,3,2,18,18,15.6,2.43,0.35,7.7,39.6,2,1,9.4,8.3,48.7,71.3,1,0,587406.59
72.3,3,2,1,6,6,32.8,5.75,0.05,6.9,26.3,2,0,8.0,7.9,44.5,72.5,1,0,449607.94
109.6,6,4,1,2,4,8.0,4.5,0.21,6.7,32.4,3,2,10.0,8.0,49.2,66.1,0,0,613651.08
53.5,3,1,1,9,15,9.8,6.49,0.57,7.8,37.6,4,1,6.2,8.6,38.3,79.2,0,0,468773.62
57.9,3,1,1,3,9,5.5,5.11,0.23,6.6,28.7,1,1,8.9,8.3,44.0,68.5,1,0,420767.1
71.8,3,2,1,3,19,27.2,4.75,0.11,6.6,26.1,2,0,6.9,6.0,39.4,60.8,1,0,372303.59
54.9,4,2,1,5,25,18.7,9.68,0.61,6.6,45.7,0,0,9.5,7.3,44.3,49.5,1,0,291411.44
57.0,4,2,1,12,15,90.0,9.08,1.57,6.8,37.8,4,0,1.0,3.5,40.6,55.2,1,0,201393.63
111.4,4,3,2,3,12,27.9,6.18,0.25,7.0,34.9,2,1,6.8,6.8,42.0,51.2,1,0,506842.81
107.0,6,4,1,5,15,15.2,8.96,0.4,5.8,28.3,1,0,8.1,8.0,34.9,71.5,1,0,533534.07
78.6,3,2,1,1,12,17.7,2.39,0.16,8.1,26.9,1,0,8.9,7.6,41.2,83.7,1,0,521018.68
68.2,4,2,1,3,9,23.4,3.84,0.39,7.9,32.9,2,1,8.1,7.0,52.6,75.8,1,0,492718.02
52.5,2,1,1,1,12,12.3,3.94,0.22,9.4,27.0,2,0,8.1,7.2,45.2,73.2,1,0,396559.2
49.4,2,1,1,14,18,1.6,5.91,0.46,6.5,35.3,1,1,8.4,10.0,44.7,54.4,1,1,356626.16
115.7,4,3,2,3,5,5.6,1.39,0.26,8.9,32.3,2,1,8.5,8.6,51.5,68.7,1,0,692112.65
73.0,3,2,1,3,6,13.6,6.13,1.39,9.5,30.4,1,0,9.2,7.9,48.4,73.8,1,0,473666.69
109.7,5,4,2,8,30,4.1,7.46,1.36,6.1,42.8,3,1,7.5,8.6,40.8,55.2,1,1,546885.61
39.8,3,1,1,6,6,19.7,7.28,0.25,6.5,39.1,2,0,7.3,6.3,36.9,60.2,0,0,268096.61
68.8,3,1,1,5,6,39.2,1.28,0.49,7.1,20.1,5,1,6.0,7.0,44.5,62.5,1,0,430792.95
76.7,4,2,2,7,18,9.9,1.52,0.19,8.8,23.1,2,1,5.2,7.1,43.7,67.3,1,0,518065.88
84.0,3,2,2,3,11,13.9,2.9,0.81,8.6,27.6,3,0,5.1,7.4,43.9,67.7,1,0,492147.63
59.8,3,1,1,1,8,17.5,14.95,0.75,7.7,26.1,2,1,5.6,6.0,34.7,66.3,1,0,338366.41
85.3,4,3,1,3,12,15.5,6.23,0.3,7.8,31.0,2,0,7.6,8.1,53.4,67.8,1,0,527130.47
58.4,3,1,1,20,27,19.9,1.59,0.41,10.0,27.7,4,1,8.4,6.2,43.5,70.3,1,0,470853.94
98.2,4,3,3,24,30,2.5,6.51,0.4,8.3,22.7,2,1,7.9,8.3,39.3,65.9,1,1,630000.6
63.1,3,2,1,4,6,42.0,5.32,0.2,9.1,18.4,3,0,3.8,5.2,38.8,83.9,1,0,412244.99
62.3,3,1,1,24,25,16.5,7.12,0.21,7.8,33.3,1,0,9.3,8.0,30.1,70.2,0,0,408475.22
69.7,4,2,1,8,14,9.1,4.7,0.66,7.6,19.9,4,0,8.8,7.8,33.8,62.1,1,0,435550.81
118.1,5,4,2,7,12,24.3,4.86,0.68,7.7,35.9,3,1,7.0,6.5,36.2,67.3,1,0,607556.76
74.3,4,2,1,4,14,37.8,2.87,1.31,9.5,18.3,2,1,6.8,8.1,49.4,77.4,1,0,469014.78
108.1,4,3,3,13,30,7.8,17.42,0.15,7.2,51.2,0,1,6.9,8.6,27.6,53.6,1,0,487197.43
47.5,2,1,2,27,27,25.1,3.72,1.54,8.8,18.0,1,0,8.9,5.1,40.3,64.8,1,0,379035.44
91.3,4,3,2,1,28,46.7,4.32,0.67,9.0,39.0,1,2,6.4,5.0,37.6,64.8,1,0,477282.39
68.4,3,2,1,20,21,46.9,3.31,0.1,8.4,40.0,1,1,5.7,3.9,49.4,76.4,1,0,446679.59
89.3,4,3,2,16,21,33.4,0.65,0.32,10.0,25.8,2,2,6.3,6.2,45.9,84.0,1,0,649908.36
92.4,4,3,1,7,24,12.5,1.43,0.5,8.1,17.6,3,1,8.3,8.8,43.9,70.5,1,0,606960.35
123.5,5,4,2,1,26,8.1,5.45,0.1,8.0,27.7,2,2,9.2,8.3,38.0,71.8,1,0,685741.36
81.8,3,2,1,2,3,9.8,3.61,0.81,7.6,12.5,2,1,5.7,7.7,36.0,69.5,0,0,469864.66
50.3,2,1,1,6,6,46.2,1.12,0.28,8.9,29.7,3,2,4.7,5.5,41.0,77.2,1,0,383203.8
55.3,2,1,1,10,15,29.4,7.79,0.26,5.8,36.3,1,1,6.5,7.2,37.2,65.2,1,0,378236.84
117.6,5,4,2,1,10,34.2,7.63,1.1,4.6,36.8,1,1,6.2,4.9,42.3,50.9,0,0,480590.49
76.0,3,2,1,10,24,18.8,6.83,0.29,7.0,25.6,0,0,6.7,7.3,36.4,62.2,1,0,447663.81
89.0,4,3,2,13,16,2.9,5.18,0.86,8.5,33.9,3,2,10.0,9.7,49.2,68.6,1,1,599850.67
85.6,3,2,1,9,18,24.8,13.12,0.49,8.0,42.7,2,0,6.3,5.8,40.2,52.0,1,0,383212.51
78.4,3,2,1,4,4,9.0,3.41,0.82,6.8,27.9,2,1,6.8,7.1,35.5,63.0,0,0,475910.65
60.6,2,1,1,4,10,39.9,5.16,0.37,6.2,34.1,7,0,5.6,8.3,43.8,66.1,0,0,335846.77
148.6,7,5,3,5,15,9.9,1.9,0.51,7.5,37.7,8,1,10.0,8.5,45.0,77.1,1,0,781499.29
100.3,4,3,2,1,3,22.8,1.26,1.15,7.6,16.7,3,0,7.5,5.5,51.0,70.0,0,0,535165.58
105.8,5,4,2,9,14,30.1,11.96,0.56,7.3,29.8,2,2,6.3,6.1,33.6,53.0,1,0,462942.7
69.9,3,2,1,0,19,90.0,6.82,0.19,7.8,25.0,3,1,2.5,3.5,42.8,60.1,0,0,279949.76
89.8,4,3,3,0,9,18.3,6.24,0.29,9.2,35.6,0,2,5.2,9.8,44.0,66.9,1,0,522301.06
99.3,5,3,2,2,18,18.9,16.87,0.79,6.1,49.6,0,1,7.5,8.3,23.3,57.0,1,0,453854.79
69.6,3,2,1,10,16,40.2,1.02,0.29,7.0,18.4,4,1,6.7,7.4,53.2,70.1,0,0,430992.98
113.7,5,4,2,2,12,16.7,1.58,0.09,8.6,25.4,5,0,8.5,8.0,40.6,84.7,0,0,705959.63
123.6,5,4,2,0,5,14.1,15.0,0.49,5.7,42.3,3,0,7.8,6.7,35.3,45.5,1,0,513567.7
103.3,5,4,1,12,30,11.3,5.28,0.21,6.9,31.2,2,0,7.1,9.5,42.7,54.7,1,0,575304.96
94.0,4,3,2,5,14,20.7,5.2,0.45,9.6,28.3,1,0,9.0,8.2,41.1,85.1,1,0,600345.07
71.2,4,2,1,3,10,12.8,3.75,0.28,9.0,19.8,4,1,7.6,9.1,38.7,72.8,1,0,495421.82
56.3,4,2,1,5,18,48.6,5.03,0.57,7.5,15.8,3,0,4.3,7.5,39.3,78.1,1,0,348786.35
129.9,6,5,2,1,27,33.3,6.54,1.54,9.5,28.7,3,0,5.6,8.2,42.3,76.2,1,0,662305.35
40.1,3,1,2,8,26,21.9,11.28,1.78,8.0,35.0,0,1,7.0,7.3,45.1,65.0,1,0,302068.65
84.3,4,3,1,1,3,20.5,13.64,0.31,7.3,36.6,3,0,7.2,7.6,28.2,53.6,0,0,363167.18
102.8,5,3,2,3,19,10.7,8.41,0.45,6.8,36.3,1,0,7.5,8.1,36.4,63.7,1,0,525837.22
92.6,5,3,1,0,8,18.7,16.82,0.52,4.4,55.0,1,0,8.2,8.4,32.9,39.6,1,0,332170.79
120.2,6,5,1,0,30,17.3,2.85,0.2,7.3,10.6,2,1,7.7,7.9,43.8,62.7,1,0,671595.24
78.3,3,2,2,0,3,63.5,9.78,0.07,6.8,37.2,2,1,6.1,5.1,39.7,55.6,0,0,311707.7
62.4,3,2,1,19,26,16.5,6.49,1.17,6.5,31.6,2,1,8.0,7.5,50.4,69.4,1,0,426413.08
53.0,2,1,1,16,17,27.9,6.06,0.96,7.9,26.6,3,2,6.6,6.8,35.6,76.0,1,0,405061.91
101.4,3,2,2,2,15,29.0,3.09,0.09,6.1,32.9,4,0,6.3,7.2,40.2,74.1,1,0,524614.09
85.8,4,2,1,2,8,8.8,4.71,1.1,9.3,11.8,1,1,7.8,9.3,47.0,75.3,1,0,568790.75
71.4,4,2,1,22,23,16.2,3.5,0.49,7.6,5.6,6,1,6.3,6.6,46.8,85.1,1,0,531728.61
115.3,6,4,2,5,15,32.7,0.59,0.52,9.2,8.0,2,2,6.5,6.8,40.0,72.9,1,0,683381.47
106.2,6,4,2,23,24,7.9,5.94,1.1,8.5,33.0,3,1,9.2,8.4,39.7,88.5,1,0,707488.8
46.6,3,1,1,6,6,73.5,15.28,0.33,5.4,43.3,1,1,5.3,6.1,34.2,47.9,0,0,135350.86
80.9,3,2,2,0,3,21.6,3.0,0.32,6.4,26.0,3,1,7.8,6.9,40.5,68.7,0,0,466455.84
116.8,5,4,3,2,25,12.7,6.15,1.12,7.1,42.8,3,0,10.0,7.0,51.4,52.1,0,0,528232.58
60.2,2,1,1,8,12,6.5,2.2,0.05,8.6,25.6,5,0,9.1,9.6,44.5,69.6,1,0,539329.93
65.6,2,1,1,3,27,54.6,9.09,0.12,7.5,41.4,1,0,2.8,6.0,34.7,65.3,1,0,318589.57
55.7,2,1,1,2,6,17.0,11.54,0.92,8.3,35.7,1,0,8.5,7.1,42.5,64.1,1,0,344976.72
96.8,4,3,2,11,15,27.5,0.78,1.02,8.8,5.2,1,1,8.9,8.0,46.7,69.0,0,0,623836.12
39.6,3,1,1,2,6,7.5,4.36,0.18,8.4,24.4,2,1,8.1,6.2,45.9,73.4,1,0,420575.65
138.0,7,5,2,12,18,11.2,3.64,0.92,7.3,21.1,2,1,6.1,7.8,54.5,57.0,1,0,694748.02
61.9,3,2,1,11,11,38.5,4.25,0.89,7.7,21.4,2,1,3.7,6.7,51.7,80.2,1,0,404559.86
67.7,4,2,1,2,6,53.6,8.72,0.54,7.2,37.0,3,0,5.3,6.1,40.4,70.5,1,0,334866.61
78.7,3,2,1,20,28,9.5,4.18,0.45,8.6,9.9,3,1,6.8,7.1,50.3,66.9,0,0,540585.02
86.2,4,2,2,7,22,27.0,10.24,0.28,8.0,30.1,1,0,6.9,6.2,45.3,63.9,1,0,413807.12
99.3,4,3,3,0,10,26.6,0.58,0.25,8.2,18.0,7,0,6.7,8.6,39.8,65.0,1,0,624961.39
92.7,4,3,2,17,29,38.5,5.68,0.05,7.6,33.8,5,0,8.6,6.4,38.2,61.9,1,0,472547.59
83.4,5,3,1,4,6,28.5,6.05,0.25,8.1,43.5,3,1,8.4,7.1,51.2,65.7,1,0,434666.37
93.4,4,3,3,6,11,32.1,1.74,0.53,10.0,5.0,2,1,6.0,6.0,38.9,82.7,0,0,596743.44
108.9,5,4,2,12,13,2.7,14.04,0.08,5.1,46.2,3,1,8.2,8.6,48.1,50.7,1,1,567655.27
94.1,5,4,1,16,26,26.1,3.82,0.72,7.1,25.2,7,0,8.7,6.5,42.5,70.1,1,0,563071.5
101.5,4,3,2,4,7,6.3,7.79,0.33,6.7,35.6,1,0,8.8,9.3,35.3,63.8,1,0,541097.81
56.2,3,1,1,10,11,24.5,2.79,0.43,6.8,45.0,2,2,7.8,6.5,49.2,59.3,1,0,359328.85
57.5,2,1,1,4,10,42.3,2.34,0.72,7.4,15.1,4,1,8.0,5.9,36.1,72.0,1,0,435981.41
63.4,4,2,1,9,28,23.2,8.53,0.27,7.9,28.5,6,1,6.3,8.8,53.3,64.6,1,0,420560.19
93.4,4,3,3,6,6,32.6,2.56,0.53,9.1,31.1,5,1,8.3,8.8,54.1,71.2,0,0,553951.77
71.4,3,2,1,5,22,37.4,4.27,0.62,8.2,29.3,2,2,5.9,5.0,50.5,91.0,1,0,506669.99
71.5,3,2,1,2,3,35.1,3.02,0.65,8.3,29.9,4,0,3.3,4.4,35.5,71.5,0,0,369429.74
112.8,6,4,2,22,22,24.4,8.19,0.64,6.6,31.6,2,0,5.6,6.4,50.4,50.3,1,0,548825.47
104.7,5,4,1,18,30,25.8,3.57,0.14,5.4,37.1,6,0,5.9,6.1,52.6,53.9,1,0,484553.78
127.7,5,4,2,11,15,41.2,1.94,0.19,8.6,28.5,1,2,8.3,6.7,47.0,74.9,1,0,652131.9
74.4,3,2,1,20,26,81.8,6.56,0.71,9.0,30.5,2,0,3.4,3.9,49.0,67.2,1,0,344724.29
111.8,4,3,2,6,30,10.5,13.08,0.2,7.9,52.9,2,1,7.8,7.8,39.1,51.8,1,0,532088.97
88.2,4,2,2,17,30,13.9,9.03,0.46,7.3,36.4,2,1,10.0,8.6,36.0,48.1,1,0,497914.62
73.6,2,1,2,1,7,35.5,9.2,0.57,7.5,37.4,3,2,5.5,4.4,35.7,49.6,1,0,354767.68
44.4,2,1,1,19,24,65.3,3.11,0.09,9.5,19.2,2,0,4.1,4.3,45.8,66.8,1,0,327720.69
75.7,3,2,1,17,22,5.3,5.75,0.15,7.1,33.3,5,1,8.7,8.1,37.1,56.7,1,0,507188.32
67.5,3,2,1,22,23,6.4,3.79,0.64,7.6,28.7,2,2,8.5,9.2,51.2,58.2,1,0,506228.58
100.7,5,4,2,2,12,21.0,2.11,0.77,6.4,31.1,2,1,8.1,7.3,49.5,73.3,1,0,572934.37
65.0,2,1,1,8,18,37.0,6.66,0.64,8.2,32.2,0,1,7.4,6.9,43.9,67.4,1,0,390564.8
93.7,4,3,2,10,10,21.2,6.16,0.05,7.3,33.2,2,1,6.3,7.0,51.9,71.4,1,0,553640.7
62.6,3,2,1,5,14,23.2,4.54,0.09,7.7,24.6,1,1,4.6,7.2,44.4,80.0,1,0,476964.72
74.7,3,2,2,0,27,9.7,10.92,0.33,7.9,40.8,0,0,8.9,7.7,36.4,60.5,0,0,396786.49
64.6,4,2,1,1,5,19.8,1.3,0.08,7.6,24.4,3,1,4.9,7.2,41.4,66.4,1,0,420382.53
72.5,4,2,2,7,28,12.5,7.52,0.2,8.1,28.7,6,0,8.7,7.9,42.1,72.1,1,0,479045.75
87.2,4,3,1,4,6,25.2,6.76,1.96,8.2,24.2,5,1,8.4,8.5,27.1,57.2,1,0,464158.66
84.8,3,2,1,16,19,17.1,0.95,1.07,8.0,27.8,1,1,9.5,8.0,57.1,68.6,0,0,575432.49
47.7,2,1,1,2,29,10.4,6.61,0.17,8.5,34.8,4,1,8.1,7.7,42.2,64.2,1,0,438101.24
66.3,3,1,1,2,23,55.5,1.23,0.06,8.2,21.2,3,0,8.3,6.0,50.2,76.3,1,0,418337.17
77.8,3,2,1,2,22,32.5,3.62,0.56,8.8,15.3,1,1,4.7,6.9,48.3,84.3,0,0,450733.92
117.2,6,4,2,6,24,25.5,3.97,0.25,7.4,37.7,2,0,9.5,7.7,47.0,59.0,1,0,586699.46
77.0,3,2,1,21,24,11.2,2.91,0.71,8.7,32.7,2,1,7.1,7.5,42.8,60.2,1,0,499878.15
96.1,4,3,2,10,15,32.3,2.78,0.39,7.8,41.6,4,0,6.9,7.2,28.5,79.4,1,0,530824.57
113.3,4,3,3,27,28,8.9,2.98,2.13,8.5,10.7,2,1,8.6,8.5,60.3,84.1,1,0,696495.15
125.5,5,4,3,1,8,10.8,5.44,0.5,8.2,25.9,2,0,10.0,6.5,41.0,93.0,1,0,731953.49
100.7,5,4,2,4,5,19.8,10.0,0.58,6.9,31.4,0,0,6.0,7.0,36.3,47.7,1,0,444481.52
98.4,5,3,2,1,16,22.3,7.09,1.38,7.2,19.5,1,1,10.0,7.1,38.3,67.9,0,0,520894.44
102.3,5,3,2,0,9,14.1,8.12,0.06,7.3,33.6,4,1,4.8,7.4,36.2,50.6,1,0,527441.51
111.7,6,4,2,3,5,5.2,12.56,0.97,7.1,41.6,1,0,8.5,7.2,35.6,68.1,1,0,553033.37
72.0,3,2,1,3,8,16.1,11.05,1.0,7.7,36.1,2,1,8.8,5.1,36.5,44.3,1,0,348370.54
73.1,3,2,2,3,15,51.3,7.95,0.48,7.8,20.8,1,0,7.1,6.7,40.0,59.0,1,0,376697.14
42.0,2,1,1,16,16,3.5,1.61,0.45,5.3,32.0,3,0,6.6,7.3,46.5,68.2,1,1,436877.1
101.6,5,4,2,2,17,29.0,3.55,0.27,8.9,15.6,5,0,4.1,8.9,47.1,76.1,1,0,623433.37
101.7,6,4,2,22,28,17.5,0.85,0.08,8.8,27.7,2,1,9.8,7.3,53.5,74.4,0,0,610655.78
58.4,2,1,1,3,18,6.6,1.51,0.29,9.5,27.0,5,1,8.9,7.5,41.9,79.2,0,0,523172.56
76.1,4,3,2,1,3,46.8,3.87,0.15,8.9,27.1,4,1,3.0,4.3,43.1,80.2,0,0,441973.02
65.7,4,2,1,0,17,12.0,5.26,0.19,7.4,26.2,2,1,7.4,6.2,35.0,70.9,0,0,448250.92
46.9,3,1,1,24,26,58.1,10.07,0.5,6.1,39.1,2,0,4.0,4.4,46.1,53.1,1,0,226624.98
129.7,6,5,2,4,9,23.2,8.26,0.24,9.3,25.5,3,0,9.2,7.4,47.8,61.5,1,0,602951.33
63.1,3,2,2,17,30,25.3,11.91,0.65,8.4,41.0,2,1,6.8,8.5,44.1,60.9,1,0,389592.28
56.2,3,1,1,3,11,16.8,2.14,0.45,9.0,31.7,7,0,7.6,6.0,43.6,76.3,1,0,478528.98
85.8,4,3,2,2,17,40.2,11.62,0.37,6.3,49.0,2,1,5.9,6.6,31.4,57.4,1,0,397386.11
105.1,5,3,2,5,16,18.2,6.96,0.15,6.4,33.4,2,1,10.0,5.6,44.1,59.4,1,0,548948.96
48.0,2,1,1,10,21,41.7,9.12,0.38,7.0,45.0,5,1,7.6,5.3,37.2,44.0,1,0,285630.48
102.2,4,3,3,8,30,25.6,5.86,0.84,8.7,29.9,2,1,8.3,7.6,42.5,73.5,1,0,584730.01
71.0,3,2,1,19,26,16.4,6.88,0.09,5.3,18.8,2,1,8.2,6.6,48.1,59.2,1,0,432211.73
55.0,3,1,1,18,20,4.2,5.16,0.15,7.2,38.4,4,1,9.0,10.0,41.4,65.3,1,1,475442.04
53.3,3,1,1,6,11,49.3,4.12,0.47,10.0,24.1,3,0,4.3,6.5,43.7,75.0,1,0,371022.12
92.6,5,3,2,1,3,22.5,5.41,0.05,7.5,32.3,2,0,8.8,7.7,35.7,55.2,0,0,471458.87
80.7,3,2,2,4,14,12.8,6.65,0.42,7.7,27.7,0,0,7.6,7.2,39.1,66.0,1,0,497142.41
110.7,6,4,1,9,12,33.1,14.46,0.1,6.7,52.6,2,0,4.9,5.8,33.4,52.1,1,0,415674.08
114.9,5,4,3,6,9,25.6,2.98,0.66,9.9,16.2,1,1,7.1,6.6,50.2,83.9,1,0,655840.89
135.4,6,5,2,4,16,25.6,3.04,0.47,7.8,34.0,1,2,7.3,7.3,44.7,53.7,1,0,651947.27
80.5,3,2,1,24,28,90.0,3.66,1.82,6.3,21.9,2,1,5.0,3.7,44.8,55.8,1,0,347341.32
130.6,7,5,1,3,3,11.0,12.33,0.34,8.1,39.6,3,1,9.6,7.1,33.8,53.2,0,0,561367.07
78.5,4,2,1,3,17,34.1,10.12,0.61,6.2,47.7,2,0,5.2,5.9,42.8,51.8,1,0,321963.07
79.4,3,2,2,16,24,48.7,6.0,0.23,6.3,42.5,2,0,7.3,4.2,36.4,47.0,1,0,349396.97
45.5,2,1,1,1,3,17.1,4.68,0.32,9.5,30.4,0,0,4.0,9.8,37.5,66.0,0,0,325722.94
46.5,3,1,1,11,15,10.5,2.25,0.05,9.0,29.8,5,1,8.9,7.0,40.8,62.7,1,0,414559.89
98.6,4,3,2,4,22,16.8,1.33,0.17,8.0,28.9,4,1,6.8,5.9,45.8,63.1,1,0,575567.29
78.5,4,2,1,16,25,25.3,4.19,0.46,9.2,21.4,2,0,5.2,4.6,46.3,73.8,1,0,440133.76
100.3,3,2,2,3,4,43.8,2.07,0.46,9.2,25.0,3,0,4.3,5.4,43.4,70.3,0,0,510742.54
96.9,4,3,1,4,5,11.6,9.75,0.59,6.6,38.8,1,0,10.0,8.3,37.9,48.2,1,0,478371.6
61.6,3,2,1,0,6,16.9,5.69,0.62,8.0,36.2,3,0,8.6,7.5,33.8,71.8,0,0,382927.15
89.9,4,3,2,16,18,33.8,4.93,0.1,7.8,36.0,1,1,7.3,6.4,40.4,60.0,1,0,494146.82
89.2,3,2,1,0,24,37.9,1.82,1.25,7.6,24.3,5,0,7.9,7.1,46.5,82.9,1,0,543121.47
112.3,5,4,2,7,14,40.5,3.69,0.09,8.1,24.9,3,0,5.9,6.8,36.5,56.2,1,0,523658.04
114.4,5,4,2,1,27,5.7,5.02,0.62,8.7,33.7,3,0,10.0,7.3,39.9,73.6,1,0,693570.64
63.3,3,2,1,0,6,72.4,12.42,1.0,6.1,40.1,1,1,3.8,4.7,39.9,53.2,1,0,214328.87
83.5,4,2,1,22,24,14.3,5.25,0.15,8.7,34.7,3,0,3.3,7.8,47.4,65.5,1,0,464846.14
82.0,3,2,2,13,14,71.0,7.25,0.15,5.8,35.7,1,0,6.7,4.0,39.1,57.8,1,0,331335.22
114.8,5,4,3,2,9,78.9,2.78,0.25,8.4,20.0,0,0,1.0,5.5,46.9,73.4,1,0,509191.89
63.0,4,2,1,8,22,4.7,4.49,0.89,7.2,25.7,2,0,8.3,8.7,39.8,69.2,1,1,479104.99
80.5,3,2,2,19,24,33.1,1.55,0.19,9.9,5.0,4,1,7.9,6.1,48.8,92.0,1,0,611931.35
53.4,2,1,1,2,5,15.7,11.05,0.64,5.6,40.0,2,0,4.4,7.2,32.8,52.8,1,0,263972.33
77.7,3,2,1,4,7,21.1,9.48,0.26,7.1,40.0,0,1,7.4,8.3,31.0,68.5,1,0,417819.91
75.4,4,2,1,12,14,38.0,14.17,0.4,6.0,61.9,1,1,6.2,7.5,36.1,43.4,0,0,276470.77
104.9,6,4,1,3,14,8.7,5.0,0.8,7.3,24.5,1,0,9.8,9.4,47.8,68.6,1,0,565171.56
66.6,3,2,1,12,29,15.1,0.87,0.37,7.3,20.7,1,1,8.7,8.4,53.0,71.6,1,0,481808.8
69.7,4,2,1,5,28,32.3,4.64,0.38,8.1,22.2,1,2,4.8,6.6,46.2,56.5,0,0,410194.79
102.6,5,4,1,11,22,26.6,2.83,0.05,8.4,18.5,5,0,6.3,8.0,49.1,67.6,0,0,525112.45
113.0,5,4,2,8,25,37.7,5.67,0.32,6.1,36.0,4,1,4.9,6.8,46.3,74.5,1,0,568906.33
71.1,4,2,1,14,24,14.6,5.18,0.61,8.5,24.2,2,1,5.2,7.6,43.4,63.3,1,0,470158.35
70.8,3,2,2,4,9,8.1,4.18,0.46,6.4,24.3,5,1,7.5,7.6,36.4,73.5,1,0,535084.55
76.0,4,2,1,14,24,77.4,2.7,1.2,8.2,26.8,1,0,6.1,4.0,47.2,54.4,1,0,336667.29
118.0,5,4,3,0,14,10.9,9.58,0.72,9.1,35.9,1,1,8.9,7.4,42.0,60.4,1,0,601441.02
46.3,2,1,1,4,4,9.4,2.34,0.54,7.4,20.1,3,0,9.0,8.4,48.5,75.6,0,0,373334.71
111.2,6,4,2,4,16,11.7,5.82,0.71,7.5,37.3,2,2,6.4,7.6,42.5,63.8,1,0,583646.15
97.9,4,3,2,4,25,23.7,13.41,0.64,6.1,54.5,3,1,4.5,7.7,37.0,51.8,1,0,441927.21
71.7,4,2,1,4,18,25.0,9.16,0.09,6.7,40.7,5,0,8.2,7.6,31.7,38.2,1,0,336553.78
63.4,3,1,2,20,26,5.9,2.55,0.96,8.5,27.1,6,1,10.0,8.2,55.8,64.2,0,0,438779.74
78.2,4,2,1,1,9,10.1,6.07,0.27,9.4,10.6,4,2,8.6,7.5,39.8,69.4,1,0,564168.78
88.4,3,2,2,0,6,40.9,1.48,0.69,8.3,16.2,5,0,7.4,5.3,33.3,67.8,1,0,506995.06
55.3,2,1,1,13,22,16.2,2.25,0.09,9.4,11.6,3,1,7.4,7.5,45.8,77.4,1,0,499810.53
80.4,5,3,1,26,30,26.0,4.02,1.73,7.3,34.0,4,2,7.4,7.3,48.7,52.1,1,0,444507.03
129.8,7,5,2,6,7,10.6,4.37,0.43,9.1,31.6,5,1,7.2,6.5,45.7,67.7,1,0,693435.86
88.0,4,3,2,3,16,30.1,8.78,0.11,9.1,34.0,1,1,7.6,5.1,38.4,80.5,1,0,500268.0
109.6,5,3,2,6,11,10.2,4.29,0.5,9.2,22.7,1,1,8.0,7.8,40.2,70.0,1,0,635946.16
68.9,2,1,1,1,7,7.5,5.05,0.81,8.6,24.7,2,0,9.4,7.2,38.6,57.3,1,0,437071.02
83.2,4,2,2,4,4,3.2,8.54,1.18,8.1,59.4,4,1,10.0,10.0,39.2,65.0,0,1,519834.09
59.9,2,1,1,2,7,20.3,2.65,0.56,7.4,31.0,5,1,7.1,8.7,42.5,64.4,1,0,414156.45
105.0,4,3,3,2,5,31.2,13.13,0.56,5.4,43.0,1,0,7.7,5.8,45.0,38.2,1,0,420428.29
109.9,5,4,1,4,12,31.7,11.47,0.65,7.8,40.4,3,0,5.8,5.0,35.2,56.2,1,0,454463.17
83.2,4,3,2,6,10,23.1,5.47,0.24,7.1,20.9,4,1,10.0,7.8,38.3,63.5,1,0,541957.08
52.4,3,1,1,13,28,40.4,8.02,0.33,6.8,38.0,5,0,8.4,6.5,47.3,61.2,1,0,347153.26
64.0,3,2,1,12,12,6.4,5.46,0.93,6.4,29.4,1,2,9.0,8.5,43.6,64.6,1,0,453962.55
105.3,5,3,3,1,4,6.8,4.69,0.44,7.4,31.8,8,0,7.4,8.9,46.1,70.8,0,0,582703.59
70.5,3,2,1,1,16,9.4,6.16,0.74,8.8,21.1,0,1,8.7,7.6,39.9,71.8,1,0,433997.46
129.6,5,4,2,8,29,15.2,9.67,0.14,8.3,46.4,2,0,6.2,7.5,42.8,77.5,1,0,626427.89
121.3,5,4,2,2,6,19.8,9.05,0.19,6.1,30.5,1,0,8.3,8.2,44.6,54.1,1,0,522536.18
98.3,4,3,2,19,23,42.9,2.95,0.38,7.2,23.8,7,1,2.9,6.6,54.5,59.2,1,0,497984.88
75.9,3,2,2,12,14,16.2,4.89,1.35,6.1,23.2,4,0,6.3,9.6,47.9,58.5,1,0,495269.44
84.4,3,2,1,10,22,33.1,1.92,0.84,8.6,17.1,5,0,7.3,7.0,35.6,84.8,1,0,543308.47
52.8,2,1,1,5,16,29.1,7.31,0.29,7.8,30.2,3,0,9.1,7.1,32.8,51.5,0,0,287996.29
73.7,3,2,1,0,18,42.8,8.08,0.66,7.8,32.6,2,0,6.7,7.0,40.0,71.1,1,0,375069.77
71.3,3,2,1,4,7,27.6,6.9,0.23,7.2,30.0,1,0,6.7,9.0,33.2,81.4,1,0,465100.24
92.8,5,3,2,21,28,44.7,22.34,0.55,6.5,58.1,1,2,4.6,6.7,27.0,49.8,1,0,345967.18
96.3,4,3,2,13,18,3.2,5.79,1.08,7.5,46.1,2,0,8.0,9.2,48.1,58.5,1,1,565008.3
37.3,2,1,1,24,29,16.6,0.8,0.64,9.4,17.8,3,1,5.2,6.9,47.0,83.7,1,0,477098.6
65.6,3,2,2,0,6,4.5,5.15,0.14,6.8,26.5,2,0,8.1,9.6,38.0,73.3,1,1,500314.0
55.8,2,1,1,5,5,9.3,2.48,0.46,9.1,31.7,1,2,10.0,6.9,42.3,69.0,1,0,488036.09
65.5,2,1,1,2,3,8.8,8.61,0.17,7.9,26.2,0,0,8.6,8.7,44.7,56.0,0,0,380410.44
123.8,5,4,3,4,6,44.6,9.87,0.55,8.0,46.0,2,0,6.7,6.3,44.4,58.1,0,0,493124.84
54.2,3,1,2,3,11,17.4,4.21,0.06,7.7,14.2,3,0,5.1,8.1,54.1,79.3,0,0,439496.02
59.5,4,2,1,3,3,72.2,5.14,0.76,9.6,31.9,2,1,6.3,2.7,45.9,81.2,0,0,333372.0
59.3,2,1,1,7,18,16.2,6.32,0.28,7.0,24.6,0,1,10.0,8.9,49.6,66.6,1,0,435497.24
109.5,6,4,2,15,25,4.1,6.17,0.84,10.0,18.8,6,1,9.0,8.4,40.3,71.8,1,1,705839.07
101.1,4,3,2,1,5,15.2,9.89,0.22,7.8,37.6,2,1,8.9,6.4,30.3,59.3,1,0,483779.57
74.1,3,2,1,7,26,27.9,5.99,0.08,8.9,33.8,3,0,6.1,4.9,45.0,83.1,0,0,397169.72
74.8,3,2,1,6,8,24.5,4.94,0.91,9.4,29.9,2,1,7.0,6.5,41.6,72.4,1,0,477808.16
96.3,4,3,2,8,15,20.4,4.23,0.57,8.8,20.3,2,1,10.0,7.5,52.0,78.6,1,0,582892.14
135.1,6,5,2,4,19,25.8,1.68,0.46,10.0,25.4,3,0,6.6,7.0,42.7,86.0,0,0,678097.5
70.0,3,2,1,1,17,37.7,2.33,0.81,9.2,15.9,4,0,9.2,7.1,40.3,74.8,1,0,485964.06
108.9,6,4,2,20,28,1.8,2.21,0.67,9.0,20.1,3,1,10.0,10.0,46.8,70.4,1,1,739975.35
113.3,5,4,3,13,23,22.3,19.4,0.6,6.6,46.2,2,0,8.2,8.6,32.5,46.8,1,0,473948.36
94.9,5,4,2,1,14,8.7,4.83,0.49,8.3,25.8,4,0,8.2,7.8,41.5,63.6,1,0,565223.42
87.6,4,3,1,4,10,30.7,8.03,1.05,8.7,26.8,1,1,5.0,6.6,40.3,62.8,1,0,462541.79
108.2,5,3,2,14,29,9.8,7.32,0.4,6.8,34.3,0,1,9.2,7.8,49.4,45.4,1,0,527528.41
76.8,3,2,1,0,18,10.0,0.91,0.05,8.2,12.0,4,0,8.4,7.5,38.5,85.6,1,0,561753.07
97.8,4,3,2,0,5,6.3,4.42,0.58,8.5,30.0,4,1,8.4,10.0,45.9,62.5,1,0,552847.81
72.1,3,2,2,21,30,21.1,6.81,0.05,7.0,28.4,1,0,6.9,7.6,48.3,74.2,1,0,431384.72
104.0,4,3,2,6,30,4.1,0.61,0.45,9.4,11.6,1,0,9.2,10.0,47.6,72.6,1,1,685260.7
70.0,3,2,1,4,6,6.2,4.42,1.15,7.8,34.4,3,0,9.3,8.8,44.7,56.2,1,0,420467.11
108.6,4,3,2,1,9,21.5,8.48,0.58,6.2,48.7,3,0,7.5,8.5,36.2,42.0,1,0,507737.39
106.2,5,4,2,0,17,16.7,3.89,0.46,7.4,31.0,7,0,9.7,7.3,34.9,50.0,1,0,581345.19
47.0,2,1,1,10,13,16.5,7.69,0.5,8.5,32.1,5,0,7.9,8.1,43.3,78.0,1,0,369219.19
100.2,5,4,1,12,18,3.0,2.54,0.08,7.2,22.9,2,1,8.6,10.0,43.6,77.1,1,1,668983.4
59.1,3,2,1,19,24,21.5,3.68,0.54,7.1,18.1,0,1,5.9,5.7,49.7,72.0,1,0,417564.36
99.5,5,4,1,8,16,22.9,8.04,0.17,8.1,35.7,2,0,7.2,6.7,39.0,74.5,1,0,543144.93
71.8,3,2,1,24,25,40.0,4.56,0.22,6.6,18.6,3,1,6.2,6.1,51.6,61.2,1,0,426117.46
72.3,3,2,2,13,15,28.7,1.91,0.41,8.8,25.1,2,0,3.4,7.9,52.0,66.2,1,0,432501.19
83.1,6,4,2,10,11,8.4,8.52,1.0,5.4,25.1,4,2,9.2,10.0,45.3,61.4,0,0,507625.1
86.6,3,2,2,2,27,8.3,6.13,0.35,8.2,30.2,2,1,9.8,7.6,46.9,62.7,1,0,566182.08
100.5,5,4,2,16,20,42.1,2.64,0.12,8.1,33.1,3,0,9.5,5.7,46.8,79.9,1,0,565870.07
75.7,3,2,1,1,5,37.8,7.94,0.47,9.2,32.1,1,0,5.1,6.8,43.9,91.3,1,0,429191.08
71.2,4,2,1,8,22,18.5,4.08,0.42,6.1,37.5,3,0,7.6,5.7,41.9,72.1,0,0,397852.34
87.9,4,2,1,8,24,31.4,11.55,0.68,6.5,49.8,3,1,7.6,5.0,35.0,55.4,0,0,406489.77
111.0,4,3,3,7,7,35.1,9.84,1.2,7.8,35.0,2,1,6.6,6.4,39.3,61.5,0,0,500050.38
74.0,3,2,2,0,24,5.1,5.18,0.31,7.8,41.2,2,1,7.5,7.7,47.4,77.9,1,0,468133.72
47.4,2,1,1,24,29,7.2,7.05,0.18,7.2,29.9,0,1,6.3,9.2,44.3,64.8,1,0,353471.17
90.0,3,2,2,16,26,14.4,11.1,0.73,5.4,34.0,2,0,8.1,7.3,44.6,59.7,0,0,412797.09
48.2,3,1,2,1,4,42.6,5.14,0.22,8.3,20.3,6,0,8.0,4.8,36.1,62.9,0,0,368695.64
140.5,6,5,3,19,24,58.6,0.84,0.52,10.0,24.8,0,1,5.1,4.2,39.7,73.8,1,0,695981.21
131.0,6,5,2,4,27,22.7,6.99,0.52,6.9,30.7,1,0,7.4,8.4,38.0,67.4,1,0,629444.73
68.3,3,2,1,7,23,7.9,8.75,0.24,7.5,30.7,3,1,9.1,7.3,39.5,72.2,1,0,448618.45
98.8,4,3,2,12,19,9.1,8.97,0.98,7.8,38.7,0,0,9.5,7.6,45.8,59.6,0,0,494540.52
79.5,4,2,2,4,18,15.2,2.5,0.67,7.8,13.5,0,1,8.5,7.4,42.8,78.3,1,0,528855.81
106.7,4,3,3,3,26,14.9,11.67,0.48,7.1,56.9,2,1,6.2,7.1,44.5,44.0,1,0,499044.91
115.1,6,4,2,7,22,8.8,20.0,0.17,5.1,45.6,1,0,9.1,8.3,33.3,45.2,1,0,467853.09
110.3,5,4,1,24,26,16.4,8.86,0.05,6.1,40.7,1,1,7.0,9.4,42.7,66.1,1,0,537167.92
71.7,3,2,1,6,15,3.3,4.04,1.47,9.5,27.4,1,0,7.7,10.0,44.4,73.1,1,1,502159.32
90.7,4,3,2,6,22,17.2,6.43,0.17,7.6,29.3,0,0,6.2,8.4,36.1,64.6,1,0,543083.98
78.0,3,2,2,4,13,10.6,7.68,0.16,8.1,38.9,2,1,8.2,6.9,38.7,59.4,0,0,444254.83
126.3,6,5,2,9,10,10.2,8.24,0.28,7.9,38.1,2,0,7.5,8.3,39.8,58.6,1,0,653189.6
46.8,2,1,1,16,27,27.1,5.81,0.26,6.8,30.1,2,0,6.8,8.4,45.3,75.5,1,0,367916.82
86.3,4,3,1,5,23,28.1,2.14,0.44,6.9,30.0,3,1,5.6,6.7,43.1,64.6,0,0,481696.15
88.0,4,3,1,1,7,14.2,8.12,0.15,6.9,18.5,2,1,9.4,7.7,41.1,65.0,1,0,492099.23
96.3,4,3,2,1,4,7.1,3.09,0.05,8.4,21.4,6,0,7.9,8.9,34.7,65.6,0,0,602709.02
67.3,2,1,2,3,27,21.4,4.01,1.59,7.2,31.5,1,2,6.5,8.8,48.1,66.8,1,0,403868.12
110.0,5,4,2,1,29,13.8,2.65,0.23,7.7,20.2,3,1,5.5,8.9,43.0,80.4,0,0,620508.08
54.6,3,1,1,6,6,32.8,1.97,0.47,6.3,25.8,3,0,9.3,5.4,48.7,60.0,0,0,347867.52
89.9,4,3,1,0,5,26.8,3.89,1.92,8.0,24.7,1,0,4.9,7.3,47.1,62.9,1,0,444810.77
66.1,3,2,1,2,4,29.8,6.2,0.06,7.8,17.7,3,1,7.4,6.2,41.5,81.4,0,0,434843.3
71.6,3,2,1,2,5,2.2,3.38,1.16,8.1,31.5,4,0,9.8,9.3,47.1,65.4,1,1,519895.34
79.0,4,2,1,12,18,52.9,2.56,0.38,7.2,26.5,1,1,4.9,4.3,47.7,76.7,0,0,412780.21
72.5,3,2,1,11,22,22.0,5.03,0.28,6.9,21.4,5,0,8.2,7.0,45.3,64.1,1,0,455316.78
61.8,3,1,2,0,11,2.9,1.01,0.91,7.3,36.2,3,1,9.6,8.7,41.7,63.4,1,1,536698.87
47.4,2,1,1,4,8,15.6,0.44,0.88,8.0,22.5,1,1,9.2,7.5,51.7,92.9,1,0,413160.45
86.8,3,2,1,9,28,18.9,9.2,1.08,6.7,37.5,4,2,8.6,7.9,40.4,57.3,1,0,452524.95
83.8,4,3,1,5,17,44.6,1.64,0.31,9.7,19.2,4,0,5.6,6.3,51.9,83.1,1,0,508315.07
100.7,5,4,2,6,7,28.4,5.38,0.98,9.7,38.4,3,1,6.5,7.8,36.6,67.9,1,0,581128.45
66.9,2,1,2,8,11,24.1,9.28,1.13,8.3,39.6,1,2,10.0,6.7,36.6,60.0,1,0,423187.41
77.1,4,2,2,0,26,19.3,5.46,0.18,7.9,23.5,1,0,9.4,5.7,35.1,79.0,1,0,453593.24
50.6,2,1,1,4,8,16.7,2.76,0.54,7.9,10.1,6,0,6.8,9.2,49.2,72.2,1,0,449053.59
55.6,3,1,2,0,5,4.8,5.13,0.9,7.0,34.3,2,0,9.2,10.0,43.9,57.1,1,1,420976.44
104.0,4,3,1,1,25,22.6,3.04,0.17,8.2,23.6,3,0,8.1,7.8,35.1,69.9,1,0,597742.25
98.8,4,3,2,13,15,8.8,3.76,0.77,7.9,23.6,3,0,8.4,8.6,41.0,71.2,1,0,586123.31
57.4,2,1,1,1,28,11.3,1.29,0.36,7.3,22.6,0,2,10.0,8.1,38.5,68.8,1,0,477916.8
72.3,3,2,1,4,24,29.2,0.46,0.53,7.7,9.2,3,1,6.9,7.9,50.8,72.4,0,0,481520.95
55.2,3,1,1,9,30,10.7,3.55,0.58,6.1,29.9,1,0,8.2,7.2,50.4,55.7,1,0,364953.57
125.2,5,4,2,5,17,3.2,1.84,0.28,7.3,22.7,4,1,10.0,10.0,42.4,67.6,1,1,778106.78
137.0,7,5,3,4,13,15.9,6.93,0.48,8.1,27.0,4,1,6.5,8.0,30.1,55.2,0,0,719100.97
41.3,2,1,1,1,18,2.8,4.95,0.14,8.9,26.4,1,1,8.0,9.7,31.4,63.0,1,1,423392.22
77.9,3,2,1,8,17,20.3,3.77,0.53,8.6,35.7,3,0,9.9,6.9,50.5,75.4,1,0,457146.48
118.0,6,4,2,9,26,31.1,13.96,0.99,6.3,40.8,2,2,6.9,7.0,42.3,60.5,1,0,530248.58
107.9,5,4,1,7,30,16.9,6.11,0.53,6.1,41.3,1,0,6.7,7.4,49.7,60.5,0,0,480680.7
81.8,4,2,2,8,8,4.1,5.59,0.17,6.6,32.1,4,0,9.0,10.0,41.9,52.0,1,1,520958.89
50.0,2,1,1,5,16,33.8,11.36,0.3,7.6,46.6,3,0,7.0,6.2,26.9,52.2,0,0,266890.91
60.2,3,1,2,4,13,46.7,2.34,0.59,8.6,22.4,3,0,7.9,4.9,46.6,83.2,1,0,429067.59
94.9,4,3,2,20,28,15.6,3.31,1.46,7.5,20.0,4,1,9.6,8.2,44.9,75.0,0,0,567305.55
66.3,3,2,1,17,22,11.3,2.11,0.13,7.8,38.8,3,0,8.6,10.0,56.4,59.1,1,0,418833.72
62.5,2,1,1,10,12,4.8,4.88,0.67,9.8,31.3,2,1,10.0,9.7,47.0,77.9,0,1,475695.48
77.7,4,3,1,17,18,20.8,16.56,0.46,4.8,59.6,2,0,9.5,7.2,37.0,38.5,1,0,308831.25
71.9,2,1,1,1,14,41.3,3.34,0.36,8.1,29.3,2,1,6.8,8.0,40.6,65.2,1,0,445452.61
103.0,4,3,2,7,9,5.0,4.49,0.38,6.7,29.7,3,2,7.4,9.9,49.9,68.6,1,1,618679.18
56.8,3,2,1,3,9,2.4,1.62,0.08,7.2,31.2,1,0,10.0,9.4,40.9,69.1,1,1,508847.42
51.2,2,1,1,27,29,16.0,9.33,0.43,7.8,38.1,2,1,9.8,9.3,37.4,74.8,0,0,355991.77
94.7,4,3,2,19,26,5.1,12.75,1.06,8.7,33.5,0,0,6.8,7.5,40.0,65.6,1,0,515386.31
74.1,3,2,1,3,20,18.7,3.4,0.28,8.7,27.4,2,0,6.9,7.1,48.5,71.2,0,0,486399.37
124.1,6,5,2,8,17,23.3,19.84,1.7,7.7,46.5,1,0,5.4,7.5,39.3,52.0,1,0,449381.19
71.3,3,2,1,8,29,24.2,0.94,0.05,6.5,15.6,2,2,5.8,10.0,38.4,65.9,0,0,470625.77
70.0,3,2,1,2,8,28.7,4.18,0.17,8.5,25.1,2,1,9.0,6.0,48.5,83.6,0,0,463377.64
97.1,4,3,3,5,21,52.7,3.33,1.48,9.0,19.2,2,1,5.6,4.4,43.3,77.6,1,0,549502.3
64.0,3,2,1,6,10,33.6,5.16,0.34,7.6,43.3,2,0,5.8,6.9,46.4,81.9,1,0,375008.45
114.4,6,4,1,18,22,35.4,8.3,1.4,8.3,24.3,4,1,7.8,8.0,35.7,60.6,1,0,539487.53
57.4,3,2,1,3,17,6.2,12.25,0.51,9.6,31.8,3,1,9.8,9.1,34.0,46.3,1,0,397282.16
74.8,3,2,1,5,6,20.1,2.94,0.73,8.3,20.2,4,0,9.7,6.7,47.1,71.5,1,0,501773.79
59.4,2,1,1,0,20,43.1,6.23,0.38,7.4,35.9,1,0,7.0,5.0,40.0,46.8,1,0,265054.08
69.3,3,2,1,10,15,12.3,5.66,0.63,9.0,28.5,1,0,9.1,7.2,42.4,88.1,1,0,514859.9
107.4,6,4,1,8,24,32.6,9.04,0.78,8.5,45.7,4,1,5.6,6.8,38.1,60.1,1,0,506546.11
123.3,6,4,2,22,24,61.5,3.68,1.11,7.8,36.7,2,1,5.0,5.4,47.6,56.9,1,0,517058.8
65.4,3,2,1,1,3,8.7,2.81,0.74,7.6,26.0,0,1,8.4,7.8,43.1,65.8,0,0,414357.45
66.2,3,2,1,15,30,5.0,3.12,0.61,9.2,15.2,1,0,5.1,9.2,40.6,63.1,1,1,493713.49
117.0,5,4,3,6,10,24.6,7.58,1.41,7.2,35.3,1,1,7.9,6.9,37.7,54.7,0,0,606133.51
123.3,5,4,2,8,21,17.9,1.21,0.13,8.3,23.4,2,0,5.2,8.1,49.0,87.7,0,0,679184.61
63.3,3,1,1,11,19,49.7,3.22,0.05,8.4,13.9,0,1,6.8,6.1,44.5,78.8,1,0,399551.3
66.8,3,2,2,5,12,7.3,4.56,0.16,7.8,25.9,1,0,7.9,8.7,45.1,73.8,1,0,462751.21
86.0,3,2,2,3,3,41.8,6.1,1.23,7.8,30.9,2,1,5.7,6.5,40.0,68.7,0,0,441375.51
113.6,5,4,1,0,3,17.3,5.93,0.22,7.0,31.0,3,2,7.1,5.7,37.4,64.9,0,0,565470.02
65.4,2,1,1,15,23,10.8,2.18,0.23,8.8,15.4,4,1,7.4,7.9,52.1,64.7,0,0,464217.08
74.1,3,2,1,7,7,20.2,1.59,0.66,7.9,22.9,4,0,7.3,6.7,48.7,75.7,1,0,478643.41
88.6,5,3,1,3,3,14.3,6.51,0.55,9.3,26.6,2,0,9.4,9.3,40.0,88.5,0,0,525824.82
62.2,2,1,1,9,23,19.2,2.99,0.06,8.3,27.7,5,2,6.1,6.3,48.7,79.0,0,0,459220.3
76.6,4,2,1,13,25,40.5,4.49,0.43,9.0,18.7,5,1,6.3,4.3,47.8,76.4,1,0,523215.36
89.0,3,2,1,16,23,65.1,2.42,0.73,8.8,30.8,6,0,7.8,5.7,44.2,70.4,1,0,466983.84
78.7,3,2,1,2,27,18.2,2.39,0.29,9.3,25.1,3,1,6.8,7.7,44.4,68.6,1,0,508233.77
79.2,3,2,2,3,22,25.9,7.06,0.12,7.2,22.7,1,2,7.2,7.2,42.0,93.2,0,0,524999.21
61.6,3,2,1,15,15,36.7,5.33,0.17,6.7,32.3,1,0,7.8,6.9,46.9,70.7,0,0,365211.47
55.4,3,1,2,10,11,25.6,4.02,0.22,7.1,28.1,4,1,10.0,7.0,53.1,68.0,1,0,400245.5
77.5,4,3,1,13,18,11.4,4.79,0.12,7.0,28.5,3,0,10.0,7.4,47.6,64.8,1,0,483515.56
105.3,5,4,1,15,30,23.2,3.35,0.66,7.3,16.3,3,0,7.2,7.4,49.4,64.8,1,0,558668.61
103.4,4,3,2,7,10,17.8,5.0,0.73,6.7,27.7,2,1,8.4,6.5,37.3,78.4,0,0,591053.63
53.0,2,1,1,6,16,2.8,3.91,0.81,7.9,21.8,0,1,8.5,10.0,56.6,73.1,0,1,423511.28
61.2,3,1,1,2,19,0.7,12.4,0.72,7.8,35.2,1,2,10.0,9.0,29.1,62.9,1,1,414732.89
73.7,3,2,1,5,6,23.1,3.2,0.93,6.8,33.6,3,1,7.3,6.0,40.9,57.0,1,0,448647.52
67.8,3,2,1,3,9,9.7,2.59,0.39,7.5,20.4,2,2,10.0,8.3,41.1,76.3,1,0,539111.46
71.7,3,2,1,15,19,37.2,9.82,0.14,8.3,49.2,2,0,3.6,5.6,39.3,58.3,1,0,348508.35
99.8,4,3,2,21,30,11.1,4.09,0.5,6.5,46.4,4,0,9.2,9.1,42.6,64.9,1,0,558601.69
54.1,2,1,1,3,26,12.7,10.34,0.23,7.3,38.9,1,0,9.3,5.8,29.4,56.1,1,0,284292.53
54.2,3,1,1,18,18,31.4,7.17,0.71,8.2,21.3,2,0,3.1,5.1,49.7,67.3,1,0,382159.23
64.8,3,2,1,1,16,15.2,2.34,0.28,10.0,11.3,3,1,5.5,7.3,40.8,83.6,1,0,566803.76
92.5,4,3,2,3,18,9.3,5.12,0.92,5.5,35.6,2,0,10.0,8.1,31.1,53.9,1,0,511866.18
71.1,2,1,1,25,29,27.6,1.83,0.1,7.0,23.3,5,1,7.9,6.2,48.4,63.3,1,0,471334.88
105.8,4,3,2,1,4,81.0,11.8,0.48,7.4,33.1,2,1,4.8,3.7,38.0,44.4,0,0,319666.75
59.2,3,2,1,6,26,10.8,2.57,0.61,7.8,24.6,1,0,10.0,9.6,36.5,72.7,1,0,422152.08
102.1,5,4,3,14,17,34.1,0.38,0.17,5.7,16.2,6,1,6.2,5.9,51.3,75.3,1,0,607359.0
107.6,5,4,1,0,13,30.3,2.1,0.71,7.8,40.6,3,0,9.5,5.2,44.9,60.3,1,0,493588.91
78.1,3,2,1,13,15,71.0,13.44,0.35,6.0,47.0,1,0,8.7,4.3,33.1,40.3,1,0,268277.17
66.8,3,2,1,2,6,43.0,6.31,0.06,6.1,44.3,2,1,8.0,5.0,41.9,58.6,1,0,351372.16
79.2,3,2,1,16,26,19.2,5.1,0.44,7.5,35.4,0,1,8.4,8.0,53.0,70.8,1,0,455460.42
78.5,4,2,2,0,3,27.1,1.07,0.12,7.0,29.2,3,1,7.1,7.5,44.4,57.1,0,0,468241.93
94.7,4,3,2,13,17,4.0,14.1,0.91,5.9,37.9,0,1,9.0,9.3,34.5,48.1,0,1,496027.15
120.0,6,4,2,0,14,49.6,10.81,0.23,8.5,16.4,1,1,6.0,6.1,32.2,75.0,1,0,566986.83
91.7,4,3,2,19,23,6.2,2.08,0.32,10.0,27.2,1,0,8.6,7.1,57.2,69.7,0,0,564962.16
111.7,5,4,2,4,11,26.9,0.99,0.22,7.5,23.0,1,2,5.6,8.0,44.2,68.5,1,0,614897.61
76.4,3,2,1,1,9,26.8,8.02,0.22,7.7,47.8,1,2,7.9,6.4,37.6,65.3,0,0,444564.18
52.7,2,1,1,3,5,30.2,9.25,0.27,8.0,30.5,1,0,7.3,8.5,42.8,61.8,1,0,319019.34
104.3,4,3,1,7,18,9.0,6.51,0.2,6.9,31.9,2,2,10.0,7.7,44.4,67.0,1,0,592889.17
76.6,3,2,1,5,6,19.0,10.71,0.05,6.2,36.5,3,1,8.6,7.0,30.8,63.2,1,0,467797.05
101.0,5,3,2,0,28,32.3,5.81,0.37,8.4,37.4,3,1,5.7,6.5,41.4,77.9,0,0,511332.88
70.6,3,2,1,9,25,30.3,2.98,1.69,7.9,8.0,2,0,5.3,7.4,42.4,84.5,1,0,407338.44
60.0,3,1,1,0,16,67.9,11.3,0.13,6.9,41.2,2,0,4.5,6.2,41.9,71.0,1,0,257840.61
129.4,6,5,2,0,24,47.6,2.88,0.58,7.0,21.9,3,1,4.5,6.2,36.9,86.1,0,0,655962.52
55.3,2,1,1,3,15,17.6,4.83,0.4,6.9,29.9,0,0,8.0,9.7,45.9,71.0,1,0,365894.63
124.7,6,5,2,16,22,17.1,6.39,0.36,7.8,40.8,1,1,6.8,6.7,34.1,64.5,1,0,648690.25
140.3,6,5,2,4,21,10.4,4.55,0.66,7.5,20.4,2,0,10.0,7.7,45.6,68.0,0,0,726277.86
98.3,4,3,2,13,29,30.7,12.13,0.05,7.1,31.6,3,0,7.8,5.7,42.4,52.4,1,0,417760.1
111.9,5,3,2,1,4,4.1,10.11,0.66,8.2,47.6,1,0,10.0,9.0,32.7,44.5,0,1,512510.57
108.1,4,3,1,11,12,4.8,3.01,0.23,8.3,21.8,5,2,8.4,8.8,49.7,68.8,1,1,679498.45
113.1,5,4,1,3,30,28.6,12.07,0.56,6.4,36.7,2,0,7.4,5.4,35.5,64.6,1,0,479174.79
71.5,3,2,1,22,27,39.7,1.01,0.1,9.3,16.1,0,1,7.7,7.2,38.8,72.2,1,0,484579.27
70.4,3,2,2,2,21,11.7,0.96,0.53,8.4,9.8,2,1,8.8,8.4,46.2,89.6,1,0,579623.4
96.2,4,3,1,3,17,32.7,22.73,1.26,7.1,65.0,0,1,7.9,6.3,23.5,37.7,1,0,277197.58
72.7,3,2,1,8,9,53.2,10.1,1.11,6.6,47.4,1,1,4.4,5.9,43.6,64.1,1,0,266774.75
75.3,3,2,1,15,17,37.8,1.95,0.6,8.2,10.9,1,2,7.8,6.0,53.7,85.0,1,0,499032.64
84.8,3,2,1,12,19,25.8,4.06,1.04,7.7,24.4,4,1,6.4,6.8,42.7,64.6,0,0,474116.14
82.4,4,3,1,21,26,28.1,4.06,0.56,8.1,15.1,2,1,10.0,7.4,41.6,87.0,1,0,587290.63
113.6,5,4,3,10,18,31.6,9.0,1.02,7.7,39.4,1,2,7.2,6.7,40.2,75.8,1,0,561678.56
69.1,3,2,1,10,19,22.0,7.57,0.34,7.6,36.1,4,0,9.2,7.3,45.1,67.5,1,0,408062.57
120.6,5,4,2,4,30,14.6,11.59,1.09,7.9,30.0,0,0,7.4,5.8,33.7,42.7,1,0,538848.72
100.4,4,3,2,0,18,22.8,2.8,0.27,8.6,20.3,4,1,7.2,8.1,45.0,67.3,0,0,541782.05
106.8,6,4,2,13,20,14.0,9.44,0.05,9.8,40.1,3,0,7.7,9.0,45.2,51.9,0,0,512792.77
102.1,5,3,2,19,19,38.5,2.54,1.26,10.0,19.6,3,1,3.8,7.4,53.3,76.1,1,0,605386.66
86.4,4,3,2,2,6,22.1,6.46,0.26,7.0,27.1,2,1,3.6,6.7,42.2,60.0,1,0,450234.9
53.3,3,1,2,4,4,10.7,6.49,0.91,7.2,37.9,1,1,7.9,8.9,32.2,66.3,0,0,355976.92
113.1,5,4,2,19,19,17.5,4.54,0.27,6.7,29.9,3,2,5.0,8.0,44.6,56.0,1,0,597362.94
48.6,2,1,1,5,19,11.2,2.53,0.1,9.8,29.9,1,2,8.7,7.0,43.2,55.5,1,0,423406.02
121.1,5,4,2,2,4,54.4,6.96,0.7,7.2,38.5,1,0,5.1,5.2,40.4,69.9,0,0,506735.01
141.3,7,5,3,11,24,37.1,9.29,0.36,7.6,38.9,6,0,2.3,6.3,27.4,68.6,0,0,628459.45
92.1,3,2,2,1,4,15.4,18.44,0.2,5.1,45.5,2,1,7.2,5.3,26.5,25.1,0,0,292306.46
76.0,4,2,2,13,17,13.4,4.71,0.32,8.1,36.4,4,1,8.1,8.0,43.6,62.6,1,0,533863.97
95.0,5,3,2,16,30,15.2,4.16,0.05,6.2,29.7,1,0,10.0,6.5,47.9,62.1,1,0,562323.6
80.7,3,2,1,29,30,6.3,11.73,0.05,8.3,37.0,2,0,7.9,7.1,54.2,54.6,1,0,420614.79
113.3,5,4,2,6,18,23.1,11.25,0.56,9.0,24.0,1,0,5.0,7.4,40.8,74.9,0,0,547206.95
65.0,2,1,1,4,13,7.5,1.36,0.07,9.0,16.0,4,2,5.8,7.7,39.9,78.7,1,0,506341.33
57.3,2,1,1,0,4,20.1,9.53,1.15,6.4,30.4,2,0,6.9,6.4,33.2,45.5,0,0,278716.83
113.2,6,5,2,0,10,36.8,8.74,0.05,8.0,36.4,2,0,5.1,6.6,34.6,68.0,1,0,544685.61
105.4,4,3,2,5,23,51.8,4.39,0.87,8.2,32.7,1,1,5.2,4.8,40.8,69.4,1,0,514225.47
121.3,5,4,2,3,26,14.0,5.82,0.15,9.2,24.7,1,1,8.3,6.9,42.2,71.4,1,0,689459.38
85.6,3,2,2,13,14,13.2,1.47,0.71,9.2,21.5,1,0,8.9,8.9,42.4,81.7,1,0,601450.55
73.7,4,3,1,7,16,5.7,9.3,0.2,6.3,36.2,1,0,9.5,8.3,38.2,42.9,1,0,382751.72
90.7,4,3,2,17,30,31.4,8.1,0.23,8.7,43.0,1,0,6.0,7.1,41.8,62.6,1,0,447706.42
98.3,4,3,3,12,16,20.5,12.32,0.31,6.9,23.6,3,2,8.6,8.9,39.8,63.4,1,0,550159.18
82.3,4,3,1,7,26,11.4,2.79,2.34,9.5,14.2,1,0,5.9,7.6,42.5,72.7,1,0,535711.2
109.9,4,3,2,14,14,12.6,3.19,0.28,6.6,25.5,1,0,8.4,7.2,42.1,64.7,0,0,624895.83
77.9,4,2,2,3,4,41.7,4.58,0.58,8.5,28.3,2,2,6.5,5.6,38.6,66.3,0,0,408745.18
77.7,3,2,2,15,16,2.1,1.18,0.2,8.1,18.6,3,0,9.0,10.0,49.8,82.3,0,1,616608.52
100.4,4,3,2,4,25,47.0,3.76,0.28,8.1,14.3,1,0,4.3,5.8,39.4,64.7,1,0,491856.41
75.6,4,2,1,2,27,10.3,11.48,0.21,6.4,44.2,1,1,6.9,7.0,39.8,52.5,1,0,419756.27
62.3,4,3,1,12,14,34.2,6.83,0.07,8.2,41.6,2,1,7.7,6.7,44.4,59.6,1,0,376059.71
65.8,4,2,1,14,26,8.0,1.23,0.5,7.4,12.4,5,1,7.8,7.4,42.1,86.8,1,0,580651.68
91.7,4,3,3,3,11,26.7,2.92,0.4,6.6,30.0,2,0,8.1,6.6,49.6,68.5,1,0,577374.23
99.2,5,3,2,2,10,17.8,2.75,0.23,7.4,33.5,2,0,6.9,9.1,43.7,68.2,0,0,548976.66
68.7,4,2,1,1,22,46.3,14.06,0.39,6.1,46.9,2,1,10.0,6.1,30.7,33.2,1,0,250248.75
53.1,2,1,1,3,18,17.2,7.52,0.21,7.3,39.8,2,0,7.4,6.3,48.9,50.5,1,0,296083.89
36.4,2,1,1,8,12,49.6,11.49,0.31,7.8,34.4,2,1,7.5,5.3,37.7,65.1,1,0,225800.08
93.5,5,3,2,5,9,15.1,0.87,1.31,7.5,16.5,6,0,10.0,5.8,47.3,73.4,1,0,578363.86
115.9,6,4,1,3,17,32.9,4.8,0.19,8.7,35.2,3,0,8.5,5.9,42.0,73.2,1,0,574606.5
64.3,3,1,1,16,27,37.7,2.73,0.39,8.8,25.6,4,2,6.0,7.4,54.0,79.6,1,0,511816.84
108.8,4,3,3,6,11,16.8,3.15,1.01,9.1,24.4,6,1,7.7,6.8,52.9,83.2,0,0,625702.49
60.3,4,2,1,1,6,20.9,3.95,0.39,7.7,28.4,2,0,2.6,10.0,43.4,59.9,1,0,377354.29
81.1,3,2,1,21,25,6.1,4.27,0.11,9.5,13.7,2,1,5.1,5.5,47.2,89.9,1,0,584941.98
126.8,5,4,3,0,8,25.0,3.77,0.77,7.7,21.9,2,0,7.3,6.7,46.7,73.5,1,0,656358.3
70.1,3,2,1,28,30,34.4,1.55,0.05,9.2,21.9,2,2,5.8,6.7,48.3,79.7,1,0,551472.35
61.8,3,2,2,6,14,52.8,14.26,1.57,8.5,51.8,2,0,3.8,5.6,36.3,38.8,1,0,183620.56
60.6,2,1,1,3,17,36.3,5.43,0.91,9.1,18.7,0,0,6.6,7.0,38.1,77.5,1,0,367210.45
48.3,2,1,1,18,21,23.3,17.19,0.28,6.3,42.7,2,1,6.6,6.9,45.2,41.3,1,0,201381.31
80.8,3,2,2,25,28,16.2,10.97,0.37,6.1,43.5,1,1,6.5,8.9,47.9,55.2,1,0,452269.01
53.5,2,1,1,6,24,19.5,3.23,0.39,7.2,9.7,2,1,9.2,6.2,52.8,88.3,1,0,468522.41
108.3,5,3,2,12,26,17.2,10.93,0.45,6.2,37.7,1,0,5.9,7.3,36.8,59.1,1,0,545721.69
77.0,3,2,2,2,4,39.3,1.77,0.6,7.6,15.2,1,1,7.4,5.2,48.6,76.1,0,0,416052.14
70.9,3,2,1,7,30,46.9,3.26,0.55,8.1,40.0,1,0,6.2,5.4,46.3,70.9,0,0,389029.01
65.6,2,1,1,10,21,17.0,4.09,0.07,8.7,30.6,2,0,9.9,7.3,45.8,64.3,1,0,451398.27
65.7,3,2,1,15,26,29.3,5.08,0.48,8.7,20.0,2,2,6.3,7.5,53.0,59.4,0,0,371136.67
102.5,4,3,2,19,22,18.7,3.4,0.58,9.1,23.9,3,1,5.7,6.4,42.5,78.4,1,0,627713.21
130.4,6,5,2,18,22,4.8,4.6,1.2,8.8,18.8,2,1,7.7,9.2,42.8,73.8,1,1,767316.37
52.0,2,1,2,0,4,7.4,6.25,0.37,7.6,22.8,1,1,8.4,8.1,37.3,78.0,0,0,406504.35
114.0,6,4,2,9,17,10.9,4.77,0.32,8.6,17.2,4,1,9.8,8.0,36.2,65.4,1,0,680298.04
94.5,4,3,1,22,29,18.7,4.21,0.33,7.7,22.1,2,1,9.0,6.3,37.2,60.0,1,0,528722.42
106.8,4,3,2,5,28,24.0,9.95,0.33,7.6,38.0,0,1,7.1,7.4,37.4,65.4,1,0,541106.19
82.8,3,2,1,2,14,53.3,10.8,0.35,7.0,45.9,3,1,5.3,6.7,40.6,50.4,1,0,356154.28
50.6,2,1,1,3,3,21.4,7.08,0.16,7.6,23.7,0,2,8.6,8.5,39.0,54.1,0,0,318145.36
45.1,2,1,1,7,25,22.1,2.5,0.39,7.9,17.7,1,0,9.1,7.0,40.7,69.0,1,0,410930.44
93.5,4,3,2,5,16,34.3,1.79,0.31,6.5,41.6,3,0,7.2,7.1,50.9,57.3,0,0,428938.96
61.5,3,2,1,0,6,8.0,5.0,0.21,7.6,29.3,2,0,8.9,7.9,35.3,55.1,1,0,416022.9
112.3,5,4,2,7,24,24.3,2.97,0.39,8.7,21.4,3,1,7.7,8.2,35.1,77.2,1,0,662271.84
75.3,3,2,2,13,26,32.1,6.3,0.66,8.7,22.3,3,2,7.3,7.4,35.6,74.5,1,0,497720.78
65.8,2,1,2,7,13,15.2,2.16,0.27,8.7,17.8,3,0,8.4,6.5,52.8,73.1,1,0,472215.45
71.4,5,3,1,9,9,20.0,10.95,0.58,6.2,39.5,3,2,6.2,7.2,37.5,70.2,1,0,458955.35
72.1,3,2,2,9,15,16.7,14.7,0.39,6.2,52.5,2,2,5.5,6.9,41.9,46.1,1,0,281540.45
65.2,3,2,1,9,16,15.3,5.16,0.14,6.3,23.1,1,1,6.7,7.6,49.2,71.3,0,0,450611.29
105.5,4,3,2,0,9,23.0,4.09,0.17,8.7,23.4,2,1,6.8,6.1,32.1,59.7,1,0,539106.36
105.1,6,4,2,14,24,39.4,15.76,1.03,5.7,59.3,1,0,7.4,6.2,36.2,35.0,1,0,404653.22
97.8,5,3,2,4,13,28.3,8.15,0.23,7.9,21.5,2,0,6.7,6.8,43.3,75.1,1,0,547572.63
95.0,4,3,2,13,22,45.1,13.7,1.22,7.3,49.9,2,0,6.3,5.9,31.9,61.5,1,0,414161.47
104.3,5,3,2,22,22,15.1,4.99,0.69,7.0,44.1,1,1,8.1,7.9,40.1,60.8,1,0,588331.67
111.8,5,4,1,25,27,29.7,2.55,0.55,8.5,23.6,2,1,7.8,5.3,51.7,78.2,1,0,615120.2
72.0,4,2,1,8,13,25.2,5.19,0.78,9.7,34.0,3,2,6.7,7.9,36.9,72.7,1,0,494775.49
55.6,2,1,2,19,23,39.1,9.98,0.17,7.0,23.0,3,1,5.3,7.2,43.2,66.7,1,0,352086.58
56.2,3,2,1,7,11,30.9,8.03,0.63,8.6,28.9,1,1,4.5,8.2,44.1,58.1,1,0,345445.65
73.0,3,2,1,16,29,43.8,4.46,1.58,8.2,34.0,1,0,6.6,6.0,49.9,88.6,0,0,438894.65
100.2,4,3,2,3,30,12.8,1.88,0.21,8.6,12.1,3,2,3.7,8.0,48.3,100.0,1,0,686617.16
83.4,4,3,2,3,27,54.3,4.16,0.9,7.9,35.8,1,2,5.6,6.5,48.8,62.3,1,0,422905.91
86.1,4,3,2,1,6,15.2,1.9,0.32,9.2,38.8,3,0,9.3,7.0,38.7,70.6,1,0,555204.58
55.0,2,1,1,2,4,13.9,15.66,0.37,6.5,40.1,2,1,7.8,8.2,41.4,57.1,0,0,276092.56
98.7,4,3,2,2,4,28.9,0.61,0.39,9.0,24.9,3,0,7.6,6.2,42.4,83.8,0,0,567397.54
63.1,3,2,1,18,27,3.2,2.79,0.05,9.1,29.3,3,0,8.1,10.0,41.9,68.8,1,1,550544.51
91.4,5,3,2,2,11,20.0,4.09,0.1,9.0,35.8,2,1,7.7,7.8,47.6,75.4,0,0,567970.23
81.3,5,3,2,8,21,11.7,7.71,0.26,8.1,23.2,4,0,8.0,7.0,43.9,65.6,1,0,559676.25
82.0,4,2,1,6,17,9.2,6.11,0.05,8.5,23.7,4,1,9.4,8.5,33.1,60.2,1,0,506568.39
42.6,2,1,1,1,23,11.5,0.99,0.24,8.4,25.8,6,0,7.8,7.4,48.8,71.8,0,0,422353.57
64.3,2,1,2,8,23,14.8,3.1,0.24,7.7,26.1,2,0,6.2,7.5,45.9,72.9,1,0,462066.63
113.7,5,4,2,5,20,11.5,3.71,0.33,8.4,37.8,4,1,8.7,8.7,43.4,71.6,1,0,647242.29
124.3,5,4,2,5,18,8.7,3.74,0.96,8.4,23.0,0,0,8.2,9.1,40.9,65.4,0,0,655902.61
89.7,4,3,2,3,4,15.0,5.85,0.76,8.1,25.6,2,1,7.0,8.1,47.6,66.2,0,0,503329.36
53.5,2,1,1,15,28,6.9,11.95,0.27,8.2,39.6,2,2,9.5,8.1,47.1,65.0,1,0,387133.36
57.4,4,2,1,1,14,29.5,1.44,0.1,8.4,24.3,5,0,10.0,7.6,47.3,78.9,1,0,461354.8
73.5,4,3,1,0,3,14.0,5.67,0.05,6.5,30.4,2,1,8.8,7.4,34.2,64.1,0,0,431972.82
93.8,5,3,1,2,4,9.1,1.84,0.38,6.2,20.0,5,1,9.6,8.9,37.9,69.8,0,0,600682.33
38.7,2,1,1,15,16,32.6,9.2,0.19,7.6,35.2,1,1,7.1,6.1,37.3,70.9,0,0,295026.57
51.2,2,1,1,11,29,29.6,6.88,0.86,8.7,32.2,2,0,9.2,6.6,47.1,76.2,1,0,393172.06
104.1,4,3,2,2,9,10.5,1.03,0.76,8.2,15.7,4,0,9.3,7.0,43.1,72.9,1,0,666622.41
77.0,3,2,1,10,19,63.7,8.76,0.43,9.3,22.6,3,1,3.9,4.9,43.6,45.0,0,0,291965.67
65.7,4,2,1,10,17,58.2,5.54,0.55,8.0,31.0,1,0,6.0,6.8,40.1,53.8,0,0,363963.47
40.3,2,1,1,15,19,33.9,1.16,1.31,10.0,40.3,5,1,7.4,8.1,54.8,61.9,1,0,356341.96
82.1,3,2,2,4,11,44.1,4.61,0.45,7.9,36.1,1,0,5.5,7.7,36.5,65.7,1,0,440164.55
124.7,5,4,2,3,15,8.6,6.84,0.52,9.3,26.5,0,0,10.0,7.4,39.2,74.2,1,0,683220.85
133.7,6,5,3,2,4,27.6,24.62,0.42,5.1,58.9,0,1,5.3,9.7,24.6,39.2,0,0,409395.53
82.6,4,3,1,10,29,19.1,2.08,0.46,9.3,22.4,4,1,8.3,8.6,49.3,68.5,1,0,532283.76
73.8,3,2,2,17,17,28.0,0.88,0.11,9.0,16.0,1,1,6.5,8.0,50.3,73.4,1,0,511145.55
57.6,2,1,1,18,22,31.3,3.1,0.63,8.5,26.9,1,0,4.5,7.0,54.4,70.9,1,0,381014.39
87.8,3,2,2,9,13,31.6,6.12,0.28,8.1,18.8,4,0,7.1,5.2,48.8,68.8,1,0,470174.68
61.1,3,2,1,3,21,11.3,6.14,0.97,9.2,23.9,1,0,7.6,7.2,37.3,66.8,1,0,396375.42
84.0,5,3,2,9,16,82.6,5.09,0.13,7.7,37.9,1,0,2.6,3.5,43.4,85.8,0,0,407103.27
96.7,4,2,2,13,29,21.4,4.95,0.3,8.0,32.6,2,0,6.0,7.2,44.3,69.9,1,0,507238.48
76.6,3,2,2,5,6,8.0,4.4,0.14,10.0,28.1,1,1,10.0,7.6,40.0,64.4,1,0,545669.64
55.0,2,1,1,4,29,37.0,4.13,0.09,8.6,33.3,5,1,2.8,6.4,35.0,69.3,1,0,352423.21
65.5,3,2,1,4,13,12.1,12.45,0.53,8.3,35.3,0,2,5.0,8.3,35.9,55.6,1,0,355114.97
56.9,3,1,1,5,18,21.3,2.37,0.8,8.0,14.2,5,1,8.4,7.4,48.7,72.6,0,0,427894.56
60.7,2,1,1,18,25,16.5,3.37,0.61,7.6,27.6,4,0,8.6,7.4,47.8,62.5,1,0,475825.25
127.4,7,5,1,19,28,28.2,1.42,0.32,9.1,24.0,2,0,5.0,6.7,50.3,68.9,1,0,656998.2
84.9,3,2,1,0,4,43.7,6.38,0.26,8.0,41.8,3,0,5.2,7.5,47.1,48.1,0,0,354411.12
68.4,3,2,1,2,4,24.4,9.76,0.05,7.1,31.1,1,0,8.3,6.8,33.3,58.8,0,0,354445.15
118.9,5,4,3,4,11,14.6,5.23,0.11,6.2,29.4,5,0,7.6,8.5,37.8,64.5,0,0,597031.98
140.9,6,5,3,12,24,59.5,12.88,0.47,5.2,52.0,2,2,6.2,5.2,35.6,43.6,0,0,518441.37
99.7,4,3,2,11,29,48.9,4.58,0.08,6.0,36.9,5,1,5.7,3.9,49.5,69.9,1,0,497839.5
115.8,5,4,2,25,25,83.6,1.37,0.31,8.7,11.1,4,0,2.6,6.2,54.6,77.8,1,0,588936.03
60.7,3,2,1,23,23,13.7,7.25,1.69,6.6,41.5,2,1,5.9,9.0,46.3,60.2,1,0,354325.16
73.5,3,2,1,18,23,8.6,0.87,0.42,6.7,36.4,2,2,8.3,10.0,56.0,70.3,1,0,544395.34
68.0,4,2,1,1,6,5.3,2.61,0.25,7.3,22.0,2,1,7.7,9.1,38.5,71.0,1,0,500183.88
91.4,4,3,2,3,10,6.8,4.23,0.85,6.1,38.1,1,1,10.0,8.2,40.3,63.5,1,0,516914.55
103.3,5,3,3,12,25,16.8,2.45,1.43,7.6,29.5,4,0,9.3,8.1,47.9,59.0,1,0,592275.93
63.3,4,2,1,3,28,25.7,19.99,1.34,5.4,47.4,1,0,6.9,6.6,28.7,50.9,1,0,226394.01
43.9,3,1,1,8,20,11.4,5.12,0.45,8.4,18.1,4,0,8.2,7.0,47.1,60.8,1,0,401938.85
75.1,5,3,2,6,17,8.4,4.98,0.91,8.1,30.3,0,1,7.9,10.0,51.2,75.5,1,0,510589.62
67.0,3,1,1,0,4,28.5,6.95,0.43,7.2,39.6,4,0,6.3,6.6,39.0,64.6,0,0,334582.66
107.4,4,3,3,13,24,42.7,2.35,0.19,8.9,19.9,6,1,4.5,6.3,48.4,70.9,1,0,588659.2
95.1,4,3,2,13,30,2.6,7.56,0.05,6.4,25.9,1,0,8.9,10.0,46.8,66.1,1,1,560888.29
90.7,4,3,2,8,13,2.7,8.73,0.19,7.0,19.6,4,1,8.4,9.3,43.8,62.2,1,1,605103.14
73.0,4,3,2,15,19,20.8,7.06,0.22,6.9,33.4,2,0,9.8,8.3,52.0,70.6,1,0,443094.5
101.2,6,4,1,1,9,31.8,20.7,0.26,6.0,48.0,2,2,6.4,6.6,30.8,36.5,1,0,355781.52
83.7,3,2,2,3,10,9.5,3.17,0.14,6.0,22.9,3,1,10.0,10.0,43.5,67.7,1,0,548425.7
103.5,4,3,2,2,12,6.0,4.56,0.3,10.0,35.4,3,1,10.0,6.3,37.0,65.2,1,0,605509.85
94.1,4,3,1,2,26,40.1,1.37,0.2,8.7,26.7,6,0,5.2,5.6,46.2,66.5,0,0,465669.94
54.3,3,1,1,2,5,20.6,4.16,0.95,8.4,30.6,2,0,7.5,8.4,37.6,68.7,1,0,435679.76
63.4,2,1,1,4,15,10.4,4.8,0.3,5.9,30.8,0,1,6.0,6.4,37.4,75.0,1,0,412674.01
75.4,3,2,2,15,25,61.9,6.47,0.61,7.9,33.6,3,0,4.2,5.3,45.6,69.2,1,0,350884.79
79.7,3,2,1,18,19,33.1,4.87,0.2,7.7,30.2,4,1,7.4,6.3,44.0,66.3,0,0,434603.76
92.9,4,3,2,8,15,19.0,2.35,0.62,9.3,19.2,5,1,8.0,7.3,33.0,75.3,1,0,618370.75
107.0,5,4,2,21,29,38.1,6.97,0.51,7.4,31.3,2,0,5.2,7.6,56.3,51.5,0,0,468816.86
45.0,2,1,1,10,21,5.2,6.27,0.36,7.4,39.1,1,1,8.5,8.4,35.2,56.3,0,0,315274.38
44.5,3,1,1,11,24,15.0,4.28,0.17,7.9,29.3,1,1,8.8,6.9,43.1,62.6,0,0,368477.31
137.3,6,5,2,10,11,12.6,3.32,0.08,9.5,39.4,3,1,8.0,8.8,38.9,71.8,0,0,696835.26
54.1,2,1,2,7,23,16.7,2.6,0.28,6.6,35.8,3,0,9.9,7.8,43.4,74.2,1,0,453142.31
62.7,4,2,1,13,18,49.1,11.61,0.59,5.4,41.1,1,1,5.6,4.4,36.8,51.5,0,0,259265.02
101.7,5,3,2,6,7,55.3,8.42,1.03,5.2,39.0,0,1,2.9,4.8,36.4,58.1,1,0,390562.83
73.6,4,2,1,0,11,24.3,8.19,0.26,8.6,31.2,0,1,5.0,7.1,38.0,65.7,1,0,482658.5
67.7,2,1,2,19,30,13.2,4.78,0.07,8.9,35.6,2,1,7.6,8.5,40.6,69.8,1,0,477084.06
57.1,3,1,1,6,11,7.7,9.56,0.64,6.1,29.3,3,1,6.7,7.9,41.5,59.5,1,0,359352.66
54.0,2,1,2,8,8,51.0,5.76,0.36,6.4,30.7,2,1,3.2,6.6,44.6,66.9,1,0,347856.59
103.6,4,3,3,11,23,29.4,4.65,0.23,8.9,30.5,2,1,6.4,6.9,44.4,64.4,1,0,587491.41
72.0,3,2,1,2,12,11.6,2.54,0.59,6.7,30.3,1,1,9.4,7.2,46.2,75.1,1,0,464297.55
63.6,3,2,1,11,20,12.5,4.85,0.36,7.6,38.7,2,2,7.5,7.9,49.0,56.7,1,0,431067.4
87.2,4,3,2,10,13,23.5,0.46,0.42,7.9,18.7,1,1,7.9,7.9,40.1,63.1,1,0,570890.53
101.6,5,4,1,5,26,5.0,9.33,1.08,10.0,19.2,2,0,10.0,9.2,46.8,71.5,1,1,555153.94
69.3,3,1,1,7,30,18.0,2.26,0.24,8.1,27.2,2,2,8.4,6.4,53.3,71.3,0,0,452994.48
74.7,3,2,2,10,26,11.1,2.76,0.34,9.4,23.5,1,2,6.9,8.1,49.6,72.3,1,0,576991.1
105.9,4,3,2,2,17,38.8,3.66,1.21,8.5,28.1,3,1,6.4,5.4,40.9,67.8,0,0,512508.34
67.3,3,2,1,5,9,22.9,2.57,0.73,7.7,22.2,4,0,6.8,8.7,54.8,77.3,1,0,489500.33
78.1,3,2,1,8,16,13.6,6.66,0.82,7.1,36.0,1,1,8.8,8.9,47.3,56.2,0,0,402674.09
110.2,5,3,3,8,10,10.0,10.3,0.88,7.3,34.7,1,0,8.6,7.7,31.3,51.6,1,0,545236.85
121.6,6,4,2,5,21,59.9,10.72,0.21,7.3,41.7,0,0,4.6,5.6,35.8,61.5,1,0,477600.73
117.1,6,4,2,4,17,52.8,4.16,0.41,7.5,26.4,2,0,5.6,5.5,45.7,75.2,0,0,524904.86
107.0,4,3,2,0,21,1.1,2.91,0.15,8.7,34.6,6,0,8.4,10.0,36.3,64.1,1,1,624758.66
99.0,4,3,2,2,20,55.7,9.84,0.87,7.4,23.1,2,1,2.9,3.8,43.1,73.3,1,0,460805.45
84.7,3,2,1,2,19,9.1,1.87,0.35,7.6,11.6,3,0,5.5,8.2,43.0,73.1,1,0,521457.1
76.0,4,3,1,3,5,26.3,8.94,0.53,7.1,39.4,3,0,8.6,6.1,33.7,56.7,1,0,445882.78
73.8,3,2,1,3,5,23.7,6.87,0.67,8.2,19.6,1,1,9.0,7.6,39.4,70.4,1,0,451617.22
55.3,2,1,1,4,9,7.8,6.52,0.05,6.7,33.3,4,0,8.8,6.2,38.0,63.6,1,0,387022.74
81.5,4,3,1,15,30,34.9,2.99,0.48,7.1,23.1,2,0,8.1,6.9,37.8,76.6,1,0,516235.57
100.6,4,3,2,10,12,10.3,8.4,1.26,6.2,45.0,1,0,10.0,9.9,40.6,75.9,1,0,529774.15
66.1,3,2,2,7,27,23.5,5.1,0.96,7.5,29.1,2,1,6.8,6.6,40.6,58.9,1,0,418967.12
115.8,5,4,3,28,30,71.5,8.62,0.66,7.2,30.5,2,0,3.1,3.0,45.7,59.4,1,0,436909.95
37.0,2,1,1,8,19,17.1,1.23,0.56,7.2,35.6,6,2,9.0,8.2,40.6,66.4,1,0,420046.59
83.5,3,2,1,13,17,19.7,0.66,0.3,8.4,25.3,2,1,9.8,7.1,48.5,90.2,1,0,548400.96
51.1,2,1,1,6,10,19.0,17.25,0.25,6.4,39.8,2,1,6.7,8.4,44.8,35.5,1,0,238222.57
113.3,4,3,2,14,19,11.6,1.15,0.55,9.3,6.5,2,0,10.0,9.0,41.3,79.3,1,0,695563.68
102.4,5,3,2,2,5,3.8,11.48,0.17,8.0,45.9,4,1,8.2,10.0,36.6,61.1,0,1,539130.62
74.6,4,2,1,0,6,17.2,7.86,0.12,5.6,38.3,2,0,8.2,7.5,40.3,66.7,1,0,402459.8
91.3,4,3,2,25,29,6.0,8.46,1.5,7.8,38.9,2,1,8.1,10.0,44.8,59.0,1,0,535604.42
62.6,3,2,1,0,10,32.0,0.82,0.92,6.4,32.9,4,0,7.2,7.5,44.2,78.8,1,0,436300.41
107.2,4,3,3,8,15,17.4,7.27,0.55,8.2,34.6,3,0,6.3,6.8,41.6,58.1,1,0,538179.26
70.4,3,2,1,2,3,4.7,4.97,0.32,8.5,28.8,2,0,10.0,8.8,39.4,65.6,0,1,467506.62
60.3,4,2,1,24,30,53.0,1.89,0.23,7.3,23.7,3,0,3.0,6.9,57.9,57.4,1,0,318232.88
94.9,6,4,1,15,20,14.8,3.16,0.39,8.5,27.2,5,1,6.6,8.3,48.3,78.3,0,0,535737.92
63.3,4,2,1,12,13,20.0,4.37,0.54,6.9,26.4,0,0,9.6,6.7,41.4,60.2,1,0,435182.49
67.6,2,1,1,16,23,20.7,4.01,0.37,7.9,35.8,4,0,10.0,7.0,51.8,65.8,1,0,446007.47
113.7,5,3,2,7,8,41.3,14.38,0.1,6.9,47.7,1,1,5.5,6.1,31.6,62.8,1,0,495427.2
140.6,6,5,3,3,18,19.4,3.82,0.39,7.8,36.7,1,1,10.0,8.2,37.0,59.5,1,0,729758.66
72.2,4,2,1,20,23,15.5,10.49,0.05,8.0,37.6,3,0,9.9,7.4,39.5,69.4,0,0,458740.09
50.3,2,1,1,21,21,13.5,6.24,0.83,7.0,31.7,2,1,8.7,9.1,52.4,72.6,1,0,388233.2
63.5,3,2,1,27,28,12.2,1.1,0.63,8.9,19.9,5,0,7.5,8.2,45.3,75.7,1,0,523820.21
82.0,3,2,1,8,25,6.6,1.75,0.86,7.1,36.6,2,1,10.0,9.5,44.2,67.7,1,0,508019.57
75.0,2,1,2,21,30,14.5,1.29,0.13,6.2,17.4,3,0,7.8,6.5,46.3,66.8,1,0,514717.58
95.9,4,3,3,8,19,16.8,6.19,0.56,6.0,20.0,3,0,8.6,9.1,46.3,64.4,1,0,550423.96
131.3,7,5,2,17,20,41.4,7.27,0.26,6.6,32.0,3,2,3.0,7.4,38.1,57.1,1,0,606754.08
67.4,3,2,1,13,13,40.3,3.05,0.65,8.8,22.7,1,2,5.7,6.3,49.0,86.6,1,0,463560.11
74.6,3,2,2,2,16,13.8,8.01,0.62,8.1,39.4,2,2,7.2,7.2,32.4,63.6,1,0,490146.8
80.5,3,2,1,3,14,6.1,6.15,1.08,7.5,39.9,2,1,8.8,9.5,46.3,71.4,1,0,477945.84
42.5,2,1,1,0,27,9.7,8.87,0.61,5.3,37.0,1,0,7.9,7.5,40.7,51.0,1,0,255265.37
117.7,6,4,2,17,22,24.1,6.29,0.27,9.6,23.7,4,0,6.6,7.2,47.9,82.2,1,0,687937.3
76.8,3,2,1,3,26,11.0,7.6,0.34,6.1,17.9,1,0,8.3,8.4,40.6,71.4,1,0,476916.29
69.9,3,2,1,9,27,21.0,3.38,1.7,8.5,41.0,1,0,6.4,6.2,39.2,71.8,0,0,408811.15
103.1,5,3,2,3,9,3.4,5.18,0.96,7.5,33.2,2,1,6.3,9.3,45.6,70.9,0,1,552759.92
72.2,4,2,1,16,19,45.2,2.75,0.92,8.6,32.7,5,1,5.3,5.1,49.7,71.4,1,0,424982.01
112.7,4,3,3,7,7,18.8,14.65,0.34,8.1,48.7,3,1,7.4,5.9,31.2,58.9,1,0,478867.97
40.8,3,1,1,18,24,16.5,7.77,1.18,7.8,19.3,1,1,9.0,9.7,37.1,73.4,1,0,365388.22
118.2,5,4,3,8,16,32.1,6.03,1.28,8.5,24.7,4,0,6.6,6.1,42.5,74.0,1,0,604146.95
113.4,6,4,2,15,29,15.0,1.3,0.05,10.0,18.8,2,0,8.6,8.3,48.5,83.8,1,0,719447.04
74.6,4,3,2,26,26,4.0,10.25,0.37,8.3,33.3,1,1,7.6,10.0,47.0,63.5,1,1,514461.84
123.3,7,5,2,23,28,17.7,11.56,0.14,5.5,47.2,0,1,7.8,6.9,38.4,39.2,1,0,513452.55
46.5,2,1,1,7,15,18.9,1.92,0.09,5.5,18.4,6,0,5.1,6.2,47.1,68.1,1,0,399780.01
78.6,3,2,1,24,26,22.7,4.83,0.35,8.5,23.6,3,0,6.5,9.0,52.0,64.4,1,0,452119.25
83.3,4,3,1,14,14,62.7,5.64,0.52,7.4,29.6,0,2,1.0,4.1,33.6,55.6,1,0,326705.68
89.5,4,3,2,15,16,29.0,2.32,0.49,9.0,15.5,0,2,5.3,6.5,35.2,79.7,1,0,599084.72
77.5,4,2,1,27,27,21.2,3.59,1.01,5.5,36.8,4,1,5.7,6.8,49.8,76.1,1,0,467303.92
58.1,3,2,1,4,11,33.8,3.24,1.66,9.3,24.8,1,0,7.7,6.8,44.8,55.7,1,0,377608.3
36.4,2,1,1,3,6,4.3,9.88,0.81,7.2,44.4,2,1,9.2,7.6,34.7,50.0,1,1,297658.51
68.1,3,2,1,22,24,43.2,13.46,2.03,9.0,51.9,2,0,7.7,6.7,32.3,55.1,1,0,300196.57
41.4,2,1,1,17,21,31.9,4.32,0.67,8.0,25.4,2,1,4.9,7.2,54.9,73.8,1,0,316227.95
84.7,5,3,2,2,3,45.3,7.03,0.89,8.2,36.0,2,0,7.2,6.8,40.2,62.1,0,0,413041.85
75.6,3,2,1,15,15,15.2,1.09,0.45,8.0,8.8,4,1,7.1,8.5,48.4,81.9,1,0,571083.48
60.0,2,1,1,2,8,25.9,11.28,0.18,6.7,28.5,1,0,10.0,7.5,34.0,68.7,1,0,379940.61
102.3,4,3,2,1,3,15.7,7.23,1.71,7.9,33.2,0,1,7.7,7.3,38.7,66.7,0,0,544050.28
104.9,5,3,2,5,27,60.0,5.62,0.11,7.5,27.2,3,1,7.4,5.2,40.4,70.2,1,0,528462.03
116.9,5,4,1,5,29,16.5,4.7,0.63,7.3,39.7,4,1,10.0,6.9,49.4,51.9,1,0,556226.38
86.0,4,3,3,14,24,8.6,2.75,0.17,8.5,27.9,2,0,9.1,8.2,58.7,54.1,1,0,566131.3
74.6,4,2,1,1,19,10.0,9.89,0.59,6.7,26.8,3,0,10.0,7.2,33.4,56.1,0,0,412937.82
109.8,5,4,2,8,29,23.0,7.56,1.26,8.0,33.3,0,1,7.0,7.4,46.4,64.9,1,0,570536.39
65.0,3,2,1,2,5,31.1,8.85,0.05,5.9,33.6,0,0,8.9,6.3,46.5,60.6,0,0,311605.49
57.5,3,1,1,15,19,10.1,5.4,0.3,7.9,37.7,1,2,8.2,7.1,40.3,67.2,1,0,433883.46
82.2,5,3,2,0,4,29.7,10.86,0.35,7.0,36.2,2,0,7.9,7.9,33.5,53.4,0,0,394325.04
93.0,6,4,1,19,24,43.0,2.92,1.03,5.9,26.2,3,0,6.9,6.9,41.4,69.8,1,0,478413.28
83.1,4,2,2,1,9,39.4,12.67,0.5,5.8,35.3,3,1,6.1,6.4,32.1,53.4,0,0,313184.85
81.9,3,2,2,3,3,29.4,10.42,0.31,4.7,33.1,2,2,4.8,5.1,33.1,55.5,0,0,362905.34
61.1,2,1,2,13,28,31.6,6.19,0.9,7.9,23.9,5,2,4.9,5.9,42.2,69.3,1,0,453566.68
53.0,2,1,2,10,23,27.3,2.32,0.47,7.4,31.7,4,1,8.9,6.9,39.3,64.7,1,0,413964.26
84.0,3,2,2,2,24,4.7,10.12,0.2,7.0,48.5,4,1,9.0,9.9,40.4,52.5,1,1,491398.68
101.4,5,3,2,1,17,35.5,2.81,0.09,9.5,33.2,1,1,8.1,7.0,47.2,87.9,1,0,596517.82
53.7,3,1,1,1,6,14.6,4.15,0.19,8.0,29.7,0,1,7.3,7.9,39.8,75.1,1,0,434862.7
104.6,5,4,2,7,8,41.5,1.65,0.12,8.6,16.4,3,1,5.7,6.2,40.1,74.3,1,0,568968.27
85.6,5,3,1,4,23,12.2,2.36,0.48,7.7,15.8,1,0,7.7,7.6,45.1,74.7,1,0,559992.83
95.7,4,3,1,11,15,16.0,5.78,0.65,7.1,32.0,2,1,5.4,7.0,44.5,62.2,1,0,497820.05
124.6,5,4,2,13,29,24.4,13.42,0.55,5.5,36.9,3,1,6.9,8.8,34.0,53.4,1,0,546491.32
50.4,2,1,1,5,25,73.7,6.82,0.05,8.4,43.6,1,2,3.6,5.4,38.7,64.8,1,0,273699.57
69.0,3,2,1,7,15,25.2,7.1,1.65,9.2,33.8,2,0,7.3,7.7,38.7,62.1,1,0,399853.26
87.7,4,3,1,6,22,25.2,6.69,0.81,8.9,28.4,2,0,6.9,6.0,45.1,71.3,1,0,491405.06
116.2,6,4,2,2,3,8.9,7.58,0.4,6.4,35.8,2,0,10.0,6.8,40.4,62.1,0,0,553346.95
91.4,4,3,2,3,4,7.2,8.14,0.46,8.8,30.6,2,1,7.6,8.1,30.1,61.6,0,0,544898.14
47.8,4,2,1,6,8,14.2,9.96,1.27,7.1,43.8,3,0,9.3,7.2,50.5,63.8,1,0,325156.35
123.5,5,4,2,11,28,31.0,11.84,0.35,8.6,38.5,2,0,7.4,5.6,36.1,54.5,1,0,566548.25
67.4,2,1,1,10,13,25.2,3.36,0.23,8.5,19.9,1,0,7.4,7.2,48.6,65.6,1,0,436302.04
109.1,5,4,2,15,20,20.2,9.54,0.44,7.7,36.9,2,0,8.8,5.5,41.4,67.1,1,0,577657.57
123.5,6,5,2,10,15,15.2,13.57,0.55,7.2,39.5,1,0,7.5,7.6,34.1,47.0,1,0,558659.88
51.9,3,1,1,6,23,35.5,3.73,0.53,6.4,25.9,4,0,5.8,7.0,48.3,71.6,1,0,360657.37
87.5,4,3,1,7,14,52.4,2.56,0.49,6.9,23.9,2,0,5.0,6.1,53.7,84.4,1,0,487758.54
61.0,3,1,1,0,22,33.9,10.33,0.28,6.6,36.5,1,0,7.0,4.8,31.1,66.4,1,0,334108.66
71.4,4,2,1,2,9,45.7,12.93,0.66,6.6,21.0,0,0,3.2,4.1,31.2,54.6,1,0,330966.53
64.7,4,2,1,0,22,18.9,4.07,0.45,8.1,30.0,2,0,7.5,7.2,49.5,64.0,1,0,417692.07
78.5,4,3,1,7,9,31.3,11.76,0.31,6.6,44.3,1,1,8.0,6.1,47.7,61.8,1,0,387268.59
113.9,6,4,1,17,29,64.0,11.67,1.54,6.6,32.1,1,0,4.7,3.7,41.8,59.2,1,0,435775.01
100.8,4,3,2,6,26,45.5,4.5,0.12,9.2,13.8,2,1,6.1,3.8,49.6,62.0,1,0,507033.26
79.5,3,2,1,5,9,57.5,3.15,0.12,9.5,32.5,2,1,5.9,4.4,41.4,77.7,0,0,446833.11
113.3,5,4,3,2,4,46.3,3.46,0.77,8.7,39.3,2,1,6.0,5.8,34.4,67.0,0,0,545463.5
153.7,7,5,3,0,13,53.9,5.87,0.15,7.1,29.8,4,0,3.0,5.3,40.0,66.3,1,0,637454.58
46.1,2,1,2,3,3,14.8,2.9,0.64,8.6,31.5,1,0,10.0,6.5,50.6,72.6,0,0,371825.9
137.7,6,5,2,14,23,12.0,2.23,1.23,9.5,19.9,2,0,10.0,6.8,43.1,79.2,1,0,712450.79
37.7,2,1,1,5,15,18.3,3.23,1.34,7.9,26.7,0,1,10.0,7.1,51.8,87.6,1,0,399065.69
100.7,5,4,1,8,14,16.1,9.67,0.31,8.7,30.1,5,2,7.6,6.8,45.5,76.7,1,0,581454.01
83.5,3,2,1,2,15,13.4,4.9,0.32,9.8,29.5,3,0,6.8,8.1,42.4,60.1,1,0,488338.72
66.7,3,1,2,6,9,54.0,2.77,0.42,9.1,24.7,3,1,7.7,6.1,58.6,77.9,1,0,436134.27
66.6,3,2,1,3,14,7.5,5.98,0.05,8.4,38.1,0,1,8.7,8.5,40.2,53.2,1,0,422282.74
91.8,5,3,2,16,19,45.8,6.57,0.05,8.1,27.3,1,1,7.3,4.9,37.2,77.8,1,0,532804.46
71.8,3,2,1,6,29,32.8,1.96,0.09,8.9,24.9,1,1,5.3,7.0,43.3,83.5,1,0,474322.82
57.1,3,1,1,0,10,0.5,0.48,0.28,8.9,25.3,4,0,9.7,10.0,46.5,70.2,1,1,485136.97
106.0,4,3,2,2,5,15.4,1.12,0.31,7.1,27.0,0,1,8.6,9.1,41.3,70.2,1,0,601185.53
117.4,5,4,3,3,9,13.9,3.64,0.27,9.4,25.6,3,1,10.0,9.7,39.4,80.4,1,0,719904.61
58.1,3,2,1,14,21,11.2,11.57,0.3,7.2,48.5,1,1,9.5,9.1,41.6,53.1,1,0,364403.23
72.3,3,2,1,8,22,11.0,13.76,1.12,9.3,30.3,3,0,8.5,7.4,40.3,56.4,1,0,405794.6
67.3,4,2,1,4,10,12.4,0.96,0.86,10.0,22.5,2,1,10.0,7.0,46.7,78.7,0,0,560312.11
42.6,2,1,1,12,16,11.5,7.16,0.39,7.4,26.8,2,1,7.8,7.7,42.1,76.4,1,0,338845.78
109.4,6,4,1,6,16,15.3,2.77,0.28,8.4,17.7,2,1,10.0,7.1,41.4,62.1,0,0,610769.45
119.3,6,4,3,3,4,12.3,3.1,0.35,7.7,22.9,2,0,9.0,9.9,39.7,64.5,0,0,636009.29
105.5,4,3,3,2,8,13.7,3.95,0.79,7.1,30.3,3,0,9.2,8.7,41.0,62.5,1,0,599656.3
70.8,3,2,2,10,18,70.2,3.45,0.15,8.0,28.8,5,0,8.8,5.2,38.5,84.9,1,0,457283.48
92.9,4,3,1,7,28,30.6,2.99,1.07,8.2,22.8,2,0,3.7,7.6,41.4,83.2,1,0,525262.14
85.5,4,3,2,0,11,49.7,8.78,1.9,6.1,42.0,2,1,3.6,7.1,39.5,49.9,1,0,323268.18
100.4,5,4,1,3,28,7.7,5.04,1.5,6.8,36.1,0,1,10.0,8.7,35.9,63.3,1,0,546279.31
94.1,5,3,2,25,27,13.2,3.96,0.31,5.1,44.2,6,1,9.5,7.6,37.7,66.8,1,0,570365.38
102.9,4,3,1,3,23,10.5,3.02,0.19,7.0,23.8,7,1,8.5,8.7,41.0,76.3,0,0,586597.4
102.3,4,3,2,17,17,74.5,9.48,0.05,8.2,28.3,2,0,5.7,5.1,35.7,65.0,0,0,448121.98
86.6,3,2,2,21,21,38.5,2.41,0.36,9.7,21.7,3,1,4.8,5.2,45.7,76.6,1,0,562579.98
143.3,6,5,2,16,17,19.1,2.41,0.05,6.2,17.5,6,0,10.0,9.8,51.3,86.2,1,0,769658.94
99.8,4,2,1,2,24,42.4,4.18,0.31,6.7,44.3,1,0,8.3,5.5,46.4,61.6,1,0,411123.97
96.3,5,3,2,8,14,18.6,9.98,0.21,8.5,31.4,5,0,10.0,9.0,38.7,50.4,1,0,501008.18
89.4,3,2,2,11,11,19.0,12.97,1.71,6.1,36.6,2,1,5.4,7.3,40.3,55.1,1,0,372394.81
104.1,5,3,2,5,18,12.1,4.62,0.21,7.5,28.5,1,0,9.8,9.0,52.4,70.2,1,0,596469.08
111.0,4,3,3,1,8,17.1,2.56,0.78,7.5,25.8,3,1,7.9,7.6,41.9,69.9,1,0,610117.65
67.2,2,1,1,11,22,20.2,13.92,0.81,7.7,42.3,2,1,10.0,5.9,31.8,44.5,1,0,300381.22
49.6,2,1,1,30,30,10.1,17.43,0.21,8.1,48.0,2,0,8.7,9.0,41.9,53.1,1,0,274542.85
92.0,5,3,2,14,29,46.7,6.66,0.05,7.8,23.5,2,0,4.6,7.4,40.7,59.6,1,0,432048.44
98.6,4,3,2,8,17,44.4,11.57,0.81,6.7,41.6,1,1,6.9,6.0,32.3,55.3,1,0,443453.62
69.5,3,2,1,12,15,13.4,3.1,0.28,7.9,23.1,2,1,5.6,8.6,44.3,67.8,1,0,456022.22
73.5,3,2,1,1,23,3.6,2.61,1.18,9.1,19.2,4,0,10.0,8.8,45.1,83.5,1,1,574676.92
108.5,4,3,2,11,25,18.3,5.41,0.67,8.4,33.9,3,1,7.1,7.5,45.2,54.9,1,0,562483.6
49.2,3,1,1,6,12,19.2,4.97,0.34,7.7,16.9,1,0,7.5,8.5,35.6,61.4,1,0,347526.99
75.6,3,2,2,0,16,38.8,14.63,0.47,6.7,48.5,1,1,6.8,6.7,35.5,50.7,1,0,286384.91
61.4,3,1,2,4,5,22.7,3.88,0.28,7.3,39.8,2,1,7.0,7.8,35.6,65.4,1,0,410159.96
51.2,2,1,1,6,14,4.6,4.59,0.15,7.3,31.0,5,2,10.0,10.0,36.4,64.9,0,1,486515.27
62.7,3,2,2,2,27,17.9,8.01,0.67,6.1,49.3,3,0,7.4,9.2,45.8,58.8,1,0,357701.16
66.4,3,2,1,3,3,23.6,7.61,0.98,8.7,35.2,3,2,8.2,8.3,31.1,66.7,0,0,462217.7
58.5,2,1,1,4,26,12.7,1.85,0.63,6.0,24.8,2,1,9.0,8.1,32.5,75.9,1,0,453909.2
89.5,3,2,2,2,23,40.6,9.61,0.85,7.6,29.3,1,1,6.4,6.2,40.0,63.5,1,0,407529.92
61.8,3,2,1,14,18,40.5,2.98,0.31,8.1,23.7,4,0,5.1,6.4,43.1,86.0,1,0,428394.76
61.7,3,2,1,5,12,21.9,12.83,0.16,6.9,41.5,1,0,4.1,6.0,34.0,45.6,1,0,233861.34
71.2,4,2,1,2,11,46.1,6.35,0.16,7.1,29.1,2,0,7.6,6.2,47.9,77.9,1,0,408875.57
97.4,5,4,2,0,20,2.5,5.09,0.54,7.6,33.7,2,0,7.3,8.4,46.3,66.4,1,1,579938.05
56.4,2,1,2,1,3,27.1,15.11,0.3,8.4,31.8,4,1,10.0,6.6,37.8,42.7,0,0,272322.71
57.1,3,2,1,3,12,28.2,2.23,1.54,8.3,15.5,1,1,6.2,7.7,44.1,56.0,1,0,415744.19
64.0,2,1,1,4,9,16.0,1.73,0.3,8.5,23.6,5,1,9.8,7.2,47.2,69.7,1,0,466439.48
46.8,2,1,1,10,12,2.8,11.58,3.5,7.3,33.6,3,1,9.0,10.0,35.8,63.9,0,1,366792.97
109.2,5,3,2,13,14,17.1,10.16,0.72,6.6,36.2,2,0,10.0,7.5,37.1,65.3,0,0,527660.74
97.9,4,3,1,9,13,14.1,16.15,0.05,6.0,38.0,1,1,8.6,8.9,34.3,42.6,1,0,442305.67
108.8,6,4,2,10,11,51.7,10.76,0.05,7.7,34.0,1,1,6.3,5.4,41.9,55.0,1,0,475109.25
87.4,5,3,2,3,7,33.9,5.92,0.25,6.9,28.9,3,1,5.0,6.5,48.8,74.7,0,0,477679.77
130.5,6,5,2,14,29,21.3,3.07,1.23,8.0,20.5,2,0,8.7,8.5,51.4,59.8,1,0,650353.58
52.2,2,1,1,3,6,19.2,7.57,0.49,8.8,32.5,3,0,9.1,7.3,43.1,59.9,1,0,360845.52
55.8,2,1,1,3,22,54.0,3.72,0.2,7.4,19.5,5,0,5.7,5.9,42.2,76.1,1,0,356999.09
46.8,2,1,1,19,30,3.5,1.38,0.78,8.2,32.2,2,1,10.0,9.1,47.3,65.7,1,1,439718.31
66.0,3,1,2,3,15,3.6,2.57,1.51,7.9,26.4,7,1,9.4,7.2,44.8,74.0,0,1,499349.32
80.1,4,2,2,1,10,70.3,2.88,0.89,8.7,18.8,2,0,6.1,4.0,43.8,72.2,0,0,384459.19
86.3,4,3,1,12,18,17.0,7.03,0.65,7.8,9.7,1,1,8.0,9.0,37.0,65.7,1,0,525962.45
47.3,2,1,1,3,3,7.3,1.28,0.09,7.7,36.7,5,1,10.0,8.4,42.8,62.1,0,0,417850.5
112.5,6,4,2,12,19,3.8,1.52,0.25,7.8,26.9,1,1,9.1,10.0,46.9,67.9,1,1,716259.07
107.5,5,4,2,7,17,55.1,3.36,0.67,7.5,33.9,3,1,8.4,6.4,47.3,86.1,1,0,613109.99
71.5,4,2,1,3,26,9.6,2.69,0.74,7.5,29.8,5,1,7.9,8.7,43.3,64.5,1,0,475531.02
53.7,3,1,1,4,17,8.3,5.94,0.29,6.0,38.8,2,0,8.3,9.6,50.9,62.4,1,0,394057.85
55.1,2,1,1,20,20,26.3,3.83,0.21,8.2,27.5,4,1,6.3,6.7,43.9,73.8,1,0,398952.7
67.1,2,1,1,5,28,35.7,4.02,0.05,7.3,30.2,5,1,6.0,8.0,44.3,89.1,1,0,464424.49
51.9,2,1,1,6,8,25.5,8.71,0.43,7.9,34.3,2,0,6.5,7.8,38.9,75.0,0,0,309873.47
79.0,3,2,1,2,4,25.6,9.68,0.8,7.4,41.1,4,0,10.0,7.5,39.8,45.4,0,0,346447.13
72.8,3,2,1,5,7,10.7,2.96,0.77,7.8,31.3,2,0,10.0,5.8,43.9,74.3,1,0,453631.33
69.1,3,2,1,9,21,26.5,7.11,0.05,7.2,34.7,3,1,7.1,7.4,40.0,69.2,1,0,429162.11
131.0,7,5,2,2,9,48.8,2.41,0.77,6.9,32.3,1,1,7.9,6.7,46.4,78.1,0,0,599156.16
88.5,4,3,1,8,11,27.9,8.53,1.4,7.6,40.1,0,2,6.9,7.2,36.1,48.9,1,0,409598.66
109.2,5,4,1,0,4,11.7,2.13,0.39,8.2,19.2,4,1,8.9,9.1,36.7,73.8,0,0,622719.76
45.3,2,1,1,9,9,36.8,10.23,0.87,6.6,33.2,1,0,8.9,7.8,43.9,55.7,1,0,247600.39
59.3,3,2,1,11,26,12.2,0.76,0.39,6.4,30.5,3,2,7.8,7.5,47.3,72.7,1,0,489769.7
101.2,4,3,2,12,16,21.8,2.25,0.11,8.0,19.0,3,0,6.0,7.4,53.7,70.5,1,0,600861.78
60.2,2,1,1,23,28,22.6,3.31,0.24,8.0,28.3,3,1,8.2,7.0,48.1,67.5,1,0,412831.41
59.0,2,1,1,9,26,71.0,3.91,0.69,9.1,17.5,2,0,3.1,4.1,36.9,63.3,0,0,293432.7
97.2,4,3,2,18,25,28.6,1.83,0.81,8.3,21.0,2,1,7.1,7.0,50.1,80.3,1,0,599264.68
102.1,4,3,2,16,17,9.4,3.11,0.15,9.3,5.0,3,1,8.9,8.2,37.5,77.7,0,0,658981.85
76.7,3,2,1,9,14,8.6,4.23,1.47,7.4,23.5,2,0,9.4,5.9,35.8,66.9,1,0,529813.65
77.3,3,2,1,4,22,22.5,0.78,1.54,8.1,22.6,1,1,8.5,7.2,45.5,72.2,1,0,491261.72
64.1,3,2,1,4,6,53.0,6.2,0.15,6.7,26.3,0,1,5.9,6.0,42.1,61.7,1,0,303583.05
44.2,3,1,1,14,28,2.8,6.29,1.06,7.5,18.4,1,0,10.0,9.7,44.1,75.7,1,1,427656.63
67.9,3,2,1,3,15,22.8,10.09,0.67,8.1,29.1,0,1,9.8,7.2,33.9,66.9,1,0,417347.44
52.9,2,1,1,8,11,48.6,21.16,0.3,6.8,50.2,1,0,7.0,4.8,26.1,26.7,1,0,134162.19
58.1,3,1,2,12,14,32.8,2.24,0.09,8.5,26.4,3,2,8.4,5.4,59.7,60.9,1,0,406434.19
117.0,6,5,2,0,12,61.3,11.35,1.56,5.8,40.1,2,2,3.6,4.6,30.3,39.2,1,0,419715.27
109.8,5,3,2,4,11,17.7,1.56,0.41,6.9,18.2,2,0,8.2,5.7,40.7,53.0,1,0,602169.73
86.8,4,3,1,0,23,8.7,4.01,0.05,7.8,34.2,2,1,9.1,8.0,49.1,76.7,0,0,574592.34
79.4,3,2,2,21,25,17.5,6.44,1.34,7.0,43.6,0,1,10.0,6.7,41.1,66.6,1,0,503062.67
88.0,3,2,2,9,9,9.8,6.41,0.61,8.4,23.7,1,1,5.1,8.2,40.8,81.2,1,0,568181.05
52.2,3,2,1,24,27,68.6,9.78,0.19,7.8,47.3,2,1,5.8,4.1,43.4,55.3,1,0,269096.43
55.9,2,1,2,10,14,24.0,3.64,0.46,8.4,23.1,3,0,8.2,5.2,42.9,79.5,1,0,438172.6
49.9,2,1,1,17,18,27.7,5.35,0.89,7.3,32.6,2,1,8.3,6.0,50.7,69.8,1,0,360322.34
86.3,4,3,1,12,17,8.9,5.72,0.28,8.0,37.8,2,0,6.4,8.2,48.5,49.6,1,0,481073.96
101.6,5,3,3,3,9,13.3,12.63,0.26,7.3,48.3,2,0,8.4,8.5,39.5,62.6,1,0,526646.04
82.6,3,2,1,7,10,40.0,4.9,0.21,7.6,26.0,0,1,9.2,6.0,50.1,64.5,1,0,450168.38
76.4,3,2,1,2,9,20.5,3.54,0.18,7.8,34.8,3,1,5.9,7.6,42.1,71.5,0,0,478250.17
128.7,5,4,3,13,13,15.6,8.87,0.52,7.7,37.3,3,0,9.0,7.4,47.5,57.4,1,0,577557.63
53.4,2,1,1,6,6,23.3,4.88,0.05,6.8,28.6,3,1,6.6,7.0,44.9,53.8,1,0,354753.4
59.8,4,2,1,11,30,15.9,10.03,0.3,6.7,32.0,1,1,10.0,6.8,35.2,62.0,1,0,368529.5
54.4,3,2,1,13,20,1.8,10.01,0.66,6.6,35.8,1,0,10.0,9.6,42.7,71.1,1,1,421771.95
83.8,4,3,2,1,21,6.5,0.99,0.06,9.4,24.7,4,0,9.3,7.5,42.3,66.8,1,0,579652.05
134.9,6,5,2,9,9,22.2,19.91,0.85,5.6,50.1,0,2,6.4,8.6,23.8,43.5,0,0,486515.38
71.3,4,2,1,3,29,40.1,1.67,1.08,8.3,24.3,3,1,6.1,5.6,36.9,83.7,1,0,459104.0
112.3,5,4,2,0,29,14.3,5.67,0.91,8.5,24.0,1,0,7.5,7.9,35.6,49.5,0,0,568433.45
111.1,5,4,2,7,15,54.0,3.01,1.27,7.4,32.2,1,1,4.1,4.4,52.2,60.4,1,0,504029.98
87.1,3,2,1,9,11,39.4,2.84,0.46,9.0,16.8,1,1,6.1,6.1,31.4,75.6,1,0,540223.33
64.4,3,2,1,25,29,43.3,2.09,0.19,9.2,37.2,3,1,3.2,5.1,48.3,68.1,1,0,404561.83
78.4,3,2,1,16,20,5.5,9.18,1.28,5.3,40.0,3,0,9.7,7.6,44.4,50.3,1,0,406287.9
132.0,6,5,2,6,9,38.1,3.75,0.32,8.4,20.5,4,1,5.8,7.4,42.8,62.6,0,0,689807.67
59.5,3,1,2,16,22,13.5,11.07,0.24,8.2,32.2,1,0,7.0,7.7,38.4,61.8,1,0,375789.13
105.4,4,3,2,16,18,56.2,3.65,0.35,7.7,19.1,2,1,3.1,6.2,42.0,64.4,1,0,476631.28
82.7,3,2,1,8,25,17.7,3.59,0.13,8.6,31.8,3,1,8.4,7.3,51.5,60.1,1,0,511512.56
101.1,4,3,3,9,30,13.1,2.33,0.23,6.9,28.1,1,0,10.0,8.5,43.1,59.5,1,0,609712.05
77.4,3,2,1,1,7,13.5,4.48,0.44,6.4,32.0,4,1,7.6,8.6,35.5,74.7,1,0,521670.97
91.9,4,3,1,5,9,34.1,0.77,1.34,8.0,24.6,4,0,8.8,7.3,43.2,67.5,1,0,545915.67
114.1,5,4,2,0,8,5.1,10.82,0.39,6.2,34.0,2,1,9.5,9.2,37.7,60.7,1,0,557758.41
122.6,5,4,3,2,4,24.6,6.46,0.79,8.1,27.4,0,0,7.1,7.6,36.5,62.5,0,0,596054.6
108.5,5,4,2,25,30,19.7,5.0,0.18,8.2,14.4,2,2,10.0,7.0,49.3,59.0,1,0,640734.49
50.6,2,1,1,3,9,10.6,0.84,1.23,10.0,31.8,0,0,5.7,6.5,44.9,69.8,1,0,412239.04
84.4,4,3,1,19,23,42.8,2.48,2.14,9.0,12.8,3,0,6.4,5.4,49.6,72.4,0,0,465526.16
67.2,2,1,2,7,11,32.3,0.58,1.36,7.8,17.6,3,1,6.3,7.1,53.3,75.9,1,0,480188.08
70.2,3,2,1,15,15,11.2,1.82,0.89,8.3,21.1,5,0,8.7,9.0,38.4,75.4,1,0,540007.36
60.6,3,2,1,16,29,7.7,4.63,0.11,8.2,28.4,4,0,6.8,8.6,43.2,59.4,0,0,432585.06
65.2,3,2,1,8,19,18.6,6.71,0.31,8.2,30.3,0,1,9.0,7.2,37.2,77.3,1,0,445859.23
45.4,4,2,1,10,19,32.9,2.45,0.05,6.1,30.8,3,1,4.4,6.2,41.9,78.2,1,0,394220.08
128.0,6,5,2,0,17,28.3,2.17,0.29,7.8,38.1,3,1,8.1,7.0,43.9,69.0,1,0,656898.6
53.3,2,1,1,6,20,33.4,8.07,0.58,8.6,33.6,2,0,6.0,7.3,40.0,67.4,1,0,341861.54
101.9,5,3,3,21,26,3.3,5.2,0.87,8.3,19.8,3,0,9.5,9.6,37.6,64.2,1,1,657550.65
93.8,3,2,2,4,17,10.0,8.73,0.37,7.5,44.6,2,1,7.3,7.4,33.0,46.9,0,0,470775.33
64.6,3,1,2,4,13,26.6,12.39,0.75,6.5,50.8,4,1,5.9,6.2,41.6,51.2,1,0,314428.25
64.2,2,1,2,0,27,11.2,6.07,0.58,7.6,32.1,4,0,10.0,7.2,33.3,62.3,1,0,422409.52
100.9,5,4,2,5,29,43.3,3.28,0.21,8.1,29.1,3,0,8.7,5.4,47.1,83.1,1,0,596042.1
111.1,5,4,2,12,29,17.3,4.05,0.18,7.1,23.1,1,1,6.1,7.5,35.1,88.3,1,0,678783.22
117.1,5,4,3,14,14,8.0,4.4,0.88,8.2,33.7,2,1,8.7,7.2,36.8,61.4,0,0,645774.99
132.7,7,5,3,3,25,7.3,3.97,0.65,8.1,20.0,2,1,9.7,7.5,45.1,72.8,1,0,746729.93
71.6,3,2,2,16,19,23.5,6.51,0.38,7.3,26.3,7,0,7.3,7.9,51.3,72.6,1,0,455506.74
56.5,3,2,1,11,14,8.8,5.1,0.06,7.5,33.7,3,0,8.4,8.6,48.5,69.6,1,0,428399.77
85.8,4,3,2,7,9,3.6,2.23,1.03,7.0,32.5,2,1,9.8,10.0,42.4,71.6,1,1,582422.21
85.0,3,2,2,23,26,11.4,1.6,0.18,9.4,14.0,4,1,9.1,8.2,45.7,88.8,1,0,656320.67
76.9,3,2,2,3,9,69.8,4.6,0.69,8.4,23.5,3,0,3.7,3.2,44.2,82.0,1,0,415188.2
73.9,3,2,2,28,30,2.2,0.46,0.3,8.7,17.5,4,1,9.6,8.0,43.5,80.3,1,1,666816.2
96.0,4,3,2,6,23,13.7,10.19,0.42,7.8,42.7,0,0,7.7,7.9,40.6,76.6,1,0,522144.37
105.3,5,3,2,18,30,13.4,2.91,0.68,5.4,26.8,3,1,7.6,7.7,44.4,72.8,1,0,618749.67
53.0,2,1,1,23,25,11.6,13.78,0.05,8.5,36.8,3,2,7.1,7.6,47.8,51.9,1,0,336204.21
75.3,3,2,1,6,12,18.9,11.43,0.21,4.5,52.3,1,1,6.6,6.3,38.8,56.2,0,0,305979.41
82.2,4,3,1,13,18,25.8,11.61,0.62,8.0,26.9,4,0,7.7,6.1,38.1,55.8,1,0,412108.3
91.1,5,3,2,4,13,37.3,3.35,0.22,8.2,20.6,4,0,4.2,7.5,44.5,73.7,0,0,515329.97
80.8,3,2,2,15,18,86.7,1.7,1.51,7.2,6.9,3,1,1.0,4.7,45.6,82.4,1,0,407230.68
111.1,4,3,2,4,4,33.5,6.37,0.82,7.8,14.0,1,1,6.5,6.9,43.4,65.1,0,0,495965.79
64.4,3,1,1,8,27,43.1,7.47,0.32,8.1,26.6,3,0,6.1,6.7,36.6,72.7,1,0,381594.2
75.7,3,2,1,1,4,14.1,1.63,0.75,7.8,11.1,2,0,6.5,6.6,49.3,77.9,0,0,471648.65
97.2,4,3,2,15,20,19.3,20.52,0.57,7.2,42.1,0,0,10.0,7.7,30.5,36.9,1,0,384511.89
107.2,4,3,2,4,7,17.7,2.26,0.87,6.7,11.7,2,1,6.7,6.9,48.4,58.7,1,0,576510.39
77.4,4,2,1,11,16,12.1,3.3,0.26,7.0,24.8,1,2,7.2,9.1,48.9,55.3,1,0,520642.53
77.7,5,3,2,3,10,21.5,7.86,0.05,6.3,39.3,2,1,6.5,7.8,40.2,56.5,1,0,404611.78
87.6,5,3,2,2,8,6.0,7.35,0.09,6.2,33.7,5,0,10.0,6.6,43.1,56.0,1,0,532246.27
91.7,4,3,1,8,30,13.5,3.92,0.41,8.2,32.2,2,1,10.0,6.5,41.6,82.5,0,0,571489.59
81.7,4,3,2,10,11,47.3,3.77,0.61,9.7,13.6,3,1,4.4,5.8,47.7,75.3,1,0,518771.61
88.8,4,3,2,6,8,23.6,3.66,0.37,8.9,36.3,2,0,8.7,6.3,35.6,64.6,0,0,513994.12
65.4,4,2,1,3,23,47.8,10.13,0.25,7.0,35.9,0,2,6.2,7.0,32.4,60.4,1,0,340945.17
51.0,3,1,1,8,19,23.9,6.15,1.1,9.2,18.4,3,1,6.3,5.3,41.2,72.7,1,0,401816.05
75.7,3,2,2,6,10,17.7,2.79,0.22,9.2,21.6,1,2,8.2,7.4,34.8,70.4,1,0,505304.12
68.7,3,2,1,4,5,9.0,4.71,0.1,7.3,31.1,2,1,6.4,6.4,42.7,66.9,0,0,417974.1
102.6,4,3,2,12,14,20.4,8.99,0.29,7.1,40.4,1,1,7.3,7.0,51.4,57.2,0,0,482422.61
68.9,3,2,1,8,15,12.2,3.32,0.5,8.4,33.5,4,0,6.7,6.6,40.8,65.9,1,0,429452.4
67.9,3,2,1,6,20,7.0,6.82,1.15,6.9,32.8,4,1,8.0,8.0,41.3,59.1,0,0,415915.68
49.2,2,1,2,24,25,9.8,3.24,1.83,7.1,26.3,4,0,8.4,7.0,43.6,73.3,1,0,413871.81
79.2,3,2,1,10,13,29.3,1.83,0.39,9.0,23.8,2,2,9.3,6.2,51.4,70.0,1,0,520053.68
65.6,3,2,1,2,4,46.4,3.73,0.34,9.0,32.9,2,1,6.0,7.0,41.4,58.8,0,0,369945.19
94.3,5,3,3,10,16,31.0,6.0,1.11,6.8,26.0,1,0,5.4,6.3,42.6,64.4,1,0,518776.48
54.7,3,1,1,0,3,9.4,20.23,0.29,6.4,45.9,0,1,8.4,5.2,27.8,43.3,0,0,229022.32
96.9,5,3,3,0,29,23.6,4.98,0.11,8.2,26.6,2,1,4.3,7.0,39.7,63.6,1,0,518630.7
109.8,5,4,2,12,17,16.4,4.23,1.1,6.9,36.3,3,1,9.2,9.0,38.5,84.6,1,0,637489.29
55.1,2,1,1,12,20,26.6,3.08,1.11,8.5,20.3,2,0,6.0,7.4,46.4,79.6,1,0,384707.15
68.4,3,2,1,1,24,13.5,5.79,0.18,8.3,33.3,4,0,10.0,8.7,39.3,65.1,1,0,470296.71
71.5,3,1,1,16,20,35.7,4.55,0.48,8.5,29.0,2,1,8.0,5.9,37.9,63.9,1,0,421467.57
95.4,4,3,2,18,19,35.7,3.8,0.3,7.7,23.4,2,1,6.8,7.2,37.3,60.0,1,0,529771.62
100.9,4,3,2,2,3,32.7,2.86,0.97,8.4,19.7,3,0,6.4,6.2,42.4,64.2,0,0,511040.15
55.5,3,2,1,14,16,22.7,0.58,0.09,8.6,22.7,5,0,6.8,7.6,46.5,73.5,1,0,430871.31
64.1,4,2,1,18,22,36.5,6.71,0.49,7.8,22.2,3,1,6.0,7.6,37.5,74.3,1,0,436534.31
105.3,5,4,2,9,26,5.8,3.72,0.57,8.9,33.7,1,0,8.6,7.1,48.4,77.1,1,0,645083.23
45.4,2,1,1,9,24,15.7,1.68,0.26,7.3,34.8,4,0,7.3,5.8,43.3,71.5,1,0,376520.76
56.3,2,1,1,8,18,43.7,4.16,1.43,7.1,26.9,0,1,6.9,5.7,46.5,73.4,0,0,324945.54
122.3,6,4,2,2,6,9.3,3.75,0.27,7.0,41.3,3,1,10.0,8.3,38.3,66.6,1,0,673366.07
105.8,4,3,3,10,24,37.6,0.5,0.17,9.4,20.5,2,1,6.6,8.1,45.2,82.8,1,0,627959.45
119.2,5,4,3,5,8,24.7,1.27,0.91,8.3,18.3,1,1,9.0,7.2,42.2,75.2,1,0,675087.3
91.0,4,3,2,1,27,19.1,1.37,0.32,7.7,20.4,2,2,5.7,8.1,42.2,67.9,1,0,577285.81
122.9,5,4,2,9,18,15.9,14.76,0.05,8.0,39.9,2,1,8.5,6.9,36.6,54.3,1,0,581087.21
87.6,3,2,1,14,22,9.4,6.41,0.45,7.5,26.7,5,0,8.5,7.3,42.0,61.5,1,0,512158.95
97.1,4,3,2,4,8,37.8,2.88,0.34,6.0,22.5,3,0,4.4,6.7,46.8,70.7,1,0,484573.61
121.5,5,4,2,17,17,23.4,3.91,0.77,7.4,34.8,3,1,7.1,8.8,40.3,58.4,0,0,607603.63
98.7,5,3,2,6,28,43.8,4.62,0.05,8.0,25.6,4,1,7.4,6.1,39.2,69.6,1,0,534390.26
66.0,2,1,2,2,3,31.5,8.24,0.61,7.9,19.1,1,1,2.9,7.0,40.6,79.8,0,0,382210.89
61.7,4,2,1,4,9,21.2,9.85,0.85,6.6,54.1,2,0,7.3,6.6,42.6,70.0,0,0,305191.04
56.1,2,1,2,24,25,14.5,11.83,0.11,6.6,44.2,2,0,7.4,7.1,42.0,61.8,1,0,334322.01
74.2,3,2,1,0,13,8.6,1.51,0.74,7.8,10.0,3,0,8.8,9.1,47.5,86.3,0,0,542083.25
87.7,4,2,2,2,3,7.0,4.03,0.51,8.6,15.0,2,0,9.9,6.7,37.8,67.0,0,0,541354.75
89.5,4,3,2,1,10,42.5,3.24,0.28,9.4,11.0,1,1,7.2,5.4,40.2,72.9,0,0,504056.44
72.7,4,3,1,15,16,17.1,1.78,0.42,7.5,24.7,2,2,9.3,7.3,50.2,75.2,0,0,493115.72
67.0,3,2,1,4,7,29.4,12.35,0.14,8.4,40.3,1,0,8.8,7.0,34.3,74.0,1,0,411951.71
104.1,5,3,2,13,15,9.3,10.83,0.34,7.3,38.8,0,2,7.8,7.9,37.3,70.0,0,0,555525.84
40.3,2,1,1,0,17,11.7,8.41,0.39,7.3,30.1,2,0,4.6,8.6,36.4,55.0,1,0,339995.28
43.6,2,1,1,6,11,16.0,11.27,0.34,6.8,34.3,1,1,8.9,10.0,31.4,59.3,1,0,303310.95
54.2,3,1,1,8,10,19.3,3.31,0.98,7.1,28.0,6,0,6.2,6.4,39.1,75.6,1,0,382103.17
70.1,3,2,1,16,21,4.8,5.87,0.51,6.9,26.4,0,0,9.1,9.7,40.9,77.1,1,1,521604.5
75.8,3,2,1,7,19,5.4,11.15,0.96,6.1,39.9,3,0,6.5,7.5,45.0,53.1,1,0,376333.7
61.2,3,2,1,8,21,11.1,8.96,0.33,6.3,41.7,0,1,7.1,8.8,37.7,56.4,0,0,347658.03
68.4,4,2,1,1,20,23.6,9.78,0.67,7.7,30.4,5,0,8.3,9.0,35.7,64.3,0,0,371648.09
123.6,5,4,2,12,20,28.1,7.25,0.5,9.7,37.3,4,1,6.5,6.9,45.5,58.0,1,0,601917.78
43.5,2,1,1,0,29,29.1,6.06,0.5,7.0,21.4,2,0,4.6,7.9,40.1,66.2,1,0,302013.7
107.8,4,3,2,5,6,38.5,3.43,1.01,7.8,22.6,3,0,4.4,5.4,41.1,76.4,1,0,527434.86
87.5,5,3,2,1,4,6.0,10.12,0.16,8.2,34.4,2,2,10.0,9.4,36.7,58.9,0,0,493937.92
102.8,5,3,2,20,26,21.2,11.93,0.53,6.0,31.5,4,0,7.1,9.0,35.9,70.2,1,0,498851.03
111.0,5,4,2,7,7,24.8,2.95,0.45,6.7,28.2,2,1,6.9,7.0,38.4,72.2,1,0,625218.48
50.8,2,1,2,4,19,61.9,4.67,0.89,6.0,33.7,4,1,4.0,5.7,47.1,52.4,1,0,258450.61
49.0,3,1,1,6,24,40.4,2.93,0.64,8.2,15.5,3,0,4.0,5.0,45.7,69.8,1,0,342734.12
125.4,5,4,3,11,30,17.7,8.34,0.61,6.8,29.5,2,1,7.4,6.9,31.4,46.6,1,0,628880.22
70.9,4,2,1,0,9,16.3,13.48,0.48,5.5,39.3,0,0,9.8,8.1,38.2,49.9,1,0,320052.08
104.9,4,3,2,4,18,8.4,6.44,0.95,7.0,20.5,3,1,7.3,10.0,39.8,59.2,1,0,547794.59
107.5,4,3,2,3,3,13.3,6.25,1.13,8.6,30.0,2,1,5.3,5.9,39.4,68.2,0,0,558120.71
86.5,4,3,2,2,14,27.9,19.11,0.33,5.7,50.0,0,0,8.3,7.1,34.8,41.1,1,0,293832.15
103.9,5,4,2,12,21,24.2,6.12,0.47,8.5,21.8,2,0,7.5,8.4,38.2,73.0,1,0,544341.59
114.6,6,5,1,8,11,10.9,7.0,1.54,8.0,28.4,1,0,8.6,9.7,41.7,77.5,1,0,631499.29
88.8,4,3,2,18,18,8.9,11.31,0.12,7.2,37.7,2,1,9.0,7.8,47.6,67.8,1,0,515239.06
79.8,3,2,1,6,9,31.5,5.5,0.39,7.8,12.9,1,2,4.3,8.0,40.6,84.4,1,0,487898.81
118.5,5,4,2,9,17,26.1,9.8,0.08,7.9,34.1,1,0,7.1,7.8,37.3,60.7,0,0,514274.42
48.6,2,1,1,11,14,11.7,7.85,0.57,7.8,26.5,4,0,8.6,9.6,49.7,63.0,0,0,364565.23
70.9,3,2,1,6,6,31.9,2.38,0.22,8.3,11.3,3,0,6.8,6.5,41.9,70.0,1,0,448798.98
118.2,6,4,1,7,8,19.3,0.3,0.22,6.4,28.7,3,1,7.6,7.5,50.0,65.3,1,0,637194.72
86.3,3,2,1,7,8,17.5,1.57,0.09,7.9,17.5,1,1,9.6,6.9,39.1,78.1,1,0,574978.9
80.1,3,2,2,3,17,4.0,5.45,0.44,6.2,43.1,4,0,9.4,9.2,45.4,50.2,0,1,449767.99
31.7,2,1,1,29,30,22.3,10.89,0.68,6.0,39.8,1,0,8.5,7.0,40.8,52.1,1,0,216442.56
116.4,5,4,2,0,5,11.7,4.81,0.13,8.8,26.0,2,2,8.0,7.0,45.7,60.6,0,0,620868.44
78.5,3,2,1,3,4,18.4,4.78,0.09,7.7,31.5,4,2,3.9,9.3,39.2,67.5,0,0,470752.56
104.8,5,3,3,5,7,26.4,3.99,0.64,9.6,35.8,2,0,6.8,7.1,45.7,62.7,1,0,564439.56
76.8,4,2,1,9,10,11.8,3.44,0.72,8.7,20.0,1,1,8.2,7.4,34.9,62.6,0,0,482906.77
105.9,4,3,3,10,21,9.3,24.7,0.79,4.8,69.3,0,1,8.1,7.6,27.2,29.1,0,0,360531.95
86.1,5,3,2,12,23,7.9,6.01,0.29,7.3,27.6,2,1,8.4,6.5,43.6,53.7,1,0,579966.84
63.9,3,2,1,5,18,52.2,3.38,0.25,8.7,21.8,2,1,5.8,6.2,38.6,75.3,1,0,450613.84
68.4,3,2,1,21,21,13.2,5.88,0.8,8.3,27.4,3,1,9.5,6.9,45.7,64.2,1,0,473746.3
79.5,3,2,1,13,25,14.9,6.33,0.32,8.6,26.9,2,1,6.7,7.1,56.5,69.3,1,0,495241.36
118.9,6,5,1,6,18,23.7,2.45,0.51,5.9,25.6,3,0,7.1,8.3,39.5,52.8,1,0,576840.26
99.6,4,3,2,0,8,35.5,12.52,0.17,5.3,32.7,1,0,8.9,6.0,37.2,64.3,1,0,397207.96
116.4,5,4,2,9,24,25.9,3.94,0.19,7.3,26.9,3,1,4.8,7.5,41.1,59.3,1,0,625841.03
83.7,3,2,1,0,3,10.8,12.31,0.95,7.6,36.3,1,0,7.9,7.3,41.2,71.9,0,0,399440.16
95.7,5,3,2,15,20,10.2,3.52,0.43,8.8,31.7,2,0,5.0,7.4,47.3,67.3,0,0,510668.34
82.0,4,3,2,6,24,15.0,2.92,0.16,5.2,29.2,1,0,7.6,7.0,41.7,75.3,1,0,536717.21
101.2,4,3,2,3,10,43.4,14.73,0.62,5.8,32.8,3,0,6.3,5.9,34.6,59.8,1,0,466444.58
149.1,6,5,2,5,7,23.3,12.77,0.1,7.4,36.7,2,1,4.7,5.8,44.5,53.0,1,0,614246.02
76.7,4,2,1,5,14,19.7,3.88,0.14,6.9,31.8,5,0,8.0,8.2,40.8,72.1,1,0,480685.79
46.7,3,1,1,17,20,15.3,3.43,0.3,8.3,14.2,1,1,7.0,10.0,51.0,71.7,1,0,442968.11
87.3,4,3,2,3,7,28.4,7.92,0.52,7.9,17.3,2,0,8.7,7.5,34.1,65.9,1,0,503113.14
81.4,5,3,1,3,27,24.3,1.96,0.28,7.7,27.4,1,1,8.1,6.2,46.3,77.3,1,0,490987.75
112.0,5,3,2,22,24,39.9,6.93,0.32,7.7,37.4,4,1,5.5,7.0,44.5,51.0,1,0,497628.97
68.4,3,2,1,15,15,3.2,11.46,0.45,6.9,43.5,2,2,8.5,8.0,45.5,50.6,1,1,411451.19
65.7,3,2,1,0,23,47.9,4.02,0.65,8.5,32.5,3,1,8.1,5.1,41.5,73.1,1,0,418042.54
69.7,3,2,1,20,28,26.7,11.76,1.28,6.8,32.1,1,0,7.0,6.6,47.0,64.9,1,0,379934.66
68.5,3,2,1,19,24,22.3,10.61,0.05,5.3,42.1,1,0,5.5,8.3,37.2,54.8,1,0,339144.89
108.5,4,3,2,1,14,16.7,7.2,0.33,8.1,33.1,1,0,6.2,8.3,33.5,59.6,0,0,547181.71
94.9,5,3,3,15,18,2.6,19.36,0.23,6.1,59.1,3,0,8.5,8.1,28.4,44.9,1,1,490905.07
80.4,3,2,1,8,16,22.4,1.99,1.11,8.8,28.9,3,1,9.2,8.1,47.7,70.5,0,0,492046.57
72.0,3,2,1,7,13,22.3,1.99,0.68,7.4,29.5,3,1,6.8,6.7,39.8,87.9,1,0,476078.33
80.7,3,2,1,15,30,64.7,11.6,1.2,6.8,34.7,0,1,3.0,5.5,28.3,58.6,1,0,333953.09
65.7,2,1,1,8,11,8.7,1.96,1.09,7.7,11.1,4,0,8.4,7.3,43.7,62.3,1,0,500066.14
96.7,4,3,2,6,25,13.6,4.71,0.23,8.8,11.4,2,0,8.6,7.6,43.5,70.7,1,0,578851.4
104.5,5,4,1,9,12,25.2,5.83,1.58,8.4,31.8,3,1,8.1,6.3,40.3,60.3,1,0,574602.4
71.5,3,2,1,6,18,46.5,11.25,0.48,8.6,41.1,0,2,3.3,5.8,31.8,48.4,1,0,302027.45
95.2,5,3,2,12,21,24.3,5.48,0.39,7.7,23.7,2,0,7.9,6.0,49.4,58.9,1,0,505810.77
107.7,5,4,3,1,12,18.1,1.67,0.05,7.0,29.5,2,1,8.2,6.6,48.0,68.4,1,0,644629.28
126.4,6,4,2,11,28,7.1,7.88,0.62,6.5,37.9,0,1,7.9,7.5,43.1,53.2,1,0,592802.43
55.0,2,1,1,12,23,21.7,8.34,0.4,8.4,24.0,2,0,9.3,6.3,47.8,68.8,0,0,334138.77
122.7,6,5,2,2,6,10.3,5.33,0.81,9.1,34.0,0,1,9.0,7.5,36.7,71.0,1,0,679780.24
54.5,3,2,1,10,29,11.6,4.13,0.13,6.6,31.2,1,0,6.9,7.9,43.1,64.1,1,0,369134.99
52.4,3,2,1,7,23,22.7,10.14,0.27,6.7,23.0,0,1,8.2,8.6,44.5,61.2,1,0,367207.68
59.2,2,1,1,10,10,18.1,6.88,0.23,6.5,29.7,4,0,5.0,6.4,42.8,77.5,0,0,393818.89
73.0,3,2,2,1,13,24.5,4.94,1.45,9.9,31.1,1,1,6.7,6.1,49.8,83.7,1,0,511571.98
49.4,2,1,1,6,8,14.8,11.2,0.36,7.5,31.8,1,1,7.4,7.7,28.8,61.2,1,0,319024.11
81.9,3,2,2,3,6,21.6,4.9,0.13,7.0,36.6,1,1,8.6,5.7,32.7,66.0,0,0,445600.37
73.9,3,2,2,5,23,9.7,5.27,0.05,6.9,38.4,0,1,10.0,8.2,39.6,67.5,1,0,487091.08
118.4,5,4,2,27,29,10.8,2.89,0.66,9.6,16.4,1,1,7.8,7.9,52.4,80.1,0,0,681938.21
114.8,5,4,2,9,25,40.0,10.58,0.73,7.8,28.4,0,0,8.5,6.8,42.3,65.2,1,0,491494.9
70.3,4,2,1,19,26,63.9,4.78,0.15,7.9,32.0,5,1,6.8,7.2,44.7,55.0,1,0,372362.56
101.4,6,4,2,2,7,58.9,3.56,0.39,7.6,29.8,1,2,3.1,5.3,47.8,69.3,1,0,491697.9
114.4,6,4,3,14,20,12.5,8.84,1.09,7.0,38.8,1,1,10.0,7.3,43.5,65.5,1,0,614031.27
100.8,4,3,2,19,24,27.7,2.7,0.47,6.8,25.5,0,0,6.1,7.9,47.9,67.6,0,0,528262.33
47.5,2,1,1,14,27,14.2,5.7,0.47,7.1,40.2,3,0,8.1,7.7,50.6,56.0,0,0,317171.17
112.6,5,3,3,2,5,21.8,5.48,0.22,7.3,35.8,4,1,10.0,7.1,41.4,63.7,1,0,637220.79
132.8,5,4,2,5,9,21.8,10.61,0.62,7.1,34.0,0,0,8.3,9.1,34.1,59.6,0,0,566162.04
101.3,4,3,2,18,26,17.9,5.01,0.66,7.8,32.9,2,1,6.8,8.3,44.4,55.7,0,0,514212.92
82.9,3,2,1,14,24,17.3,9.96,0.21,8.2,35.2,2,0,8.5,6.6,35.4,57.2,1,0,440205.36
83.8,3,2,2,8,14,3.0,6.58,0.29,6.9,21.7,3,1,6.5,8.6,40.7,71.9,1,1,570811.6
91.7,4,3,2,3,5,13.4,4.25,0.75,9.4,13.4,2,1,9.7,6.4,38.3,79.0,1,0,592391.14
72.6,3,2,1,19,19,28.1,20.64,0.46,5.9,53.0,1,1,6.2,5.8,26.6,43.1,1,0,282630.73
69.1,2,1,1,1,5,35.6,5.62,0.48,8.1,24.3,3,1,2.9,7.7,38.4,81.2,1,0,431641.68
66.8,3,2,1,1,13,17.9,10.25,0.15,8.3,27.1,4,0,7.3,7.0,29.5,64.8,1,0,400566.45
98.7,6,4,1,6,8,50.5,4.46,0.33,8.5,23.1,7,1,4.9,3.9,46.7,72.5,1,0,510191.62
104.9,5,4,2,4,13,22.5,0.41,0.3,9.2,22.9,4,2,8.2,7.7,48.9,86.6,0,0,703825.67
51.3,2,1,1,2,6,44.8,7.19,0.93,7.0,34.6,3,0,4.3,6.2,44.8,62.3,1,0,273342.74
117.0,6,5,1,5,19,22.8,1.33,0.18,8.2,22.0,4,0,8.0,6.8,42.5,78.4,1,0,606822.17
91.4,3,2,2,5,24,0.9,4.73,0.55,8.6,14.7,2,0,7.9,9.0,44.7,58.9,1,1,557768.23
97.7,4,3,2,0,3,46.1,4.87,1.17,8.6,13.3,2,1,5.8,6.0,35.4,77.6,0,0,526693.74
103.8,4,3,2,2,14,16.9,1.03,0.53,8.5,30.5,3,0,9.5,7.6,41.8,70.5,1,0,607588.19
111.6,5,4,2,11,26,16.2,5.37,0.57,8.6,26.5,5,1,9.6,8.0,48.6,69.0,1,0,641795.18
104.9,5,4,2,4,5,7.0,4.61,0.49,7.1,34.4,3,1,10.0,6.4,48.2,77.4,0,0,617454.2
60.5,4,2,1,6,18,36.7,4.21,0.46,8.6,26.3,2,0,5.4,5.4,43.7,74.0,1,0,377507.23
106.7,5,4,2,3,5,90.0,3.56,0.59,9.0,18.6,1,1,3.4,3.1,46.3,77.7,0,0,464743.88
55.8,2,1,1,7,16,7.6,4.56,0.15,7.9,24.3,6,0,9.0,6.7,41.9,65.9,1,0,432654.12
100.2,4,3,2,18,19,45.7,7.31,0.45,7.8,39.3,2,0,7.8,6.4,48.7,61.2,0,0,463160.5
100.8,5,3,2,5,21,16.6,13.3,0.24,4.9,48.9,1,0,7.4,8.3,31.1,58.8,1,0,449685.62
91.1,4,3,3,5,9,35.4,6.68,0.32,9.1,22.5,2,1,4.4,5.9,41.5,73.7,0,0,495484.88
71.0,4,2,1,8,28,9.4,8.37,1.08,7.8,39.0,2,1,9.6,8.6,46.2,75.0,1,0,475313.46
105.8,5,4,2,3,26,48.1,2.49,0.3,8.8,17.3,1,1,7.8,6.1,41.2,68.6,1,0,552925.78
56.2,2,1,1,6,13,30.5,14.84,0.16,7.0,46.0,0,0,7.4,7.0,34.6,39.1,1,0,216321.58
56.8,2,1,1,9,18,16.1,1.7,0.8,8.8,10.0,2,1,6.3,4.7,48.1,76.4,1,0,484933.89
86.6,4,3,2,0,26,41.7,9.51,1.18,7.7,33.1,1,0,9.5,6.0,42.1,69.4,1,0,451745.7
78.7,3,2,1,10,21,22.5,1.88,0.49,9.7,22.0,2,1,7.7,6.7,42.3,78.8,1,0,555889.26
132.7,5,4,2,0,7,59.7,0.6,1.2,10.0,13.9,3,1,4.0,5.0,46.4,70.9,1,0,625628.43
77.7,3,2,1,1,3,12.2,1.28,0.37,9.4,25.3,3,0,9.8,7.4,49.1,72.2,0,0,508501.43
51.7,2,1,1,19,27,39.2,17.79,0.7,7.6,37.8,2,1,8.9,5.1,40.4,56.0,1,0,240103.93
111.5,5,4,2,21,26,32.8,3.9,0.44,7.6,32.1,5,0,4.4,6.3,46.9,75.7,1,0,600641.51
69.3,4,2,1,3,12,5.3,6.9,0.34,7.5,33.5,1,1,9.5,7.8,38.5,58.4,1,0,447444.46
46.9,3,1,1,14,20,6.9,4.34,0.35,8.3,20.7,5,2,10.0,9.0,45.0,82.1,1,0,505671.71
105.0,4,3,3,5,12,15.4,2.12,0.6,8.8,10.6,3,1,7.8,7.5,41.0,83.2,1,0,665643.42
61.9,4,2,1,3,3,26.4,8.32,0.97,7.9,43.5,2,0,7.5,6.5,41.8,55.2,0,0,316732.83
80.9,4,3,2,1,15,34.9,6.17,0.9,6.8,31.2,3,0,6.5,5.3,41.0,78.9,1,0,520484.37
72.8,3,2,1,0,6,26.0,4.04,0.18,7.6,23.2,1,0,9.6,9.8,29.6,65.6,1,0,462413.52
114.2,5,4,2,26,27,38.7,4.59,0.52,7.6,25.0,5,1,4.8,7.3,49.6,66.0,1,0,573684.32
102.4,5,4,1,2,14,17.4,2.36,0.15,8.7,15.8,3,0,7.5,7.7,41.2,82.7,1,0,637278.38
85.7,4,3,2,22,26,35.6,9.42,0.42,7.0,40.2,5,2,9.8,5.1,43.8,56.4,0,0,457390.83
55.3,2,1,1,16,18,22.2,3.93,1.11,7.8,27.4,3,1,6.6,5.7,53.4,81.7,1,0,398248.85
106.1,5,4,2,7,21,15.4,6.36,1.44,7.5,20.6,2,1,5.7,9.3,37.1,76.9,1,0,612106.16
94.9,4,3,2,19,28,7.0,2.73,0.51,8.8,23.3,2,1,8.5,9.7,45.6,77.0,1,0,655478.54
110.1,5,3,2,13,14,3.5,1.26,0.05,9.6,10.3,2,1,10.0,9.8,46.1,87.0,1,1,743496.46
76.2,4,2,1,4,8,17.1,6.13,0.31,7.0,36.5,4,0,7.8,6.7,34.6,59.1,1,0,463683.84
110.0,5,4,3,18,18,23.3,5.91,0.33,8.6,22.5,1,1,6.7,6.7,45.3,67.2,1,0,595691.24
78.8,4,3,1,8,14,11.8,5.33,0.17,7.0,38.0,2,0,9.0,7.0,44.9,52.7,1,0,428239.2
54.2,2,1,1,24,27,14.5,7.37,0.82,8.3,40.7,0,2,10.0,9.8,43.2,66.3,1,0,418087.38
60.0,3,2,1,23,28,1.1,3.72,0.53,6.8,25.2,4,2,8.5,9.4,50.5,85.6,1,1,571527.75
91.0,5,4,1,0,26,15.7,3.81,0.77,9.4,18.0,2,1,10.0,8.4,49.4,70.5,1,0,593342.67
64.3,2,1,2,11,12,8.7,14.36,0.97,6.5,33.0,2,1,9.0,9.0,32.8,38.9,1,0,348288.39
134.6,6,5,2,4,7,11.2,3.04,0.15,8.4,10.8,3,1,7.0,6.6,42.8,81.5,1,0,724714.0
99.6,4,3,2,11,30,31.4,4.22,1.5,8.1,15.8,6,1,9.4,6.8,42.9,75.2,1,0,577150.89
105.1,5,3,3,17,30,18.6,9.44,0.32,8.7,28.8,2,2,7.2,7.2,50.6,69.2,0,0,564570.93
70.5,4,2,1,17,27,25.9,7.87,0.59,6.9,16.8,5,1,4.9,8.3,45.8,63.2,0,0,423007.74
65.7,3,2,1,2,27,4.4,4.83,0.59,7.9,32.7,4,1,9.1,10.0,47.0,53.4,1,1,464077.59
118.1,5,4,2,17,21,43.6,4.35,0.28,8.1,29.8,4,0,5.4,6.0,44.8,61.4,1,0,590309.38
90.2,4,2,2,0,14,21.3,3.41,0.14,9.1,26.7,3,0,10.0,7.5,51.3,57.3,1,0,556555.43
92.0,4,3,2,10,10,34.6,7.52,0.9,6.8,41.5,0,0,7.3,5.9,46.5,67.3,1,0,426118.08
62.8,3,2,1,4,6,7.6,6.53,0.05,5.6,25.9,0,1,7.7,7.1,36.3,67.1,1,0,419867.44
43.9,2,1,1,21,28,28.6,2.28,0.25,7.1,17.7,3,1,8.4,6.2,42.5,69.9,1,0,412776.2
46.1,2,1,1,6,9,15.7,7.43,0.6,8.3,38.4,3,1,8.0,8.1,40.8,55.0,0,0,339355.38
72.6,4,2,1,25,28,68.2,7.55,0.91,7.7,27.7,3,1,4.9,5.6,47.8,62.8,1,0,357353.49
114.9,6,5,2,22,26,12.5,5.44,0.56,7.8,31.3,2,0,4.6,8.4,44.3,53.0,1,0,585377.25
81.5,3,2,2,17,25,22.0,4.88,0.75,7.1,14.0,2,0,5.8,5.7,41.7,65.9,1,0,447267.08
76.2,3,2,1,4,7,8.2,16.46,0.13,6.6,53.7,2,2,8.8,8.4,37.7,64.5,1,0,391403.0
56.6,3,2,1,6,13,21.8,4.79,0.15,8.4,29.1,2,0,5.6,7.9,44.5,70.8,1,0,414003.88
70.2,3,2,2,17,19,19.6,4.09,0.22,7.9,16.0,3,1,6.8,9.1,45.6,91.3,1,0,575477.55
71.6,3,2,1,1,30,40.9,6.83,0.31,9.0,38.6,1,1,7.7,4.9,36.1,51.3,1,0,348431.61
112.9,5,4,2,5,26,22.8,3.48,0.68,8.9,24.9,3,0,8.3,8.3,43.1,71.2,1,0,656811.22
75.2,3,2,1,21,23,16.1,5.51,0.07,7.7,42.4,1,1,9.7,9.2,42.1,55.0,1,0,480835.38
69.9,3,2,1,4,5,19.3,7.11,0.33,8.3,15.6,3,2,7.7,6.3,44.9,65.2,1,0,457428.12
63.1,2,1,1,4,4,4.3,14.5,0.41,6.8,45.5,1,0,7.7,10.0,38.1,51.2,0,1,311002.81
129.4,6,5,2,16,21,23.9,5.62,0.49,8.1,24.0,2,0,9.5,5.5,39.8,65.4,1,0,691179.22
70.1,3,2,2,3,27,37.1,7.44,0.53,7.4,30.0,1,0,6.6,6.4,35.2,55.3,1,0,373391.55
44.5,2,1,1,0,4,22.3,3.83,0.27,8.2,26.6,1,1,5.9,6.2,48.5,66.2,0,0,336148.03
101.9,4,3,2,15,16,5.2,8.32,0.76,6.0,23.2,4,1,10.0,8.9,46.1,54.3,0,0,521049.12
96.2,4,3,2,20,28,25.9,8.84,0.29,6.6,50.3,0,1,7.4,7.0,46.4,58.3,1,0,438929.36
76.1,4,2,1,2,3,26.7,8.58,0.25,8.7,43.5,5,0,8.7,6.7,44.3,69.3,0,0,429126.73
75.9,3,2,1,14,18,28.3,5.15,0.5,7.6,30.1,3,0,7.6,7.5,39.5,76.5,1,0,480004.58
79.8,4,3,2,7,17,19.3,5.59,0.22,6.8,21.4,2,1,9.2,6.6,41.2,68.5,1,0,519670.46
43.9,2,1,1,16,20,23.5,5.47,1.5,9.5,23.5,1,1,8.4,7.2,54.1,71.8,1,0,347252.35
105.8,5,4,2,2,4,26.6,2.3,0.52,7.9,25.6,4,1,6.8,7.7,51.3,59.7,0,0,568245.23
82.5,4,3,1,0,30,9.9,7.03,0.3,8.2,25.3,2,0,7.8,7.6,42.3,66.7,1,0,509441.8
67.6,3,2,1,12,13,11.3,2.17,0.74,7.7,30.2,5,1,9.3,8.0,47.3,72.3,1,0,555899.53
86.0,3,2,2,5,23,28.7,5.8,0.33,8.7,28.5,2,1,7.3,6.7,44.4,66.3,1,0,486002.72
80.6,3,2,1,9,19,11.1,5.12,0.63,7.9,27.4,2,2,8.3,9.3,42.8,59.0,1,0,460236.54
93.7,4,3,2,0,15,18.5,10.11,1.02,5.6,44.5,1,0,7.1,8.9,33.4,60.1,1,0,439922.33
69.0,3,2,1,9,14,28.3,4.91,0.36,10.0,11.8,2,1,6.7,6.8,39.3,70.1,1,0,461526.84
65.4,3,2,1,11,28,38.8,12.6,0.53,6.4,35.6,3,1,4.1,6.2,48.6,62.1,1,0,317721.75
103.7,4,3,3,18,26,12.9,4.49,0.06,7.6,26.8,1,1,8.9,6.8,43.0,75.0,1,0,645120.57
140.6,7,5,3,4,4,10.8,2.23,0.54,7.0,20.3,1,0,7.3,10.0,49.4,54.5,0,0,663959.35
77.5,4,2,1,4,24,28.4,0.95,0.68,6.6,14.5,5,1,7.3,7.7,34.5,80.2,1,0,554264.28
120.4,5,4,2,1,23,40.1,13.17,0.83,8.0,30.9,3,1,6.2,7.2,32.1,57.2,0,0,506750.44
59.6,3,2,2,18,20,5.1,1.96,1.2,8.5,22.4,2,1,9.0,9.6,47.4,61.0,1,0,438881.69
51.8,2,1,1,12,12,20.7,5.21,0.13,5.9,33.5,2,0,7.7,7.3,41.1,57.8,0,0,324707.05
82.1,3,2,1,8,14,51.7,2.56,0.29,7.8,40.7,1,0,6.2,5.4,41.1,75.4,0,0,400738.76
67.5,3,2,1,0,19,10.1,8.65,1.2,7.8,40.6,3,0,7.0,9.4,42.8,61.0,1,0,397935.35
80.1,3,2,1,12,24,29.1,4.62,0.05,8.5,18.4,5,1,7.0,6.3,46.0,67.1,0,0,499625.47
57.5,2,1,2,16,16,19.0,0.36,0.05,7.6,30.5,3,1,7.8,7.3,46.0,73.0,1,0,444019.09
115.4,5,4,2,1,24,19.4,12.99,0.18,6.4,42.0,3,0,6.4,7.7,31.7,51.9,1,0,504279.27
104.9,5,4,2,21,21,17.5,2.98,0.18,7.5,24.6,3,2,6.4,6.4,41.1,60.9,1,0,646714.83
94.2,5,3,3,13,15,24.5,5.33,1.05,7.5,24.2,4,2,6.5,7.9,38.4,58.2,0,0,523686.46
58.8,2,1,1,19,26,41.2,5.08,1.6,8.1,16.4,3,0,6.5,6.8,40.4,73.2,0,0,358029.94
60.1,2,1,1,22,27,10.5,1.99,0.05,9.1,21.5,2,0,6.7,7.4,46.7,80.7,1,0,529995.64
53.2,2,1,1,5,5,11.3,9.22,0.08,7.6,25.2,2,1,9.7,9.0,54.2,60.5,1,0,379702.88
79.2,4,3,1,24,27,24.0,2.03,0.52,8.5,20.5,3,1,6.5,6.0,46.6,76.6,1,0,568867.73
114.4,5,4,2,5,10,24.9,13.08,0.42,6.7,49.4,3,2,7.3,6.7,33.5,45.4,1,0,482433.05
81.1,3,2,1,1,7,17.4,5.57,0.53,6.7,37.9,2,2,8.8,9.0,38.0,77.8,1,0,495406.09
66.9,2,1,1,18,24,37.4,4.39,0.42,7.8,25.4,2,1,4.3,6.3,48.3,69.3,1,0,378386.56
68.5,3,2,1,8,30,12.2,5.09,0.09,7.5,35.6,0,1,10.0,6.3,36.5,50.8,1,0,440102.8
57.7,3,2,1,14,30,11.5,4.06,0.13,7.3,29.4,4,0,6.9,8.1,40.2,59.6,1,0,408688.35
77.7,3,2,1,14,14,22.2,6.53,0.25,7.7,40.8,0,1,9.5,7.0,48.8,60.5,1,0,414950.79
93.8,4,3,2,2,3,10.2,2.1,0.61,6.7,17.6,4,1,9.1,8.5,45.1,80.0,0,0,595354.53
110.5,4,3,3,5,23,80.5,13.76,0.49,6.4,41.9,0,0,1.0,5.1,36.1,57.4,1,0,365209.6
55.2,2,1,1,28,28,6.5,4.99,0.59,7.2,25.6,5,1,8.3,8.1,52.5,62.2,1,0,432558.79
52.9,2,1,2,4,18,48.2,5.32,0.39,7.0,32.7,3,1,4.6,3.4,41.9,52.4,1,0,296562.71
132.5,6,5,2,18,28,11.7,3.91,1.28,8.6,27.4,3,0,10.0,8.4,40.4,69.2,1,0,752889.9
81.5,4,2,1,3,14,6.3,6.81,0.54,7.8,30.4,3,1,8.9,7.1,42.8,60.0,1,0,504392.91
51.8,2,1,1,0,25,23.7,7.01,0.78,8.1,45.9,2,1,4.5,7.7,42.2,60.4,1,0,319941.25
51.7,3,1,2,6,19,17.2,7.38,0.85,8.0,22.8,2,0,9.7,8.4,33.0,66.6,1,0,418955.43
40.3,2,1,1,17,28,65.9,2.15,0.47,7.3,18.8,4,2,5.4,5.9,49.1,74.7,1,0,349373.65
64.8,4,2,1,10,11,26.0,1.62,0.96,9.4,27.1,0,1,7.9,7.9,49.5,74.1,1,0,466876.32
117.7,5,4,3,11,15,16.8,9.91,0.62,6.8,39.3,2,1,7.9,7.3,43.3,40.6,1,0,520633.11
77.6,4,2,1,7,25,19.1,11.74,0.23,8.2,30.7,2,1,5.6,7.3,41.5,62.9,1,0,378560.45
62.0,3,2,1,6,6,2.8,2.35,0.28,7.8,33.4,2,0,10.0,10.0,46.7,73.1,1,1,545756.95
108.4,4,3,2,11,29,2.2,3.01,0.44,6.9,27.1,1,1,8.5,10.0,50.3,64.0,1,1,644181.51
67.3,3,2,2,1,6,4.9,1.51,0.16,7.3,24.4,5,1,10.0,8.4,39.1,60.7,1,1,547933.66
132.7,6,4,2,5,29,17.5,6.29,0.59,8.7,24.0,3,0,7.9,8.4,49.0,73.7,1,0,656991.72
127.8,5,4,2,15,17,20.3,3.76,0.82,8.6,27.9,3,0,7.4,5.6,36.3,68.8,1,0,657137.18
54.1,2,1,1,2,12,26.7,1.93,1.43,7.5,15.9,3,2,4.6,4.9,48.3,67.3,0,0,348619.64
82.8,4,3,2,17,25,31.8,1.1,0.79,8.6,15.5,3,1,5.8,5.1,43.6,78.0,0,0,511905.87
70.6,3,2,1,7,8,2.9,3.06,0.71,9.1,29.0,0,1,10.0,10.0,50.5,81.0,0,1,542670.59
121.9,6,5,1,4,5,24.4,4.38,0.66,9.6,5.5,1,1,8.5,7.8,46.1,73.9,1,0,670256.47
67.8,3,2,2,19,27,43.4,1.48,0.33,8.5,17.6,6,1,6.9,6.3,45.8,73.9,1,0,495589.74
141.3,7,5,3,6,17,14.8,2.28,0.33,8.5,26.9,1,0,8.9,7.1,43.3,70.2,1,0,743087.59
82.4,5,3,1,6,8,77.3,12.52,0.68,6.8,50.4,3,0,3.9,4.7,34.3,42.2,0,0,244898.35
72.3,3,2,2,13,13,19.3,1.57,0.18,8.3,23.4,3,1,7.0,6.8,50.7,73.3,1,0,451736.31
76.4,3,2,2,1,4,12.4,3.31,0.34,8.7,29.7,2,0,7.0,7.5,35.6,84.3,0,0,531201.47
127.4,6,5,2,24,28,34.9,3.21,0.96,7.0,31.3,2,0,6.0,5.7,47.3,53.4,1,0,642092.98
130.6,5,4,2,9,30,26.6,8.52,0.21,8.1,27.5,1,1,7.4,7.7,42.9,63.1,1,0,589931.05
55.7,2,1,2,3,4,44.7,0.61,0.26,8.0,18.7,2,1,4.9,5.4,35.7,82.1,0,0,364907.24
92.5,5,3,1,0,3,31.6,8.09,0.29,6.8,34.8,2,1,6.9,7.1,32.1,51.7,0,0,384828.52
72.2,3,2,1,7,13,20.4,17.91,1.3,5.6,63.9,0,0,7.8,7.5,38.5,42.0,1,0,273293.69
62.8,3,1,2,6,7,32.5,5.18,0.15,9.8,27.3,1,0,6.6,8.3,32.9,79.1,1,0,419606.86
74.4,4,2,1,25,28,4.5,8.44,0.29,8.8,30.1,1,1,6.2,9.5,39.7,53.7,0,1,473823.89
78.1,3,2,1,4,8,28.1,10.14,0.17,6.4,28.3,2,1,5.6,8.2,46.1,71.9,0,0,407186.68
116.1,6,4,2,0,5,18.6,4.91,0.18,8.2,24.3,6,1,7.5,8.3,42.9,69.0,0,0,620429.92
79.8,3,2,2,13,22,6.9,2.87,1.04,8.4,21.2,4,2,5.3,7.0,52.4,69.9,0,0,511952.04
114.5,5,4,2,3,7,31.1,4.58,0.26,9.7,28.6,1,1,8.5,6.2,38.1,60.0,1,0,585330.01
51.9,2,1,1,6,22,40.7,7.11,0.47,7.2,27.8,2,0,8.2,6.0,33.8,59.4,1,0,290323.54
70.7,3,2,2,11,11,15.8,3.2,0.5,5.9,29.5,2,2,9.2,8.2,45.7,51.9,0,0,456034.6
70.5,3,2,1,13,30,10.1,0.31,0.3,8.3,21.8,2,1,8.7,8.7,50.2,59.0,0,0,507583.47
72.9,3,2,1,10,21,37.0,2.3,0.62,8.0,25.2,1,1,4.7,7.1,37.4,73.5,1,0,457193.26
56.2,2,1,1,7,7,9.9,5.7,0.3,8.3,23.5,2,1,8.8,7.2,42.2,70.4,1,0,411753.27
54.4,2,1,1,18,25,20.4,5.51,0.19,8.7,23.3,4,0,9.7,7.3,40.9,57.1,1,0,403878.1
101.1,4,3,3,11,14,19.8,2.18,0.38,9.4,23.4,1,1,6.0,7.0,46.3,77.1,0,0,596287.76
77.5,3,2,2,5,14,9.5,3.31,1.13,9.2,18.9,4,1,10.0,8.3,48.7,64.6,1,0,520776.48
66.6,3,2,1,2,18,6.4,1.09,0.26,9.0,8.3,3,1,9.8,6.5,43.2,80.9,1,0,551275.69
80.5,3,2,2,5,9,34.2,4.22,0.35,9.0,26.0,3,0,5.1,6.6,48.8,75.8,1,0,468366.83
112.2,5,4,2,8,16,25.4,3.45,0.28,6.7,14.1,4,1,5.8,5.3,43.1,54.1,1,0,601190.2
115.4,5,4,2,1,24,14.3,3.8,0.43,7.8,25.2,3,0,7.3,6.6,46.7,69.8,1,0,600428.94
79.0,4,2,1,5,11,14.7,17.23,0.38,6.4,40.1,2,0,7.9,9.3,36.8,53.8,1,0,353736.12
65.3,3,2,1,13,17,26.7,5.21,0.21,8.3,25.4,2,0,6.7,8.7,47.3,60.2,1,0,388196.38
57.8,2,1,1,18,25,13.2,1.6,0.65,7.7,35.3,3,1,3.9,7.1,49.3,67.0,1,0,415610.8
132.3,6,5,2,13,13,17.2,6.16,0.3,7.1,35.1,1,1,5.9,8.0,52.1,70.0,1,0,654262.06
69.2,2,1,1,5,6,12.3,3.85,0.38,7.7,22.4,2,2,8.2,8.3,44.3,67.5,1,0,466064.53
69.3,3,2,1,6,13,15.9,2.65,0.22,8.6,13.8,1,1,8.2,9.0,48.0,84.0,1,0,540324.81
76.6,3,2,1,26,28,16.9,4.51,0.8,4.6,19.8,3,0,9.2,7.8,40.6,75.6,1,0,533571.04
71.1,4,2,1,3,11,27.4,11.34,0.5,7.1,28.6,2,1,6.2,5.9,40.4,70.5,1,0,317212.35
48.9,2,1,2,4,8,11.8,1.09,0.17,7.6,16.4,1,0,8.4,7.0,50.2,70.6,0,0,426542.15
84.8,4,3,1,9,19,38.5,0.56,0.15,7.6,13.5,1,0,6.4,6.8,44.8,67.6,1,0,491624.89
60.0,3,1,1,5,11,26.9,2.77,0.35,8.5,26.4,4,0,6.0,5.2,50.3,77.2,1,0,415985.75
92.5,4,3,2,10,29,18.8,4.13,0.15,8.1,25.5,2,0,8.7,5.7,39.3,69.1,0,0,533037.79
42.2,3,1,2,12,25,16.2,3.68,0.36,8.3,36.2,3,0,8.6,8.4,40.3,67.6,1,0,411932.97
52.7,2,1,1,7,8,14.4,3.56,0.1,8.2,17.7,6,0,10.0,10.0,45.9,88.4,1,0,489134.37
112.3,5,4,3,1,8,34.1,2.83,0.56,9.6,19.1,2,1,8.3,6.0,44.7,75.0,1,0,654903.16
54.1,2,1,1,3,6,13.2,8.96,0.45,8.6,19.7,3,1,5.8,7.6,35.9,61.6,1,0,377361.06
119.4,5,4,1,13,22,3.1,5.59,0.19,6.4,31.6,2,0,10.0,9.4,37.6,37.8,1,1,615960.26
84.2,4,2,2,10,13,12.9,10.12,0.6,6.8,23.5,3,2,6.0,8.0,45.3,52.8,1,0,473774.14
65.3,2,1,1,3,5,45.6,0.67,1.14,8.1,13.3,2,1,8.2,5.1,37.3,74.6,1,0,429014.23
127.5,6,5,2,21,26,8.1,3.45,0.18,6.6,27.3,3,1,8.0,7.9,49.7,74.7,1,0,728456.5
76.9,3,2,2,19,26,53.3,5.26,0.29,10.0,5.0,0,1,5.9,6.3,41.3,89.0,1,0,518915.83
112.6,5,4,3,10,20,13.8,1.63,0.59,8.4,17.1,3,0,10.0,7.2,47.5,76.5,1,0,690386.24
47.5,2,1,1,4,18,13.2,3.7,0.19,6.9,24.1,1,1,8.8,7.8,42.4,65.4,0,0,358037.68
106.6,6,4,2,7,23,59.6,6.53,0.88,8.8,34.1,3,1,6.2,6.2,49.8,62.7,1,0,477938.32
42.5,3,1,1,3,18,22.3,11.99,0.89,7.2,42.5,3,2,6.5,7.2,43.1,58.5,1,0,290014.39
88.9,3,2,2,11,27,32.5,11.79,0.1,6.3,39.7,0,1,5.4,5.2,37.5,48.4,1,0,397639.77
79.3,4,3,2,5,14,9.4,10.79,0.27,7.9,30.2,1,2,8.4,5.7,43.5,68.3,1,0,479494.25
125.0,5,4,2,7,16,15.0,13.03,1.64,7.9,36.9,3,1,9.0,6.5,27.0,66.5,0,0,601748.72
124.0,6,4,2,3,11,2.3,0.42,0.23,9.1,23.8,4,0,8.7,10.0,44.7,86.6,1,1,764891.91
118.0,6,4,2,3,9,12.4,0.97,0.31,8.9,22.3,1,1,10.0,7.6,43.6,64.5,1,0,667659.49
98.1,5,4,1,9,16,15.4,3.35,0.17,7.4,35.9,8,1,8.8,8.0,34.3,69.9,1,0,595986.22
40.3,3,1,1,10,22,14.4,1.8,0.46,6.6,25.3,0,1,7.6,9.0,43.8,68.2,1,0,364547.91
66.6,3,2,1,14,22,17.1,5.73,0.23,6.6,32.4,2,0,7.6,6.3,49.7,49.7,1,0,361190.0
83.0,3,2,2,4,12,15.0,16.21,0.48,6.1,38.5,1,0,7.2,10.0,33.9,49.2,1,0,448871.01
71.0,4,2,1,2,13,2.8,0.8,0.26,6.7,22.0,3,1,9.5,9.4,47.5,68.9,1,1,568122.79
62.7,3,2,1,1,9,11.9,2.93,0.05,10.0,22.0,8,1,7.6,8.4,37.4,72.6,0,0,511122.46
80.2,3,2,1,1,21,20.7,4.21,0.05,7.0,27.4,3,0,7.9,6.6,37.4,80.4,1,0,493380.24
73.5,2,1,2,7,21,24.1,1.08,0.85,8.2,33.9,5,1,9.7,6.2,45.3,59.5,0,0,436777.31
94.2,4,3,2,21,23,43.8,7.68,1.15,7.7,22.6,2,0,6.8,6.1,45.9,65.7,1,0,441749.76
53.9,2,1,1,13,13,2.3,4.7,0.21,9.0,22.7,1,0,8.8,9.0,47.5,73.6,1,1,469114.52
65.9,4,2,2,8,8,12.5,3.19,1.06,8.6,35.0,2,2,7.8,7.9,44.6,48.8,0,0,445116.17
67.7,3,2,1,4,10,33.6,6.25,0.15,7.9,34.4,1,0,8.7,4.5,38.2,65.8,0,0,351329.7
100.1,5,3,2,1,3,19.8,8.38,0.05,9.8,30.3,3,0,8.3,6.0,36.0,69.6,0,0,548174.18
98.8,4,3,2,11,25,12.8,5.38,0.3,9.5,16.4,1,0,9.3,7.3,40.0,80.6,1,0,623572.84
91.9,4,3,2,9,10,36.1,5.53,0.72,8.2,29.2,4,2,5.7,5.4,39.1,45.7,1,0,472545.69
57.8,3,1,2,0,7,19.4,4.6,0.87,8.2,25.0,2,0,5.7,10.0,37.0,69.7,1,0,471896.92
67.4,3,2,1,23,30,30.5,5.76,0.15,7.7,36.8,1,1,8.9,7.0,48.8,60.9,0,0,404954.45
50.8,2,1,1,2,12,17.7,9.65,0.46,8.1,34.6,2,0,9.4,7.8,38.0,64.7,1,0,354077.31
81.4,3,2,2,0,4,2.5,16.66,1.06,6.1,58.3,0,0,7.2,8.5,34.3,47.0,0,1,338974.51
55.3,3,2,1,2,6,44.5,20.66,0.42,5.3,68.2,0,1,7.3,5.3,27.5,37.9,1,0,134304.99
52.4,2,1,1,16,24,16.2,5.55,0.19,9.2,28.4,2,2,10.0,7.1,44.1,71.2,1,0,420206.04
80.8,4,2,2,2,27,4.9,5.6,0.05,7.1,32.8,2,2,8.1,10.0,31.8,64.3,1,1,529992.64
127.4,7,5,2,0,4,12.2,10.18,1.17,7.2,35.3,0,0,8.1,6.4,40.6,60.4,0,0,557310.99
128.2,6,5,2,16,17,8.7,2.15,0.94,7.9,12.6,3,0,10.0,7.7,49.2,60.5,1,0,710093.32
67.4,4,2,1,5,22,1.5,14.02,0.19,6.8,31.4,3,1,10.0,10.0,35.7,79.8,1,1,449233.1
49.2,3,1,1,12,12,14.6,5.28,1.82,8.1,34.2,4,0,6.9,5.4,48.4,72.1,1,0,364839.46
53.0,2,1,1,19,23,2.6,1.52,0.38,8.3,32.0,3,1,7.9,7.9,57.0,85.3,1,1,492123.17
72.0,3,2,1,25,26,14.6,0.92,0.74,7.5,18.9,4,1,7.7,6.3,46.6,74.3,1,0,543896.03
97.2,5,4,2,3,26,22.1,2.8,0.39,7.8,22.8,4,1,7.9,7.1,50.6,76.2,0,0,571286.48
58.2,2,1,1,4,4,21.8,3.39,0.05,8.7,22.1,1,0,8.3,6.8,49.6,60.3,0,0,389658.53
93.7,4,3,2,2,8,10.9,5.52,1.31,8.1,22.5,2,0,6.4,8.8,39.0,82.8,0,0,537505.31
68.5,2,1,1,14,24,6.4,10.76,1.03,7.6,52.0,3,1,7.7,5.9,34.4,66.1,1,0,417685.22
122.5,6,5,2,11,16,32.5,6.51,0.41,8.6,26.0,0,0,4.0,6.3,43.9,61.0,0,0,554294.29
71.1,3,2,2,1,7,24.9,8.62,0.64,8.0,40.6,3,2,8.5,8.3,44.0,56.5,1,0,427188.52
94.4,4,3,2,13,26,12.6,7.31,0.05,7.0,16.8,1,1,8.2,6.2,36.1,65.3,1,0,575505.16
74.3,3,2,1,9,28,4.1,1.45,0.18,8.7,29.9,5,0,8.4,9.4,39.9,76.5,0,1,604368.28
80.4,4,3,2,2,4,7.7,4.36,0.35,8.3,40.8,6,1,7.8,8.8,44.9,64.9,0,0,513183.36
46.4,3,1,1,3,16,54.2,1.83,1.36,6.7,27.8,3,0,5.1,6.9,45.0,75.0,1,0,311789.2
57.7,2,1,1,1,15,30.8,4.7,0.78,6.3,35.3,2,0,7.6,5.5,45.8,65.6,1,0,371520.51
106.4,6,4,2,3,4,22.4,4.09,0.17,8.5,32.3,4,0,5.7,7.6,43.9,71.6,0,0,552552.12
125.0,6,4,2,24,25,8.6,3.75,0.97,7.5,30.7,4,1,7.3,8.1,49.8,68.5,1,0,690196.56
110.4,5,4,2,7,11,8.8,10.48,0.05,6.8,36.3,4,2,6.9,7.0,39.2,69.0,1,0,578679.56
88.8,4,3,2,3,5,33.4,6.15,0.3,8.0,23.7,4,1,2.9,5.4,41.0,75.1,1,0,492643.85
118.9,6,4,2,10,17,47.7,12.97,0.34,7.0,45.9,1,0,8.5,4.6,40.4,50.3,0,0,429767.88
72.9,2,1,2,4,25,33.8,3.52,0.51,8.0,17.1,3,1,7.8,10.0,36.4,80.2,1,0,520541.63
81.3,4,2,2,5,5,14.3,2.5,0.05,9.7,25.8,2,1,6.8,8.9,44.0,68.3,1,0,533064.64
81.1,4,2,1,9,14,9.9,1.82,0.19,8.0,16.0,3,0,8.7,8.0,43.6,70.7,1,0,513443.66
102.4,4,3,1,5,8,8.0,8.98,0.83,7.7,25.9,1,0,6.7,7.2,36.6,71.1,1,0,505235.87
63.6,3,2,1,3,21,13.4,3.17,1.6,7.5,11.5,2,0,8.9,8.3,46.3,78.2,1,0,472673.22
60.5,2,1,1,17,19,8.7,4.59,0.29,9.0,21.7,3,0,10.0,6.8,49.7,74.6,1,0,494469.93
76.8,4,3,1,4,8,19.3,0.67,0.15,8.8,27.6,2,1,9.1,7.8,49.4,78.7,1,0,499078.9
117.4,5,4,2,26,29,4.1,12.09,0.21,8.8,40.7,0,1,5.8,10.0,45.9,72.3,0,1,618535.17
70.4,3,2,1,16,21,17.7,8.81,0.26,7.6,30.5,2,0,5.5,7.4,43.3,62.4,1,0,391969.56
62.9,2,1,1,6,19,63.6,1.52,0.11,8.6,15.6,1,0,2.5,4.4,38.1,76.6,1,0,386455.2
62.4,2,1,1,8,18,33.9,7.18,0.7,7.6,43.0,2,0,6.1,6.1,40.0,72.5,1,0,337331.84
75.6,3,2,1,2,23,19.6,5.52,0.68,9.4,10.5,2,1,7.6,8.4,43.3,66.7,1,0,486698.71
73.4,3,2,1,5,10,63.3,12.47,0.59,7.4,39.0,5,1,6.9,4.9,37.0,52.6,1,0,277060.05
100.1,4,3,2,8,26,24.8,3.61,0.45,8.0,17.9,3,2,5.3,8.8,48.6,78.0,1,0,625404.11
89.5,4,3,1,26,26,8.3,5.2,0.87,7.0,30.8,7,1,8.5,6.2,48.9,60.5,1,0,520539.99
102.5,4,3,3,3,21,32.3,11.68,0.7,4.9,43.5,5,1,2.9,5.4,36.9,51.5,1,0,460286.04
82.5,3,2,1,5,10,6.4,4.63,1.75,8.0,33.9,0,1,7.0,8.2,38.6,58.0,1,0,465827.59
119.5,5,4,1,18,22,3.0,5.41,0.57,7.5,37.5,2,0,6.8,10.0,43.5,66.8,1,1,630517.4
69.9,4,2,1,8,17,24.2,5.66,0.46,4.7,20.9,4,1,4.2,7.1,47.6,50.2,1,0,385652.75
72.9,4,2,1,6,10,27.3,11.18,0.32,6.7,33.3,2,1,8.3,8.4,36.0,47.2,0,0,365389.88
114.7,5,4,2,3,5,32.3,2.44,0.5,7.2,26.1,0,0,5.9,5.8,47.8,72.6,1,0,609072.52
47.1,2,1,2,5,18,27.2,12.61,0.09,8.7,44.6,4,0,7.5,7.0,27.4,64.4,1,0,341697.99
50.3,2,1,1,2,5,23.5,5.5,0.27,7.8,32.8,3,0,5.4,8.3,37.0,66.7,1,0,367992.65
133.8,5,4,3,2,3,11.3,21.01,0.31,7.2,42.9,0,1,10.0,9.7,20.6,56.6,0,0,580911.48
72.0,4,2,2,7,10,21.3,14.37,0.17,7.2,43.7,3,0,6.1,7.1,23.9,55.9,0,0,280524.27
105.9,4,3,1,14,26,32.4,5.71,0.07,8.8,32.9,2,2,8.5,9.4,34.8,63.7,1,0,584742.35
62.4,2,1,1,5,11,23.5,4.76,0.26,10.0,17.4,3,0,9.0,7.3,41.6,86.1,1,0,501623.57
106.2,5,3,3,5,24,28.9,3.1,0.19,8.9,18.2,3,0,7.5,8.6,51.0,79.3,1,0,628939.97
75.5,3,2,1,3,14,53.3,4.07,0.23,10.0,18.8,4,1,6.0,5.2,34.5,79.7,1,0,459009.41
45.7,2,1,1,9,20,28.2,1.56,0.44,8.9,16.2,4,2,5.6,6.8,46.1,88.2,0,0,415966.74
86.9,4,3,1,17,19,35.4,0.48,2.47,9.7,16.7,5,1,4.2,7.7,47.7,76.7,1,0,536744.08
82.5,3,2,1,3,10,4.4,13.18,0.38,6.6,41.5,4,2,9.0,10.0,35.5,58.6,1,1,478335.14
66.1,3,2,1,19,28,23.8,6.55,0.08,6.3,32.7,4,0,7.7,7.2,43.4,58.3,1,0,407096.0
61.5,2,1,1,12,22,61.5,7.6,0.44,5.1,39.7,0,1,4.3,4.0,38.5,56.9,1,0,256827.89
42.0,2,1,1,7,13,20.6,4.61,0.3,8.8,23.2,2,1,6.4,10.0,31.9,63.3,1,0,390713.24
61.4,3,2,1,4,29,20.8,3.44,0.2,7.6,18.8,5,1,6.3,7.1,46.1,74.0,1,0,430667.73
75.2,3,1,2,3,9,15.1,7.07,0.12,7.3,25.2,3,0,5.8,7.7,45.2,71.6,1,0,469433.93
113.9,5,4,2,16,16,14.3,2.0,0.93,7.9,27.1,3,1,9.5,5.8,47.2,71.2,1,0,682597.85
48.7,2,1,1,0,12,51.8,15.35,0.35,6.0,40.4,1,0,4.5,5.1,33.0,52.8,1,0,138510.05
81.9,3,2,1,0,17,2.4,6.07,0.45,9.4,29.3,3,1,7.4,10.0,33.4,52.0,1,1,512826.26
63.0,2,1,1,13,14,22.7,6.02,0.3,6.9,34.3,2,0,8.4,7.1,40.9,67.2,1,0,415030.35
78.4,3,2,1,19,22,15.4,8.56,1.24,8.0,39.9,1,0,7.2,10.0,45.6,51.1,0,0,400441.11
109.4,5,4,2,13,19,3.5,10.25,0.42,7.8,28.9,2,0,7.9,9.8,35.0,70.4,0,1,589031.85
50.7,2,1,1,7,10,32.3,3.84,0.39,6.6,22.6,3,0,8.5,6.1,43.1,75.8,0,0,374324.42
134.5,6,5,2,1,28,17.4,1.59,0.98,8.9,27.3,2,0,6.1,9.2,54.7,67.1,1,0,639367.05
76.6,3,2,1,14,16,22.4,3.62,0.79,6.9,14.7,0,2,5.9,9.7,46.7,66.8,1,0,487042.38
84.9,5,3,1,2,27,13.4,1.85,0.31,8.2,27.2,3,1,5.3,9.1,38.4,83.6,1,0,602683.6
72.4,4,2,1,12,28,25.2,4.65,0.27,7.6,35.2,2,1,7.3,7.2,58.2,77.0,1,0,456700.03
116.1,5,4,2,0,17,27.6,2.66,0.94,8.2,11.2,2,1,6.3,6.8,44.7,79.2,1,0,657670.79
106.3,4,3,2,12,27,7.6,6.96,0.25,8.3,30.8,2,0,10.0,6.4,38.3,62.1,1,0,594622.5
77.0,3,2,1,14,27,7.6,1.63,0.37,7.4,20.5,1,0,7.6,8.4,46.7,58.3,1,0,471581.67
40.9,2,1,1,15,30,13.3,14.01,0.27,6.2,53.9,2,0,9.1,8.2,29.0,54.4,1,0,261958.18
51.3,2,1,1,29,30,47.4,6.37,0.14,6.1,44.9,3,1,4.5,4.7,43.1,54.2,1,0,279047.33
99.6,6,4,1,10,29,13.9,6.69,1.51,6.6,49.5,5,0,9.3,7.8,46.5,63.6,1,0,518224.68
75.5,3,2,1,2,13,13.6,5.39,0.26,8.6,37.5,4,0,10.0,8.9,35.0,73.5,1,0,527963.8
78.4,3,2,1,7,14,11.4,9.83,1.52,6.9,46.6,1,2,7.5,7.6,31.8,54.6,1,0,446800.92
96.8,5,3,2,5,22,54.1,5.13,0.34,8.8,44.9,1,1,5.1,5.8,46.9,67.4,1,0,485906.6
68.9,4,2,1,4,18,20.9,4.3,0.51,7.0,29.4,4,0,7.3,5.3,53.5,77.4,1,0,474026.54
132.6,6,5,2,25,27,37.6,5.45,1.05,7.1,34.3,3,1,6.9,8.2,49.6,62.8,1,0,637766.4
104.7,4,3,3,27,29,39.9,4.92,0.06,9.0,36.8,4,1,7.8,5.6,56.7,63.8,1,0,507801.44
97.9,4,3,3,14,22,8.3,3.03,0.81,8.4,23.5,3,0,7.5,7.7,40.3,75.9,1,0,624629.6
104.3,5,4,2,8,20,10.3,12.41,0.43,5.5,37.2,1,1,9.9,8.2,39.4,51.4,1,0,490270.17
36.6,2,1,1,6,12,22.2,5.86,0.36,7.2,26.0,3,0,7.8,7.1,47.5,67.4,1,0,335242.22
81.1,3,2,1,21,21,8.0,4.43,0.33,8.8,23.2,4,2,10.0,9.0,44.2,80.2,0,0,572013.21
75.0,4,2,1,4,20,10.1,2.1,0.31,8.1,23.1,1,0,8.8,7.6,39.6,63.9,1,0,499337.19
80.9,3,2,2,0,3,14.4,0.62,0.76,9.6,14.0,2,0,5.9,7.1,44.0,84.6,0,0,542310.46
99.1,5,3,1,9,29,10.4,8.21,0.05,6.2,23.6,1,0,9.4,8.9,42.4,57.5,1,0,505834.95
104.0,6,4,2,24,24,6.6,3.74,0.13,9.3,32.3,7,0,8.6,5.4,46.9,68.8,1,0,628868.46
64.1,3,2,2,4,6,11.7,3.3,0.45,6.9,43.3,1,0,7.8,6.6,44.4,64.7,1,0,410486.92
74.1,4,2,1,25,25,19.3,9.07,0.43,7.7,23.8,2,0,8.5,7.7,37.7,63.5,0,0,443444.08
134.3,6,5,2,5,9,8.8,0.3,0.94,9.4,10.0,5,1,7.2,8.8,47.5,67.6,1,0,784340.38
57.1,3,2,1,27,28,12.1,0.7,0.39,8.5,16.1,2,0,7.9,8.7,55.0,88.3,0,0,508028.05
73.9,4,2,1,2,3,15.4,3.43,0.06,8.7,15.4,2,2,7.2,4.9,44.1,83.9,0,0,566503.16
67.8,3,2,1,3,30,55.1,5.23,0.05,8.9,23.2,0,0,6.3,5.0,37.7,70.1,1,0,396421.92
107.5,5,4,2,19,27,9.8,2.88,0.26,8.6,23.5,2,0,7.9,8.8,39.4,80.6,1,0,675853.57
93.3,5,3,2,3,10,43.5,4.72,1.04,7.6,31.6,5,0,6.3,5.1,42.5,63.9,1,0,497729.43
76.5,4,3,2,26,28,2.4,3.4,0.54,7.9,23.1,6,1,9.1,9.3,45.9,63.4,1,1,565996.44
109.3,5,4,2,5,19,31.4,5.87,1.12,7.0,41.0,4,1,7.6,7.2,49.7,62.7,0,0,508999.65
72.4,3,2,2,0,10,27.5,2.44,0.44,7.0,19.0,3,1,6.5,7.0,50.1,62.2,1,0,461695.8
75.5,3,2,1,0,7,31.3,6.64,0.14,9.0,24.1,4,1,8.7,7.3,30.4,74.5,1,0,469431.45
105.7,6,4,1,1,3,28.8,1.27,0.44,9.0,36.9,4,1,8.6,6.7,42.9,66.8,0,0,600339.02
76.1,4,2,1,17,17,35.6,3.29,1.41,9.6,24.0,5,0,9.4,7.1,42.8,61.8,1,0,459520.39
68.6,4,3,1,1,6,14.1,7.96,0.21,8.2,34.6,2,0,6.7,8.3,32.9,35.0,1,0,384871.67
114.3,5,4,3,4,9,44.1,14.06,0.28,6.5,37.2,4,0,6.3,6.9,33.9,52.2,0,0,461093.59
93.4,4,3,1,15,16,10.2,11.13,0.39,6.0,41.1,1,2,5.9,8.7,35.9,57.0,1,0,515428.23
93.5,4,3,2,11,14,2.8,2.03,0.21,7.7,24.4,4,1,7.1,10.0,41.6,82.8,0,1,664556.65
120.8,5,4,2,11,23,3.5,5.04,0.91,8.6,27.3,3,1,9.9,9.0,38.6,56.0,0,1,684176.51
99.6,5,4,2,10,29,20.8,7.96,0.11,6.8,36.4,3,0,7.4,6.9,47.8,68.8,1,0,524845.11
76.8,3,2,1,3,5,25.8,5.43,0.2,9.2,35.1,2,1,5.8,7.3,40.4,64.8,1,0,432824.82
47.9,3,1,1,18,30,32.5,2.16,0.71,7.9,15.0,3,1,8.0,8.7,47.5,74.2,0,0,403453.3
65.1,3,2,1,20,29,20.2,1.74,0.17,7.1,28.8,1,0,8.2,7.6,54.9,70.1,1,0,462277.57
103.9,4,3,2,6,22,11.0,2.0,0.83,7.9,25.3,3,0,4.7,9.6,43.3,72.2,0,0,588229.47
80.3,3,2,1,1,20,32.0,12.99,0.25,7.2,45.1,1,0,8.5,8.2,36.5,37.6,1,0,293155.56
104.3,5,3,2,5,10,18.6,6.58,0.85,9.4,34.1,5,1,7.9,9.0,37.4,73.8,1,0,595369.97
87.3,4,2,1,3,30,10.5,5.05,1.03,8.0,26.2,4,1,7.5,9.3,39.2,75.6,0,0,537353.76
106.1,5,3,2,1,4,24.7,9.29,0.34,6.8,34.3,3,1,5.3,6.2,38.4,67.5,0,0,478461.72
46.6,2,1,1,16,29,18.2,5.38,0.57,9.3,30.3,2,1,8.5,6.4,45.7,74.0,1,0,415413.55
97.1,4,3,2,7,8,90.0,5.76,0.17,9.0,21.2,5,0,2.3,2.6,45.9,69.7,1,0,405830.57
68.1,3,2,1,4,9,77.5,4.44,1.02,7.9,25.9,1,0,3.6,5.3,47.8,57.7,1,0,297110.13
87.2,3,2,1,9,9,9.8,0.94,0.97,6.8,24.8,3,1,8.4,7.7,46.2,75.0,1,0,546550.74
79.8,3,2,1,15,15,3.3,2.41,0.72,7.6,32.0,2,1,9.6,8.9,52.2,69.9,1,1,555854.82
87.5,5,3,1,1,3,8.1,3.47,0.94,8.8,24.9,3,0,8.9,7.6,38.4,72.5,0,0,538146.87
78.0,3,2,1,7,10,3.9,8.09,0.96,8.8,31.8,0,1,10.0,10.0,43.8,69.3,1,1,527674.49
61.1,3,2,1,18,27,27.4,9.02,0.36,7.6,32.4,1,0,4.5,6.3,38.6,61.8,1,0,372813.88
134.0,6,5,2,6,25,41.2,1.06,0.05,8.3,23.6,2,0,5.4,5.7,42.1,71.0,1,0,636519.37
88.5,4,3,2,1,15,8.1,2.88,0.15,7.6,26.6,2,2,10.0,7.7,48.1,60.9,1,0,560733.71
118.5,6,5,2,12,26,38.9,4.57,0.62,8.7,21.2,0,0,9.5,7.3,33.2,72.0,1,0,636559.84
77.3,3,2,1,22,22,6.0,1.7,0.5,7.3,28.6,3,0,10.0,6.5,52.5,82.4,1,0,616495.47
78.3,3,2,1,30,30,38.1,7.73,1.26,7.0,24.0,4,0,7.2,6.4,47.3,55.7,1,0,425169.03
117.7,6,4,2,3,26,9.4,9.98,0.76,8.7,34.0,2,1,9.7,7.6,38.6,70.9,1,0,631073.66
76.5,3,2,2,15,21,19.6,24.0,0.4,6.6,69.2,0,2,9.0,8.0,37.6,40.2,0,0,244966.32
78.9,5,3,1,9,19,32.6,4.37,0.95,9.5,13.9,0,1,6.0,6.6,38.4,62.0,1,0,463892.98
61.7,4,2,1,0,15,14.1,4.55,1.4,7.3,21.4,5,2,9.0,6.8,35.5,74.1,1,0,526781.21
63.2,4,2,1,13,18,5.6,11.39,0.1,5.9,48.7,2,0,7.2,10.0,44.7,52.2,1,0,318839.23
51.1,2,1,1,11,26,67.4,10.44,0.44,8.7,39.7,1,0,4.7,6.3,38.3,60.3,1,0,233479.16
86.6,3,2,2,12,17,5.6,7.33,0.49,8.4,23.2,2,0,7.9,8.4,48.2,83.9,1,0,584022.62
68.5,2,1,2,13,13,54.7,3.16,0.5,9.1,14.7,3,0,6.1,6.1,49.0,83.6,0,0,473783.34
39.8,2,1,1,3,14,26.9,2.98,1.8,8.9,7.5,6,2,6.4,6.3,45.0,70.2,1,0,382531.99
126.5,7,5,2,7,24,41.6,4.06,1.49,9.9,10.3,2,0,6.3,6.4,42.5,82.9,0,0,661873.53
65.2,3,2,1,16,27,29.1,5.26,1.78,8.6,25.4,1,0,5.6,9.5,43.5,62.7,0,0,401860.35
82.7,5,3,3,1,5,5.8,6.5,0.11,7.9,38.2,0,1,8.1,9.4,50.0,57.1,1,0,512007.41
118.5,5,4,2,20,26,4.1,7.02,0.31,8.0,37.9,3,1,10.0,8.4,41.3,65.1,1,1,691220.68
94.0,4,3,2,9,27,10.9,5.56,0.28,8.1,33.7,4,0,5.5,8.3,48.0,76.0,1,0,590193.85
52.1,3,1,1,9,11,2.1,3.55,1.26,9.7,12.6,1,0,9.0,9.7,39.8,65.4,1,1,495992.81
106.8,4,3,2,27,30,20.2,0.97,0.76,9.6,28.8,2,1,9.8,7.9,46.5,71.9,1,0,665055.4
96.7,5,3,2,12,16,21.1,7.8,1.05,9.2,33.8,2,2,8.9,9.1,42.7,75.8,1,0,615665.1
92.6,4,3,2,1,9,15.6,5.29,0.32,5.9,21.5,1,1,8.1,6.7,40.3,58.1,1,0,511635.99
107.6,5,3,3,26,30,8.0,4.95,0.21,7.7,19.4,1,1,9.6,7.9,52.3,70.4,1,0,654560.53
147.5,6,5,3,0,13,23.2,4.08,0.15,7.1,33.6,4,1,6.3,6.1,40.3,63.8,1,0,704115.93
98.4,5,3,2,5,12,9.4,19.21,0.98,8.1,53.4,1,1,9.5,8.2,28.3,56.9,1,0,405169.45
76.5,3,2,1,3,5,19.0,11.81,0.26,6.4,37.3,5,1,9.6,7.6,29.9,58.0,1,0,425816.35
94.8,4,3,2,12,21,9.0,8.11,0.05,8.2,28.1,2,0,8.8,10.0,53.2,63.1,1,0,543378.59
52.3,3,1,1,3,4,13.6,6.77,0.2,9.7,30.4,0,0,9.6,6.9,32.9,62.7,0,0,344071.44
114.9,6,4,2,3,19,89.8,5.5,0.53,8.2,29.2,6,0,1.5,4.4,56.9,84.9,0,0,458062.36
54.0,2,1,2,4,4,34.7,2.36,1.66,7.9,28.4,8,1,4.9,4.0,47.5,70.5,0,0,393408.24
73.5,3,2,2,18,23,6.1,3.71,0.63,8.3,15.2,5,0,9.8,10.0,48.8,71.9,1,0,523177.66
125.0,5,4,2,14,18,55.6,10.93,0.21,5.9,39.6,1,0,9.0,5.4,32.2,58.9,0,0,494409.73
112.1,4,3,2,5,19,28.8,5.16,0.24,6.4,33.2,3,0,7.2,7.0,44.9,69.6,1,0,577012.95
