student_id,registration_order,registration_date,region,city,school_id,department,study_level,gender,age,scholarship,uses_online_platform,study_hours_week,attendance_pct,exam_score,satisfaction_score
STU00001,1,2025-09-01,Mazowieckie,Warsaw,SCH001,Data Science,Bachelor,Male,22,No,No,12.8,53.8,64.5,5.0
STU00002,2,2025-09-01,Mazowieckie,Warsaw,SCH001,Software Engineering,Master,Male,31,Yes,Yes,23.4,73.9,83.8,9.6
STU00003,3,2025-09-01,Mazowieckie,Warsaw,SCH001,Cybersecurity,Master,Female,27,Yes,Yes,18.1,75.5,77.1,7.2
STU00004,4,2025-09-01,Mazowieckie,Warsaw,SCH001,Cybersecurity,Bachelor,Female,25,No,No,12.2,71.9,69.4,5.8
STU00005,5,2025-09-01,Mazowieckie,Warsaw,SCH001,Data Science,Master,Female,27,No,Yes,8.2,91.1,76.7,7.7
STU00006,6,2025-09-01,Mazowieckie,Warsaw,SCH001,Business Analytics,Bachelor,Male,20,No,Yes,10.6,72.8,71.4,5.0
STU00007,7,2025-09-01,Mazowieckie,Warsaw,SCH001,Data Science,Bachelor,Other/Prefer not to say,25,Yes,Yes,10.6,93.8,92.6,8.3
STU00008,8,2025-09-02,Mazowieckie,Warsaw,SCH001,Cybersecurity,Bachelor,Other/Prefer not to say,22,No,No,8.9,95.9,84.8,6.9
STU00009,9,2025-09-02,Mazowieckie,Warsaw,SCH001,Software Engineering,Bachelor,Female,24,Yes,Yes,10.4,80.2,67.5,9.5
STU00010,10,2025-09-02,Mazowieckie,Warsaw,SCH001,Data Science,Bachelor,Male,21,Yes,No,14.5,66.2,74.7,6.5
STU00011,11,2025-09-02,Mazowieckie,Warsaw,SCH001,Data Science,Bachelor,Male,22,No,Yes,14.0,76.3,81.0,7.1
STU00012,12,2025-09-02,Mazowieckie,Warsaw,SCH001,Cybersecurity,PhD,Female,40,No,Yes,10.9,66.5,69.9,9.7
STU00013,13,2025-09-02,Mazowieckie,Warsaw,SCH001,Software Engineering,Master,Male,28,No,Yes,14.4,68.8,81.5,7.7
STU00014,14,2025-09-02,Mazowieckie,Warsaw,SCH001,Software Engineering,Bachelor,Female,21,Yes,Yes,18.5,86.5,94.4,8.8
STU00015,15,2025-09-03,Mazowieckie,Warsaw,SCH001,Data Science,Bachelor,Male,20,No,No,14.9,73.4,79.5,5.6
STU00016,16,2025-09-03,Mazowieckie,Warsaw,SCH001,Software Engineering,Bachelor,Female,24,No,No,14.9,66.7,60.1,7.5
STU00017,17,2025-09-03,Mazowieckie,Warsaw,SCH001,Business Analytics,Bachelor,Female,21,No,Yes,16.9,84.5,95.8,8.0
STU00018,18,2025-09-03,Mazowieckie,Warsaw,SCH001,Business Analytics,Master,Female,32,No,No,15.6,100,91.7,8.1
STU00019,19,2025-09-03,Mazowieckie,Warsaw,SCH001,Data Science,Bachelor,Female,18,Yes,Yes,13.5,65.4,85.9,7.2
STU00020,20,2025-09-03,Mazowieckie,Warsaw,SCH001,Software Engineering,Bachelor,Male,25,Yes,Yes,12.0,95.9,87.2,6.1
STU00021,21,2025-09-03,Mazowieckie,Warsaw,SCH001,Software Engineering,Bachelor,Male,20,Yes,Yes,13.8,85.2,83.9,9.9
STU00022,22,2025-09-04,Mazowieckie,Warsaw,SCH001,Business Analytics,Bachelor,Male,18,No,Yes,18.1,69.5,78.3,7.9
STU00023,23,2025-09-04,Mazowieckie,Warsaw,SCH001,Data Science,Master,Female,32,No,Yes,15.7,100,89.9,9.9
STU00024,24,2025-09-04,Mazowieckie,Warsaw,SCH001,Data Science,Bachelor,Male,22,Yes,Yes,16.4,89.8,94.9,7.6
STU00025,25,2025-09-04,Mazowieckie,Warsaw,SCH001,Cybersecurity,Bachelor,Other/Prefer not to say,18,No,Yes,19.2,84.3,91.5,8.3
STU00026,26,2025-09-04,Mazowieckie,Warsaw,SCH001,Software Engineering,Master,Female,26,No,Yes,14.3,84.1,95.7,7.5
STU00027,27,2025-09-04,Mazowieckie,Warsaw,SCH001,Software Engineering,Master,Female,28,No,Yes,22.8,77.3,98.1,8.1
STU00028,28,2025-09-04,Mazowieckie,Warsaw,SCH001,Software Engineering,Bachelor,Male,19,Yes,No,15.6,93.3,87.8,8.3
STU00029,29,2025-09-05,Mazowieckie,Warsaw,SCH001,Data Science,Bachelor,Female,18,No,Yes,8.3,80.0,79.1,8.0
STU00030,30,2025-09-05,Mazowieckie,Warsaw,SCH001,Software Engineering,Bachelor,Female,21,No,No,3.8,87.7,59.4,9.2
STU00031,31,2025-09-05,Mazowieckie,Warsaw,SCH001,Business Analytics,Bachelor,Male,21,No,No,15.3,95.8,100,8.1
STU00032,32,2025-09-05,Mazowieckie,Warsaw,SCH001,Cybersecurity,Master,Female,34,No,Yes,14.2,74.6,74.6,7.2
STU00033,33,2025-09-05,Mazowieckie,Warsaw,SCH001,Cybersecurity,Master,Male,32,No,Yes,18.9,84.6,91.3,8.4
STU00034,34,2025-09-05,Mazowieckie,Warsaw,SCH001,Data Science,PhD,Female,38,No,No,19.4,53.5,86.0,8.0
STU00035,35,2025-09-05,Mazowieckie,Warsaw,SCH001,Data Science,Bachelor,Female,21,No,Yes,21.1,75.4,86.6,6.4
STU00036,36,2025-09-06,Mazowieckie,Warsaw,SCH001,Cybersecurity,Master,Female,28,No,Yes,25.9,73.9,95.6,6.7
STU00037,37,2025-09-06,Mazowieckie,Warsaw,SCH001,Data Science,Master,Male,28,No,Yes,12.8,77.6,88.3,5.9
STU00038,38,2025-09-06,Mazowieckie,Warsaw,SCH001,Cybersecurity,Bachelor,Female,25,No,No,10.5,78.7,67.1,6.6
STU00039,39,2025-09-06,Mazowieckie,Warsaw,SCH001,Data Science,Bachelor,Male,21,No,Yes,21.2,80.7,96.4,7.6
STU00040,40,2025-09-06,Mazowieckie,Warsaw,SCH001,Data Science,Master,Female,32,No,Yes,22.7,72.5,97.5,8.3
STU00041,41,2025-09-06,Mazowieckie,Warsaw,SCH001,Business Analytics,Master,Male,34,No,Yes,23.1,91.7,99.2,8.8
STU00042,42,2025-09-06,Mazowieckie,Warsaw,SCH001,Cybersecurity,Master,Male,32,No,Yes,18.2,73.1,96.3,5.2
STU00043,43,2025-09-07,Mazowieckie,Warsaw,SCH001,Cybersecurity,Master,Male,29,No,No,20.2,72.4,89.0,6.8
STU00044,44,2025-09-07,Mazowieckie,Warsaw,SCH001,Cybersecurity,Master,Male,26,No,Yes,24.1,80.9,100,7.9
STU00045,45,2025-09-07,Mazowieckie,Warsaw,SCH001,Cybersecurity,Bachelor,Female,21,Yes,Yes,14.7,73.0,78.5,7.6
STU00046,46,2025-09-07,Mazowieckie,Warsaw,SCH001,Software Engineering,Master,Male,34,No,Yes,22.0,87.9,97.2,5.8
STU00047,47,2025-09-07,Mazowieckie,Warsaw,SCH001,Cybersecurity,Master,Male,34,No,Yes,23.7,82.0,100,8.6
STU00048,48,2025-09-07,Mazowieckie,Warsaw,SCH001,Cybersecurity,Bachelor,Female,25,No,No,14.8,58.7,69.9,4.8
STU00049,49,2025-09-07,Mazowieckie,Warsaw,SCH001,Cybersecurity,Bachelor,Male,20,Yes,Yes,12.0,85.1,88.9,7.8
STU00050,50,2025-09-08,Mazowieckie,Warsaw,SCH001,Software Engineering,Master,Female,23,No,No,12.1,100,96.8,7.8
STU00051,51,2025-09-08,Mazowieckie,Warsaw,SCH001,Data Science,PhD,Female,32,Yes,Yes,23.9,86.0,100,7.0
STU00052,52,2025-09-08,Mazowieckie,Warsaw,SCH001,Software Engineering,Bachelor,Male,20,No,No,8.4,76.6,61.8,7.4
STU00053,53,2025-09-08,Mazowieckie,Warsaw,SCH001,Business Analytics,Bachelor,Male,24,No,Yes,17.7,93.6,99.4,7.6
STU00054,54,2025-09-08,Mazowieckie,Warsaw,SCH001,Business Analytics,Master,Male,23,No,Yes,15.3,91.9,92.4,7.7
STU00055,55,2025-09-08,Mazowieckie,Warsaw,SCH001,Data Science,Bachelor,Female,25,Yes,No,14.4,70.6,69.9,6.3
STU00056,56,2025-09-08,Mazowieckie,Warsaw,SCH001,Business Analytics,Master,Female,34,No,No,11.8,61.8,72.3,5.5
STU00057,57,2025-09-09,Mazowieckie,Warsaw,SCH001,Business Analytics,Bachelor,Female,25,No,Yes,11.6,72.5,70.3,9.5
STU00058,58,2025-09-09,Mazowieckie,Warsaw,SCH001,Data Science,Bachelor,Male,23,No,Yes,15.7,89.3,85.3,7.0
STU00059,59,2025-09-09,Mazowieckie,Warsaw,SCH001,Cybersecurity,Bachelor,Male,21,No,Yes,13.7,62.3,74.2,7.6
STU00060,60,2025-09-09,Mazowieckie,Warsaw,SCH001,Cybersecurity,Bachelor,Male,25,No,Yes,16.0,92.6,92.3,7.2
STU00061,61,2025-09-09,Mazowieckie,Warsaw,SCH001,Data Science,Bachelor,Male,23,Yes,Yes,20.4,83.5,90.7,7.9
STU00062,62,2025-09-09,Mazowieckie,Warsaw,SCH001,Business Analytics,Master,Male,26,No,No,22.6,77.3,99.5,6.3
STU00063,63,2025-09-09,Mazowieckie,Warsaw,SCH001,Data Science,Bachelor,Female,22,No,Yes,21.4,87.9,92.9,8.9
STU00064,64,2025-09-10,Mazowieckie,Warsaw,SCH001,Cybersecurity,Bachelor,Female,18,No,No,9.3,82.8,79.4,5.5
STU00065,65,2025-09-10,Mazowieckie,Warsaw,SCH001,Data Science,Bachelor,Male,22,Yes,Yes,16.3,73.3,81.3,5.9
STU00066,66,2025-09-10,Mazowieckie,Warsaw,SCH001,Cybersecurity,Master,Male,26,No,No,13.1,75.2,88.4,5.3
STU00067,67,2025-09-10,Mazowieckie,Warsaw,SCH001,Data Science,Master,Female,32,Yes,Yes,13.8,77.5,81.2,5.9
STU00068,68,2025-09-10,Mazowieckie,Warsaw,SCH001,Data Science,Bachelor,Female,22,No,Yes,18.2,71.3,71.0,7.6
STU00069,69,2025-09-10,Mazowieckie,Warsaw,SCH001,Business Analytics,Bachelor,Female,21,No,No,7.2,81.8,70.8,7.6
STU00070,70,2025-09-10,Mazowieckie,Warsaw,SCH001,Software Engineering,Master,Female,23,No,Yes,20.7,73.5,93.1,6.0
STU00071,71,2025-09-11,Mazowieckie,Warsaw,SCH001,Business Analytics,Bachelor,Male,22,Yes,Yes,14.7,73.9,67.6,7.1
STU00072,72,2025-09-11,Mazowieckie,Warsaw,SCH001,Software Engineering,Master,Male,34,No,Yes,16.5,67.1,67.8,7.7
STU00073,73,2025-09-11,Mazowieckie,Warsaw,SCH001,Cybersecurity,Bachelor,Female,23,No,Yes,20.0,84.7,96.8,6.5
STU00074,74,2025-09-11,Mazowieckie,Warsaw,SCH001,Cybersecurity,Bachelor,Male,18,No,Yes,17.1,68.2,98.1,5.9
STU00075,75,2025-09-11,Mazowieckie,Warsaw,SCH001,Software Engineering,PhD,Male,38,Yes,Yes,25.4,74.6,91.6,6.9
STU00076,76,2025-09-11,Mazowieckie,Warsaw,SCH001,Data Science,Bachelor,Female,25,Yes,No,16.6,77.3,83.2,7.7
STU00077,77,2025-09-11,Mazowieckie,Warsaw,SCH001,Data Science,Bachelor,Other/Prefer not to say,19,No,Yes,19.3,85.8,87.6,7.4
STU00078,78,2025-09-12,Mazowieckie,Warsaw,SCH001,Software Engineering,Bachelor,Other/Prefer not to say,21,No,Yes,8.2,84.9,86.5,7.7
STU00079,79,2025-09-12,Mazowieckie,Warsaw,SCH001,Software Engineering,Bachelor,Male,23,No,Yes,11.3,83.5,76.3,7.1
STU00080,80,2025-09-12,Mazowieckie,Warsaw,SCH001,Cybersecurity,PhD,Female,42,No,Yes,26.3,80.8,94.5,9.7
STU00081,81,2025-09-12,Mazowieckie,Warsaw,SCH001,Data Science,PhD,Female,38,Yes,No,17.9,77.9,76.4,5.6
STU00082,82,2025-09-12,Mazowieckie,Warsaw,SCH001,Business Analytics,Master,Male,22,Yes,No,23.8,80.7,99.5,7.3
STU00083,83,2025-09-12,Mazowieckie,Warsaw,SCH001,Data Science,Master,Female,32,No,Yes,15.1,81.5,81.1,6.7
STU00084,84,2025-09-12,Mazowieckie,Warsaw,SCH001,Cybersecurity,Bachelor,Male,24,No,Yes,10.5,88.8,77.3,6.2
STU00085,85,2025-09-13,Mazowieckie,Warsaw,SCH001,Software Engineering,Bachelor,Female,21,No,Yes,12.2,91.5,92.7,8.8
STU00086,86,2025-09-13,Mazowieckie,Warsaw,SCH001,Business Analytics,Bachelor,Female,18,No,Yes,10.1,87.5,87.2,5.8
STU00087,87,2025-09-13,Mazowieckie,Warsaw,SCH001,Data Science,Bachelor,Male,21,No,Yes,10.4,81.6,89.6,5.8
STU00088,88,2025-09-13,Mazowieckie,Warsaw,SCH001,Cybersecurity,Master,Female,30,Yes,Yes,20.9,75.5,98.4,6.5
STU00089,89,2025-09-13,Mazowieckie,Warsaw,SCH001,Software Engineering,Bachelor,Female,24,No,Yes,10.0,73.1,78.7,6.7
STU00090,90,2025-09-13,Mazowieckie,Warsaw,SCH001,Software Engineering,Bachelor,Female,18,No,Yes,21.4,79.9,92.0,6.4
STU00091,91,2025-09-13,Mazowieckie,Warsaw,SCH001,Data Science,Master,Male,31,No,Yes,13.4,82.8,89.6,7.7
STU00092,92,2025-09-14,Mazowieckie,Warsaw,SCH001,Data Science,Bachelor,Female,18,No,Yes,5.5,65.8,58.9,7.8
STU00093,93,2025-09-14,Mazowieckie,Warsaw,SCH001,Data Science,Master,Female,30,No,Yes,19.2,72.0,87.4,8.6
STU00094,94,2025-09-14,Mazowieckie,Warsaw,SCH001,Business Analytics,Master,Female,27,No,Yes,26.5,94.9,100,8.3
STU00095,95,2025-09-14,Mazowieckie,Warsaw,SCH001,Cybersecurity,Bachelor,Male,23,Yes,Yes,23.4,82.5,100,6.2
STU00096,96,2025-09-14,Mazowieckie,Warsaw,SCH001,Cybersecurity,Bachelor,Male,23,Yes,Yes,22.1,100,100,5.7
STU00097,97,2025-09-14,Mazowieckie,Warsaw,SCH001,Data Science,Bachelor,Male,22,No,Yes,9.8,82.6,79.9,8.2
STU00098,98,2025-09-14,Mazowieckie,Warsaw,SCH001,Cybersecurity,Bachelor,Female,23,No,No,13.9,89.8,85.6,7.3
STU00099,99,2025-09-15,Mazowieckie,Warsaw,SCH001,Data Science,Bachelor,Male,24,No,Yes,11.1,77.4,74.0,6.6
STU00100,100,2025-09-15,Mazowieckie,Warsaw,SCH001,Business Analytics,Bachelor,Female,23,Yes,Yes,17.2,100,93.7,8.4
STU00101,101,2025-09-15,Mazowieckie,Warsaw,SCH001,Software Engineering,Bachelor,Other/Prefer not to say,18,No,Yes,12.0,89.1,91.8,9.7
STU00102,102,2025-09-15,Mazowieckie,Warsaw,SCH001,Data Science,Bachelor,Male,23,No,No,17.6,73.4,82.7,10
STU00103,103,2025-09-15,Mazowieckie,Warsaw,SCH001,Software Engineering,Bachelor,Female,18,Yes,Yes,14.5,86.2,78.5,8.7
STU00104,104,2025-09-15,Mazowieckie,Warsaw,SCH001,Cybersecurity,Bachelor,Female,19,No,No,14.4,75.2,80.9,3.9
STU00105,105,2025-09-15,Mazowieckie,Warsaw,SCH001,Software Engineering,Bachelor,Male,22,No,No,13.7,90.6,91.6,5.9
STU00106,106,2025-09-16,Mazowieckie,Warsaw,SCH001,Business Analytics,Bachelor,Female,19,No,Yes,18.4,89.8,100,6.2
STU00107,107,2025-09-16,Mazowieckie,Warsaw,SCH001,Software Engineering,Bachelor,Female,24,Yes,Yes,12.0,91.7,78.7,8.1
STU00108,108,2025-09-16,Mazowieckie,Warsaw,SCH001,Cybersecurity,Bachelor,Female,23,No,Yes,6.1,78.9,65.0,7.1
STU00109,109,2025-09-16,Mazowieckie,Warsaw,SCH001,Software Engineering,PhD,Female,27,No,Yes,23.5,93.5,100,8.6
STU00110,110,2025-09-16,Mazowieckie,Warsaw,SCH001,Software Engineering,Bachelor,Female,19,No,No,8.1,89.8,77.5,7.7
STU00111,111,2025-09-16,Mazowieckie,Warsaw,SCH001,Cybersecurity,Bachelor,Female,21,Yes,Yes,15.2,88.3,83.8,7.2
STU00112,112,2025-09-16,Mazowieckie,Warsaw,SCH001,Data Science,Bachelor,Female,18,No,Yes,13.1,79.2,80.8,7.2
STU00113,113,2025-09-17,Mazowieckie,Warsaw,SCH001,Cybersecurity,Master,Female,24,No,Yes,25.4,88.9,100,9.8
STU00114,114,2025-09-17,Mazowieckie,Warsaw,SCH002,Cybersecurity,Bachelor,Female,23,No,Yes,20.3,75.2,91.4,6.9
STU00115,115,2025-09-17,Mazowieckie,Warsaw,SCH002,Data Science,Master,Female,29,No,Yes,13.3,82.8,83.2,7.0
STU00116,116,2025-09-17,Mazowieckie,Warsaw,SCH002,Data Science,Bachelor,Male,25,No,Yes,16.7,100,100,8.5
STU00117,117,2025-09-17,Mazowieckie,Warsaw,SCH002,Software Engineering,Master,Male,26,No,Yes,16.9,73.8,75.2,8.6
STU00118,118,2025-09-17,Mazowieckie,Warsaw,SCH002,Software Engineering,Bachelor,Male,19,No,No,8.9,84.3,82.4,7.6
STU00119,119,2025-09-17,Mazowieckie,Warsaw,SCH002,Cybersecurity,Bachelor,Male,22,Yes,Yes,11.9,99.0,78.8,6.6
STU00120,120,2025-09-18,Mazowieckie,Warsaw,SCH002,Data Science,Master,Male,25,No,Yes,25.9,89.6,100,7.0
STU00121,121,2025-09-18,Mazowieckie,Warsaw,SCH002,Data Science,Master,Male,30,No,No,12.3,93.1,92.4,5.5
STU00122,122,2025-09-18,Mazowieckie,Warsaw,SCH002,Data Science,Bachelor,Female,20,No,Yes,17.8,95.4,84.5,8.1
STU00123,123,2025-09-18,Mazowieckie,Warsaw,SCH002,Cybersecurity,Master,Male,31,No,No,11.1,100,84.8,8.9
STU00124,124,2025-09-18,Mazowieckie,Warsaw,SCH002,Software Engineering,Bachelor,Male,18,No,Yes,12.7,80.7,76.8,8.2
STU00125,125,2025-09-18,Mazowieckie,Warsaw,SCH002,Business Analytics,Bachelor,Female,24,No,Yes,16.8,59.5,62.0,7.5
STU00126,126,2025-09-18,Mazowieckie,Warsaw,SCH002,Cybersecurity,Bachelor,Female,20,No,Yes,17.6,62.3,80.6,6.8
STU00127,127,2025-09-19,Mazowieckie,Warsaw,SCH002,Data Science,Bachelor,Male,25,No,Yes,6.7,96.9,71.7,9.4
STU00128,128,2025-09-19,Mazowieckie,Warsaw,SCH002,Data Science,Bachelor,Male,23,Yes,Yes,14.2,75.6,79.0,5.6
STU00129,129,2025-09-19,Mazowieckie,Warsaw,SCH002,Business Analytics,Master,Female,31,No,No,14.3,93.6,86.3,6.9
STU00130,130,2025-09-19,Mazowieckie,Warsaw,SCH002,Data Science,Master,Male,32,No,No,12.5,63.5,71.2,4.6
STU00131,131,2025-09-19,Mazowieckie,Warsaw,SCH002,Software Engineering,Bachelor,Female,23,Yes,Yes,20.4,80.2,92.0,6.7
STU00132,132,2025-09-19,Mazowieckie,Warsaw,SCH002,Data Science,PhD,Female,28,No,Yes,19.6,67.8,76.9,5.0
STU00133,133,2025-09-19,Mazowieckie,Warsaw,SCH002,Software Engineering,Bachelor,Female,20,No,No,15.1,74.4,74.2,7.3
STU00134,134,2025-09-20,Mazowieckie,Warsaw,SCH002,Data Science,Bachelor,Female,22,No,No,14.4,87.4,99.1,6.8
STU00135,135,2025-09-20,Mazowieckie,Warsaw,SCH002,Data Science,Master,Male,31,No,Yes,16.0,89.6,72.6,7.3
STU00136,136,2025-09-20,Mazowieckie,Warsaw,SCH002,Software Engineering,Master,Female,26,Yes,Yes,10.9,99.9,86.0,6.8
STU00137,137,2025-09-20,Mazowieckie,Warsaw,SCH002,Data Science,Bachelor,Female,25,No,Yes,2.8,89.3,72.6,9.1
STU00138,138,2025-09-20,Mazowieckie,Warsaw,SCH002,Data Science,Bachelor,Female,23,No,No,13.2,81.7,94.6,6.1
STU00139,139,2025-09-20,Mazowieckie,Warsaw,SCH002,Software Engineering,Bachelor,Female,22,No,Yes,18.1,65.3,71.0,7.3
STU00140,140,2025-09-20,Mazowieckie,Warsaw,SCH002,Data Science,Master,Female,24,No,No,14.6,79.2,81.7,8.0
STU00141,141,2025-09-21,Mazowieckie,Warsaw,SCH002,Cybersecurity,Bachelor,Male,25,Yes,No,9.8,83.0,71.0,5.9
STU00142,142,2025-09-21,Mazowieckie,Warsaw,SCH002,Data Science,Master,Female,27,Yes,Yes,17.9,79.4,90.6,7.4
STU00143,143,2025-09-21,Mazowieckie,Warsaw,SCH002,Cybersecurity,Bachelor,Other/Prefer not to say,18,No,Yes,4.7,58.8,57.2,7.0
STU00144,144,2025-09-21,Mazowieckie,Warsaw,SCH002,Cybersecurity,Master,Male,32,Yes,Yes,19.1,77.7,84.1,8.3
STU00145,145,2025-09-21,Mazowieckie,Warsaw,SCH002,Software Engineering,Bachelor,Male,25,No,No,22.0,86.7,91.6,7.5
STU00146,146,2025-09-21,Mazowieckie,Warsaw,SCH002,Data Science,Bachelor,Female,22,No,No,10.3,78.0,76.4,6.1
STU00147,147,2025-09-21,Mazowieckie,Warsaw,SCH002,Software Engineering,Bachelor,Male,23,No,No,9.3,83.9,61.1,8.2
STU00148,148,2025-09-22,Mazowieckie,Warsaw,SCH002,Data Science,Bachelor,Male,23,No,Yes,16.5,64.7,86.7,7.7
STU00149,149,2025-09-22,Mazowieckie,Warsaw,SCH002,Cybersecurity,Master,Female,23,No,Yes,9.5,85.3,81.7,8.8
STU00150,150,2025-09-22,Mazowieckie,Warsaw,SCH002,Software Engineering,Bachelor,Male,24,No,No,15.9,78.7,80.0,6.1
STU00151,151,2025-09-22,Mazowieckie,Warsaw,SCH002,Software Engineering,Master,Male,24,No,Yes,14.6,82.0,85.0,9.3
STU00152,152,2025-09-22,Mazowieckie,Warsaw,SCH002,Business Analytics,Bachelor,Female,20,No,No,8.1,92.2,70.8,6.8
STU00153,153,2025-09-22,Mazowieckie,Warsaw,SCH002,Software Engineering,Bachelor,Female,19,Yes,Yes,5.0,80.5,78.3,8.9
STU00154,154,2025-09-22,Mazowieckie,Warsaw,SCH002,Data Science,Master,Male,33,No,Yes,24.0,93.6,90.0,8.7
STU00155,155,2025-09-23,Mazowieckie,Warsaw,SCH002,Data Science,Bachelor,Male,23,No,Yes,10.1,77.4,74.4,8.1
STU00156,156,2025-09-23,Mazowieckie,Warsaw,SCH002,Software Engineering,Master,Female,27,No,Yes,17.8,85.2,90.8,7.4
STU00157,157,2025-09-23,Mazowieckie,Warsaw,SCH002,Cybersecurity,Bachelor,Male,20,No,Yes,6.8,100,80.0,6.8
STU00158,158,2025-09-23,Mazowieckie,Warsaw,SCH002,Software Engineering,Master,Female,27,No,Yes,15.0,71.7,88.1,5.8
STU00159,159,2025-09-23,Mazowieckie,Warsaw,SCH002,Data Science,Bachelor,Other/Prefer not to say,24,No,No,17.0,69.5,80.2,7.3
STU00160,160,2025-09-23,Mazowieckie,Warsaw,SCH002,Data Science,Master,Male,30,No,No,17.0,94.2,91.0,7.3
STU00161,161,2025-09-23,Mazowieckie,Warsaw,SCH002,Cybersecurity,Bachelor,Male,20,No,Yes,17.3,92.3,98.1,7.3
STU00162,162,2025-09-24,Mazowieckie,Warsaw,SCH002,Data Science,Master,Male,23,Yes,Yes,12.6,76.3,79.5,6.1
STU00163,163,2025-09-24,Mazowieckie,Warsaw,SCH002,Cybersecurity,Bachelor,Male,22,No,Yes,14.3,98.1,85.1,8.9
STU00164,164,2025-09-24,Mazowieckie,Warsaw,SCH002,Data Science,Bachelor,Female,25,Yes,Yes,13.0,97.7,89.1,5.7
STU00165,165,2025-09-24,Mazowieckie,Warsaw,SCH002,Data Science,PhD,Female,42,Yes,Yes,25.9,90.6,100,8.2
STU00166,166,2025-09-24,Mazowieckie,Warsaw,SCH002,Business Analytics,Master,Female,24,No,No,16.4,73.6,93.4,10
STU00167,167,2025-09-24,Mazowieckie,Warsaw,SCH002,Business Analytics,Bachelor,Male,19,No,Yes,17.4,78.6,83.5,7.8
STU00168,168,2025-09-24,Mazowieckie,Warsaw,SCH002,Business Analytics,Bachelor,Male,25,No,Yes,16.1,83.4,84.9,8.8
STU00169,169,2025-09-25,Mazowieckie,Warsaw,SCH002,Data Science,Bachelor,Female,21,No,Yes,9.9,87.2,68.1,7.1
STU00170,170,2025-09-25,Mazowieckie,Warsaw,SCH002,Software Engineering,Bachelor,Female,19,No,No,7.7,100,83.6,6.9
STU00171,171,2025-09-25,Mazowieckie,Warsaw,SCH002,Cybersecurity,Bachelor,Female,20,No,No,11.2,79.3,80.3,6.6
STU00172,172,2025-09-25,Mazowieckie,Warsaw,SCH002,Cybersecurity,Master,Female,31,No,Yes,12.2,96.1,76.7,7.7
STU00173,173,2025-09-25,Mazowieckie,Warsaw,SCH002,Software Engineering,Bachelor,Female,19,No,Yes,16.3,64.6,76.9,6.7
STU00174,174,2025-09-25,Mazowieckie,Warsaw,SCH002,Business Analytics,Bachelor,Male,21,No,Yes,17.4,92.4,82.3,6.4
STU00175,175,2025-09-25,Mazowieckie,Warsaw,SCH002,Software Engineering,Bachelor,Female,19,Yes,Yes,11.5,88.0,85.1,9.1
STU00176,176,2025-09-26,Mazowieckie,Warsaw,SCH002,Cybersecurity,Bachelor,Male,18,No,Yes,2,66.8,50.7,7.2
STU00177,177,2025-09-26,Mazowieckie,Warsaw,SCH002,Cybersecurity,PhD,Male,42,No,No,18.7,65.9,77.8,5.0
STU00178,178,2025-09-26,Mazowieckie,Warsaw,SCH002,Data Science,Bachelor,Male,21,No,No,15.0,64.5,73.1,5.2
STU00179,179,2025-09-26,Mazowieckie,Warsaw,SCH002,Software Engineering,Bachelor,Male,22,No,Yes,3.8,74.3,59.4,8.0
STU00180,180,2025-09-26,Mazowieckie,Warsaw,SCH002,Data Science,Master,Female,33,Yes,No,14.4,69.2,80.6,8.8
STU00181,181,2025-09-26,Mazowieckie,Warsaw,SCH002,Software Engineering,Bachelor,Female,19,No,Yes,14.4,94.9,80.7,7.7
STU00182,182,2025-09-26,Mazowieckie,Warsaw,SCH002,Cybersecurity,Bachelor,Male,19,No,Yes,27.5,73.9,100,8.7
STU00183,183,2025-09-27,Mazowieckie,Warsaw,SCH002,Cybersecurity,Master,Male,34,No,Yes,10.4,62.7,75.2,7.7
STU00184,184,2025-09-27,Mazowieckie,Warsaw,SCH002,Software Engineering,Bachelor,Male,20,No,No,15.2,78.9,89.7,5.2
STU00185,185,2025-09-27,Mazowieckie,Warsaw,SCH002,Software Engineering,Bachelor,Male,22,No,Yes,11.8,78.0,83.7,7.3
STU00186,186,2025-09-27,Mazowieckie,Warsaw,SCH002,Cybersecurity,PhD,Male,29,No,Yes,20.9,84.6,98.1,8.8
STU00187,187,2025-09-27,Mazowieckie,Warsaw,SCH002,Data Science,Bachelor,Male,22,No,No,18.4,97.6,100,6.3
STU00188,188,2025-09-27,Mazowieckie,Warsaw,SCH002,Data Science,Bachelor,Male,20,No,Yes,14.5,79.5,77.5,8.4
STU00189,189,2025-09-27,Mazowieckie,Warsaw,SCH002,Cybersecurity,Bachelor,Male,18,No,Yes,14.6,94.8,86.2,8.2
STU00190,190,2025-09-28,Mazowieckie,Warsaw,SCH002,Business Analytics,Bachelor,Male,22,No,Yes,18.5,76.5,88.6,10
STU00191,191,2025-09-28,Mazowieckie,Warsaw,SCH002,Cybersecurity,Bachelor,Other/Prefer not to say,23,No,Yes,7.9,82.3,71.5,6.9
STU00192,192,2025-09-28,Mazowieckie,Warsaw,SCH002,Software Engineering,Bachelor,Male,19,No,Yes,6.8,97.0,90.6,9.6
STU00193,193,2025-09-28,Mazowieckie,Warsaw,SCH002,Data Science,Master,Male,24,No,Yes,19.5,84.5,90.4,7.4
STU00194,194,2025-09-28,Mazowieckie,Warsaw,SCH002,Software Engineering,Bachelor,Female,24,No,Yes,5.2,84.2,70.4,6.5
STU00195,195,2025-09-28,Mazowieckie,Warsaw,SCH003,Data Science,Bachelor,Female,19,No,Yes,6.4,100,70.3,7.2
STU00196,196,2025-09-28,Mazowieckie,Warsaw,SCH003,Data Science,Bachelor,Male,24,No,No,14.7,58.8,78.5,5.9
STU00197,197,2025-09-29,Mazowieckie,Warsaw,SCH003,Business Analytics,PhD,Female,36,Yes,No,23.4,78.9,96.9,9.2
STU00198,198,2025-09-29,Mazowieckie,Warsaw,SCH003,Business Analytics,Master,Female,33,No,Yes,15.7,83.4,81.1,7.1
STU00199,199,2025-09-29,Mazowieckie,Warsaw,SCH003,Software Engineering,Master,Female,34,No,Yes,20.3,99.3,96.5,8.2
STU00200,200,2025-09-29,Mazowieckie,Warsaw,SCH003,Cybersecurity,Bachelor,Male,18,No,Yes,15.9,68.4,82.6,7.2
STU00201,201,2025-09-29,Mazowieckie,Warsaw,SCH003,Business Analytics,Bachelor,Female,23,No,No,5.4,83.1,66.0,9.6
STU00202,202,2025-09-29,Mazowieckie,Warsaw,SCH003,Cybersecurity,Bachelor,Female,20,No,Yes,3.8,53.2,54.4,8.2
STU00203,203,2025-09-29,Mazowieckie,Warsaw,SCH003,Cybersecurity,Master,Female,24,Yes,Yes,16.3,75.8,82.5,7.7
STU00204,204,2025-09-30,Mazowieckie,Warsaw,SCH003,Cybersecurity,Bachelor,Female,24,No,Yes,23.8,85.0,100,8.2
STU00205,205,2025-09-30,Mazowieckie,Warsaw,SCH003,Software Engineering,Master,Female,33,No,Yes,23.9,70.2,99.0,7.6
STU00206,206,2025-09-30,Mazowieckie,Warsaw,SCH003,Software Engineering,Master,Male,25,No,No,17.5,67.5,96.9,9.4
STU00207,207,2025-09-30,Mazowieckie,Warsaw,SCH003,Data Science,PhD,Other/Prefer not to say,40,No,Yes,21.1,77.1,85.6,7.5
STU00208,208,2025-09-30,Mazowieckie,Warsaw,SCH003,Cybersecurity,Bachelor,Male,22,No,Yes,18.4,75.4,86.6,8.7
STU00209,209,2025-09-30,Mazowieckie,Warsaw,SCH003,Business Analytics,Master,Female,28,Yes,No,18.3,82.9,88.1,5.6
STU00210,210,2025-09-30,Mazowieckie,Warsaw,SCH003,Data Science,Master,Female,25,No,No,14.8,65.4,77.2,6.1
STU00211,211,2025-10-01,Mazowieckie,Warsaw,SCH003,Business Analytics,Master,Male,29,No,No,13.5,76.7,82.2,6.2
STU00212,212,2025-10-01,Mazowieckie,Warsaw,SCH003,Business Analytics,Master,Male,30,Yes,No,18.1,97.0,92.9,7.7
STU00213,213,2025-10-01,Mazowieckie,Warsaw,SCH003,Data Science,Master,Male,22,Yes,Yes,13.9,96.2,95.6,10
STU00214,214,2025-10-01,Mazowieckie,Warsaw,SCH003,Data Science,Bachelor,Male,24,Yes,Yes,11.5,78.7,98.3,9.6
STU00215,215,2025-10-01,Mazowieckie,Warsaw,SCH003,Software Engineering,Bachelor,Male,19,No,Yes,15.0,80.8,94.7,7.5
STU00216,216,2025-10-01,Mazowieckie,Warsaw,SCH003,Data Science,Master,Male,29,No,No,21.7,82.3,100,8.1
STU00217,217,2025-10-01,Mazowieckie,Warsaw,SCH003,Software Engineering,Master,Female,28,No,Yes,11.1,69.8,65.3,9.2
STU00218,218,2025-10-02,Mazowieckie,Warsaw,SCH003,Cybersecurity,Bachelor,Other/Prefer not to say,19,No,No,18.8,82.7,100,6.5
STU00219,219,2025-10-02,Mazowieckie,Warsaw,SCH003,Business Analytics,Bachelor,Male,22,No,Yes,8.0,100,86.6,7.0
STU00220,220,2025-10-02,Mazowieckie,Warsaw,SCH003,Software Engineering,Bachelor,Male,24,No,Yes,25.7,68.1,90.3,8.1
STU00221,221,2025-10-02,Mazowieckie,Warsaw,SCH003,Cybersecurity,Bachelor,Male,19,No,No,7.9,90.1,81.5,7.9
STU00222,222,2025-10-02,Mazowieckie,Warsaw,SCH003,Business Analytics,Master,Female,34,No,Yes,13.1,82.3,74.0,7.8
STU00223,223,2025-10-02,Mazowieckie,Warsaw,SCH003,Data Science,Bachelor,Male,24,Yes,Yes,22.3,87.7,89.1,8.4
STU00224,224,2025-10-02,Mazowieckie,Warsaw,SCH003,Software Engineering,Master,Male,27,No,Yes,18.4,90.2,92.1,7.9
STU00225,225,2025-10-03,Mazowieckie,Warsaw,SCH003,Cybersecurity,Bachelor,Male,24,Yes,Yes,13.7,70.3,73.9,7.7
STU00226,226,2025-10-03,Mazowieckie,Warsaw,SCH003,Cybersecurity,Bachelor,Male,21,No,Yes,4.3,76.0,69.0,6.9
STU00227,227,2025-10-03,Mazowieckie,Warsaw,SCH003,Cybersecurity,Bachelor,Female,25,No,Yes,19.5,95.0,94.5,6.4
STU00228,228,2025-10-03,Mazowieckie,Warsaw,SCH003,Data Science,Bachelor,Female,24,No,Yes,14.2,83.0,79.5,6.5
STU00229,229,2025-10-03,Mazowieckie,Warsaw,SCH003,Business Analytics,Master,Female,27,No,Yes,24.9,73.8,94.7,6.4
STU00230,230,2025-10-03,Mazowieckie,Warsaw,SCH003,Software Engineering,Master,Other/Prefer not to say,34,Yes,Yes,21.6,87.1,91.4,8.9
STU00231,231,2025-10-03,Mazowieckie,Warsaw,SCH003,Cybersecurity,Bachelor,Male,18,No,Yes,18.2,77.2,79.9,6.9
STU00232,232,2025-10-04,Mazowieckie,Warsaw,SCH003,Software Engineering,Master,Female,29,Yes,Yes,26.4,82.9,100,6.6
STU00233,233,2025-10-04,Mazowieckie,Warsaw,SCH003,Software Engineering,Bachelor,Male,24,No,No,16.3,66.5,90.9,4.9
STU00234,234,2025-10-04,Mazowieckie,Warsaw,SCH003,Software Engineering,Bachelor,Male,23,Yes,Yes,14.4,69.7,74.4,5.2
STU00235,235,2025-10-04,Mazowieckie,Warsaw,SCH003,Software Engineering,Bachelor,Female,19,No,Yes,3.6,66.9,60.1,5.9
STU00236,236,2025-10-04,Mazowieckie,Warsaw,SCH003,Software Engineering,Bachelor,Male,20,No,Yes,11.5,88.2,88.2,8.4
STU00237,237,2025-10-04,Mazowieckie,Warsaw,SCH003,Data Science,Master,Female,29,No,Yes,16.4,77.4,88.3,7.2
STU00238,238,2025-10-04,Mazowieckie,Warsaw,SCH003,Data Science,Bachelor,Male,18,No,Yes,8.6,77.4,70.6,8.3
STU00239,239,2025-10-05,Mazowieckie,Warsaw,SCH003,Data Science,Bachelor,Male,25,No,Yes,13.6,85.7,95.1,7.4
STU00240,240,2025-10-05,Mazowieckie,Warsaw,SCH003,Data Science,Bachelor,Male,24,Yes,Yes,16.5,80.2,98.1,8.0
STU00241,241,2025-10-05,Mazowieckie,Warsaw,SCH003,Cybersecurity,Master,Female,25,No,Yes,10.7,88.0,75.4,6.7
STU00242,242,2025-10-05,Mazowieckie,Warsaw,SCH003,Software Engineering,Bachelor,Female,25,No,No,8.8,77.7,68.7,6.5
STU00243,243,2025-10-05,Mazowieckie,Warsaw,SCH003,Data Science,Bachelor,Female,20,No,Yes,12.6,69.7,82.3,6.0
STU00244,244,2025-10-05,Mazowieckie,Warsaw,SCH003,Cybersecurity,Bachelor,Male,20,No,Yes,11.6,85.5,86.7,7.3
STU00245,245,2025-10-05,Mazowieckie,Warsaw,SCH003,Data Science,Bachelor,Female,24,No,Yes,14.5,64.8,76.7,5.0
STU00246,246,2025-10-06,Mazowieckie,Warsaw,SCH003,Data Science,Bachelor,Female,21,No,Yes,18.8,74.1,86.5,5.4
STU00247,247,2025-10-06,Mazowieckie,Warsaw,SCH003,Cybersecurity,Master,Female,23,Yes,Yes,21.2,95.5,100,8.1
STU00248,248,2025-10-06,Mazowieckie,Warsaw,SCH003,Data Science,Bachelor,Female,21,No,No,5.6,71.2,68.8,7.2
STU00249,249,2025-10-06,Mazowieckie,Warsaw,SCH003,Software Engineering,PhD,Female,43,No,No,15.1,71.9,75.7,5.1
STU00250,250,2025-10-06,Mazowieckie,Warsaw,SCH003,Software Engineering,Master,Male,30,Yes,Yes,13.2,76.0,89.6,7.1
STU00251,251,2025-10-06,Mazowieckie,Warsaw,SCH003,Business Analytics,Master,Male,23,Yes,No,22.8,80.0,95.6,6.7
STU00252,252,2025-10-06,Mazowieckie,Warsaw,SCH003,Data Science,Master,Female,27,No,No,24.2,74.8,88.4,6.0
STU00253,253,2025-10-07,Mazowieckie,Warsaw,SCH003,Cybersecurity,Bachelor,Male,19,No,No,12.2,73.0,62.8,5.4
STU00254,254,2025-10-07,Mazowieckie,Warsaw,SCH003,Business Analytics,Bachelor,Male,19,No,Yes,15.6,75.2,75.7,8.7
STU00255,255,2025-10-07,Mazowieckie,Warsaw,SCH003,Cybersecurity,Bachelor,Female,22,No,Yes,16.4,74.9,82.3,8.6
STU00256,256,2025-10-07,Mazowieckie,Warsaw,SCH003,Software Engineering,Master,Female,32,No,Yes,10.0,94.0,94.3,7.9
STU00257,257,2025-10-07,Mazowieckie,Warsaw,SCH003,Data Science,PhD,Male,29,No,Yes,20.1,94.4,89.7,8.9
STU00258,258,2025-10-07,Mazowieckie,Warsaw,SCH003,Software Engineering,Bachelor,Male,18,No,Yes,16.6,77.7,80.8,6.4
STU00259,259,2025-10-07,Mazowieckie,Warsaw,SCH003,Cybersecurity,Bachelor,Female,21,No,Yes,7.5,89.2,78.3,9.6
STU00260,260,2025-10-08,Mazowieckie,Warsaw,SCH003,Cybersecurity,Bachelor,Female,19,No,Yes,20.8,72.0,100,8.6
STU00261,261,2025-10-08,Mazowieckie,Warsaw,SCH003,Data Science,Master,Other/Prefer not to say,24,Yes,Yes,25.5,78.4,96.7,7.0
STU00262,262,2025-10-08,Mazowieckie,Warsaw,SCH003,Business Analytics,Master,Male,29,No,Yes,19.8,93.5,100,7.0
STU00263,263,2025-10-08,Mazowieckie,Warsaw,SCH003,Cybersecurity,PhD,Female,33,No,Yes,17.4,67.1,74.2,6.4
STU00264,264,2025-10-08,Mazowieckie,Warsaw,SCH003,Software Engineering,Bachelor,Male,21,No,Yes,25.6,79.9,94.0,9.9
STU00265,265,2025-10-08,Mazowieckie,Warsaw,SCH003,Cybersecurity,PhD,Female,40,No,Yes,23.6,81.2,96.4,6.9
STU00266,266,2025-10-08,Mazowieckie,Warsaw,SCH003,Software Engineering,Bachelor,Female,20,No,No,17.3,80.2,86.7,7.9
STU00267,267,2025-10-09,Mazowieckie,Warsaw,SCH003,Data Science,Bachelor,Male,22,No,Yes,15.6,66.6,84.4,8.3
STU00268,268,2025-10-09,Mazowieckie,Warsaw,SCH003,Data Science,Bachelor,Female,21,No,Yes,17.1,73.8,93.1,7.4
STU00269,269,2025-10-09,Mazowieckie,Warsaw,SCH003,Cybersecurity,Bachelor,Female,21,Yes,Yes,8.8,72.9,74.4,6.5
STU00270,270,2025-10-09,Mazowieckie,Warsaw,SCH003,Software Engineering,Master,Female,33,Yes,Yes,16.3,73.8,83.3,5.1
STU00271,271,2025-10-09,Mazowieckie,Warsaw,SCH003,Cybersecurity,Bachelor,Male,22,No,Yes,13.0,87.3,81.2,6.4
STU00272,272,2025-10-09,Mazowieckie,Warsaw,SCH003,Business Analytics,Bachelor,Male,25,No,Yes,16.6,67.1,78.7,6.4
STU00273,273,2025-10-09,Mazowieckie,Warsaw,SCH003,Software Engineering,Bachelor,Male,21,No,Yes,16.8,81.0,86.8,8.6
STU00274,274,2025-10-10,Mazowieckie,Warsaw,SCH003,Data Science,Master,Other/Prefer not to say,22,No,No,18.4,79.4,82.4,6.4
STU00275,275,2025-10-10,Mazowieckie,Warsaw,SCH003,Data Science,Master,Female,27,Yes,Yes,23.7,89.7,100,7.5
STU00276,276,2025-10-10,Mazowieckie,Warsaw,SCH003,Business Analytics,Bachelor,Male,22,No,Yes,13.8,86.7,85.0,6.8
STU00277,277,2025-10-10,Mazowieckie,Warsaw,SCH003,Cybersecurity,Bachelor,Male,25,No,No,12.3,78.6,70.6,7.1
STU00278,278,2025-10-10,Mazowieckie,Warsaw,SCH003,Data Science,Master,Male,32,No,No,14.3,80.5,84.2,5.7
STU00279,279,2025-10-10,Mazowieckie,Warsaw,SCH003,Data Science,Master,Male,25,No,No,8.9,85.5,78.4,7.1
STU00280,280,2025-10-10,Mazowieckie,Warsaw,SCH003,Software Engineering,Bachelor,Female,23,No,No,15.5,69.6,75.8,5.9
STU00281,281,2025-10-11,Mazowieckie,Warsaw,SCH003,Data Science,Bachelor,Male,20,No,Yes,10.2,72.9,85.9,6.7
STU00282,282,2025-10-11,Mazowieckie,Warsaw,SCH003,Data Science,Bachelor,Female,21,Yes,No,8.2,86.7,80.7,6.2
STU00283,283,2025-10-11,Mazowieckie,Warsaw,SCH003,Cybersecurity,Bachelor,Male,25,No,Yes,15.4,84.3,89.6,6.8
STU00284,284,2025-10-11,Mazowieckie,Warsaw,SCH003,Data Science,Bachelor,Male,23,Yes,Yes,7.4,92.8,79.3,8.9
STU00285,285,2025-10-11,Mazowieckie,Warsaw,SCH003,Data Science,Master,Male,29,No,Yes,18.3,83.8,93.6,7.8
STU00286,286,2025-10-11,Mazowieckie,Warsaw,SCH003,Software Engineering,Bachelor,Female,21,No,Yes,11.6,70.2,67.1,6.3
STU00287,287,2025-10-11,Mazowieckie,Warsaw,SCH003,Data Science,Master,Female,32,No,Yes,15.1,95.6,85.9,7.9
STU00288,288,2025-10-12,Mazowieckie,Warsaw,SCH004,Data Science,Bachelor,Male,24,No,Yes,9.8,84.2,83.3,7.1
STU00289,289,2025-10-12,Mazowieckie,Warsaw,SCH004,Data Science,Bachelor,Male,21,No,Yes,18.2,72.3,90.5,7.8
STU00290,290,2025-10-12,Mazowieckie,Warsaw,SCH004,Software Engineering,Bachelor,Male,21,No,No,18.2,51.0,74.4,4.9
STU00291,291,2025-10-12,Mazowieckie,Warsaw,SCH004,Cybersecurity,Bachelor,Male,23,No,Yes,12.5,86.4,92.3,6.5
STU00292,292,2025-10-12,Mazowieckie,Warsaw,SCH004,Business Analytics,Bachelor,Male,21,No,Yes,11.8,73.4,80.2,4.8
STU00293,293,2025-10-12,Mazowieckie,Warsaw,SCH004,Business Analytics,Bachelor,Female,24,No,No,15.8,74.9,69.9,5.6
STU00294,294,2025-10-12,Mazowieckie,Warsaw,SCH004,Business Analytics,Bachelor,Female,23,No,Yes,11.0,77.5,89.3,7.2
STU00295,295,2025-10-13,Mazowieckie,Warsaw,SCH004,Cybersecurity,Bachelor,Male,19,Yes,Yes,21.7,84.4,90.3,9.1
STU00296,296,2025-10-13,Mazowieckie,Warsaw,SCH004,Cybersecurity,Master,Female,34,No,Yes,23.6,81.8,100,6.5
STU00297,297,2025-10-13,Mazowieckie,Warsaw,SCH004,Business Analytics,Master,Other/Prefer not to say,27,No,Yes,13.1,75.3,68.4,10
STU00298,298,2025-10-13,Mazowieckie,Warsaw,SCH004,Cybersecurity,Master,Male,29,No,Yes,24.5,77.0,100,6.5
STU00299,299,2025-10-13,Mazowieckie,Warsaw,SCH004,Software Engineering,Bachelor,Female,22,No,Yes,14.1,80.5,79.7,6.0
STU00300,300,2025-10-13,Mazowieckie,Warsaw,SCH004,Software Engineering,Master,Male,24,No,No,20.5,78.6,75.7,5.8
STU00301,301,2025-10-13,Mazowieckie,Warsaw,SCH004,Software Engineering,Bachelor,Female,23,Yes,No,22.7,91.3,91.2,5.5
STU00302,302,2025-10-14,Mazowieckie,Warsaw,SCH004,Data Science,Bachelor,Female,19,No,No,13.7,76.9,73.7,7.4
STU00303,303,2025-10-14,Mazowieckie,Warsaw,SCH004,Cybersecurity,Bachelor,Male,23,No,Yes,4.1,82.6,62.3,6.1
STU00304,304,2025-10-14,Mazowieckie,Warsaw,SCH004,Data Science,Bachelor,Male,22,Yes,Yes,19.6,88.6,98.3,7.3
STU00305,305,2025-10-14,Mazowieckie,Warsaw,SCH004,Business Analytics,Bachelor,Other/Prefer not to say,23,No,Yes,12.8,80.3,82.9,7.3
STU00306,306,2025-10-14,Mazowieckie,Warsaw,SCH004,Data Science,Master,Female,25,No,Yes,6.3,72.4,57.5,6.8
STU00307,307,2025-10-14,Mazowieckie,Warsaw,SCH004,Data Science,Bachelor,Female,25,Yes,Yes,12.2,86.7,78.4,6.4
STU00308,308,2025-10-14,Mazowieckie,Warsaw,SCH004,Data Science,Bachelor,Female,22,No,Yes,20.6,91.6,83.5,8.4
STU00309,309,2025-10-15,Mazowieckie,Warsaw,SCH004,Software Engineering,Bachelor,Female,23,No,Yes,10.3,82.6,73.1,7.8
STU00310,310,2025-10-15,Mazowieckie,Warsaw,SCH004,Data Science,Bachelor,Male,19,Yes,Yes,3.2,76.2,57.4,6.6
STU00311,311,2025-10-15,Mazowieckie,Warsaw,SCH004,Software Engineering,Master,Female,30,No,No,13.7,76.8,77.8,8.0
STU00312,312,2025-10-15,Mazowieckie,Warsaw,SCH004,Data Science,Master,Male,30,No,Yes,15.2,76.5,82.7,6.6
STU00313,313,2025-10-15,Mazowieckie,Warsaw,SCH004,Business Analytics,PhD,Male,29,Yes,Yes,20.6,76.9,90.2,6.8
STU00314,314,2025-10-15,Mazowieckie,Warsaw,SCH004,Cybersecurity,Bachelor,Male,19,Yes,Yes,6.7,76.7,53.7,7.1
STU00315,315,2025-10-15,Mazowieckie,Warsaw,SCH004,Software Engineering,Bachelor,Male,24,Yes,Yes,10.0,77.6,78.1,7.3
STU00316,316,2025-10-16,Mazowieckie,Warsaw,SCH004,Software Engineering,Bachelor,Male,23,No,Yes,10.3,69.2,66.8,7.2
STU00317,317,2025-10-16,Mazowieckie,Warsaw,SCH004,Software Engineering,Bachelor,Male,24,Yes,No,14.2,89.4,86.8,4.6
STU00318,318,2025-10-16,Mazowieckie,Warsaw,SCH004,Data Science,Master,Male,26,No,No,21.8,68.2,92.7,6.4
STU00319,319,2025-10-16,Mazowieckie,Warsaw,SCH004,Software Engineering,Bachelor,Male,23,No,Yes,12.0,74.9,79.6,9.5
STU00320,320,2025-10-16,Mazowieckie,Warsaw,SCH004,Software Engineering,Master,Male,22,No,Yes,14.8,91.0,97.9,9.6
STU00321,321,2025-10-16,Mazowieckie,Warsaw,SCH004,Data Science,Master,Female,25,No,Yes,6.2,86.0,72.8,6.8
STU00322,322,2025-10-16,Mazowieckie,Warsaw,SCH004,Cybersecurity,Master,Male,23,No,Yes,11.6,80.8,86.2,7.2
STU00323,323,2025-10-17,Mazowieckie,Warsaw,SCH004,Cybersecurity,Bachelor,Male,22,No,Yes,12.9,89.6,89.7,9.2
STU00324,324,2025-10-17,Mazowieckie,Warsaw,SCH004,Business Analytics,PhD,Male,31,Yes,Yes,30.6,85.2,100,7.5
STU00325,325,2025-10-17,Mazowieckie,Warsaw,SCH004,Software Engineering,Master,Male,22,Yes,Yes,26.4,77.5,97.3,6.5
STU00326,326,2025-10-17,Mazowieckie,Warsaw,SCH004,Business Analytics,Master,Female,25,No,Yes,19.3,71.0,90.3,8.0
STU00327,327,2025-10-17,Mazowieckie,Warsaw,SCH004,Software Engineering,Bachelor,Female,22,No,Yes,27.7,91.7,99.2,6.1
STU00328,328,2025-10-17,Mazowieckie,Warsaw,SCH004,Software Engineering,Bachelor,Male,22,Yes,Yes,16.1,86.4,96.4,6.0
STU00329,329,2025-10-17,Mazowieckie,Warsaw,SCH004,Cybersecurity,Bachelor,Female,18,No,No,13.7,90.4,85.1,7.6
STU00330,330,2025-10-18,Mazowieckie,Warsaw,SCH004,Software Engineering,Master,Female,33,No,Yes,13.3,71.3,82.6,6.8
STU00331,331,2025-10-18,Mazowieckie,Warsaw,SCH004,Data Science,Bachelor,Male,20,No,Yes,13.5,64.0,59.1,6.0
STU00332,332,2025-10-18,Mazowieckie,Warsaw,SCH004,Business Analytics,Master,Male,25,No,No,13.9,96.5,86.3,8.4
STU00333,333,2025-10-18,Mazowieckie,Warsaw,SCH004,Business Analytics,Bachelor,Female,19,No,Yes,19.5,90.3,86.8,7.6
STU00334,334,2025-10-18,Mazowieckie,Warsaw,SCH004,Data Science,Master,Other/Prefer not to say,27,No,Yes,21.6,73.9,85.9,9.0
STU00335,335,2025-10-18,Mazowieckie,Warsaw,SCH004,Cybersecurity,Master,Male,24,No,Yes,13.7,82.0,83.5,6.0
STU00336,336,2025-10-18,Mazowieckie,Warsaw,SCH004,Software Engineering,Bachelor,Male,20,No,Yes,3.4,94.8,72.9,8.2
STU00337,337,2025-10-19,Mazowieckie,Warsaw,SCH004,Cybersecurity,Bachelor,Female,23,No,Yes,14.5,80.1,81.8,6.6
STU00338,338,2025-10-19,Mazowieckie,Warsaw,SCH004,Cybersecurity,Master,Female,30,No,Yes,18.9,72.5,81.9,9.1
STU00339,339,2025-10-19,Mazowieckie,Warsaw,SCH004,Cybersecurity,Bachelor,Male,20,No,No,12.0,85.0,96.1,6.3
STU00340,340,2025-10-19,Mazowieckie,Warsaw,SCH004,Data Science,Bachelor,Male,20,Yes,Yes,13.4,82.9,80.2,5.5
STU00341,341,2025-10-19,Mazowieckie,Warsaw,SCH004,Software Engineering,Bachelor,Male,18,No,Yes,21.4,91.9,100,8.1
STU00342,342,2025-10-19,Mazowieckie,Warsaw,SCH004,Data Science,Bachelor,Female,20,Yes,Yes,21.2,83.6,100,8.5
STU00343,343,2025-10-19,Mazowieckie,Warsaw,SCH004,Software Engineering,Bachelor,Female,19,No,Yes,12.2,97.2,78.8,8.1
STU00344,344,2025-10-20,Mazowieckie,Warsaw,SCH004,Software Engineering,Master,Other/Prefer not to say,27,No,Yes,22.7,82.9,100,10
STU00345,345,2025-10-20,Mazowieckie,Warsaw,SCH004,Data Science,Bachelor,Male,19,No,Yes,15.3,83.5,75.1,7.5
STU00346,346,2025-10-20,Mazowieckie,Warsaw,SCH004,Data Science,Bachelor,Female,22,No,Yes,17.9,61.2,82.4,5.9
STU00347,347,2025-10-20,Mazowieckie,Warsaw,SCH004,Cybersecurity,Bachelor,Female,18,Yes,Yes,13.3,75.9,92.1,5.5
STU00348,348,2025-10-20,Mazowieckie,Warsaw,SCH004,Software Engineering,Bachelor,Female,23,Yes,Yes,19.9,81.1,80.9,9.1
STU00349,349,2025-10-20,Mazowieckie,Warsaw,SCH004,Software Engineering,Master,Male,23,Yes,No,28.6,80.8,100,8.6
STU00350,350,2025-10-20,Mazowieckie,Warsaw,SCH004,Software Engineering,Bachelor,Female,24,No,Yes,20.7,64.3,81.5,4.4
STU00351,351,2025-10-21,Mazowieckie,Warsaw,SCH004,Cybersecurity,Bachelor,Male,25,Yes,Yes,12.9,97.4,83.8,6.3
STU00352,352,2025-10-21,Mazowieckie,Warsaw,SCH004,Software Engineering,Bachelor,Other/Prefer not to say,23,No,Yes,10.1,72.8,71.5,5.9
STU00353,353,2025-10-21,Mazowieckie,Warsaw,SCH004,Software Engineering,Bachelor,Female,18,Yes,No,10.4,82.6,74.0,7.1
STU00354,354,2025-10-21,Mazowieckie,Warsaw,SCH004,Cybersecurity,Master,Female,26,Yes,Yes,15.8,75.0,82.3,8.6
STU00355,355,2025-10-21,Mazowieckie,Warsaw,SCH004,Cybersecurity,Master,Male,29,No,No,17.0,78.1,83.4,7.1
STU00356,356,2025-10-21,Mazowieckie,Warsaw,SCH004,Software Engineering,Bachelor,Male,22,No,Yes,10.9,70.9,65.8,9.1
STU00357,357,2025-10-21,Mazowieckie,Warsaw,SCH004,Software Engineering,Master,Female,34,No,Yes,12.6,66.8,82.1,8.4
STU00358,358,2025-10-22,Mazowieckie,Warsaw,SCH004,Cybersecurity,Bachelor,Male,22,No,Yes,22.4,93.2,87.6,8.1
STU00359,359,2025-10-22,Mazowieckie,Warsaw,SCH004,Cybersecurity,Master,Female,25,Yes,No,14.7,89.9,89.9,5.5
STU00360,360,2025-10-22,Mazowieckie,Warsaw,SCH004,Cybersecurity,Bachelor,Male,19,No,Yes,7.2,59.0,66.2,7.8
STU00361,361,2025-10-22,Mazowieckie,Warsaw,SCH004,Data Science,Bachelor,Male,25,No,No,20.5,71.8,93.6,8.7
STU00362,362,2025-10-22,Mazowieckie,Warsaw,SCH004,Software Engineering,Bachelor,Male,23,No,Yes,25.0,77.1,96.9,6.4
STU00363,363,2025-10-22,Mazowieckie,Warsaw,SCH004,Business Analytics,PhD,Female,29,Yes,Yes,26.5,75.2,100,6.1
STU00364,364,2025-10-22,Mazowieckie,Warsaw,SCH004,Software Engineering,Bachelor,Male,21,Yes,Yes,14.8,91.9,80.1,4.9
STU00365,365,2025-10-23,Mazowieckie,Warsaw,SCH004,Business Analytics,Bachelor,Male,23,No,No,7.9,75.0,79.4,6.2
STU00366,366,2025-10-23,Mazowieckie,Warsaw,SCH004,Business Analytics,Bachelor,Male,24,No,Yes,16.8,80.9,82.8,6.8
STU00367,367,2025-10-23,Mazowieckie,Warsaw,SCH004,Data Science,Master,Female,26,Yes,Yes,19.7,76.4,82.6,7.1
STU00368,368,2025-10-23,Mazowieckie,Warsaw,SCH004,Software Engineering,Bachelor,Male,21,No,Yes,14.7,97.5,93.9,7.2
STU00369,369,2025-10-23,Mazowieckie,Warsaw,SCH004,Business Analytics,Bachelor,Female,23,No,Yes,13.9,73.3,86.4,5.5
STU00370,370,2025-10-23,Mazowieckie,Warsaw,SCH004,Data Science,Bachelor,Male,23,No,Yes,7.1,69.5,72.8,6.9
STU00371,371,2025-10-23,Mazowieckie,Warsaw,SCH004,Software Engineering,Bachelor,Female,20,No,Yes,17.9,82.0,88.4,8.3
STU00372,372,2025-10-24,Mazowieckie,Warsaw,SCH004,Data Science,Master,Female,24,Yes,No,11.9,73.1,66.4,5.1
STU00373,373,2025-10-24,Mazowieckie,Warsaw,SCH004,Software Engineering,Bachelor,Male,19,No,Yes,14.6,86.3,93.7,8.3
STU00374,374,2025-10-24,Mazowieckie,Warsaw,SCH004,Cybersecurity,Bachelor,Female,21,No,Yes,12.0,87.3,91.7,7.2
STU00375,375,2025-10-24,Mazowieckie,Warsaw,SCH004,Software Engineering,Bachelor,Male,18,Yes,Yes,16.4,97.3,99.1,7.7
STU00376,376,2025-10-24,Mazowieckie,Warsaw,SCH004,Business Analytics,Bachelor,Female,19,No,Yes,11.7,100,90.6,7.2
STU00377,377,2025-10-24,Mazowieckie,Warsaw,SCH004,Cybersecurity,Master,Female,32,Yes,Yes,21.9,81.1,100,7.1
STU00378,378,2025-10-24,Mazowieckie,Warsaw,SCH005,Software Engineering,Bachelor,Male,24,No,Yes,14.1,89.8,74.9,7.8
STU00379,379,2025-10-25,Mazowieckie,Warsaw,SCH005,Data Science,Master,Male,22,No,Yes,11.7,82.8,82.2,8.0
STU00380,380,2025-10-25,Mazowieckie,Warsaw,SCH005,Data Science,Bachelor,Female,24,No,Yes,7.9,76.0,78.3,7.5
STU00381,381,2025-10-25,Mazowieckie,Warsaw,SCH005,Data Science,Master,Male,22,No,Yes,17.4,84.3,88.5,7.9
STU00382,382,2025-10-25,Mazowieckie,Warsaw,SCH005,Software Engineering,Bachelor,Female,24,No,Yes,9.9,83.9,82.5,7.6
STU00383,383,2025-10-25,Mazowieckie,Warsaw,SCH005,Data Science,Master,Male,26,No,No,8.1,84.5,65.7,5.1
STU00384,384,2025-10-25,Mazowieckie,Warsaw,SCH005,Software Engineering,Bachelor,Female,18,No,Yes,22.7,76.0,92.0,7.9
STU00385,385,2025-10-25,Mazowieckie,Warsaw,SCH005,Data Science,Master,Male,30,Yes,Yes,27.0,77.3,96.7,8.8
STU00386,386,2025-10-26,Mazowieckie,Warsaw,SCH005,Data Science,Bachelor,Male,25,No,Yes,18.9,76.4,83.4,7.9
STU00387,387,2025-10-26,Mazowieckie,Warsaw,SCH005,Cybersecurity,PhD,Male,32,Yes,Yes,28.2,90.1,100,6.3
STU00388,388,2025-10-26,Mazowieckie,Warsaw,SCH005,Software Engineering,Bachelor,Male,23,No,No,16.1,84.2,92.8,7.6
STU00389,389,2025-10-26,Mazowieckie,Warsaw,SCH005,Data Science,Bachelor,Female,23,No,Yes,6.3,74.6,73.5,6.6
STU00390,390,2025-10-26,Mazowieckie,Warsaw,SCH005,Software Engineering,Bachelor,Male,20,No,Yes,13.0,78.6,70.4,7.1
STU00391,391,2025-10-26,Mazowieckie,Warsaw,SCH005,Software Engineering,Master,Male,31,No,Yes,6.6,90.5,72.1,3.6
STU00392,392,2025-10-26,Mazowieckie,Warsaw,SCH005,Software Engineering,Bachelor,Female,21,No,Yes,9.1,83.3,74.0,7.1
STU00393,393,2025-10-27,Mazowieckie,Warsaw,SCH005,Data Science,Bachelor,Female,20,No,Yes,14.0,87.0,94.1,5.5
STU00394,394,2025-10-27,Mazowieckie,Warsaw,SCH005,Software Engineering,Bachelor,Male,18,Yes,Yes,11.9,91.9,88.0,8.7
STU00395,395,2025-10-27,Mazowieckie,Warsaw,SCH005,Cybersecurity,Master,Female,29,No,Yes,17.9,77.2,83.4,9.1
STU00396,396,2025-10-27,Mazowieckie,Warsaw,SCH005,Software Engineering,Bachelor,Male,20,No,Yes,12.6,61.8,63.0,7.7
STU00397,397,2025-10-27,Mazowieckie,Warsaw,SCH005,Data Science,PhD,Female,36,No,Yes,21.8,70.6,84.2,7.6
STU00398,398,2025-10-27,Mazowieckie,Warsaw,SCH005,Software Engineering,Bachelor,Female,20,Yes,Yes,18.3,89.0,83.8,6.9
STU00399,399,2025-10-27,Mazowieckie,Warsaw,SCH005,Software Engineering,Bachelor,Female,20,No,Yes,16.3,80.2,89.4,7.0
STU00400,400,2025-10-28,Mazowieckie,Warsaw,SCH005,Business Analytics,Bachelor,Female,20,No,Yes,12.5,93.1,83.0,7.7
STU00401,401,2025-10-28,Mazowieckie,Warsaw,SCH005,Software Engineering,Master,Female,23,Yes,Yes,18.6,71.7,86.1,7.4
STU00402,402,2025-10-28,Mazowieckie,Warsaw,SCH005,Software Engineering,Bachelor,Male,22,Yes,Yes,21.0,94.9,95.8,9.1
STU00403,403,2025-10-28,Mazowieckie,Warsaw,SCH005,Data Science,Bachelor,Male,24,No,Yes,16.0,89.5,100,5.8
STU00404,404,2025-10-28,Mazowieckie,Warsaw,SCH005,Software Engineering,Bachelor,Female,20,No,Yes,8.0,100,84.1,7.6
STU00405,405,2025-10-28,Mazowieckie,Warsaw,SCH005,Business Analytics,Bachelor,Male,24,No,No,9.2,82.4,68.5,5.4
STU00406,406,2025-10-28,Mazowieckie,Warsaw,SCH005,Software Engineering,Master,Female,24,Yes,No,14.6,86.5,85.0,6.0
STU00407,407,2025-10-29,Mazowieckie,Warsaw,SCH005,Data Science,Bachelor,Male,18,No,Yes,10.4,94.6,85.7,7.6
STU00408,408,2025-10-29,Mazowieckie,Warsaw,SCH005,Data Science,Bachelor,Male,22,No,Yes,10.0,67.4,66.7,8.3
STU00409,409,2025-10-29,Mazowieckie,Warsaw,SCH005,Software Engineering,Bachelor,Male,20,No,Yes,13.7,79.8,87.8,6.4
STU00410,410,2025-10-29,Mazowieckie,Warsaw,SCH005,Business Analytics,Master,Male,33,Yes,No,25.5,87.4,100,5.2
STU00411,411,2025-10-29,Mazowieckie,Warsaw,SCH005,Software Engineering,Master,Male,22,Yes,No,18.5,87.4,92.8,8.9
STU00412,412,2025-10-29,Mazowieckie,Warsaw,SCH005,Data Science,Bachelor,Female,19,No,No,23.0,89.2,97.7,6.8
STU00413,413,2025-10-29,Mazowieckie,Warsaw,SCH005,Data Science,PhD,Male,30,No,Yes,16.6,84.4,98.6,8.0
STU00414,414,2025-10-30,Mazowieckie,Warsaw,SCH005,Software Engineering,Bachelor,Male,21,No,Yes,10.1,70.7,79.7,7.7
STU00415,415,2025-10-30,Mazowieckie,Warsaw,SCH005,Cybersecurity,Bachelor,Male,24,No,Yes,13.7,79.7,78.6,8.3
STU00416,416,2025-10-30,Mazowieckie,Warsaw,SCH005,Business Analytics,Master,Female,26,Yes,No,21.2,73.2,89.7,7.5
STU00417,417,2025-10-30,Mazowieckie,Warsaw,SCH005,Software Engineering,Bachelor,Male,23,No,No,14.1,99.7,88.9,8.3
STU00418,418,2025-10-30,Mazowieckie,Warsaw,SCH005,Business Analytics,Bachelor,Male,21,No,No,8.0,69.3,68.5,6.4
STU00419,419,2025-10-30,Mazowieckie,Warsaw,SCH005,Data Science,Bachelor,Male,21,No,Yes,13.4,70.0,92.7,7.0
STU00420,420,2025-10-30,Mazowieckie,Warsaw,SCH005,Data Science,Master,Female,32,No,Yes,16.9,74.1,82.5,7.0
STU00421,421,2025-10-31,Mazowieckie,Warsaw,SCH005,Data Science,Bachelor,Male,21,No,Yes,17.2,78.1,72.3,7.7
STU00422,422,2025-10-31,Mazowieckie,Warsaw,SCH005,Software Engineering,Bachelor,Female,19,Yes,Yes,19.2,94.2,95.0,10
STU00423,423,2025-10-31,Mazowieckie,Warsaw,SCH005,Software Engineering,PhD,Female,35,No,No,20.4,96.1,91.5,4.1
STU00424,424,2025-10-31,Mazowieckie,Warsaw,SCH005,Data Science,Master,Female,31,Yes,Yes,19.8,62.0,89.6,8.0
STU00425,425,2025-10-31,Mazowieckie,Warsaw,SCH005,Software Engineering,Master,Female,23,No,Yes,17.9,79.4,86.7,7.9
STU00426,426,2025-10-31,Mazowieckie,Warsaw,SCH005,Software Engineering,Bachelor,Female,22,No,Yes,20.4,72.8,83.5,6.4
STU00427,427,2025-10-31,Mazowieckie,Warsaw,SCH005,Cybersecurity,Master,Male,26,No,Yes,17.0,95.1,92.6,8.8
STU00428,428,2025-11-01,Mazowieckie,Warsaw,SCH005,Software Engineering,Master,Male,25,Yes,No,11.7,93.7,96.3,8.1
STU00429,429,2025-11-01,Mazowieckie,Warsaw,SCH005,Software Engineering,PhD,Male,35,No,Yes,25.3,68.0,89.0,5.6
STU00430,430,2025-11-01,Mazowieckie,Warsaw,SCH005,Software Engineering,Bachelor,Female,19,No,Yes,18.6,71.8,91.6,8.1
STU00431,431,2025-11-01,Mazowieckie,Warsaw,SCH005,Data Science,Bachelor,Male,21,No,Yes,12.4,52.9,61.7,6.3
STU00432,432,2025-11-01,Mazowieckie,Warsaw,SCH005,Software Engineering,Bachelor,Female,19,No,Yes,18.3,76.2,83.7,8.4
STU00433,433,2025-11-01,Mazowieckie,Warsaw,SCH005,Software Engineering,Bachelor,Male,19,Yes,Yes,23.9,77.3,100,7.0
STU00434,434,2025-11-01,Mazowieckie,Warsaw,SCH005,Business Analytics,Bachelor,Male,23,No,Yes,7.4,74.2,69.5,7.7
STU00435,435,2025-11-02,Mazowieckie,Warsaw,SCH005,Data Science,Bachelor,Male,19,Yes,Yes,14.0,100,100,7.8
STU00436,436,2025-11-02,Mazowieckie,Warsaw,SCH005,Cybersecurity,Master,Other/Prefer not to say,23,Yes,Yes,19.3,71.3,72.9,6.9
STU00437,437,2025-11-02,Mazowieckie,Warsaw,SCH005,Software Engineering,Bachelor,Female,20,Yes,Yes,19.5,88.7,90.0,4.6
STU00438,438,2025-11-02,Mazowieckie,Warsaw,SCH005,Data Science,Bachelor,Female,20,No,Yes,16.0,79.9,71.3,5.9
STU00439,439,2025-11-02,Mazowieckie,Warsaw,SCH005,Business Analytics,Bachelor,Male,21,No,Yes,16.8,74.8,86.2,7.3
STU00440,440,2025-11-02,Mazowieckie,Warsaw,SCH005,Software Engineering,Master,Female,29,No,Yes,17.1,63.2,78.7,6.3
STU00441,441,2025-11-02,Mazowieckie,Warsaw,SCH005,Software Engineering,Master,Male,30,No,Yes,25.1,70.7,91.0,8.2
STU00442,442,2025-11-03,Mazowieckie,Warsaw,SCH005,Cybersecurity,Bachelor,Female,24,No,Yes,21.0,84.3,85.0,7.3
STU00443,443,2025-11-03,Mazowieckie,Warsaw,SCH005,Cybersecurity,Bachelor,Female,21,No,Yes,10.3,76.5,84.3,6.7
STU00444,444,2025-11-03,Mazowieckie,Warsaw,SCH005,Data Science,Bachelor,Female,18,No,Yes,11.3,88.0,82.1,8.7
STU00445,445,2025-11-03,Mazowieckie,Warsaw,SCH005,Data Science,Bachelor,Female,21,No,Yes,17.8,90.8,70.5,5.8
STU00446,446,2025-11-03,Mazowieckie,Warsaw,SCH005,Software Engineering,Bachelor,Male,18,No,Yes,16.0,73.9,80.9,8.0
STU00447,447,2025-11-03,Mazowieckie,Warsaw,SCH005,Data Science,Bachelor,Other/Prefer not to say,21,No,No,11.7,80.6,100,7.6
STU00448,448,2025-11-03,Mazowieckie,Warsaw,SCH005,Software Engineering,Bachelor,Female,24,No,Yes,21.7,73.8,99.1,10
STU00449,449,2025-11-04,Mazowieckie,Warsaw,SCH005,Data Science,Bachelor,Male,21,No,Yes,17.1,66.5,64.0,7.1
STU00450,450,2025-11-04,Mazowieckie,Warsaw,SCH005,Software Engineering,Bachelor,Male,24,No,Yes,19.3,96.9,100,6.5
STU00451,451,2025-11-04,Mazowieckie,Warsaw,SCH005,Data Science,Bachelor,Female,19,No,Yes,15.0,96.6,90.7,9.1
STU00452,452,2025-11-04,Mazowieckie,Warsaw,SCH005,Cybersecurity,Bachelor,Female,25,No,No,15.7,84.0,74.9,7.6
STU00453,453,2025-11-04,Mazowieckie,Warsaw,SCH005,Software Engineering,Bachelor,Female,20,No,Yes,9.0,76.6,64.7,6.0
STU00454,454,2025-11-04,Mazowieckie,Warsaw,SCH005,Cybersecurity,Bachelor,Female,25,No,No,12.5,90.9,80.8,8.0
STU00455,455,2025-11-04,Mazowieckie,Warsaw,SCH005,Data Science,Bachelor,Female,18,No,Yes,15.2,77.9,69.0,6.6
STU00456,456,2025-11-05,Mazowieckie,Warsaw,SCH005,Cybersecurity,Bachelor,Female,24,Yes,Yes,12.7,83.6,77.8,7.4
STU00457,457,2025-11-05,Mazowieckie,Warsaw,SCH005,Data Science,Bachelor,Male,18,No,Yes,19.0,84.7,89.2,7.1
STU00458,458,2025-11-05,Mazowieckie,Warsaw,SCH005,Software Engineering,Bachelor,Male,22,Yes,Yes,16.2,82.7,85.8,9.1
STU00459,459,2025-11-05,Mazowieckie,Warsaw,SCH005,Software Engineering,Master,Female,32,Yes,Yes,15.5,92.6,88.3,6.7
STU00460,460,2025-11-05,Mazowieckie,Warsaw,SCH005,Data Science,Master,Female,23,No,Yes,22.8,82.6,100,8.3
STU00461,461,2025-11-05,Mazowieckie,Warsaw,SCH005,Data Science,Bachelor,Male,20,No,Yes,16.2,79.6,73.9,5.9
STU00462,462,2025-11-05,Mazowieckie,Warsaw,SCH005,Cybersecurity,Master,Female,34,Yes,Yes,15.5,79.9,87.4,8.8
STU00463,463,2025-11-06,Mazowieckie,Warsaw,SCH005,Cybersecurity,Bachelor,Other/Prefer not to say,23,No,Yes,13.9,67.5,65.4,6.7
STU00464,464,2025-11-06,Mazowieckie,Warsaw,SCH005,Cybersecurity,Bachelor,Male,22,No,Yes,17.3,80.2,86.7,8.5
STU00465,465,2025-11-06,Mazowieckie,Warsaw,SCH005,Data Science,Bachelor,Male,18,No,Yes,14.9,81.3,83.6,8.3
STU00466,466,2025-11-06,Mazowieckie,Warsaw,SCH005,Software Engineering,Bachelor,Male,20,Yes,Yes,9.1,87.4,83.6,8.5
STU00467,467,2025-11-06,Mazowieckie,Warsaw,SCH005,Cybersecurity,Bachelor,Male,21,No,No,11.6,81.6,75.0,7.9
STU00468,468,2025-11-06,Mazowieckie,Warsaw,SCH005,Business Analytics,Bachelor,Male,22,Yes,No,9.2,70.2,77.0,7.6
STU00469,469,2025-11-06,Mazowieckie,Warsaw,SCH005,Cybersecurity,Master,Male,23,No,Yes,14.9,72.2,71.3,9.3
STU00470,470,2025-11-07,Mazowieckie,Warsaw,SCH005,Cybersecurity,Bachelor,Female,20,No,Yes,14.6,88.6,95.8,10
STU00471,471,2025-11-07,Mazowieckie,Warsaw,SCH005,Software Engineering,Master,Female,28,Yes,Yes,18.8,85.8,94.4,7.4
STU00472,472,2025-11-07,Mazowieckie,Warsaw,SCH005,Data Science,Bachelor,Male,20,No,Yes,13.3,83.2,90.1,6.2
STU00473,473,2025-11-07,Mazowieckie,Warsaw,SCH005,Cybersecurity,PhD,Female,33,No,Yes,17.2,83.8,87.0,7.0
STU00474,474,2025-11-07,Mazowieckie,Warsaw,SCH005,Cybersecurity,Bachelor,Male,18,No,Yes,9.4,69.1,80.0,7.7
STU00475,475,2025-11-07,Mazowieckie,Warsaw,SCH005,Business Analytics,Bachelor,Female,23,Yes,No,9.4,97.1,88.9,7.7
STU00476,476,2025-11-07,Mazowieckie,Warsaw,SCH005,Software Engineering,Bachelor,Female,23,No,Yes,21.0,78.0,91.9,7.8
STU00477,477,2025-11-08,Mazowieckie,Warsaw,SCH005,Cybersecurity,Bachelor,Female,25,No,No,20.0,75.0,78.1,5.0
STU00478,478,2025-11-08,Mazowieckie,Warsaw,SCH005,Data Science,Bachelor,Female,21,No,Yes,21.6,93.8,100,9.2
STU00479,479,2025-11-08,Mazowieckie,Warsaw,SCH005,Business Analytics,Bachelor,Male,19,Yes,No,16.3,78.7,79.4,4.5
STU00480,480,2025-11-08,Mazowieckie,Warsaw,SCH005,Cybersecurity,Bachelor,Male,19,Yes,Yes,25.3,61.0,92.5,7.7
STU00481,481,2025-11-08,Mazowieckie,Warsaw,SCH005,Cybersecurity,Bachelor,Female,20,Yes,Yes,16.5,77.8,89.0,10
STU00482,482,2025-11-08,Mazowieckie,Warsaw,SCH005,Data Science,Bachelor,Female,24,No,No,13.7,92.5,90.5,7.3
STU00483,483,2025-11-08,Mazowieckie,Warsaw,SCH005,Software Engineering,Master,Female,28,No,Yes,19.8,90.6,88.6,6.5
STU00484,484,2025-11-09,Mazowieckie,Warsaw,SCH005,Cybersecurity,Bachelor,Male,25,No,Yes,17.2,88.0,97.3,8.5
STU00485,485,2025-11-09,Mazowieckie,Warsaw,SCH005,Software Engineering,Bachelor,Male,20,No,No,4.5,81.8,59.3,6.4
STU00486,486,2025-11-09,Mazowieckie,Warsaw,SCH005,Cybersecurity,Bachelor,Male,20,No,No,12.8,77.6,67.0,7.8
STU00487,487,2025-11-09,Mazowieckie,Warsaw,SCH005,Cybersecurity,Bachelor,Male,22,Yes,Yes,12.5,84.6,83.2,9.3
STU00488,488,2025-11-09,Mazowieckie,Warsaw,SCH005,Software Engineering,Bachelor,Male,21,No,Yes,13.4,75.7,71.8,5.7
STU00489,489,2025-11-09,Mazowieckie,Warsaw,SCH005,Cybersecurity,Master,Male,29,No,Yes,16.9,81.5,93.9,10
STU00490,490,2025-11-09,Mazowieckie,Warsaw,SCH005,Data Science,PhD,Male,31,No,Yes,17.8,100,89.7,9.1
STU00491,491,2025-11-10,Mazowieckie,Warsaw,SCH005,Cybersecurity,Bachelor,Female,24,No,Yes,9.7,87.2,69.4,5.5
STU00492,492,2025-11-10,Mazowieckie,Warsaw,SCH005,Cybersecurity,Bachelor,Male,18,No,Yes,21.3,81.4,91.3,9.0
STU00493,493,2025-11-10,Mazowieckie,Warsaw,SCH005,Software Engineering,Bachelor,Male,18,Yes,Yes,15.8,95.9,85.2,7.9
STU00494,494,2025-11-10,Mazowieckie,Warsaw,SCH005,Business Analytics,Bachelor,Male,20,No,Yes,16.9,89.9,94.6,8.5
STU00495,495,2025-11-10,Mazowieckie,Warsaw,SCH006,Cybersecurity,Master,Female,27,No,Yes,10.3,71.5,76.4,8.5
STU00496,496,2025-11-10,Mazowieckie,Warsaw,SCH006,Software Engineering,Bachelor,Male,20,No,Yes,18.1,87.2,88.5,8.9
STU00497,497,2025-11-10,Mazowieckie,Warsaw,SCH006,Software Engineering,Bachelor,Male,20,No,Yes,15.3,58.1,65.5,6.0
STU00498,498,2025-11-11,Mazowieckie,Warsaw,SCH006,Business Analytics,Bachelor,Female,18,No,Yes,14.6,69.2,75.7,6.7
STU00499,499,2025-11-11,Mazowieckie,Warsaw,SCH006,Data Science,Bachelor,Male,22,Yes,Yes,6.9,83.2,69.9,6.7
STU00500,500,2025-11-11,Mazowieckie,Warsaw,SCH006,Software Engineering,Bachelor,Female,25,Yes,Yes,16.2,95.6,89.2,7.0
STU00501,501,2025-11-11,Mazowieckie,Warsaw,SCH006,Data Science,Master,Female,32,No,Yes,23.4,82.7,94.9,6.9
STU00502,502,2025-11-11,Mazowieckie,Warsaw,SCH006,Data Science,Bachelor,Other/Prefer not to say,20,No,Yes,11.6,67.5,75.9,6.3
STU00503,503,2025-11-11,Mazowieckie,Warsaw,SCH006,Software Engineering,Bachelor,Male,19,No,Yes,21.4,68.9,90.1,4.8
STU00504,504,2025-11-11,Mazowieckie,Warsaw,SCH006,Cybersecurity,Bachelor,Female,22,No,Yes,14.9,86.6,97.1,8.3
STU00505,505,2025-11-12,Mazowieckie,Warsaw,SCH006,Cybersecurity,PhD,Female,44,No,No,18.4,93.3,93.7,8.8
STU00506,506,2025-11-12,Mazowieckie,Warsaw,SCH006,Cybersecurity,PhD,Female,43,No,No,10.9,80.3,83.4,6.4
STU00507,507,2025-11-12,Mazowieckie,Warsaw,SCH006,Data Science,Bachelor,Female,25,No,Yes,19.2,65.4,92.1,7.0
STU00508,508,2025-11-12,Mazowieckie,Warsaw,SCH006,Software Engineering,Bachelor,Male,18,No,Yes,13.9,83.7,83.4,9.1
STU00509,509,2025-11-12,Mazowieckie,Warsaw,SCH006,Data Science,Master,Female,28,No,Yes,20.1,81.1,91.2,8.5
STU00510,510,2025-11-12,Mazowieckie,Warsaw,SCH006,Business Analytics,Bachelor,Male,20,No,Yes,18.8,72.2,79.6,9.0
STU00511,511,2025-11-12,Mazowieckie,Warsaw,SCH006,Software Engineering,Bachelor,Male,22,No,Yes,13.1,79.3,77.2,7.0
STU00512,512,2025-11-13,Mazowieckie,Warsaw,SCH006,Software Engineering,Master,Female,24,Yes,Yes,26.0,81.6,100,6.3
STU00513,513,2025-11-13,Mazowieckie,Warsaw,SCH006,Software Engineering,Bachelor,Male,22,No,Yes,19.1,82.0,87.7,7.6
STU00514,514,2025-11-13,Mazowieckie,Warsaw,SCH006,Business Analytics,Bachelor,Female,22,Yes,Yes,19.3,84.6,99.9,8.4
STU00515,515,2025-11-13,Mazowieckie,Warsaw,SCH006,Business Analytics,Master,Female,27,No,No,8.5,77.4,82.4,8.8
STU00516,516,2025-11-13,Mazowieckie,Warsaw,SCH006,Business Analytics,Master,Male,24,Yes,Yes,11.4,96.0,92.0,8.7
STU00517,517,2025-11-13,Mazowieckie,Warsaw,SCH006,Software Engineering,Bachelor,Male,23,No,Yes,6.7,78.1,69.3,8.9
STU00518,518,2025-11-13,Mazowieckie,Warsaw,SCH006,Business Analytics,Bachelor,Female,21,No,Yes,15.1,65.2,76.2,7.7
STU00519,519,2025-11-14,Mazowieckie,Warsaw,SCH006,Business Analytics,Bachelor,Male,19,Yes,Yes,14.8,88.0,86.6,6.8
STU00520,520,2025-11-14,Mazowieckie,Warsaw,SCH006,Data Science,Bachelor,Male,23,No,Yes,24.6,83.9,100,8.0
STU00521,521,2025-11-14,Mazowieckie,Warsaw,SCH006,Cybersecurity,Bachelor,Male,25,No,Yes,17.2,65.6,76.9,5.7
STU00522,522,2025-11-14,Mazowieckie,Warsaw,SCH006,Software Engineering,PhD,Female,29,Yes,No,21.3,78.7,90.6,8.6
STU00523,523,2025-11-14,Mazowieckie,Warsaw,SCH006,Cybersecurity,Master,Male,24,No,Yes,21.3,74.8,88.6,5.6
STU00524,524,2025-11-14,Mazowieckie,Warsaw,SCH006,Business Analytics,Master,Female,22,Yes,Yes,9.4,85.6,77.8,8.8
STU00525,525,2025-11-14,Mazowieckie,Warsaw,SCH006,Cybersecurity,Bachelor,Female,19,No,Yes,15.6,68.1,74.2,7.8
STU00526,526,2025-11-15,Mazowieckie,Warsaw,SCH006,Cybersecurity,Bachelor,Other/Prefer not to say,24,Yes,Yes,14.2,73.0,89.5,7.1
STU00527,527,2025-11-15,Mazowieckie,Warsaw,SCH006,Software Engineering,Bachelor,Female,19,No,Yes,15.3,75.8,79.0,6.7
STU00528,528,2025-11-15,Mazowieckie,Warsaw,SCH006,Cybersecurity,Bachelor,Female,24,Yes,Yes,19.4,67.2,79.2,8.0
STU00529,529,2025-11-15,Mazowieckie,Warsaw,SCH006,Data Science,Bachelor,Male,18,No,Yes,10.0,82.4,74.6,6.7
STU00530,530,2025-11-15,Mazowieckie,Warsaw,SCH006,Business Analytics,Bachelor,Female,22,No,No,11.8,58.2,77.6,6.1
STU00531,531,2025-11-15,Mazowieckie,Warsaw,SCH006,Cybersecurity,Bachelor,Male,22,Yes,No,16.2,82.9,70.5,5.9
STU00532,532,2025-11-15,Mazowieckie,Warsaw,SCH006,Data Science,Bachelor,Female,24,No,Yes,12.0,88.9,80.2,8.8
STU00533,533,2025-11-16,Mazowieckie,Warsaw,SCH006,Cybersecurity,Bachelor,Female,24,No,Yes,10.4,84.1,83.3,7.2
STU00534,534,2025-11-16,Mazowieckie,Warsaw,SCH006,Software Engineering,Bachelor,Female,25,No,No,15.8,84.1,93.9,4.9
STU00535,535,2025-11-16,Mazowieckie,Warsaw,SCH006,Software Engineering,Master,Male,31,Yes,Yes,13.8,79.5,81.1,8.1
STU00536,536,2025-11-16,Mazowieckie,Warsaw,SCH006,Software Engineering,Bachelor,Male,21,No,Yes,19.9,74.2,91.8,7.4
STU00537,537,2025-11-16,Mazowieckie,Warsaw,SCH006,Cybersecurity,Bachelor,Male,19,Yes,No,30.3,80.0,100,5.7
STU00538,538,2025-11-16,Mazowieckie,Warsaw,SCH006,Business Analytics,Bachelor,Female,25,No,Yes,10.3,66.8,61.7,6.7
STU00539,539,2025-11-16,Mazowieckie,Warsaw,SCH006,Business Analytics,Bachelor,Male,18,No,Yes,6.0,83.1,57.3,9.1
STU00540,540,2025-11-17,Mazowieckie,Warsaw,SCH006,Data Science,Master,Female,31,No,No,15.4,78.6,82.0,7.1
STU00541,541,2025-11-17,Mazowieckie,Warsaw,SCH006,Business Analytics,Bachelor,Male,18,No,Yes,4.2,79.3,67.7,8.1
STU00542,542,2025-11-17,Mazowieckie,Warsaw,SCH006,Business Analytics,Bachelor,Female,19,No,No,13.5,65.4,71.6,7.0
STU00543,543,2025-11-17,Mazowieckie,Warsaw,SCH006,Data Science,Master,Female,30,No,Yes,19.4,82.8,97.9,7.3
STU00544,544,2025-11-17,Mazowieckie,Warsaw,SCH006,Business Analytics,Bachelor,Male,21,No,No,17.3,91.4,94.9,7.1
STU00545,545,2025-11-17,Mazowieckie,Warsaw,SCH006,Software Engineering,Bachelor,Female,25,No,Yes,13.8,63.3,68.7,6.7
STU00546,546,2025-11-17,Mazowieckie,Warsaw,SCH006,Cybersecurity,Master,Female,28,Yes,No,11.9,87.8,95.2,6.8
STU00547,547,2025-11-18,Mazowieckie,Warsaw,SCH006,Business Analytics,Bachelor,Male,24,No,Yes,13.4,87.9,87.9,6.9
STU00548,548,2025-11-18,Mazowieckie,Warsaw,SCH006,Cybersecurity,Bachelor,Male,21,No,Yes,15.5,88.5,88.9,7.1
STU00549,549,2025-11-18,Mazowieckie,Warsaw,SCH006,Software Engineering,Bachelor,Male,18,No,Yes,12.2,71.4,76.5,6.3
STU00550,550,2025-11-18,Mazowieckie,Warsaw,SCH006,Software Engineering,Bachelor,Female,21,No,Yes,13.3,75.1,83.1,6.8
STU00551,551,2025-11-18,Mazowieckie,Warsaw,SCH006,Business Analytics,Bachelor,Male,20,No,Yes,13.9,91.2,97.8,7.2
STU00552,552,2025-11-18,Mazowieckie,Warsaw,SCH006,Data Science,Master,Female,32,No,Yes,18.0,83.3,93.6,6.5
STU00553,553,2025-11-18,Mazowieckie,Warsaw,SCH006,Data Science,Bachelor,Male,22,Yes,Yes,19.3,82.1,85.8,8.7
STU00554,554,2025-11-19,Mazowieckie,Warsaw,SCH006,Cybersecurity,Bachelor,Female,19,No,Yes,15.6,82.4,82.7,7.2
STU00555,555,2025-11-19,Mazowieckie,Warsaw,SCH006,Business Analytics,Bachelor,Female,18,No,Yes,13.2,95.4,97.3,7.2
STU00556,556,2025-11-19,Mazowieckie,Warsaw,SCH006,Business Analytics,Bachelor,Male,24,No,No,14.7,76.5,83.1,8.0
STU00557,557,2025-11-19,Mazowieckie,Warsaw,SCH006,Software Engineering,Bachelor,Female,23,No,Yes,30.0,91.6,100,7.0
STU00558,558,2025-11-19,Mazowieckie,Warsaw,SCH006,Cybersecurity,Master,Male,34,No,Yes,17.6,82.5,87.0,8.1
STU00559,559,2025-11-19,Mazowieckie,Warsaw,SCH006,Business Analytics,Bachelor,Male,23,No,No,11.0,82.5,81.4,7.1
STU00560,560,2025-11-19,Mazowieckie,Warsaw,SCH006,Data Science,PhD,Female,42,No,Yes,28.9,76.0,100,7.3
STU00561,561,2025-11-20,Mazowieckie,Warsaw,SCH006,Cybersecurity,Bachelor,Male,24,Yes,No,13.3,73.4,73.2,4.6
STU00562,562,2025-11-20,Mazowieckie,Warsaw,SCH006,Software Engineering,Bachelor,Male,18,No,Yes,24.8,82.6,97.6,7.0
STU00563,563,2025-11-20,Mazowieckie,Warsaw,SCH006,Data Science,Bachelor,Male,22,No,Yes,6.7,67.8,79.9,7.9
STU00564,564,2025-11-20,Mazowieckie,Warsaw,SCH006,Software Engineering,Bachelor,Male,19,No,Yes,19.4,53.7,75.9,5.6
STU00565,565,2025-11-20,Mazowieckie,Warsaw,SCH006,Software Engineering,PhD,Female,31,No,Yes,18.7,84.4,98.1,8.6
STU00566,566,2025-11-20,Mazowieckie,Warsaw,SCH006,Software Engineering,Bachelor,Female,18,Yes,No,12.7,75.8,88.2,8.9
STU00567,567,2025-11-20,Mazowieckie,Warsaw,SCH006,Data Science,Bachelor,Male,22,No,No,15.1,64.8,81.3,8.1
STU00568,568,2025-11-21,Mazowieckie,Warsaw,SCH006,Cybersecurity,Bachelor,Male,18,No,Yes,12.4,77.2,82.9,6.5
STU00569,569,2025-11-21,Mazowieckie,Warsaw,SCH006,Software Engineering,Bachelor,Female,19,No,No,19.9,79.0,82.9,7.3
STU00570,570,2025-11-21,Mazowieckie,Warsaw,SCH006,Data Science,Bachelor,Female,20,No,No,10.9,81.0,79.9,6.7
STU00571,571,2025-11-21,Mazowieckie,Warsaw,SCH006,Data Science,Bachelor,Female,23,No,No,11.8,81.4,90.7,7.5
STU00572,572,2025-11-21,Mazowieckie,Warsaw,SCH006,Data Science,Bachelor,Male,19,No,No,10.3,75.1,80.3,8.5
STU00573,573,2025-11-21,Mazowieckie,Warsaw,SCH006,Software Engineering,Bachelor,Female,19,No,Yes,17.3,100,100,8.9
STU00574,574,2025-11-21,Mazowieckie,Warsaw,SCH006,Cybersecurity,Bachelor,Female,25,Yes,Yes,12.8,84.7,81.1,8.4
STU00575,575,2025-11-22,Mazowieckie,Warsaw,SCH006,Data Science,Bachelor,Male,22,Yes,No,13.0,84.6,77.7,9.2
STU00576,576,2025-11-22,Mazowieckie,Warsaw,SCH006,Software Engineering,Bachelor,Male,20,No,Yes,14.7,90.2,76.9,7.5
STU00577,577,2025-11-22,Mazowieckie,Warsaw,SCH006,Cybersecurity,Bachelor,Female,18,No,No,14.1,88.9,75.7,6.1
STU00578,578,2025-11-22,Mazowieckie,Warsaw,SCH006,Data Science,Bachelor,Male,18,No,Yes,22.1,79.1,88.8,7.4
STU00579,579,2025-11-22,Mazowieckie,Warsaw,SCH006,Software Engineering,Bachelor,Male,19,No,Yes,13.3,79.4,81.1,4.6
STU00580,580,2025-11-22,Mazowieckie,Warsaw,SCH006,Data Science,Bachelor,Male,19,Yes,Yes,18.9,92.4,90.1,7.3
STU00581,581,2025-11-22,Mazowieckie,Warsaw,SCH006,Cybersecurity,PhD,Female,37,Yes,No,16.5,71.8,93.1,6.7
STU00582,582,2025-11-23,Mazowieckie,Warsaw,SCH006,Software Engineering,Bachelor,Male,22,No,Yes,19.9,75.8,94.2,5.3
STU00583,583,2025-11-23,Mazowieckie,Warsaw,SCH006,Business Analytics,Bachelor,Male,18,No,No,12.9,82.5,76.8,8.0
STU00584,584,2025-11-23,Mazowieckie,Warsaw,SCH006,Cybersecurity,Bachelor,Male,19,No,No,16.9,86.9,81.9,6.8
STU00585,585,2025-11-23,Mazowieckie,Warsaw,SCH006,Software Engineering,Master,Male,33,Yes,No,19.7,92.2,97.9,9.2
STU00586,586,2025-11-23,Mazowieckie,Warsaw,SCH006,Data Science,Bachelor,Female,25,No,No,7.9,82.3,84.1,4.8
STU00587,587,2025-11-23,Mazowieckie,Warsaw,SCH006,Cybersecurity,Bachelor,Male,19,Yes,No,20.2,88.2,100,10
STU00588,588,2025-11-23,Mazowieckie,Warsaw,SCH006,Data Science,Bachelor,Female,20,No,No,7.0,78.2,68.9,10.0
STU00589,589,2025-11-24,Mazowieckie,Warsaw,SCH006,Data Science,Bachelor,Female,25,No,Yes,14.4,82.0,90.8,5.4
STU00590,590,2025-11-24,Mazowieckie,Warsaw,SCH006,Cybersecurity,Bachelor,Male,23,No,Yes,7.8,77.6,64.9,7.8
STU00591,591,2025-11-24,Mazowieckie,Warsaw,SCH006,Cybersecurity,Master,Male,25,No,No,17.2,76.9,82.3,7.9
STU00592,592,2025-11-24,Mazowieckie,Warsaw,SCH006,Business Analytics,Bachelor,Male,22,Yes,Yes,13.2,62.1,73.6,6.2
STU00593,593,2025-11-24,Mazowieckie,Warsaw,SCH006,Business Analytics,Bachelor,Male,25,No,Yes,12.8,79.0,78.0,8.5
STU00594,594,2025-11-24,Mazowieckie,Warsaw,SCH006,Cybersecurity,Bachelor,Female,22,Yes,Yes,23.8,75.8,100,6.5
STU00595,595,2025-11-24,Mazowieckie,Warsaw,SCH006,Business Analytics,Bachelor,Male,23,No,Yes,24.5,63.9,90.3,3.1
STU00596,596,2025-11-25,Mazowieckie,Warsaw,SCH006,Software Engineering,Bachelor,Male,25,No,Yes,12.6,80.4,81.1,7.0
STU00597,597,2025-11-25,Mazowieckie,Warsaw,SCH006,Software Engineering,Bachelor,Female,23,Yes,Yes,11.8,72.7,80.3,10
STU00598,598,2025-11-25,Mazowieckie,Warsaw,SCH006,Data Science,Bachelor,Male,25,No,No,19.0,78.5,81.9,7.0
STU00599,599,2025-11-25,Mazowieckie,Warsaw,SCH006,Data Science,Bachelor,Male,24,Yes,No,12.7,90.1,86.9,8.4
STU00600,600,2025-11-25,Mazowieckie,Warsaw,SCH006,Business Analytics,PhD,Female,39,No,Yes,17.2,82.1,86.6,5.0
STU00601,601,2025-11-25,Mazowieckie,Warsaw,SCH006,Cybersecurity,Master,Male,31,Yes,Yes,9.1,86.2,82.6,7.7
STU00602,602,2025-11-25,Mazowieckie,Warsaw,SCH006,Software Engineering,PhD,Female,38,No,Yes,22.5,89.9,87.7,6.7
STU00603,603,2025-11-26,Mazowieckie,Warsaw,SCH006,Software Engineering,Bachelor,Female,25,Yes,No,18.2,75.7,81.0,6.4
STU00604,604,2025-11-26,Mazowieckie,Warsaw,SCH006,Data Science,Bachelor,Female,25,Yes,Yes,15.3,89.1,99.9,6.9
STU00605,605,2025-11-26,Mazowieckie,Warsaw,SCH006,Software Engineering,Bachelor,Male,19,No,Yes,8.7,81.3,76.9,9.4
STU00606,606,2025-11-26,Mazowieckie,Warsaw,SCH006,Software Engineering,PhD,Female,43,Yes,Yes,19.6,80.2,82.2,8.0
STU00607,607,2025-11-26,Mazowieckie,Warsaw,SCH006,Data Science,Bachelor,Female,23,Yes,Yes,14.7,79.9,89.3,9.1
STU00608,608,2025-11-26,Mazowieckie,Warsaw,SCH006,Software Engineering,Master,Female,27,No,No,15.3,72.2,78.0,5.0
STU00609,609,2025-11-26,Mazowieckie,Warsaw,SCH007,Data Science,Master,Male,27,No,Yes,20.7,85.2,95.0,8.0
STU00610,610,2025-11-27,Mazowieckie,Warsaw,SCH007,Software Engineering,Master,Male,33,No,Yes,22.8,67.6,88.7,7.1
STU00611,611,2025-11-27,Mazowieckie,Warsaw,SCH007,Data Science,Bachelor,Male,18,No,Yes,11.5,68.0,84.6,8.3
STU00612,612,2025-11-27,Mazowieckie,Warsaw,SCH007,Cybersecurity,Master,Male,22,No,Yes,12.7,90.6,95.0,7.5
STU00613,613,2025-11-27,Mazowieckie,Warsaw,SCH007,Business Analytics,Bachelor,Female,19,Yes,No,12.0,83.1,79.3,8.8
STU00614,614,2025-11-27,Mazowieckie,Warsaw,SCH007,Data Science,Bachelor,Female,22,Yes,Yes,21.6,87.5,99.7,8.9
STU00615,615,2025-11-27,Mazowieckie,Warsaw,SCH007,Data Science,Bachelor,Male,18,Yes,No,20.8,100,98.8,7.3
STU00616,616,2025-11-27,Mazowieckie,Warsaw,SCH007,Software Engineering,Bachelor,Female,19,Yes,Yes,18.4,90.0,96.1,8.2
STU00617,617,2025-11-28,Mazowieckie,Warsaw,SCH007,Cybersecurity,Master,Other/Prefer not to say,23,No,No,20.8,86.7,90.6,7.0
STU00618,618,2025-11-28,Mazowieckie,Warsaw,SCH007,Data Science,Bachelor,Male,24,No,Yes,11.0,65.8,79.4,6.5
STU00619,619,2025-11-28,Mazowieckie,Warsaw,SCH007,Cybersecurity,Bachelor,Female,22,No,Yes,19.1,77.7,92.9,7.1
STU00620,620,2025-11-28,Mazowieckie,Warsaw,SCH007,Business Analytics,Bachelor,Female,24,No,No,20.6,81.4,95.4,7.8
STU00621,621,2025-11-28,Mazowieckie,Warsaw,SCH007,Data Science,Bachelor,Other/Prefer not to say,25,No,Yes,9.2,65.1,68.4,7.9
STU00622,622,2025-11-28,Mazowieckie,Warsaw,SCH007,Business Analytics,Bachelor,Male,20,Yes,No,19.4,75.9,96.3,7.5
STU00623,623,2025-11-28,Mazowieckie,Warsaw,SCH007,Software Engineering,Master,Female,33,No,Yes,16.8,80.7,76.0,8.6
STU00624,624,2025-11-29,Mazowieckie,Warsaw,SCH007,Business Analytics,Bachelor,Other/Prefer not to say,22,Yes,Yes,14.4,91.3,94.7,8.2
STU00625,625,2025-11-29,Mazowieckie,Warsaw,SCH007,Software Engineering,Bachelor,Male,25,No,No,25.9,68.8,100,7.6
STU00626,626,2025-11-29,Mazowieckie,Warsaw,SCH007,Data Science,Bachelor,Male,25,No,Yes,19.7,73.9,82.8,7.2
STU00627,627,2025-11-29,Mazowieckie,Warsaw,SCH007,Cybersecurity,Master,Male,22,No,No,21.6,88.0,100,8.1
STU00628,628,2025-11-29,Mazowieckie,Warsaw,SCH007,Data Science,Bachelor,Male,22,No,Yes,9.7,72.2,76.9,5.7
STU00629,629,2025-11-29,Mazowieckie,Warsaw,SCH007,Cybersecurity,Bachelor,Male,25,No,No,19.5,70.0,86.1,3.5
STU00630,630,2025-11-29,Mazowieckie,Warsaw,SCH007,Cybersecurity,Bachelor,Other/Prefer not to say,23,Yes,Yes,16.4,89.6,96.9,8.4
STU00631,631,2025-11-30,Mazowieckie,Warsaw,SCH007,Software Engineering,Master,Female,28,No,Yes,10.8,71.3,83.2,7.2
STU00632,632,2025-11-30,Mazowieckie,Warsaw,SCH007,Business Analytics,Bachelor,Female,22,Yes,Yes,23.2,80.3,95.6,6.8
STU00633,633,2025-11-30,Mazowieckie,Warsaw,SCH007,Cybersecurity,Bachelor,Female,25,No,No,9.6,72.8,78.3,4.8
STU00634,634,2025-11-30,Mazowieckie,Warsaw,SCH007,Software Engineering,Bachelor,Female,23,Yes,Yes,12.0,89.6,85.3,5.7
STU00635,635,2025-11-30,Mazowieckie,Warsaw,SCH007,Business Analytics,Bachelor,Female,22,Yes,No,5.8,77.2,72.2,6.9
STU00636,636,2025-11-30,Mazowieckie,Warsaw,SCH007,Data Science,Master,Female,23,No,Yes,14.8,71.7,84.3,9.2
STU00637,637,2025-11-30,Mazowieckie,Warsaw,SCH007,Data Science,Bachelor,Male,23,Yes,Yes,20.3,75.2,85.8,7.4
STU00638,638,2025-12-01,Mazowieckie,Warsaw,SCH007,Software Engineering,Bachelor,Male,25,Yes,No,12.9,82.5,76.0,8.5
STU00639,639,2025-12-01,Mazowieckie,Warsaw,SCH007,Software Engineering,Bachelor,Female,18,No,Yes,11.6,83.4,85.6,7.2
STU00640,640,2025-12-01,Mazowieckie,Warsaw,SCH007,Cybersecurity,Bachelor,Male,19,No,No,10.1,79.1,83.2,7.9
STU00641,641,2025-12-01,Mazowieckie,Warsaw,SCH007,Data Science,Bachelor,Female,18,No,No,20.4,67.5,89.4,5.0
STU00642,642,2025-12-01,Mazowieckie,Warsaw,SCH007,Data Science,Bachelor,Female,22,No,Yes,16.8,66.3,78.4,8.9
STU00643,643,2025-12-01,Mazowieckie,Warsaw,SCH007,Data Science,Master,Male,27,No,No,19.1,88.3,92.1,6.1
STU00644,644,2025-12-01,Mazowieckie,Warsaw,SCH007,Business Analytics,Bachelor,Male,20,No,Yes,19.5,74.9,87.9,6.5
STU00645,645,2025-12-02,Mazowieckie,Warsaw,SCH007,Cybersecurity,Master,Male,23,Yes,Yes,13.3,86.1,79.9,6.7
STU00646,646,2025-12-02,Mazowieckie,Warsaw,SCH007,Data Science,Master,Female,24,Yes,Yes,16.5,81.4,96.1,7.8
STU00647,647,2025-12-02,Mazowieckie,Warsaw,SCH007,Software Engineering,Bachelor,Female,24,No,Yes,12.7,77.0,92.7,8.2
STU00648,648,2025-12-02,Mazowieckie,Warsaw,SCH007,Cybersecurity,Bachelor,Male,18,No,Yes,18.5,94.3,93.7,8.2
STU00649,649,2025-12-02,Mazowieckie,Warsaw,SCH007,Cybersecurity,Bachelor,Male,23,No,Yes,10.4,72.8,73.5,7.1
STU00650,650,2025-12-02,Mazowieckie,Warsaw,SCH007,Business Analytics,PhD,Male,34,Yes,No,22.2,83.6,100,9.2
STU00651,651,2025-12-02,Mazowieckie,Warsaw,SCH007,Business Analytics,Bachelor,Male,24,No,Yes,6.9,95.2,86.1,6.1
STU00652,652,2025-12-03,Mazowieckie,Warsaw,SCH007,Cybersecurity,Master,Female,23,No,Yes,17.4,70.7,83.4,5.4
STU00653,653,2025-12-03,Mazowieckie,Warsaw,SCH007,Cybersecurity,Master,Female,22,No,Yes,11.5,66.6,76.5,7.8
STU00654,654,2025-12-03,Mazowieckie,Warsaw,SCH007,Software Engineering,Bachelor,Female,21,No,No,14.1,88.2,78.1,8.3
STU00655,655,2025-12-03,Mazowieckie,Warsaw,SCH007,Cybersecurity,Master,Female,33,Yes,Yes,12.8,75.6,76.1,7.2
STU00656,656,2025-12-03,Mazowieckie,Warsaw,SCH007,Cybersecurity,Bachelor,Female,21,Yes,Yes,18.1,70.2,81.0,7.2
STU00657,657,2025-12-03,Mazowieckie,Warsaw,SCH007,Data Science,Bachelor,Male,18,No,Yes,16.1,79.7,90.5,5.5
STU00658,658,2025-12-03,Mazowieckie,Warsaw,SCH007,Software Engineering,Bachelor,Female,25,No,Yes,22.9,81.1,100,9.6
STU00659,659,2025-12-04,Mazowieckie,Warsaw,SCH007,Software Engineering,Bachelor,Female,24,No,Yes,11.0,88.2,83.9,7.2
STU00660,660,2025-12-04,Mazowieckie,Warsaw,SCH007,Data Science,Bachelor,Female,22,No,Yes,9.3,80.1,87.1,7.2
STU00661,661,2025-12-04,Mazowieckie,Warsaw,SCH007,Business Analytics,Bachelor,Other/Prefer not to say,24,No,Yes,12.3,75.8,66.9,7.3
STU00662,662,2025-12-04,Mazowieckie,Warsaw,SCH007,Cybersecurity,Bachelor,Female,23,No,No,16.2,93.2,91.7,7.5
STU00663,663,2025-12-04,Mazowieckie,Warsaw,SCH007,Software Engineering,Bachelor,Female,24,No,Yes,12.5,82.3,81.9,7.9
STU00664,664,2025-12-04,Mazowieckie,Warsaw,SCH007,Cybersecurity,Bachelor,Female,19,No,Yes,16.8,83.1,92.0,8.2
STU00665,665,2025-12-04,Mazowieckie,Warsaw,SCH007,Software Engineering,Master,Male,28,Yes,No,19.7,70.2,79.6,6.6
STU00666,666,2025-12-05,Mazowieckie,Warsaw,SCH007,Cybersecurity,Master,Other/Prefer not to say,34,No,Yes,21.3,92.6,96.1,7.2
STU00667,667,2025-12-05,Mazowieckie,Warsaw,SCH007,Data Science,Bachelor,Female,20,No,Yes,15.2,100,96.3,9.3
STU00668,668,2025-12-05,Mazowieckie,Warsaw,SCH007,Cybersecurity,Master,Male,33,No,Yes,18.2,96.8,100,8.4
STU00669,669,2025-12-05,Mazowieckie,Warsaw,SCH007,Data Science,Bachelor,Male,21,No,No,16.8,67.2,80.5,6.1
STU00670,670,2025-12-05,Mazowieckie,Warsaw,SCH007,Software Engineering,Master,Male,22,Yes,No,20.0,90.0,100,7.9
STU00671,671,2025-12-05,Mazowieckie,Warsaw,SCH007,Data Science,Bachelor,Female,25,No,No,13.0,79.1,82.3,8.7
STU00672,672,2025-12-05,Mazowieckie,Warsaw,SCH007,Cybersecurity,PhD,Male,43,Yes,No,20.6,85.6,90.7,7.8
STU00673,673,2025-12-06,Mazowieckie,Warsaw,SCH007,Software Engineering,Bachelor,Female,22,Yes,No,8.1,85.9,76.4,7.6
STU00674,674,2025-12-06,Mazowieckie,Warsaw,SCH007,Data Science,Master,Male,32,Yes,Yes,16.6,88.1,81.8,10
STU00675,675,2025-12-06,Mazowieckie,Warsaw,SCH007,Cybersecurity,Bachelor,Female,23,No,Yes,8.9,88.6,75.4,6.6
STU00676,676,2025-12-06,Mazowieckie,Warsaw,SCH007,Software Engineering,Master,Male,28,No,Yes,15.0,53.2,70.1,5.8
STU00677,677,2025-12-06,Mazowieckie,Warsaw,SCH007,Business Analytics,Master,Male,32,No,Yes,10.5,59.9,72.9,6.1
STU00678,678,2025-12-06,Mazowieckie,Warsaw,SCH007,Business Analytics,Bachelor,Male,24,No,Yes,14.4,82.7,85.6,8.6
STU00679,679,2025-12-06,Mazowieckie,Warsaw,SCH007,Software Engineering,Bachelor,Male,22,No,Yes,17.3,80.2,87.7,7.4
STU00680,680,2025-12-07,Mazowieckie,Warsaw,SCH007,Software Engineering,Master,Female,28,No,Yes,11.4,70.6,71.4,6.4
STU00681,681,2025-12-07,Mazowieckie,Warsaw,SCH007,Business Analytics,Bachelor,Male,20,Yes,Yes,9.9,90.7,81.6,7.3
STU00682,682,2025-12-07,Mazowieckie,Warsaw,SCH007,Cybersecurity,Bachelor,Female,25,No,Yes,9.3,71.0,62.4,7.0
STU00683,683,2025-12-07,Mazowieckie,Warsaw,SCH007,Software Engineering,Master,Male,33,No,No,12.8,84.6,86.7,8.0
STU00684,684,2025-12-07,Mazowieckie,Warsaw,SCH007,Data Science,Bachelor,Female,25,No,Yes,22.6,67.1,94.2,7.2
STU00685,685,2025-12-07,Mazowieckie,Warsaw,SCH007,Cybersecurity,Bachelor,Female,18,Yes,No,12.8,82.2,75.4,6.8
STU00686,686,2025-12-07,Mazowieckie,Warsaw,SCH007,Data Science,Bachelor,Female,24,Yes,Yes,16.1,72.2,75.5,9.5
STU00687,687,2025-12-08,Mazowieckie,Warsaw,SCH007,Software Engineering,Master,Male,26,Yes,Yes,17.8,67.0,81.9,9.4
STU00688,688,2025-12-08,Mazowieckie,Warsaw,SCH007,Data Science,Master,Female,22,No,Yes,12.7,99.5,98.6,7.0
STU00689,689,2025-12-08,Mazowieckie,Warsaw,SCH007,Business Analytics,Bachelor,Female,24,Yes,Yes,18.8,86.3,98.9,7.8
STU00690,690,2025-12-08,Mazowieckie,Warsaw,SCH007,Cybersecurity,Master,Male,33,No,Yes,20.5,75.8,100,9.6
STU00691,691,2025-12-08,Mazowieckie,Warsaw,SCH007,Software Engineering,Bachelor,Male,20,No,Yes,11.6,79.9,70.2,8.0
STU00692,692,2025-12-08,Mazowieckie,Warsaw,SCH007,Data Science,Bachelor,Female,25,No,Yes,16.4,81.8,89.4,8.4
STU00693,693,2025-12-08,Mazowieckie,Warsaw,SCH007,Software Engineering,Bachelor,Male,18,No,Yes,10.8,85.4,85.6,6.4
STU00694,694,2025-12-09,Mazowieckie,Warsaw,SCH007,Software Engineering,PhD,Male,42,Yes,Yes,19.8,78.6,84.0,6.5
STU00695,695,2025-12-09,Mazowieckie,Warsaw,SCH007,Cybersecurity,Master,Female,34,Yes,Yes,12.2,69.6,67.8,9.3
STU00696,696,2025-12-09,Mazowieckie,Warsaw,SCH007,Data Science,Bachelor,Male,21,No,Yes,11.0,77.2,86.1,5.5
STU00697,697,2025-12-09,Mazowieckie,Warsaw,SCH007,Software Engineering,Bachelor,Female,20,Yes,Yes,15.7,99.8,94.6,10
STU00698,698,2025-12-09,Mazowieckie,Warsaw,SCH007,Data Science,Bachelor,Female,22,No,No,14.4,70.5,88.2,7.8
STU00699,699,2025-12-09,Mazowieckie,Warsaw,SCH007,Data Science,Bachelor,Male,24,No,No,20.8,91.5,97.9,6.2
STU00700,700,2025-12-09,Mazowieckie,Warsaw,SCH007,Software Engineering,Bachelor,Male,19,Yes,Yes,5.1,89.0,75.4,9.7
STU00701,701,2025-12-10,Mazowieckie,Warsaw,SCH007,Software Engineering,Bachelor,Male,18,No,No,17.2,86.2,78.4,8.4
STU00702,702,2025-12-10,Mazowieckie,Warsaw,SCH007,Software Engineering,Master,Male,33,No,No,16.1,88.1,91.7,4.6
STU00703,703,2025-12-10,Mazowieckie,Warsaw,SCH007,Cybersecurity,Master,Female,30,No,Yes,15.0,71.4,82.9,7.9
STU00704,704,2025-12-10,Mazowieckie,Warsaw,SCH007,Business Analytics,Master,Female,30,No,No,10.3,79.7,73.5,8.0
STU00705,705,2025-12-10,Mazowieckie,Warsaw,SCH007,Software Engineering,Bachelor,Male,20,Yes,No,15.8,75.5,83.0,7.3
STU00706,706,2025-12-10,Mazowieckie,Warsaw,SCH007,Cybersecurity,Bachelor,Male,23,No,Yes,10.3,92.0,92.7,9.1
STU00707,707,2025-12-10,Mazowieckie,Warsaw,SCH007,Data Science,Bachelor,Female,21,No,No,12.0,60.6,65.7,5.3
STU00708,708,2025-12-11,Mazowieckie,Warsaw,SCH007,Cybersecurity,Bachelor,Female,20,No,Yes,9.6,80.1,83.5,5.6
STU00709,709,2025-12-11,Mazowieckie,Warsaw,SCH007,Data Science,Bachelor,Male,24,Yes,Yes,11.4,91.7,81.8,6.8
STU00710,710,2025-12-11,Mazowieckie,Warsaw,SCH007,Software Engineering,Bachelor,Male,24,No,Yes,15.6,58.0,57.2,5.6
STU00711,711,2025-12-11,Mazowieckie,Warsaw,SCH007,Cybersecurity,Master,Female,30,Yes,Yes,7.7,93.7,89.5,8.4
STU00712,712,2025-12-11,Mazowieckie,Warsaw,SCH007,Cybersecurity,Bachelor,Male,23,No,Yes,12.1,82.9,79.7,6.9
STU00713,713,2025-12-11,Mazowieckie,Warsaw,SCH007,Data Science,Bachelor,Female,23,No,Yes,17.0,81.4,85.9,7.2
STU00714,714,2025-12-11,Mazowieckie,Warsaw,SCH007,Business Analytics,Master,Female,33,No,Yes,16.2,68.3,91.2,5.7
STU00715,715,2025-12-12,Mazowieckie,Warsaw,SCH007,Business Analytics,Bachelor,Male,25,No,No,17.2,83.7,92.0,5.8
STU00716,716,2025-12-12,Mazowieckie,Warsaw,SCH007,Data Science,Bachelor,Male,19,No,Yes,7.6,73.9,74.9,6.1
STU00717,717,2025-12-12,Mazowieckie,Warsaw,SCH007,Business Analytics,PhD,Male,45,Yes,Yes,25.8,96.9,100,8.2
STU00718,718,2025-12-12,Mazowieckie,Warsaw,SCH007,Software Engineering,Bachelor,Female,18,No,Yes,9.7,80.0,69.6,9.2
STU00719,719,2025-12-12,Mazowieckie,Warsaw,SCH007,Business Analytics,Bachelor,Female,21,No,Yes,14.9,88.2,83.3,8.4
STU00720,720,2025-12-12,Mazowieckie,Warsaw,SCH007,Data Science,Bachelor,Male,18,No,Yes,7.6,92.1,82.9,7.5
STU00721,721,2025-12-12,Mazowieckie,Warsaw,SCH007,Cybersecurity,PhD,Female,30,Yes,Yes,23.5,79.4,100,8.3
STU00722,722,2025-12-13,Mazowieckie,Warsaw,SCH007,Data Science,Bachelor,Female,24,Yes,Yes,22.0,89.0,97.5,10
STU00723,723,2025-12-13,Mazowieckie,Warsaw,SCH007,Data Science,Bachelor,Male,21,No,No,10.2,76.3,79.5,8.1
STU00724,724,2025-12-13,Mazowieckie,Warsaw,SCH007,Cybersecurity,Bachelor,Female,21,No,Yes,16.1,67.5,77.1,8.7
STU00725,725,2025-12-13,Mazowieckie,Warsaw,SCH007,Data Science,Bachelor,Male,25,Yes,Yes,21.1,90.6,100,5.4
STU00726,726,2025-12-13,Mazowieckie,Warsaw,SCH007,Cybersecurity,Master,Female,30,No,Yes,27.4,61.7,96.4,6.1
STU00727,727,2025-12-13,Mazowieckie,Warsaw,SCH007,Business Analytics,Bachelor,Male,22,No,Yes,27.0,71.6,100,6.0
STU00728,728,2025-12-13,Mazowieckie,Warsaw,SCH007,Software Engineering,Bachelor,Male,22,Yes,Yes,13.0,90.8,78.4,10
STU00729,729,2025-12-14,Mazowieckie,Warsaw,SCH007,Cybersecurity,Bachelor,Male,23,No,No,13.9,77.9,77.0,6.4
STU00730,730,2025-12-14,Mazowieckie,Warsaw,SCH007,Business Analytics,Bachelor,Female,20,No,Yes,10.2,58.7,68.2,6.2
STU00731,731,2025-12-14,Mazowieckie,Warsaw,SCH007,Software Engineering,Master,Male,30,Yes,No,14.4,75.8,75.4,8.6
STU00732,732,2025-12-14,Mazowieckie,Warsaw,SCH007,Data Science,Bachelor,Other/Prefer not to say,24,No,Yes,8.3,87.6,91.0,7.7
STU00733,733,2025-12-14,Mazowieckie,Warsaw,SCH007,Business Analytics,Bachelor,Female,21,No,No,13.4,73.4,68.3,7.6
STU00734,734,2025-12-14,Mazowieckie,Warsaw,SCH008,Software Engineering,Bachelor,Female,25,No,Yes,6.2,80.7,74.1,7.4
STU00735,735,2025-12-14,Mazowieckie,Warsaw,SCH008,Software Engineering,PhD,Female,33,No,Yes,13.0,75.3,72.1,6.6
STU00736,736,2025-12-15,Mazowieckie,Warsaw,SCH008,Data Science,Bachelor,Female,19,Yes,No,22.3,66.7,90.6,5.6
STU00737,737,2025-12-15,Mazowieckie,Warsaw,SCH008,Data Science,Master,Other/Prefer not to say,32,No,Yes,11.9,75.9,90.3,6.7
STU00738,738,2025-12-15,Mazowieckie,Warsaw,SCH008,Data Science,Master,Male,28,No,Yes,21.4,88.4,92.8,7.8
STU00739,739,2025-12-15,Mazowieckie,Warsaw,SCH008,Software Engineering,Bachelor,Female,24,No,Yes,10.5,85.7,92.9,6.2
STU00740,740,2025-12-15,Mazowieckie,Warsaw,SCH008,Data Science,PhD,Male,27,No,Yes,19.1,83.2,94.1,7.4
STU00741,741,2025-12-15,Mazowieckie,Warsaw,SCH008,Data Science,Bachelor,Male,23,No,Yes,2,84.2,77.4,5.7
STU00742,742,2025-12-15,Mazowieckie,Warsaw,SCH008,Data Science,Bachelor,Female,25,No,Yes,12.1,78.0,84.1,7.5
STU00743,743,2025-12-16,Mazowieckie,Warsaw,SCH008,Software Engineering,Bachelor,Female,20,Yes,No,22.5,87.6,99.0,7.5
STU00744,744,2025-12-16,Mazowieckie,Warsaw,SCH008,Data Science,Bachelor,Male,24,Yes,No,16.7,96.5,98.1,7.4
STU00745,745,2025-12-16,Mazowieckie,Warsaw,SCH008,Software Engineering,Bachelor,Male,19,No,No,15.1,69.2,79.5,7.3
STU00746,746,2025-12-16,Mazowieckie,Warsaw,SCH008,Software Engineering,Bachelor,Female,21,No,Yes,9.3,79.5,68.9,7.7
STU00747,747,2025-12-16,Mazowieckie,Warsaw,SCH008,Data Science,Bachelor,Female,20,No,Yes,22.1,75.8,90.3,9.7
STU00748,748,2025-12-16,Mazowieckie,Warsaw,SCH008,Data Science,Master,Female,27,Yes,No,11.7,81.4,86.8,7.7
STU00749,749,2025-12-16,Mazowieckie,Warsaw,SCH008,Software Engineering,Master,Female,27,Yes,Yes,26.4,73.5,94.6,8.8
STU00750,750,2025-12-17,Mazowieckie,Warsaw,SCH008,Business Analytics,Bachelor,Male,23,No,Yes,11.8,87.2,83.2,8.2
STU00751,751,2025-12-17,Mazowieckie,Warsaw,SCH008,Business Analytics,Master,Male,22,No,Yes,13.6,81.4,72.5,7.8
STU00752,752,2025-12-17,Mazowieckie,Warsaw,SCH008,Software Engineering,Master,Female,28,Yes,No,17.7,86.0,97.6,7.3
STU00753,753,2025-12-17,Mazowieckie,Warsaw,SCH008,Data Science,Bachelor,Male,23,Yes,Yes,17.0,88.9,100,6.6
STU00754,754,2025-12-17,Mazowieckie,Warsaw,SCH008,Software Engineering,Bachelor,Female,18,Yes,Yes,23.6,94.2,100,9.3
STU00755,755,2025-12-17,Mazowieckie,Warsaw,SCH008,Cybersecurity,Master,Female,29,Yes,No,12.7,62.8,98.5,5.8
STU00756,756,2025-12-17,Mazowieckie,Warsaw,SCH008,Business Analytics,Master,Female,24,No,Yes,19.3,91.5,95.8,6.9
STU00757,757,2025-12-18,Mazowieckie,Warsaw,SCH008,Software Engineering,Bachelor,Male,21,No,Yes,16.2,86.1,88.2,7.0
STU00758,758,2025-12-18,Mazowieckie,Warsaw,SCH008,Cybersecurity,Bachelor,Male,25,Yes,Yes,8.7,85.7,88.1,8.3
STU00759,759,2025-12-18,Mazowieckie,Warsaw,SCH008,Software Engineering,Master,Male,29,No,Yes,15.6,68.1,64.4,7.4
STU00760,760,2025-12-18,Mazowieckie,Warsaw,SCH008,Software Engineering,Bachelor,Male,18,Yes,No,12.5,85.2,87.7,8.4
STU00761,761,2025-12-18,Mazowieckie,Warsaw,SCH008,Data Science,Bachelor,Male,22,No,Yes,18.7,85.5,90.3,9.0
STU00762,762,2025-12-18,Mazowieckie,Warsaw,SCH008,Software Engineering,Bachelor,Female,25,No,Yes,10.0,80.1,87.4,7.7
STU00763,763,2025-12-18,Mazowieckie,Warsaw,SCH008,Data Science,Bachelor,Male,22,No,Yes,8.6,66.2,74.0,6.8
STU00764,764,2025-12-19,Mazowieckie,Warsaw,SCH008,Data Science,Bachelor,Female,21,No,Yes,13.7,62.9,79.4,6.3
STU00765,765,2025-12-19,Mazowieckie,Warsaw,SCH008,Data Science,Bachelor,Male,22,Yes,Yes,19.8,67.3,82.1,7.8
STU00766,766,2025-12-19,Mazowieckie,Warsaw,SCH008,Software Engineering,Bachelor,Female,20,No,Yes,13.4,73.2,82.2,8.8
STU00767,767,2025-12-19,Mazowieckie,Warsaw,SCH008,Cybersecurity,Bachelor,Male,23,No,Yes,17.3,95.9,96.7,7.3
STU00768,768,2025-12-19,Mazowieckie,Warsaw,SCH008,Software Engineering,Bachelor,Female,20,No,No,6.7,80.0,72.1,7.7
STU00769,769,2025-12-19,Mazowieckie,Warsaw,SCH008,Software Engineering,Bachelor,Male,22,No,Yes,16.5,58.0,87.7,9.2
STU00770,770,2025-12-19,Mazowieckie,Warsaw,SCH008,Software Engineering,Bachelor,Male,24,No,Yes,9.2,87.8,84.1,8.3
STU00771,771,2025-12-20,Mazowieckie,Warsaw,SCH008,Cybersecurity,Bachelor,Male,19,Yes,Yes,20.1,99.8,100,8.0
STU00772,772,2025-12-20,Mazowieckie,Warsaw,SCH008,Business Analytics,Bachelor,Female,21,No,Yes,15.6,81.5,83.0,7.5
STU00773,773,2025-12-20,Mazowieckie,Warsaw,SCH008,Cybersecurity,Master,Female,23,Yes,Yes,18.8,73.1,92.5,6.8
STU00774,774,2025-12-20,Mazowieckie,Warsaw,SCH008,Cybersecurity,Master,Male,32,No,Yes,23.2,75.0,85.3,7.3
STU00775,775,2025-12-20,Mazowieckie,Warsaw,SCH008,Data Science,Bachelor,Female,19,No,Yes,14.1,88.9,83.6,7.2
STU00776,776,2025-12-20,Mazowieckie,Warsaw,SCH008,Data Science,Bachelor,Female,25,No,No,15.3,70.4,89.2,4.6
STU00777,777,2025-12-20,Mazowieckie,Warsaw,SCH008,Data Science,Bachelor,Male,24,No,No,16.6,91.8,82.8,9.2
STU00778,778,2025-12-21,Mazowieckie,Warsaw,SCH008,Business Analytics,Bachelor,Female,22,No,Yes,12.4,58.7,76.9,6.1
STU00779,779,2025-12-21,Mazowieckie,Warsaw,SCH008,Data Science,Master,Female,34,Yes,No,16.5,92.7,96.3,8.9
STU00780,780,2025-12-21,Mazowieckie,Warsaw,SCH008,Data Science,Bachelor,Male,25,No,No,17.1,72.1,90.0,6.8
STU00781,781,2025-12-21,Mazowieckie,Warsaw,SCH008,Cybersecurity,Master,Male,29,No,Yes,12.6,66.8,69.0,7.6
STU00782,782,2025-12-21,Mazowieckie,Warsaw,SCH008,Data Science,Bachelor,Male,19,Yes,Yes,15.8,76.9,86.7,7.2
STU00783,783,2025-12-21,Mazowieckie,Warsaw,SCH008,Cybersecurity,Bachelor,Female,18,No,Yes,12.5,81.1,78.0,6.4
STU00784,784,2025-12-21,Mazowieckie,Warsaw,SCH008,Software Engineering,Bachelor,Female,22,No,Yes,18.6,82.9,95.5,8.5
STU00785,785,2025-12-22,Mazowieckie,Warsaw,SCH008,Data Science,Master,Female,22,No,Yes,19.6,93.9,100,10
STU00786,786,2025-12-22,Mazowieckie,Warsaw,SCH008,Software Engineering,Master,Female,24,Yes,Yes,20.8,74.9,86.1,6.1
STU00787,787,2025-12-22,Mazowieckie,Warsaw,SCH008,Cybersecurity,Master,Female,25,Yes,Yes,21.3,92.0,99.2,9.0
STU00788,788,2025-12-22,Mazowieckie,Warsaw,SCH008,Data Science,Bachelor,Male,23,Yes,No,8.8,92.1,63.6,7.4
STU00789,789,2025-12-22,Mazowieckie,Warsaw,SCH008,Software Engineering,Master,Male,31,Yes,No,7.6,66.4,65.9,4.8
STU00790,790,2025-12-22,Mazowieckie,Warsaw,SCH008,Software Engineering,PhD,Female,45,No,Yes,27.3,78.0,100,7.5
STU00791,791,2025-12-22,Mazowieckie,Warsaw,SCH008,Cybersecurity,Master,Male,33,Yes,Yes,22.6,82.5,87.9,5.9
STU00792,792,2025-12-23,Mazowieckie,Warsaw,SCH008,Software Engineering,Bachelor,Male,19,Yes,Yes,15.2,88.5,92.4,8.1
STU00793,793,2025-12-23,Mazowieckie,Warsaw,SCH008,Software Engineering,Master,Male,33,No,Yes,13.4,96.0,100,8.6
STU00794,794,2025-12-23,Mazowieckie,Warsaw,SCH008,Software Engineering,Bachelor,Male,21,No,Yes,14.3,92.4,100,7.0
STU00795,795,2025-12-23,Mazowieckie,Warsaw,SCH008,Software Engineering,Bachelor,Male,24,No,Yes,12.7,77.3,65.1,7.6
STU00796,796,2025-12-23,Mazowieckie,Warsaw,SCH008,Business Analytics,Bachelor,Male,20,Yes,Yes,21.7,62.8,86.7,7.4
STU00797,797,2025-12-23,Mazowieckie,Warsaw,SCH008,Cybersecurity,Master,Male,25,No,Yes,14.9,92.4,97.5,7.8
STU00798,798,2025-12-23,Mazowieckie,Warsaw,SCH008,Cybersecurity,Master,Male,27,No,Yes,11.5,84.3,82.7,5.6
STU00799,799,2025-12-24,Mazowieckie,Warsaw,SCH008,Software Engineering,Master,Female,28,No,Yes,20.5,75.3,84.0,7.0
STU00800,800,2025-12-24,Mazowieckie,Warsaw,SCH008,Cybersecurity,Bachelor,Female,22,No,Yes,16.4,82.4,85.9,7.7
STU00801,801,2025-12-24,Mazowieckie,Warsaw,SCH008,Data Science,Bachelor,Male,23,No,No,26.3,70.3,93.3,7.7
STU00802,802,2025-12-24,Mazowieckie,Warsaw,SCH008,Software Engineering,Bachelor,Female,18,No,Yes,16.7,77.5,89.7,4.4
STU00803,803,2025-12-24,Mazowieckie,Warsaw,SCH008,Software Engineering,Master,Female,33,No,Yes,14.6,66.3,89.7,6.1
STU00804,804,2025-12-24,Mazowieckie,Warsaw,SCH008,Data Science,Bachelor,Male,18,No,Yes,13.6,91.0,89.1,7.1
STU00805,805,2025-12-24,Mazowieckie,Warsaw,SCH008,Business Analytics,Bachelor,Male,18,Yes,Yes,14.8,73.4,76.8,4.1
STU00806,806,2025-12-25,Mazowieckie,Warsaw,SCH008,Business Analytics,Bachelor,Male,20,No,Yes,9.8,100,84.8,7.2
STU00807,807,2025-12-25,Mazowieckie,Warsaw,SCH008,Cybersecurity,Bachelor,Male,19,Yes,Yes,18.7,65.5,83.9,7.8
STU00808,808,2025-12-25,Mazowieckie,Warsaw,SCH008,Software Engineering,Master,Female,24,No,Yes,24.0,86.6,93.5,7.5
STU00809,809,2025-12-25,Mazowieckie,Warsaw,SCH008,Data Science,Master,Female,33,Yes,Yes,16.6,82.9,87.1,7.3
STU00810,810,2025-12-25,Mazowieckie,Warsaw,SCH008,Software Engineering,Bachelor,Male,21,No,No,8.1,87.6,71.1,5.6
STU00811,811,2025-12-25,Mazowieckie,Warsaw,SCH008,Data Science,Bachelor,Female,22,Yes,Yes,16.6,94.5,97.6,7.8
STU00812,812,2025-12-25,Mazowieckie,Warsaw,SCH008,Business Analytics,Bachelor,Male,18,Yes,Yes,22.8,83.6,100,7.5
STU00813,813,2025-12-26,Mazowieckie,Warsaw,SCH008,Cybersecurity,Master,Female,28,No,Yes,14.6,87.3,90.3,8.9
STU00814,814,2025-12-26,Mazowieckie,Warsaw,SCH008,Software Engineering,Bachelor,Other/Prefer not to say,23,No,Yes,17.5,72.6,95.1,4.9
STU00815,815,2025-12-26,Mazowieckie,Warsaw,SCH008,Data Science,Bachelor,Male,21,No,Yes,10.9,70.5,72.9,7.6
STU00816,816,2025-12-26,Mazowieckie,Warsaw,SCH008,Business Analytics,PhD,Male,25,No,No,28.0,76.9,100,6.1
STU00817,817,2025-12-26,Slaskie,Katowice,SCH009,Cybersecurity,Master,Male,29,No,No,17.8,93.5,83.0,7.3
STU00818,818,2025-12-26,Slaskie,Katowice,SCH009,Cybersecurity,Bachelor,Male,18,Yes,No,19.2,78.3,93.4,4.6
STU00819,819,2025-12-26,Slaskie,Katowice,SCH009,Cybersecurity,Bachelor,Female,21,No,Yes,10.9,94.6,76.2,10
STU00820,820,2025-12-27,Slaskie,Katowice,SCH009,Business Analytics,Bachelor,Female,24,No,Yes,23.7,79.5,97.6,8.0
STU00821,821,2025-12-27,Slaskie,Katowice,SCH009,Cybersecurity,Bachelor,Male,19,No,Yes,12.5,82.1,84.8,8.0
STU00822,822,2025-12-27,Slaskie,Katowice,SCH009,Business Analytics,Bachelor,Male,24,No,No,13.2,90.5,78.5,7.5
STU00823,823,2025-12-27,Slaskie,Katowice,SCH009,Data Science,Bachelor,Female,21,No,Yes,17.9,66.8,86.7,8.5
STU00824,824,2025-12-27,Slaskie,Katowice,SCH009,Data Science,Bachelor,Male,24,No,Yes,12.1,70.0,77.8,7.6
STU00825,825,2025-12-27,Slaskie,Katowice,SCH009,Data Science,Bachelor,Female,25,No,No,8.2,78.0,73.1,6.6
STU00826,826,2025-12-27,Slaskie,Katowice,SCH009,Software Engineering,Bachelor,Male,18,No,Yes,11.4,85.1,76.0,9.6
STU00827,827,2025-12-28,Slaskie,Katowice,SCH009,Software Engineering,Bachelor,Male,24,Yes,No,15.8,92.1,95.3,9.0
STU00828,828,2025-12-28,Slaskie,Katowice,SCH009,Software Engineering,Bachelor,Male,20,No,No,4.5,74.4,72.9,7.4
STU00829,829,2025-12-28,Slaskie,Katowice,SCH009,Cybersecurity,Bachelor,Female,25,No,No,12.5,70.5,75.1,6.3
STU00830,830,2025-12-28,Slaskie,Katowice,SCH009,Business Analytics,Bachelor,Female,20,No,No,21.6,82.2,86.2,8.0
STU00831,831,2025-12-28,Slaskie,Katowice,SCH009,Software Engineering,Bachelor,Female,25,No,Yes,12.3,83.3,88.0,7.6
STU00832,832,2025-12-28,Slaskie,Katowice,SCH009,Software Engineering,Master,Male,24,No,No,16.3,77.4,75.5,8.0
STU00833,833,2025-12-28,Slaskie,Katowice,SCH009,Business Analytics,Bachelor,Female,23,No,No,15.6,72.9,69.4,7.6
STU00834,834,2025-12-29,Slaskie,Katowice,SCH009,Software Engineering,Bachelor,Male,24,No,No,14.8,77.9,74.7,4.8
STU00835,835,2025-12-29,Slaskie,Katowice,SCH009,Software Engineering,Bachelor,Female,18,Yes,Yes,18.1,68.2,77.8,6.8
STU00836,836,2025-12-29,Slaskie,Katowice,SCH009,Software Engineering,Bachelor,Female,19,No,Yes,13.9,65.7,70.7,5.6
STU00837,837,2025-12-29,Slaskie,Katowice,SCH009,Data Science,Bachelor,Male,20,No,Yes,16.6,65.5,82.0,7.3
STU00838,838,2025-12-29,Slaskie,Katowice,SCH009,Software Engineering,Bachelor,Male,19,No,Yes,8.0,77.3,64.3,8.6
STU00839,839,2025-12-29,Slaskie,Katowice,SCH009,Cybersecurity,Bachelor,Female,18,Yes,Yes,10.1,89.8,83.9,8.0
STU00840,840,2025-12-29,Slaskie,Katowice,SCH009,Cybersecurity,PhD,Female,42,Yes,No,20.9,78.9,81.8,9.7
STU00841,841,2025-12-30,Slaskie,Katowice,SCH009,Data Science,Master,Male,24,No,Yes,20.5,51.1,69.3,5.6
STU00842,842,2025-12-30,Slaskie,Katowice,SCH009,Data Science,Bachelor,Male,21,Yes,Yes,21.0,87.3,87.9,8.8
STU00843,843,2025-12-30,Slaskie,Katowice,SCH009,Data Science,Bachelor,Male,24,Yes,Yes,20.7,67.1,91.1,6.6
STU00844,844,2025-12-30,Slaskie,Katowice,SCH009,Cybersecurity,Bachelor,Male,21,Yes,No,17.2,98.4,90.7,8.1
STU00845,845,2025-12-30,Slaskie,Katowice,SCH009,Software Engineering,Bachelor,Male,24,No,Yes,18.5,82.3,78.4,8.5
STU00846,846,2025-12-30,Slaskie,Katowice,SCH009,Cybersecurity,Bachelor,Male,24,Yes,Yes,15.2,77.1,81.8,7.0
STU00847,847,2025-12-30,Slaskie,Katowice,SCH009,Data Science,Bachelor,Female,21,No,Yes,24.0,85.6,93.3,7.6
STU00848,848,2025-12-31,Slaskie,Katowice,SCH009,Cybersecurity,Master,Male,33,No,Yes,12.8,79.4,77.9,8.5
STU00849,849,2025-12-31,Slaskie,Katowice,SCH009,Data Science,Master,Male,32,No,Yes,18.3,63.9,68.1,6.3
STU00850,850,2025-12-31,Slaskie,Katowice,SCH009,Cybersecurity,Bachelor,Female,20,Yes,Yes,16.4,80.6,96.2,6.8
STU00851,851,2025-12-31,Slaskie,Katowice,SCH009,Software Engineering,Master,Female,29,Yes,No,15.3,86.5,74.7,7.0
STU00852,852,2025-12-31,Slaskie,Katowice,SCH009,Business Analytics,Master,Male,26,No,Yes,22.2,74.1,95.9,8.3
STU00853,853,2025-12-31,Slaskie,Katowice,SCH009,Data Science,Bachelor,Female,18,Yes,Yes,10.1,99.4,76.8,10
STU00854,854,2025-12-31,Slaskie,Katowice,SCH009,Business Analytics,Bachelor,Female,25,No,No,14.8,91.8,76.1,6.0
STU00855,855,2026-01-01,Slaskie,Katowice,SCH009,Software Engineering,Master,Male,33,No,Yes,20.9,94.7,94.6,10
STU00856,856,2026-01-01,Slaskie,Katowice,SCH009,Software Engineering,Master,Female,29,No,Yes,8.0,89.0,67.5,7.9
STU00857,857,2026-01-01,Slaskie,Katowice,SCH009,Cybersecurity,Master,Male,28,No,Yes,19.0,88.9,87.5,6.8
STU00858,858,2026-01-01,Slaskie,Katowice,SCH009,Business Analytics,Master,Female,29,Yes,Yes,10.5,82.0,62.7,7.8
STU00859,859,2026-01-01,Slaskie,Katowice,SCH009,Software Engineering,Master,Male,22,No,No,21.2,82.0,86.8,8.4
STU00860,860,2026-01-01,Slaskie,Katowice,SCH009,Data Science,Bachelor,Female,20,No,Yes,14.2,74.0,76.9,4.8
STU00861,861,2026-01-01,Slaskie,Katowice,SCH009,Business Analytics,Bachelor,Female,22,No,Yes,12.1,76.8,78.5,8.3
STU00862,862,2026-01-02,Slaskie,Katowice,SCH009,Cybersecurity,Bachelor,Male,20,Yes,No,24.3,100,100,7.6
STU00863,863,2026-01-02,Slaskie,Katowice,SCH009,Data Science,Bachelor,Female,23,No,Yes,11.7,83.6,83.9,7.1
STU00864,864,2026-01-02,Slaskie,Katowice,SCH009,Software Engineering,Bachelor,Male,20,No,No,10.6,88.7,71.3,9.4
STU00865,865,2026-01-02,Slaskie,Katowice,SCH009,Data Science,Bachelor,Female,18,Yes,Yes,11.6,98.1,84.7,10
STU00866,866,2026-01-02,Slaskie,Katowice,SCH009,Software Engineering,Bachelor,Female,25,No,Yes,17.0,80.5,76.7,8.3
STU00867,867,2026-01-02,Slaskie,Katowice,SCH009,Software Engineering,Bachelor,Male,21,No,Yes,18.9,62.8,77.5,8.4
STU00868,868,2026-01-02,Slaskie,Katowice,SCH009,Data Science,Bachelor,Male,20,No,Yes,18.9,100,100,9.3
STU00869,869,2026-01-03,Slaskie,Katowice,SCH009,Data Science,Bachelor,Female,24,No,Yes,11.7,87.0,77.5,7.4
STU00870,870,2026-01-03,Slaskie,Katowice,SCH009,Data Science,Bachelor,Female,23,No,Yes,14.8,72.4,78.1,7.6
STU00871,871,2026-01-03,Slaskie,Katowice,SCH009,Software Engineering,Bachelor,Female,25,No,Yes,14.4,73.1,76.6,6.2
STU00872,872,2026-01-03,Slaskie,Katowice,SCH009,Software Engineering,Bachelor,Male,20,No,No,14.2,68.8,81.1,5.5
STU00873,873,2026-01-03,Slaskie,Katowice,SCH009,Data Science,Bachelor,Female,19,Yes,No,15.1,92.7,92.4,8.9
STU00874,874,2026-01-03,Slaskie,Katowice,SCH009,Software Engineering,Bachelor,Male,19,No,Yes,10.2,76.4,77.5,7.5
STU00875,875,2026-01-03,Slaskie,Katowice,SCH009,Data Science,Bachelor,Female,22,No,No,7.8,87.3,65.2,6.6
STU00876,876,2026-01-04,Slaskie,Katowice,SCH009,Data Science,Bachelor,Female,25,No,No,17.9,77.9,82.3,5.4
STU00877,877,2026-01-04,Slaskie,Katowice,SCH009,Data Science,Bachelor,Male,21,No,Yes,9.5,71.9,54.1,7.9
STU00878,878,2026-01-04,Slaskie,Katowice,SCH009,Cybersecurity,Master,Male,28,No,Yes,16.5,93.0,87.4,7.8
STU00879,879,2026-01-04,Slaskie,Katowice,SCH009,Cybersecurity,Master,Male,33,No,Yes,16.6,82.9,92.9,6.9
STU00880,880,2026-01-04,Slaskie,Katowice,SCH009,Data Science,Bachelor,Female,20,No,Yes,13.0,93.6,94.0,10
STU00881,881,2026-01-04,Slaskie,Katowice,SCH009,Data Science,PhD,Female,45,No,Yes,24.4,77.2,93.6,7.0
STU00882,882,2026-01-04,Slaskie,Katowice,SCH009,Cybersecurity,Master,Male,27,No,Yes,10.9,89.4,77.6,7.7
STU00883,883,2026-01-05,Slaskie,Katowice,SCH009,Data Science,Bachelor,Male,19,No,Yes,10.0,87.3,74.0,6.6
STU00884,884,2026-01-05,Slaskie,Katowice,SCH009,Cybersecurity,Bachelor,Female,21,No,No,9.1,80.1,65.7,7.2
STU00885,885,2026-01-05,Slaskie,Katowice,SCH009,Business Analytics,Bachelor,Female,20,No,No,22.0,85.8,98.6,7.9
STU00886,886,2026-01-05,Slaskie,Katowice,SCH009,Cybersecurity,Bachelor,Male,24,No,Yes,12.9,86.5,84.4,6.1
STU00887,887,2026-01-05,Slaskie,Katowice,SCH009,Software Engineering,Bachelor,Female,18,No,Yes,16.0,98.6,91.6,8.3
STU00888,888,2026-01-05,Slaskie,Katowice,SCH009,Data Science,Bachelor,Female,20,No,Yes,6.8,80.4,66.7,7.9
STU00889,889,2026-01-05,Slaskie,Katowice,SCH009,Business Analytics,Master,Female,24,No,Yes,11.0,74.4,70.0,7.0
STU00890,890,2026-01-06,Slaskie,Katowice,SCH009,Software Engineering,Bachelor,Male,19,Yes,Yes,18.5,78.5,82.2,8.4
STU00891,891,2026-01-06,Slaskie,Katowice,SCH009,Data Science,Bachelor,Female,24,Yes,Yes,12.6,86.1,93.2,5.8
STU00892,892,2026-01-06,Slaskie,Katowice,SCH009,Data Science,Master,Female,23,Yes,No,25.9,82.2,99.0,6.5
STU00893,893,2026-01-06,Slaskie,Katowice,SCH009,Data Science,Master,Female,24,Yes,Yes,23.1,70.8,80.0,8.2
STU00894,894,2026-01-06,Slaskie,Katowice,SCH009,Software Engineering,Bachelor,Female,19,No,Yes,20.0,74.7,87.3,9.1
STU00895,895,2026-01-06,Slaskie,Katowice,SCH009,Business Analytics,Master,Other/Prefer not to say,34,No,Yes,12.1,67.6,73.7,7.4
STU00896,896,2026-01-06,Slaskie,Katowice,SCH009,Software Engineering,Bachelor,Male,22,Yes,Yes,10.4,94.9,88.4,7.2
STU00897,897,2026-01-07,Slaskie,Katowice,SCH009,Business Analytics,Bachelor,Male,23,Yes,No,20.7,91.7,88.4,6.0
STU00898,898,2026-01-07,Slaskie,Katowice,SCH009,Cybersecurity,Bachelor,Female,19,No,Yes,12.1,66.4,61.9,7.0
STU00899,899,2026-01-07,Slaskie,Katowice,SCH009,Data Science,Bachelor,Other/Prefer not to say,18,No,Yes,6.2,83.2,70.7,8.6
STU00900,900,2026-01-07,Slaskie,Katowice,SCH009,Software Engineering,Master,Female,29,Yes,No,16.5,100,88.6,7.8
STU00901,901,2026-01-07,Slaskie,Katowice,SCH009,Data Science,Bachelor,Other/Prefer not to say,20,No,Yes,23.4,89.4,94.9,7.3
STU00902,902,2026-01-07,Slaskie,Katowice,SCH009,Software Engineering,Bachelor,Male,18,Yes,Yes,9.0,83.0,72.7,8.2
STU00903,903,2026-01-07,Slaskie,Katowice,SCH009,Cybersecurity,Master,Female,30,No,Yes,12.5,72.3,74.0,7.6
STU00904,904,2026-01-08,Slaskie,Katowice,SCH009,Data Science,Bachelor,Male,18,No,Yes,6.4,85.4,75.6,5.1
STU00905,905,2026-01-08,Slaskie,Katowice,SCH009,Software Engineering,Bachelor,Female,22,No,Yes,19.6,94.9,100,4.7
STU00906,906,2026-01-08,Slaskie,Katowice,SCH009,Data Science,Bachelor,Male,21,No,No,12.1,93.5,80.7,9.1
STU00907,907,2026-01-08,Slaskie,Katowice,SCH009,Software Engineering,Bachelor,Female,24,Yes,No,19.6,79.0,81.3,7.3
STU00908,908,2026-01-08,Slaskie,Katowice,SCH009,Software Engineering,Bachelor,Female,22,Yes,Yes,17.3,83.4,84.9,8.3
STU00909,909,2026-01-08,Slaskie,Katowice,SCH009,Business Analytics,Bachelor,Female,19,No,Yes,12.3,63.7,60.1,7.9
STU00910,910,2026-01-08,Slaskie,Katowice,SCH009,Data Science,Master,Female,26,No,Yes,18.2,76.1,88.3,7.0
STU00911,911,2026-01-09,Slaskie,Katowice,SCH009,Cybersecurity,Bachelor,Male,19,No,No,16.1,97.6,90.9,5.2
STU00912,912,2026-01-09,Slaskie,Katowice,SCH009,Data Science,Bachelor,Male,19,No,Yes,15.5,75.9,63.6,8.0
STU00913,913,2026-01-09,Slaskie,Katowice,SCH009,Data Science,Master,Other/Prefer not to say,30,No,Yes,10.2,63.1,61.8,6.3
STU00914,914,2026-01-09,Slaskie,Katowice,SCH009,Software Engineering,Bachelor,Male,18,No,No,14.9,74.8,79.0,6.5
STU00915,915,2026-01-09,Slaskie,Katowice,SCH009,Software Engineering,Bachelor,Male,18,Yes,No,14.7,57.8,61.4,6.3
STU00916,916,2026-01-09,Slaskie,Katowice,SCH009,Cybersecurity,Bachelor,Male,20,Yes,Yes,13.9,80.7,79.2,7.2
STU00917,917,2026-01-09,Slaskie,Katowice,SCH009,Business Analytics,PhD,Male,39,No,Yes,14.6,89.2,87.9,10
STU00918,918,2026-01-10,Slaskie,Katowice,SCH010,Business Analytics,Bachelor,Male,20,No,Yes,10.9,73.9,79.7,7.9
STU00919,919,2026-01-10,Slaskie,Katowice,SCH010,Business Analytics,Bachelor,Other/Prefer not to say,18,No,Yes,13.8,72.5,77.3,7.1
STU00920,920,2026-01-10,Slaskie,Katowice,SCH010,Data Science,Master,Female,28,No,Yes,22.2,69.4,84.9,8.2
STU00921,921,2026-01-10,Slaskie,Katowice,SCH010,Software Engineering,Bachelor,Female,20,No,No,21.6,72.0,91.4,7.7
STU00922,922,2026-01-10,Slaskie,Katowice,SCH010,Business Analytics,Bachelor,Male,25,Yes,Yes,4.3,76.2,68.0,8.0
STU00923,923,2026-01-10,Slaskie,Katowice,SCH010,Business Analytics,Bachelor,Male,18,No,Yes,8.9,84.8,89.5,8.5
STU00924,924,2026-01-10,Slaskie,Katowice,SCH010,Software Engineering,PhD,Female,45,Yes,Yes,21.7,87.1,100,6.8
STU00925,925,2026-01-11,Slaskie,Katowice,SCH010,Data Science,Bachelor,Male,20,No,Yes,17.7,74.7,85.8,6.6
STU00926,926,2026-01-11,Slaskie,Katowice,SCH010,Cybersecurity,Bachelor,Female,20,No,Yes,19.5,73.2,90.5,5.9
STU00927,927,2026-01-11,Slaskie,Katowice,SCH010,Data Science,Master,Male,31,No,Yes,28.8,78.0,100,5.5
STU00928,928,2026-01-11,Slaskie,Katowice,SCH010,Data Science,Bachelor,Female,20,No,Yes,16.0,65.5,77.6,8.9
STU00929,929,2026-01-11,Slaskie,Katowice,SCH010,Business Analytics,PhD,Male,45,No,No,22.9,84.0,100,7.0
STU00930,930,2026-01-11,Slaskie,Katowice,SCH010,Data Science,Bachelor,Female,23,Yes,Yes,10.7,60.5,63.6,7.6
STU00931,931,2026-01-11,Slaskie,Katowice,SCH010,Cybersecurity,Bachelor,Male,19,No,Yes,9.1,82.8,71.2,8.8
STU00932,932,2026-01-12,Slaskie,Katowice,SCH010,Software Engineering,Bachelor,Female,20,No,Yes,11.2,78.1,72.3,7.8
STU00933,933,2026-01-12,Slaskie,Katowice,SCH010,Software Engineering,Bachelor,Male,19,No,No,19.8,88.8,90.2,6.5
STU00934,934,2026-01-12,Slaskie,Katowice,SCH010,Software Engineering,Bachelor,Male,19,No,Yes,16.6,66.1,82.0,6.3
STU00935,935,2026-01-12,Slaskie,Katowice,SCH010,Software Engineering,Master,Female,29,No,Yes,18.5,69.3,92.0,6.2
STU00936,936,2026-01-12,Slaskie,Katowice,SCH010,Cybersecurity,Master,Male,34,Yes,Yes,21.9,77.6,98.9,5.6
STU00937,937,2026-01-12,Slaskie,Katowice,SCH010,Data Science,Bachelor,Male,24,Yes,Yes,18.4,64.4,70.0,6.7
STU00938,938,2026-01-12,Slaskie,Katowice,SCH010,Data Science,Bachelor,Male,24,No,No,16.5,93.5,99.7,5.6
STU00939,939,2026-01-13,Slaskie,Katowice,SCH010,Data Science,Bachelor,Male,20,No,Yes,16.0,86.1,88.3,7.1
STU00940,940,2026-01-13,Slaskie,Katowice,SCH010,Software Engineering,Bachelor,Female,22,No,Yes,13.0,84.0,84.3,7.7
STU00941,941,2026-01-13,Slaskie,Katowice,SCH010,Data Science,Master,Male,30,No,Yes,10.9,91.1,89.6,8.9
STU00942,942,2026-01-13,Slaskie,Katowice,SCH010,Cybersecurity,Bachelor,Female,21,No,Yes,14.3,97.4,94.3,6.1
STU00943,943,2026-01-13,Slaskie,Katowice,SCH010,Data Science,Bachelor,Male,18,No,Yes,18.4,86.7,90.2,7.4
STU00944,944,2026-01-13,Slaskie,Katowice,SCH010,Business Analytics,Bachelor,Female,25,No,No,14.6,84.4,86.3,6.0
STU00945,945,2026-01-13,Slaskie,Katowice,SCH010,Software Engineering,Bachelor,Female,24,No,Yes,21.6,70.1,88.9,7.3
STU00946,946,2026-01-14,Slaskie,Katowice,SCH010,Software Engineering,Bachelor,Male,18,Yes,Yes,6.7,100,81.9,8.1
STU00947,947,2026-01-14,Slaskie,Katowice,SCH010,Data Science,Bachelor,Female,18,No,Yes,14.2,73.0,69.9,9.2
STU00948,948,2026-01-14,Slaskie,Katowice,SCH010,Data Science,Bachelor,Female,20,No,Yes,18.4,77.3,82.6,7.1
STU00949,949,2026-01-14,Slaskie,Katowice,SCH010,Cybersecurity,Master,Male,28,No,Yes,20.1,98.3,96.8,5.1
STU00950,950,2026-01-14,Slaskie,Katowice,SCH010,Software Engineering,Bachelor,Male,20,No,No,3.7,81.6,58.2,8.0
STU00951,951,2026-01-14,Slaskie,Katowice,SCH010,Software Engineering,Master,Male,28,Yes,Yes,26.4,71.9,82.4,8.0
STU00952,952,2026-01-14,Slaskie,Katowice,SCH010,Data Science,PhD,Female,44,No,Yes,24.5,78.0,100,7.6
STU00953,953,2026-01-15,Slaskie,Katowice,SCH010,Software Engineering,Bachelor,Female,19,Yes,Yes,18.7,89.9,100,8.0
STU00954,954,2026-01-15,Slaskie,Katowice,SCH010,Data Science,Master,Male,27,No,Yes,11.9,88.9,81.5,7.7
STU00955,955,2026-01-15,Slaskie,Katowice,SCH010,Software Engineering,Bachelor,Male,19,No,Yes,11.8,70.3,76.2,6.4
STU00956,956,2026-01-15,Slaskie,Katowice,SCH010,Cybersecurity,Bachelor,Female,22,No,Yes,16.1,87.8,82.4,8.8
STU00957,957,2026-01-15,Slaskie,Katowice,SCH010,Software Engineering,Bachelor,Male,18,No,Yes,16.8,71.5,94.7,5.6
STU00958,958,2026-01-15,Slaskie,Katowice,SCH010,Software Engineering,Bachelor,Female,19,No,Yes,12.6,88.3,83.3,8.2
STU00959,959,2026-01-15,Slaskie,Katowice,SCH010,Cybersecurity,Master,Female,26,No,Yes,24.6,58.7,91.3,7.6
STU00960,960,2026-01-16,Slaskie,Katowice,SCH010,Data Science,Bachelor,Female,18,Yes,No,21.2,70.7,89.2,7.2
STU00961,961,2026-01-16,Slaskie,Katowice,SCH010,Software Engineering,Master,Male,30,No,No,19.6,74.3,88.5,6.2
STU00962,962,2026-01-16,Slaskie,Katowice,SCH010,Data Science,Master,Female,31,No,Yes,13.4,58.4,68.0,6.4
STU00963,963,2026-01-16,Slaskie,Katowice,SCH010,Data Science,Bachelor,Male,24,No,Yes,10.3,79.0,69.2,7.7
STU00964,964,2026-01-16,Slaskie,Katowice,SCH010,Software Engineering,Bachelor,Male,19,No,Yes,19.5,86.4,100,6.5
STU00965,965,2026-01-16,Slaskie,Katowice,SCH010,Data Science,Master,Female,29,Yes,Yes,21.0,100,100,8.7
STU00966,966,2026-01-16,Slaskie,Katowice,SCH010,Software Engineering,Bachelor,Male,23,No,Yes,11.2,81.6,63.9,7.5
STU00967,967,2026-01-17,Slaskie,Katowice,SCH010,Cybersecurity,Bachelor,Other/Prefer not to say,21,No,Yes,13.5,85.9,79.5,10.0
STU00968,968,2026-01-17,Slaskie,Katowice,SCH010,Data Science,Bachelor,Male,19,No,No,14.5,82.2,80.9,6.0
STU00969,969,2026-01-17,Slaskie,Katowice,SCH010,Business Analytics,Bachelor,Female,24,Yes,Yes,11.9,86.8,75.3,8.2
STU00970,970,2026-01-17,Slaskie,Katowice,SCH010,Cybersecurity,Bachelor,Male,21,No,Yes,8.9,73.2,63.7,7.3
STU00971,971,2026-01-17,Slaskie,Katowice,SCH010,Software Engineering,Bachelor,Male,21,Yes,No,12.7,79.6,75.0,6.8
STU00972,972,2026-01-17,Slaskie,Katowice,SCH010,Software Engineering,Master,Female,28,Yes,No,21.9,77.6,96.2,8.9
STU00973,973,2026-01-17,Slaskie,Katowice,SCH010,Data Science,Bachelor,Male,18,Yes,Yes,14.3,72.2,74.3,9.7
STU00974,974,2026-01-18,Slaskie,Katowice,SCH010,Cybersecurity,Bachelor,Female,20,No,Yes,21.2,76.5,89.4,7.5
STU00975,975,2026-01-18,Slaskie,Katowice,SCH010,Business Analytics,PhD,Female,25,No,No,15.0,74.2,79.6,7.4
STU00976,976,2026-01-18,Slaskie,Katowice,SCH010,Software Engineering,Master,Other/Prefer not to say,25,No,Yes,18.3,83.5,86.8,9.5
STU00977,977,2026-01-18,Slaskie,Katowice,SCH010,Software Engineering,Bachelor,Other/Prefer not to say,22,No,Yes,4.9,84.8,69.9,8.7
STU00978,978,2026-01-18,Slaskie,Katowice,SCH010,Software Engineering,Bachelor,Male,25,Yes,Yes,15.9,81.0,99.6,7.2
STU00979,979,2026-01-18,Slaskie,Katowice,SCH010,Data Science,Bachelor,Male,21,No,Yes,10.9,82.9,93.5,9.0
STU00980,980,2026-01-18,Slaskie,Katowice,SCH010,Data Science,Bachelor,Female,25,No,No,19.0,99.6,96.9,8.6
STU00981,981,2026-01-19,Slaskie,Katowice,SCH010,Business Analytics,Bachelor,Female,21,Yes,Yes,12.2,94.5,79.0,8.5
STU00982,982,2026-01-19,Slaskie,Katowice,SCH010,Software Engineering,PhD,Female,25,No,Yes,17.2,81.2,97.5,7.2
STU00983,983,2026-01-19,Slaskie,Katowice,SCH010,Cybersecurity,Bachelor,Female,22,Yes,Yes,14.6,96.1,97.0,8.4
STU00984,984,2026-01-19,Slaskie,Katowice,SCH010,Software Engineering,Bachelor,Female,22,Yes,No,17.3,71.5,91.7,6.3
STU00985,985,2026-01-19,Slaskie,Katowice,SCH010,Software Engineering,PhD,Female,31,No,No,19.7,82.5,97.0,6.7
STU00986,986,2026-01-19,Slaskie,Katowice,SCH010,Cybersecurity,Bachelor,Female,19,No,No,11.5,76.5,63.5,7.8
STU00987,987,2026-01-19,Slaskie,Katowice,SCH010,Data Science,Master,Male,26,Yes,Yes,18.3,87.0,84.0,7.1
STU00988,988,2026-01-20,Slaskie,Katowice,SCH010,Cybersecurity,Bachelor,Male,24,Yes,Yes,14.0,71.9,75.3,6.2
STU00989,989,2026-01-20,Slaskie,Katowice,SCH010,Cybersecurity,Bachelor,Other/Prefer not to say,25,Yes,Yes,21.0,80.2,92.7,5.8
STU00990,990,2026-01-20,Slaskie,Katowice,SCH010,Data Science,Bachelor,Male,20,No,No,15.2,77.7,85.7,6.4
STU00991,991,2026-01-20,Slaskie,Katowice,SCH010,Cybersecurity,Bachelor,Male,25,No,Yes,12.2,100,97.3,9.2
STU00992,992,2026-01-20,Slaskie,Katowice,SCH010,Software Engineering,Master,Male,22,Yes,Yes,11.1,81.9,76.9,6.2
STU00993,993,2026-01-20,Slaskie,Katowice,SCH010,Business Analytics,Bachelor,Female,20,No,Yes,14.6,79.9,71.3,7.7
STU00994,994,2026-01-20,Slaskie,Katowice,SCH010,Data Science,Bachelor,Male,19,No,Yes,14.9,81.4,78.2,7.5
STU00995,995,2026-01-21,Slaskie,Katowice,SCH010,Data Science,Master,Male,24,No,No,8.1,74.6,66.0,4.7
STU00996,996,2026-01-21,Slaskie,Katowice,SCH010,Cybersecurity,Bachelor,Male,20,Yes,No,16.4,94.9,91.9,6.8
STU00997,997,2026-01-21,Slaskie,Katowice,SCH010,Data Science,Bachelor,Female,25,No,Yes,7.2,91.8,66.9,8.4
STU00998,998,2026-01-21,Slaskie,Katowice,SCH011,Cybersecurity,Bachelor,Male,18,No,No,17.3,77.8,84.3,9.5
STU00999,999,2026-01-21,Slaskie,Katowice,SCH011,Software Engineering,Bachelor,Female,20,No,No,6.9,70.7,67.4,6.4
STU01000,1000,2026-01-21,Slaskie,Katowice,SCH011,Software Engineering,Bachelor,Female,23,No,No,9.2,91.2,90.9,5.9
STU01001,1001,2026-01-21,Slaskie,Katowice,SCH011,Software Engineering,Bachelor,Male,25,No,Yes,4.5,76.9,59.2,6.9
STU01002,1002,2026-01-22,Slaskie,Katowice,SCH011,Software Engineering,Bachelor,Male,24,Yes,Yes,12.7,82.2,76.8,6.9
STU01003,1003,2026-01-22,Slaskie,Katowice,SCH011,Cybersecurity,Bachelor,Female,21,Yes,No,10.9,81.7,71.7,9.7
STU01004,1004,2026-01-22,Slaskie,Katowice,SCH011,Data Science,Bachelor,Female,19,No,Yes,12.1,78.3,78.2,7.7
STU01005,1005,2026-01-22,Slaskie,Katowice,SCH011,Data Science,Bachelor,Male,21,Yes,Yes,18.1,79.9,84.5,7.4
STU01006,1006,2026-01-22,Slaskie,Katowice,SCH011,Software Engineering,Bachelor,Female,18,No,Yes,8.7,85.2,89.9,8.6
STU01007,1007,2026-01-22,Slaskie,Katowice,SCH011,Cybersecurity,Bachelor,Female,20,No,No,11.1,78.3,68.5,7.2
STU01008,1008,2026-01-22,Slaskie,Katowice,SCH011,Cybersecurity,Master,Female,30,No,No,20.2,67.0,88.0,7.6
STU01009,1009,2026-01-23,Slaskie,Katowice,SCH011,Cybersecurity,Bachelor,Female,25,No,Yes,9.4,76.5,78.0,9.9
STU01010,1010,2026-01-23,Slaskie,Katowice,SCH011,Software Engineering,Bachelor,Female,20,No,Yes,9.9,62.6,61.4,8.2
STU01011,1011,2026-01-23,Slaskie,Katowice,SCH011,Data Science,Bachelor,Male,19,No,No,11.6,94.5,86.2,8.7
STU01012,1012,2026-01-23,Slaskie,Katowice,SCH011,Business Analytics,Bachelor,Female,21,No,No,15.1,93.1,84.8,8.1
STU01013,1013,2026-01-23,Slaskie,Katowice,SCH011,Business Analytics,Bachelor,Male,18,No,Yes,11.5,65.8,75.9,9.3
STU01014,1014,2026-01-23,Slaskie,Katowice,SCH011,Data Science,Bachelor,Male,19,Yes,Yes,11.5,76.8,71.8,6.6
STU01015,1015,2026-01-23,Slaskie,Katowice,SCH011,Data Science,PhD,Female,31,No,No,29.2,73.2,91.2,6.4
STU01016,1016,2026-01-24,Slaskie,Katowice,SCH011,Software Engineering,Master,Female,28,No,Yes,16.5,90.2,98.1,8.8
STU01017,1017,2026-01-24,Slaskie,Katowice,SCH011,Business Analytics,Bachelor,Female,19,No,Yes,11.3,79.7,62.4,7.9
STU01018,1018,2026-01-24,Slaskie,Katowice,SCH011,Data Science,PhD,Male,26,Yes,Yes,15.8,84.3,89.9,6.6
STU01019,1019,2026-01-24,Slaskie,Katowice,SCH011,Data Science,Bachelor,Male,25,No,Yes,19.9,100,100,8.7
STU01020,1020,2026-01-24,Slaskie,Katowice,SCH011,Business Analytics,Master,Male,29,No,No,24.5,81.6,91.5,6.2
STU01021,1021,2026-01-24,Slaskie,Katowice,SCH011,Software Engineering,Bachelor,Male,18,No,Yes,9.0,91.0,78.6,10
STU01022,1022,2026-01-24,Slaskie,Katowice,SCH011,Cybersecurity,Master,Female,30,Yes,Yes,24.2,85.2,96.1,9.5
STU01023,1023,2026-01-25,Slaskie,Katowice,SCH011,Cybersecurity,Bachelor,Female,25,No,Yes,12.9,72.8,73.7,7.7
STU01024,1024,2026-01-25,Slaskie,Katowice,SCH011,Cybersecurity,Master,Female,28,No,Yes,16.6,81.8,91.1,7.2
STU01025,1025,2026-01-25,Slaskie,Katowice,SCH011,Cybersecurity,Bachelor,Female,18,No,No,14.7,70.3,89.3,6.5
STU01026,1026,2026-01-25,Slaskie,Katowice,SCH011,Data Science,Bachelor,Male,24,No,No,22.3,95.1,97.9,8.1
STU01027,1027,2026-01-25,Slaskie,Katowice,SCH011,Business Analytics,PhD,Female,42,No,Yes,14.1,69.0,72.0,7.7
STU01028,1028,2026-01-25,Slaskie,Katowice,SCH011,Business Analytics,Master,Female,22,Yes,Yes,23.2,77.4,100,7.5
STU01029,1029,2026-01-25,Slaskie,Katowice,SCH011,Data Science,Bachelor,Female,22,No,No,9.8,85.1,70.8,8.3
STU01030,1030,2026-01-26,Slaskie,Katowice,SCH011,Data Science,Bachelor,Female,25,Yes,Yes,20.6,92.2,100,6.9
STU01031,1031,2026-01-26,Slaskie,Katowice,SCH011,Software Engineering,Bachelor,Female,23,No,Yes,9.1,79.1,87.3,7.4
STU01032,1032,2026-01-26,Slaskie,Katowice,SCH011,Data Science,Bachelor,Male,18,No,Yes,19.8,84.8,100,6.7
STU01033,1033,2026-01-26,Slaskie,Katowice,SCH011,Data Science,Bachelor,Male,22,No,Yes,15.6,90.9,79.8,7.5
STU01034,1034,2026-01-26,Slaskie,Katowice,SCH011,Data Science,Bachelor,Male,19,No,Yes,13.6,75.6,86.2,7.9
STU01035,1035,2026-01-26,Slaskie,Katowice,SCH011,Business Analytics,Bachelor,Female,23,No,Yes,9.3,100,82.4,6.2
STU01036,1036,2026-01-26,Slaskie,Katowice,SCH011,Data Science,Bachelor,Female,22,No,No,22.5,93.5,100,8.0
STU01037,1037,2026-01-27,Slaskie,Katowice,SCH011,Cybersecurity,Master,Male,27,No,Yes,11.4,67.3,66.7,8.3
STU01038,1038,2026-01-27,Slaskie,Katowice,SCH011,Business Analytics,Bachelor,Male,21,No,No,20.9,68.9,77.0,6.0
STU01039,1039,2026-01-27,Slaskie,Katowice,SCH011,Software Engineering,Master,Male,32,No,Yes,16.4,77.7,98.1,7.2
STU01040,1040,2026-01-27,Slaskie,Katowice,SCH011,Software Engineering,Bachelor,Female,25,No,No,17.6,76.2,78.7,8.1
STU01041,1041,2026-01-27,Slaskie,Katowice,SCH011,Software Engineering,Bachelor,Female,23,No,Yes,12.6,70.1,77.7,5.1
STU01042,1042,2026-01-27,Slaskie,Katowice,SCH011,Cybersecurity,Bachelor,Male,24,No,Yes,10.0,66.0,61.4,6.7
STU01043,1043,2026-01-27,Slaskie,Katowice,SCH011,Cybersecurity,Bachelor,Female,25,No,No,16.1,96.5,85.3,8.2
STU01044,1044,2026-01-28,Slaskie,Katowice,SCH011,Software Engineering,Bachelor,Male,19,Yes,Yes,16.2,69.1,84.6,7.8
STU01045,1045,2026-01-28,Slaskie,Katowice,SCH011,Business Analytics,Master,Male,27,Yes,Yes,18.8,83.4,95.7,6.5
STU01046,1046,2026-01-28,Slaskie,Katowice,SCH011,Software Engineering,Bachelor,Female,18,Yes,No,24.0,100,100,6.4
STU01047,1047,2026-01-28,Slaskie,Katowice,SCH011,Software Engineering,Bachelor,Male,20,No,Yes,8.0,85.1,69.0,7.8
STU01048,1048,2026-01-28,Slaskie,Katowice,SCH011,Software Engineering,Bachelor,Female,23,No,Yes,14.5,59.5,63.8,7.6
STU01049,1049,2026-01-28,Slaskie,Katowice,SCH011,Software Engineering,Bachelor,Male,24,No,Yes,16.4,81.1,69.3,10
STU01050,1050,2026-01-28,Slaskie,Katowice,SCH011,Software Engineering,Master,Female,26,No,Yes,20.1,86.6,98.2,8.4
STU01051,1051,2026-01-29,Slaskie,Katowice,SCH011,Business Analytics,Bachelor,Female,22,No,No,16.7,93.2,87.2,8.0
STU01052,1052,2026-01-29,Slaskie,Katowice,SCH011,Software Engineering,Master,Female,22,No,Yes,19.6,80.4,90.2,7.6
STU01053,1053,2026-01-29,Slaskie,Katowice,SCH011,Business Analytics,Bachelor,Male,25,No,No,13.0,78.7,82.2,6.3
STU01054,1054,2026-01-29,Slaskie,Katowice,SCH011,Cybersecurity,Bachelor,Female,20,No,No,4.7,87.0,76.6,9.1
STU01055,1055,2026-01-29,Slaskie,Katowice,SCH011,Cybersecurity,Master,Male,26,No,No,21.2,78.2,89.2,6.0
STU01056,1056,2026-01-29,Slaskie,Katowice,SCH011,Data Science,Bachelor,Male,23,Yes,Yes,6.2,90.3,68.8,9.5
STU01057,1057,2026-01-29,Slaskie,Katowice,SCH011,Software Engineering,Bachelor,Male,21,No,Yes,11.8,90.6,95.4,7.8
STU01058,1058,2026-01-30,Slaskie,Katowice,SCH011,Business Analytics,Bachelor,Male,21,Yes,Yes,11.9,76.6,74.6,7.9
STU01059,1059,2026-01-30,Slaskie,Katowice,SCH011,Cybersecurity,Bachelor,Male,23,No,Yes,18.7,83.6,96.2,7.7
STU01060,1060,2026-01-30,Slaskie,Katowice,SCH011,Software Engineering,Bachelor,Female,23,No,Yes,18.1,85.0,100,9.3
STU01061,1061,2026-01-30,Slaskie,Katowice,SCH011,Cybersecurity,Bachelor,Female,24,Yes,Yes,10.9,80.9,81.2,6.9
STU01062,1062,2026-01-30,Slaskie,Katowice,SCH011,Cybersecurity,Master,Male,29,No,Yes,9.6,87.8,80.8,8.3
STU01063,1063,2026-01-30,Slaskie,Katowice,SCH011,Software Engineering,Bachelor,Female,23,No,No,23.5,73.1,95.3,8.1
STU01064,1064,2026-01-30,Slaskie,Katowice,SCH011,Software Engineering,Bachelor,Female,25,No,Yes,15.9,83.4,91.3,5.6
STU01065,1065,2026-01-31,Slaskie,Katowice,SCH011,Cybersecurity,Bachelor,Male,18,No,Yes,5.4,67.4,71.5,6.5
STU01066,1066,2026-01-31,Slaskie,Katowice,SCH011,Data Science,Master,Female,25,No,Yes,21.0,86.8,100,8.3
STU01067,1067,2026-01-31,Slaskie,Katowice,SCH011,Business Analytics,Master,Female,25,No,Yes,14.2,99.3,92.6,8.2
STU01068,1068,2026-01-31,Slaskie,Katowice,SCH011,Software Engineering,Bachelor,Female,22,No,Yes,7.9,81.1,69.1,7.5
STU01069,1069,2026-01-31,Slaskie,Katowice,SCH011,Software Engineering,Master,Female,33,No,No,19.5,90.5,99.9,6.8
STU01070,1070,2026-01-31,Slaskie,Katowice,SCH011,Software Engineering,Bachelor,Male,20,Yes,Yes,8.2,68.4,76.5,8.4
STU01071,1071,2026-01-31,Slaskie,Katowice,SCH011,Software Engineering,Bachelor,Female,25,Yes,Yes,9.2,76.7,67.4,7.2
STU01072,1072,2026-02-01,Slaskie,Katowice,SCH011,Software Engineering,PhD,Male,42,No,Yes,22.1,96.1,100,10
STU01073,1073,2026-02-01,Slaskie,Katowice,SCH011,Cybersecurity,Master,Male,22,No,Yes,14.5,71.2,84.8,6.5
STU01074,1074,2026-02-01,Slaskie,Katowice,SCH011,Business Analytics,Master,Female,24,Yes,No,15.5,79.5,81.4,5.1
STU01075,1075,2026-02-01,Slaskie,Katowice,SCH011,Software Engineering,Bachelor,Male,18,No,Yes,19.5,76.6,94.7,8.0
STU01076,1076,2026-02-01,Slaskie,Katowice,SCH011,Cybersecurity,Bachelor,Female,21,No,No,17.6,71.7,81.3,6.1
STU01077,1077,2026-02-01,Slaskie,Katowice,SCH011,Cybersecurity,Master,Male,33,Yes,Yes,15.4,80.0,77.7,7.5
STU01078,1078,2026-02-01,Slaskie,Katowice,SCH011,Data Science,Master,Female,23,Yes,Yes,16.0,91.6,100,5.9
STU01079,1079,2026-02-02,Slaskie,Katowice,SCH011,Cybersecurity,Bachelor,Female,24,No,Yes,14.7,85.8,82.3,6.6
STU01080,1080,2026-02-02,Slaskie,Katowice,SCH011,Data Science,Bachelor,Female,21,No,No,23.4,70.6,98.8,5.9
STU01081,1081,2026-02-02,Slaskie,Katowice,SCH011,Software Engineering,Bachelor,Other/Prefer not to say,20,Yes,Yes,16.6,74.4,84.5,7.9
STU01082,1082,2026-02-02,Slaskie,Katowice,SCH011,Data Science,PhD,Male,31,No,Yes,25.1,78.3,100,6.8
STU01083,1083,2026-02-02,Slaskie,Katowice,SCH011,Software Engineering,Bachelor,Female,18,No,Yes,14.6,88.7,75.3,6.9
STU01084,1084,2026-02-02,Slaskie,Katowice,SCH011,Cybersecurity,Bachelor,Female,21,Yes,Yes,13.8,82.0,77.2,7.5
STU01085,1085,2026-02-02,Slaskie,Katowice,SCH011,Software Engineering,Master,Male,27,No,No,19.3,59.4,68.4,6.1
STU01086,1086,2026-02-03,Slaskie,Katowice,SCH011,Data Science,Master,Female,25,No,Yes,10.1,81.9,74.7,8.8
STU01087,1087,2026-02-03,Slaskie,Katowice,SCH011,Business Analytics,Bachelor,Female,25,No,Yes,22.8,74.5,100,7.4
STU01088,1088,2026-02-03,Slaskie,Katowice,SCH012,Software Engineering,Master,Female,30,No,Yes,14.3,75.7,87.1,8.8
STU01089,1089,2026-02-03,Slaskie,Katowice,SCH012,Data Science,Bachelor,Female,25,No,No,11.5,68.3,68.7,7.0
STU01090,1090,2026-02-03,Slaskie,Katowice,SCH012,Cybersecurity,Bachelor,Female,23,No,Yes,2,67.1,65.7,6.6
STU01091,1091,2026-02-03,Slaskie,Katowice,SCH012,Software Engineering,Bachelor,Female,25,No,Yes,10.2,75.4,89.2,5.9
STU01092,1092,2026-02-03,Slaskie,Katowice,SCH012,Data Science,Bachelor,Female,22,No,Yes,21.8,79.6,95.1,7.9
STU01093,1093,2026-02-04,Slaskie,Katowice,SCH012,Data Science,Bachelor,Male,25,No,Yes,8.3,80.7,84.7,6.1
STU01094,1094,2026-02-04,Slaskie,Katowice,SCH012,Data Science,Master,Female,33,Yes,No,20.8,79.1,81.9,8.1
STU01095,1095,2026-02-04,Slaskie,Katowice,SCH012,Software Engineering,Bachelor,Female,19,No,Yes,18.4,68.3,83.7,6.0
STU01096,1096,2026-02-04,Slaskie,Katowice,SCH012,Business Analytics,Bachelor,Male,20,No,Yes,19.7,75.9,95.1,6.9
STU01097,1097,2026-02-04,Slaskie,Katowice,SCH012,Software Engineering,Master,Female,34,No,No,21.7,85.4,97.1,8.0
STU01098,1098,2026-02-04,Slaskie,Katowice,SCH012,Data Science,Bachelor,Male,18,No,Yes,18.1,87.6,95.8,7.3
STU01099,1099,2026-02-04,Slaskie,Katowice,SCH012,Data Science,Master,Male,24,No,Yes,6.1,65.9,66.9,4.9
STU01100,1100,2026-02-05,Slaskie,Katowice,SCH012,Cybersecurity,Bachelor,Female,21,No,Yes,23.4,73.0,93.2,5.3
STU01101,1101,2026-02-05,Slaskie,Katowice,SCH012,Cybersecurity,Bachelor,Female,22,Yes,Yes,16.5,89.4,95.2,7.3
STU01102,1102,2026-02-05,Slaskie,Katowice,SCH012,Software Engineering,Bachelor,Female,25,No,Yes,14.9,68.0,84.1,5.5
STU01103,1103,2026-02-05,Slaskie,Katowice,SCH012,Business Analytics,Bachelor,Male,20,No,Yes,12.6,71.2,80.5,5.2
STU01104,1104,2026-02-05,Slaskie,Katowice,SCH012,Software Engineering,Bachelor,Male,22,Yes,No,15.7,94.2,97.1,7.6
STU01105,1105,2026-02-05,Slaskie,Katowice,SCH012,Data Science,Bachelor,Female,23,No,Yes,12.9,78.6,79.1,5.8
STU01106,1106,2026-02-05,Slaskie,Katowice,SCH012,Data Science,Master,Female,27,No,No,18.8,88.7,100,8.6
STU01107,1107,2026-02-06,Slaskie,Katowice,SCH012,Cybersecurity,Master,Male,31,No,Yes,9.4,91.2,82.4,9.1
STU01108,1108,2026-02-06,Slaskie,Katowice,SCH012,Software Engineering,Bachelor,Female,21,No,No,8.8,79.5,78.7,4.0
STU01109,1109,2026-02-06,Slaskie,Katowice,SCH012,Data Science,Bachelor,Male,22,No,No,17.1,77.7,99.2,6.6
STU01110,1110,2026-02-06,Slaskie,Katowice,SCH012,Cybersecurity,Bachelor,Male,19,No,No,15.8,69.5,80.7,6.7
STU01111,1111,2026-02-06,Slaskie,Katowice,SCH012,Business Analytics,Bachelor,Female,19,Yes,No,8.6,89.2,84.4,8.6
STU01112,1112,2026-02-06,Slaskie,Katowice,SCH012,Data Science,Master,Female,23,No,Yes,13.5,59.0,66.3,4.8
STU01113,1113,2026-02-06,Slaskie,Katowice,SCH012,Software Engineering,Master,Female,24,No,No,13.4,85.2,83.6,8.9
STU01114,1114,2026-02-07,Slaskie,Katowice,SCH012,Software Engineering,Master,Male,27,No,No,14.0,76.3,72.7,5.6
STU01115,1115,2026-02-07,Slaskie,Katowice,SCH012,Cybersecurity,Bachelor,Male,24,No,Yes,16.1,84.9,90.8,8.9
STU01116,1116,2026-02-07,Slaskie,Katowice,SCH012,Software Engineering,Bachelor,Female,22,No,Yes,10.1,80.9,82.9,7.3
STU01117,1117,2026-02-07,Slaskie,Katowice,SCH012,Cybersecurity,Bachelor,Female,19,No,No,11.2,71.5,76.4,6.0
STU01118,1118,2026-02-07,Slaskie,Katowice,SCH012,Cybersecurity,Bachelor,Male,18,No,No,7.0,89.9,76.6,8.2
STU01119,1119,2026-02-07,Slaskie,Katowice,SCH012,Software Engineering,Bachelor,Male,25,No,No,11.7,61.3,74.2,6.2
STU01120,1120,2026-02-07,Slaskie,Katowice,SCH012,Cybersecurity,Bachelor,Male,19,Yes,Yes,22.1,77.6,98.0,9.5
STU01121,1121,2026-02-08,Slaskie,Katowice,SCH012,Cybersecurity,Master,Female,26,Yes,No,17.4,83.8,84.8,6.5
STU01122,1122,2026-02-08,Slaskie,Katowice,SCH012,Software Engineering,Bachelor,Male,18,No,Yes,13.4,81.5,79.3,9.1
STU01123,1123,2026-02-08,Slaskie,Katowice,SCH012,Cybersecurity,Bachelor,Female,24,No,Yes,20.7,89.0,92.8,6.9
STU01124,1124,2026-02-08,Slaskie,Katowice,SCH012,Business Analytics,Bachelor,Male,21,No,No,22.4,72.3,88.7,6.6
STU01125,1125,2026-02-08,Slaskie,Katowice,SCH012,Data Science,Bachelor,Male,19,No,No,24.1,90.9,100,6.1
STU01126,1126,2026-02-08,Slaskie,Katowice,SCH012,Business Analytics,Bachelor,Female,19,No,Yes,16.4,84.4,87.8,8.7
STU01127,1127,2026-02-08,Slaskie,Katowice,SCH012,Business Analytics,Bachelor,Female,18,No,Yes,14.4,69.3,77.2,5.0
STU01128,1128,2026-02-09,Slaskie,Katowice,SCH012,Software Engineering,Bachelor,Male,20,No,Yes,13.2,81.1,80.1,7.9
STU01129,1129,2026-02-09,Slaskie,Katowice,SCH012,Software Engineering,Bachelor,Other/Prefer not to say,23,Yes,Yes,15.1,76.2,74.9,6.1
STU01130,1130,2026-02-09,Slaskie,Katowice,SCH012,Cybersecurity,Bachelor,Female,23,No,Yes,9.7,76.8,70.0,9.4
STU01131,1131,2026-02-09,Slaskie,Katowice,SCH012,Business Analytics,Bachelor,Male,20,No,Yes,23.6,83.9,100,7.3
STU01132,1132,2026-02-09,Slaskie,Katowice,SCH012,Cybersecurity,Bachelor,Female,23,No,No,8.6,83.4,82.5,8.4
STU01133,1133,2026-02-09,Slaskie,Katowice,SCH012,Software Engineering,Bachelor,Female,18,No,Yes,13.4,49.8,61.2,7.5
STU01134,1134,2026-02-09,Slaskie,Katowice,SCH012,Business Analytics,Bachelor,Female,24,Yes,No,13.2,80.3,88.0,8.8
STU01135,1135,2026-02-10,Slaskie,Katowice,SCH012,Cybersecurity,Master,Female,34,Yes,No,17.5,99.9,91.8,6.4
STU01136,1136,2026-02-10,Slaskie,Katowice,SCH012,Software Engineering,Bachelor,Male,24,No,Yes,14.2,71.8,83.6,6.9
STU01137,1137,2026-02-10,Slaskie,Katowice,SCH012,Cybersecurity,Master,Female,27,No,Yes,16.1,75.8,77.9,6.8
STU01138,1138,2026-02-10,Slaskie,Katowice,SCH012,Data Science,Bachelor,Female,21,Yes,Yes,22.8,82.9,96.8,4.7
STU01139,1139,2026-02-10,Slaskie,Katowice,SCH012,Data Science,Bachelor,Male,25,No,No,20.7,81.9,96.8,5.9
STU01140,1140,2026-02-10,Slaskie,Katowice,SCH012,Data Science,Bachelor,Male,25,No,No,19.3,100,100,7.2
STU01141,1141,2026-02-10,Slaskie,Katowice,SCH012,Business Analytics,Bachelor,Female,25,No,Yes,10.5,82.6,82.1,8.8
STU01142,1142,2026-02-11,Slaskie,Katowice,SCH012,Software Engineering,Bachelor,Male,20,No,No,21.5,87.1,95.5,6.1
STU01143,1143,2026-02-11,Slaskie,Katowice,SCH012,Cybersecurity,Bachelor,Female,24,No,No,6.3,76.3,53.8,4.6
STU01144,1144,2026-02-11,Slaskie,Katowice,SCH012,Cybersecurity,Master,Male,22,Yes,Yes,22.8,67.6,82.4,8.5
STU01145,1145,2026-02-11,Slaskie,Katowice,SCH012,Software Engineering,Bachelor,Female,19,Yes,No,16.3,69.8,84.8,4.8
STU01146,1146,2026-02-11,Slaskie,Katowice,SCH012,Software Engineering,Bachelor,Female,21,No,Yes,19.9,88.2,100,8.9
STU01147,1147,2026-02-11,Slaskie,Katowice,SCH012,Data Science,Bachelor,Female,22,No,Yes,10.3,82.4,80.0,7.9
STU01148,1148,2026-02-11,Slaskie,Katowice,SCH012,Cybersecurity,Bachelor,Female,23,No,Yes,11.2,94.9,81.6,7.6
STU01149,1149,2026-02-12,Slaskie,Katowice,SCH012,Software Engineering,Master,Female,34,No,Yes,15.7,89.5,90.2,7.6
STU01150,1150,2026-02-12,Slaskie,Katowice,SCH012,Cybersecurity,Bachelor,Male,22,No,Yes,18.1,71.2,69.9,7.6
STU01151,1151,2026-02-12,Slaskie,Katowice,SCH012,Software Engineering,PhD,Male,41,No,Yes,23.8,71.4,97.8,8.5
STU01152,1152,2026-02-12,Slaskie,Katowice,SCH012,Business Analytics,Bachelor,Female,19,No,Yes,14.6,88.0,89.6,5.7
STU01153,1153,2026-02-12,Slaskie,Katowice,SCH012,Cybersecurity,Bachelor,Female,18,No,No,15.3,68.1,79.7,7.4
STU01154,1154,2026-02-12,Slaskie,Katowice,SCH012,Cybersecurity,Bachelor,Female,23,No,Yes,23.4,75.4,91.9,7.2
STU01155,1155,2026-02-12,Slaskie,Katowice,SCH012,Cybersecurity,Master,Male,25,Yes,No,16.3,69.5,81.6,8.5
STU01156,1156,2026-02-13,Slaskie,Katowice,SCH012,Data Science,Bachelor,Male,22,Yes,Yes,16.9,79.8,95.5,6.7
STU01157,1157,2026-02-13,Slaskie,Katowice,SCH012,Data Science,Bachelor,Male,25,No,Yes,14.9,71.4,78.1,6.6
STU01158,1158,2026-02-13,Slaskie,Katowice,SCH012,Data Science,Bachelor,Female,21,No,Yes,19.3,80.6,100,6.4
STU01159,1159,2026-02-13,Slaskie,Katowice,SCH012,Software Engineering,Bachelor,Male,25,No,Yes,10.7,84.4,77.2,6.9
STU01160,1160,2026-02-13,Slaskie,Katowice,SCH012,Data Science,Bachelor,Male,22,No,Yes,13.0,92.7,86.8,9.1
STU01161,1161,2026-02-13,Slaskie,Katowice,SCH012,Business Analytics,PhD,Male,35,No,Yes,16.9,80.2,87.4,5.7
STU01162,1162,2026-02-13,Slaskie,Katowice,SCH012,Business Analytics,Bachelor,Female,20,Yes,Yes,16.5,91.5,87.9,9.8
STU01163,1163,2026-02-14,Slaskie,Katowice,SCH012,Software Engineering,Bachelor,Male,21,No,Yes,18.7,94.2,100,5.7
STU01164,1164,2026-02-14,Slaskie,Katowice,SCH012,Data Science,Bachelor,Male,25,No,No,14.7,72.2,88.6,6.2
STU01165,1165,2026-02-14,Slaskie,Katowice,SCH012,Cybersecurity,Master,Female,27,No,No,15.3,87.9,78.4,6.5
STU01166,1166,2026-02-14,Slaskie,Katowice,SCH012,Business Analytics,Bachelor,Female,24,No,No,22.4,77.3,100,7.1
STU01167,1167,2026-02-14,Slaskie,Katowice,SCH012,Software Engineering,Bachelor,Female,23,Yes,Yes,11.3,91.6,85.1,5.8
STU01168,1168,2026-02-14,Slaskie,Katowice,SCH012,Cybersecurity,Bachelor,Female,19,No,Yes,6.1,82.0,54.7,8.2
STU01169,1169,2026-02-14,Slaskie,Katowice,SCH012,Software Engineering,Bachelor,Male,25,No,No,12.5,78.2,86.8,7.3
STU01170,1170,2026-02-15,Slaskie,Katowice,SCH012,Cybersecurity,Bachelor,Female,25,Yes,No,12.1,98.4,86.8,8.0
STU01171,1171,2026-02-15,Slaskie,Katowice,SCH012,Data Science,Bachelor,Female,19,No,Yes,7.0,75.8,60.0,6.6
STU01172,1172,2026-02-15,Slaskie,Katowice,SCH012,Data Science,Bachelor,Male,23,No,Yes,15.2,63.6,79.0,8.0
STU01173,1173,2026-02-15,Slaskie,Katowice,SCH012,Cybersecurity,Bachelor,Female,22,No,No,16.5,80.7,81.4,7.7
STU01174,1174,2026-02-15,Slaskie,Katowice,SCH012,Data Science,Bachelor,Male,23,Yes,Yes,21.8,85.4,100,5.7
STU01175,1175,2026-02-15,Slaskie,Katowice,SCH012,Software Engineering,Bachelor,Male,19,No,No,15.2,67.9,83.4,4.4
STU01176,1176,2026-02-15,Slaskie,Katowice,SCH012,Business Analytics,Bachelor,Male,21,No,No,10.3,83.4,65.0,7.9
STU01177,1177,2026-02-16,Slaskie,Katowice,SCH012,Software Engineering,Master,Female,32,No,Yes,18.6,63.9,96.1,6.1
STU01178,1178,2026-02-16,Slaskie,Katowice,SCH012,Data Science,Bachelor,Male,24,Yes,Yes,12.5,86.4,87.3,9.5
STU01179,1179,2026-02-16,Slaskie,Katowice,SCH012,Cybersecurity,Bachelor,Male,23,No,Yes,11.1,77.0,81.2,8.2
STU01180,1180,2026-02-16,Slaskie,Katowice,SCH012,Cybersecurity,Bachelor,Male,18,No,Yes,18.3,77.5,86.3,8.2
STU01181,1181,2026-02-16,Slaskie,Katowice,SCH012,Cybersecurity,Bachelor,Female,22,No,No,14.2,77.7,94.6,4.9
STU01182,1182,2026-02-16,Slaskie,Katowice,SCH012,Business Analytics,Bachelor,Female,21,No,Yes,11.3,84.0,71.2,9.1
STU01183,1183,2026-02-16,Slaskie,Katowice,SCH012,Data Science,Bachelor,Male,19,Yes,Yes,23.7,77.0,82.5,10
STU01184,1184,2026-02-17,Slaskie,Katowice,SCH012,Data Science,Bachelor,Female,23,No,Yes,14.8,79.4,79.9,8.3
STU01185,1185,2026-02-17,Slaskie,Katowice,SCH012,Data Science,PhD,Female,34,No,Yes,22.4,73.1,95.9,7.3
STU01186,1186,2026-02-17,Slaskie,Katowice,SCH012,Cybersecurity,Bachelor,Female,22,No,No,23.3,85.5,100,7.3
STU01187,1187,2026-02-17,Slaskie,Katowice,SCH012,Data Science,Bachelor,Female,18,Yes,No,20.9,72.1,85.3,7.6
STU01188,1188,2026-02-17,Slaskie,Katowice,SCH012,Data Science,Bachelor,Male,20,No,No,18.3,98.7,100,8.1
STU01189,1189,2026-02-17,Slaskie,Katowice,SCH012,Cybersecurity,Bachelor,Male,22,No,Yes,15.2,80.4,74.1,7.9
STU01190,1190,2026-02-17,Slaskie,Katowice,SCH012,Cybersecurity,Bachelor,Male,20,Yes,Yes,17.8,80.4,92.5,7.5
STU01191,1191,2026-02-18,Slaskie,Katowice,SCH012,Business Analytics,Bachelor,Male,25,Yes,Yes,13.2,76.5,64.6,7.9
STU01192,1192,2026-02-18,Slaskie,Katowice,SCH012,Software Engineering,Bachelor,Female,19,No,No,16.0,74.7,84.7,7.4
STU01193,1193,2026-02-18,Slaskie,Katowice,SCH013,Data Science,Bachelor,Female,19,No,Yes,12.7,78.9,75.2,7.1
STU01194,1194,2026-02-18,Slaskie,Katowice,SCH013,Cybersecurity,Bachelor,Other/Prefer not to say,22,No,Yes,8.6,67.0,72.8,4.6
STU01195,1195,2026-02-18,Slaskie,Katowice,SCH013,Business Analytics,Bachelor,Female,18,No,No,8.4,94.1,81.7,7.9
STU01196,1196,2026-02-18,Slaskie,Katowice,SCH013,Data Science,Bachelor,Male,23,Yes,No,12.8,93.0,87.3,8.8
STU01197,1197,2026-02-18,Slaskie,Katowice,SCH013,Cybersecurity,Bachelor,Male,23,No,No,13.7,79.4,94.5,5.5
STU01198,1198,2026-02-19,Slaskie,Katowice,SCH013,Software Engineering,Bachelor,Female,22,Yes,Yes,16.5,66.8,65.7,7.6
STU01199,1199,2026-02-19,Slaskie,Katowice,SCH013,Data Science,Bachelor,Male,22,Yes,Yes,18.6,70.9,88.1,10
STU01200,1200,2026-02-19,Slaskie,Katowice,SCH013,Data Science,PhD,Male,41,Yes,No,17.2,83.3,91.2,7.0
STU01201,1201,2026-02-19,Slaskie,Katowice,SCH013,Data Science,Bachelor,Male,18,No,Yes,9.4,83.0,95.3,6.5
STU01202,1202,2026-02-19,Slaskie,Katowice,SCH013,Data Science,Bachelor,Male,21,No,No,13.1,93.8,100,5.7
STU01203,1203,2026-02-19,Slaskie,Katowice,SCH013,Business Analytics,Bachelor,Male,22,No,Yes,7.7,70.0,71.0,6.3
STU01204,1204,2026-02-19,Slaskie,Katowice,SCH013,Data Science,Bachelor,Male,22,Yes,No,23.2,79.9,95.4,7.0
STU01205,1205,2026-02-20,Slaskie,Katowice,SCH013,Data Science,Bachelor,Other/Prefer not to say,21,No,Yes,11.3,68.3,78.1,7.1
STU01206,1206,2026-02-20,Slaskie,Katowice,SCH013,Business Analytics,Bachelor,Female,24,Yes,No,20.6,88.4,94.1,5.6
STU01207,1207,2026-02-20,Slaskie,Katowice,SCH013,Data Science,Master,Female,26,No,No,19.6,74.1,85.7,4.7
STU01208,1208,2026-02-20,Slaskie,Katowice,SCH013,Software Engineering,Bachelor,Female,23,No,No,17.5,98.5,100,7.6
STU01209,1209,2026-02-20,Slaskie,Katowice,SCH013,Data Science,Bachelor,Male,25,No,Yes,21.0,100,100,6.9
STU01210,1210,2026-02-20,Slaskie,Katowice,SCH013,Business Analytics,Bachelor,Male,24,No,Yes,9.9,85.4,74.2,7.5
STU01211,1211,2026-02-20,Slaskie,Katowice,SCH013,Cybersecurity,Bachelor,Female,22,No,Yes,10.0,94.6,91.9,8.1
STU01212,1212,2026-02-21,Slaskie,Katowice,SCH013,Software Engineering,Bachelor,Female,25,No,No,19.8,71.4,93.0,7.7
STU01213,1213,2026-02-21,Slaskie,Katowice,SCH013,Software Engineering,Bachelor,Male,19,No,Yes,11.8,80.8,73.7,6.3
STU01214,1214,2026-02-21,Slaskie,Katowice,SCH013,Cybersecurity,Bachelor,Male,23,No,Yes,4.4,60.7,62.0,8.0
STU01215,1215,2026-02-21,Slaskie,Katowice,SCH013,Software Engineering,Master,Female,22,Yes,Yes,20.2,76.9,85.9,7.1
STU01216,1216,2026-02-21,Slaskie,Katowice,SCH013,Cybersecurity,Bachelor,Male,23,No,Yes,19.0,87.5,92.8,7.4
STU01217,1217,2026-02-21,Slaskie,Katowice,SCH013,Business Analytics,Bachelor,Female,20,Yes,No,16.5,74.6,80.6,5.9
STU01218,1218,2026-02-21,Slaskie,Katowice,SCH013,Software Engineering,Master,Male,27,No,Yes,19.7,88.8,78.8,7.4
STU01219,1219,2026-02-22,Slaskie,Katowice,SCH013,Data Science,Master,Female,31,No,Yes,20.9,74.2,94.2,7.0
STU01220,1220,2026-02-22,Slaskie,Katowice,SCH013,Business Analytics,Master,Male,24,No,Yes,12.5,60.9,61.9,6.4
STU01221,1221,2026-02-22,Slaskie,Katowice,SCH013,Cybersecurity,Master,Female,33,Yes,Yes,12.9,77.7,64.7,6.2
STU01222,1222,2026-02-22,Slaskie,Katowice,SCH013,Cybersecurity,Bachelor,Female,20,No,Yes,5.6,97.7,76.1,8.9
STU01223,1223,2026-02-22,Slaskie,Katowice,SCH013,Data Science,Bachelor,Other/Prefer not to say,25,No,Yes,11.3,97.6,100,9.0
STU01224,1224,2026-02-22,Slaskie,Katowice,SCH013,Data Science,Bachelor,Male,25,No,Yes,14.6,87.5,88.7,9.4
STU01225,1225,2026-02-22,Slaskie,Katowice,SCH013,Cybersecurity,Master,Male,31,Yes,Yes,19.9,73.0,86.7,5.0
STU01226,1226,2026-02-23,Slaskie,Katowice,SCH013,Data Science,Bachelor,Male,23,No,Yes,9.1,65.3,79.8,8.0
STU01227,1227,2026-02-23,Slaskie,Katowice,SCH013,Business Analytics,Bachelor,Female,21,No,Yes,12.3,98.3,97.5,10
STU01228,1228,2026-02-23,Slaskie,Katowice,SCH013,Data Science,Bachelor,Male,21,No,Yes,13.3,72.2,71.5,8.6
STU01229,1229,2026-02-23,Slaskie,Katowice,SCH013,Data Science,Bachelor,Male,25,No,Yes,13.5,82.1,83.9,5.9
STU01230,1230,2026-02-23,Slaskie,Katowice,SCH013,Cybersecurity,Master,Male,23,No,Yes,19.3,77.5,80.0,9.2
STU01231,1231,2026-02-23,Slaskie,Katowice,SCH013,Cybersecurity,Master,Male,24,No,Yes,14.4,68.1,79.5,6.6
STU01232,1232,2026-02-23,Slaskie,Katowice,SCH013,Business Analytics,Bachelor,Male,20,No,No,10.0,63.0,59.7,6.8
STU01233,1233,2026-02-24,Slaskie,Katowice,SCH013,Software Engineering,Master,Male,23,No,Yes,16.7,78.0,74.7,7.4
STU01234,1234,2026-02-24,Slaskie,Katowice,SCH013,Data Science,Master,Female,32,No,No,23.8,77.8,99.3,5.4
STU01235,1235,2026-02-24,Slaskie,Katowice,SCH013,Software Engineering,Bachelor,Female,25,Yes,Yes,20.4,90.7,100,7.2
STU01236,1236,2026-02-24,Slaskie,Katowice,SCH013,Data Science,Bachelor,Female,21,No,Yes,4.1,89.6,78.0,8.6
STU01237,1237,2026-02-24,Slaskie,Katowice,SCH013,Data Science,Master,Male,32,No,Yes,19.2,92.0,95.4,9.1
STU01238,1238,2026-02-24,Slaskie,Katowice,SCH013,Business Analytics,Bachelor,Male,19,No,Yes,14.1,75.4,76.3,7.6
STU01239,1239,2026-02-24,Slaskie,Katowice,SCH013,Business Analytics,Master,Male,31,Yes,Yes,23.5,92.8,92.1,5.7
STU01240,1240,2026-02-25,Slaskie,Katowice,SCH013,Software Engineering,Bachelor,Male,19,No,Yes,13.6,77.6,87.5,8.0
STU01241,1241,2026-02-25,Slaskie,Katowice,SCH013,Cybersecurity,Master,Male,31,No,No,22.5,91.4,97.0,6.4
STU01242,1242,2026-02-25,Slaskie,Katowice,SCH013,Software Engineering,Bachelor,Female,23,Yes,No,19.5,65.3,84.1,6.9
STU01243,1243,2026-02-25,Slaskie,Katowice,SCH013,Cybersecurity,PhD,Male,43,Yes,Yes,22.4,78.5,88.7,5.9
STU01244,1244,2026-02-25,Slaskie,Katowice,SCH013,Cybersecurity,Bachelor,Male,21,No,Yes,12.9,80.7,75.5,6.7
STU01245,1245,2026-02-25,Slaskie,Katowice,SCH013,Cybersecurity,Bachelor,Male,23,No,Yes,10.4,69.3,92.3,7.4
STU01246,1246,2026-02-25,Slaskie,Katowice,SCH013,Cybersecurity,Bachelor,Female,19,No,Yes,5.5,90.1,70.4,6.6
STU01247,1247,2026-02-26,Slaskie,Katowice,SCH013,Data Science,Bachelor,Female,21,No,Yes,7.7,86.8,68.5,6.4
STU01248,1248,2026-02-26,Slaskie,Katowice,SCH013,Cybersecurity,Master,Male,22,No,Yes,19.4,100,96.2,8.1
STU01249,1249,2026-02-26,Slaskie,Katowice,SCH013,Data Science,Bachelor,Male,18,Yes,Yes,14.1,87.0,85.3,7.1
STU01250,1250,2026-02-26,Slaskie,Katowice,SCH013,Business Analytics,Bachelor,Female,20,No,No,24.5,66.8,99.6,7.2
STU01251,1251,2026-02-26,Slaskie,Katowice,SCH013,Software Engineering,Bachelor,Male,24,No,Yes,14.8,87.0,84.4,9.4
STU01252,1252,2026-02-26,Slaskie,Katowice,SCH013,Cybersecurity,Master,Female,28,No,No,14.3,86.4,97.6,7.2
STU01253,1253,2026-02-26,Slaskie,Katowice,SCH013,Data Science,Bachelor,Male,20,No,Yes,14.7,76.8,80.3,8.5
STU01254,1254,2026-02-27,Slaskie,Katowice,SCH013,Cybersecurity,Bachelor,Male,22,No,Yes,10.7,77.2,70.9,6.9
STU01255,1255,2026-02-27,Slaskie,Katowice,SCH013,Software Engineering,Bachelor,Female,21,No,Yes,23.6,74.8,94.3,8.7
STU01256,1256,2026-02-27,Slaskie,Katowice,SCH013,Data Science,Bachelor,Male,20,Yes,Yes,15.8,92.8,95.9,6.6
STU01257,1257,2026-02-27,Slaskie,Katowice,SCH013,Software Engineering,Bachelor,Male,21,No,No,19.9,81.6,92.8,8.4
STU01258,1258,2026-02-27,Slaskie,Katowice,SCH013,Data Science,Bachelor,Female,18,No,Yes,22.1,79.1,97.3,7.8
STU01259,1259,2026-02-27,Slaskie,Katowice,SCH013,Cybersecurity,Bachelor,Male,19,No,Yes,17.0,78.6,90.2,6.4
STU01260,1260,2026-02-27,Slaskie,Katowice,SCH013,Data Science,Bachelor,Male,18,No,Yes,12.7,88.8,83.5,8.2
STU01261,1261,2026-02-28,Slaskie,Katowice,SCH013,Cybersecurity,Bachelor,Male,24,No,Yes,15.8,82.2,96.0,7.1
STU01262,1262,2026-02-28,Slaskie,Katowice,SCH013,Business Analytics,Bachelor,Male,24,No,Yes,13.2,64.2,75.8,6.3
STU01263,1263,2026-02-28,Slaskie,Katowice,SCH013,Business Analytics,Bachelor,Female,20,No,No,7.7,81.3,78.8,6.7
STU01264,1264,2026-02-28,Slaskie,Katowice,SCH013,Data Science,Bachelor,Female,18,No,Yes,2,89.9,73.2,9.6
STU01265,1265,2026-02-28,Slaskie,Katowice,SCH013,Data Science,PhD,Male,31,No,Yes,13.3,65.9,80.9,5.9
STU01266,1266,2026-02-28,Slaskie,Katowice,SCH013,Cybersecurity,Bachelor,Female,21,No,Yes,15.7,57.9,66.5,6.5
STU01267,1267,2026-02-28,Slaskie,Katowice,SCH013,Cybersecurity,Bachelor,Male,24,No,Yes,5.3,71.2,70.3,5.9
STU01268,1268,2026-03-01,Slaskie,Katowice,SCH013,Business Analytics,Master,Male,28,Yes,Yes,17.5,77.5,84.0,6.3
STU01269,1269,2026-03-01,Slaskie,Katowice,SCH013,Cybersecurity,Bachelor,Male,24,No,Yes,18.0,95.0,95.1,8.2
STU01270,1270,2026-03-01,Slaskie,Katowice,SCH013,Software Engineering,Bachelor,Female,23,No,No,6.9,95.8,92.8,6.4
STU01271,1271,2026-03-01,Slaskie,Katowice,SCH013,Software Engineering,Bachelor,Male,19,No,Yes,24.6,99.9,100,10
STU01272,1272,2026-03-01,Slaskie,Katowice,SCH013,Business Analytics,Bachelor,Female,20,No,Yes,17.2,92.8,96.8,6.9
STU01273,1273,2026-03-01,Slaskie,Katowice,SCH014,Cybersecurity,Bachelor,Female,22,Yes,Yes,18.3,79.6,84.5,8.2
STU01274,1274,2026-03-01,Slaskie,Katowice,SCH014,Data Science,Bachelor,Male,25,No,Yes,16.2,73.8,99.6,9.2
STU01275,1275,2026-03-02,Slaskie,Katowice,SCH014,Data Science,Master,Female,28,No,Yes,17.7,66.8,92.0,7.0
STU01276,1276,2026-03-02,Slaskie,Katowice,SCH014,Software Engineering,Bachelor,Female,18,No,No,4.5,71.5,82.7,6.5
STU01277,1277,2026-03-02,Slaskie,Katowice,SCH014,Data Science,Bachelor,Female,24,No,Yes,25.7,69.9,100,8.8
STU01278,1278,2026-03-02,Slaskie,Katowice,SCH014,Software Engineering,Bachelor,Male,23,No,No,24.5,82.1,99.0,7.4
STU01279,1279,2026-03-02,Slaskie,Katowice,SCH014,Data Science,Master,Female,30,No,Yes,15.7,85.5,85.8,6.2
STU01280,1280,2026-03-02,Slaskie,Katowice,SCH014,Business Analytics,Bachelor,Female,22,No,No,12.0,81.1,79.0,6.8
STU01281,1281,2026-03-02,Slaskie,Katowice,SCH014,Software Engineering,PhD,Male,25,No,Yes,15.1,81.9,87.1,6.7
STU01282,1282,2026-03-03,Slaskie,Katowice,SCH014,Cybersecurity,Bachelor,Male,24,No,Yes,21.5,74.4,86.2,6.9
STU01283,1283,2026-03-03,Slaskie,Katowice,SCH014,Business Analytics,Bachelor,Male,19,No,No,20.9,63.7,90.0,6.5
STU01284,1284,2026-03-03,Slaskie,Katowice,SCH014,Data Science,Master,Female,23,Yes,No,20.8,63.4,89.2,6.4
STU01285,1285,2026-03-03,Slaskie,Katowice,SCH014,Business Analytics,Master,Male,24,No,No,23.9,77.3,92.8,8.5
STU01286,1286,2026-03-03,Slaskie,Katowice,SCH014,Data Science,Bachelor,Female,19,Yes,Yes,20.5,88.8,99.0,7.1
STU01287,1287,2026-03-03,Slaskie,Katowice,SCH014,Cybersecurity,Master,Male,25,No,Yes,23.8,79.0,100,8.4
STU01288,1288,2026-03-03,Slaskie,Katowice,SCH014,Business Analytics,Bachelor,Female,20,No,Yes,17.9,78.7,96.5,6.4
STU01289,1289,2026-03-04,Slaskie,Katowice,SCH014,Data Science,Bachelor,Male,21,Yes,Yes,19.0,82.7,89.3,6.4
STU01290,1290,2026-03-04,Slaskie,Katowice,SCH014,Cybersecurity,Bachelor,Female,24,No,Yes,14.0,81.2,94.7,6.4
STU01291,1291,2026-03-04,Slaskie,Katowice,SCH014,Data Science,Bachelor,Female,25,No,No,7.3,67.4,81.0,7.5
STU01292,1292,2026-03-04,Slaskie,Katowice,SCH014,Data Science,Master,Male,23,No,No,23.6,72.1,82.7,4.9
STU01293,1293,2026-03-04,Slaskie,Katowice,SCH014,Software Engineering,Bachelor,Female,23,No,Yes,5.5,80.0,63.9,10
STU01294,1294,2026-03-04,Slaskie,Katowice,SCH014,Software Engineering,Bachelor,Female,23,No,No,10.0,95.9,95.5,7.1
STU01295,1295,2026-03-04,Slaskie,Katowice,SCH014,Cybersecurity,Master,Female,33,No,Yes,19.7,80.8,85.9,10
STU01296,1296,2026-03-05,Slaskie,Katowice,SCH014,Cybersecurity,Bachelor,Female,20,Yes,No,16.2,84.8,86.1,7.3
STU01297,1297,2026-03-05,Slaskie,Katowice,SCH014,Cybersecurity,Bachelor,Female,22,No,Yes,13.1,69.5,83.0,6.9
STU01298,1298,2026-03-05,Slaskie,Katowice,SCH014,Data Science,PhD,Other/Prefer not to say,27,No,Yes,17.8,76.5,82.4,7.2
STU01299,1299,2026-03-05,Slaskie,Katowice,SCH014,Cybersecurity,Bachelor,Male,20,No,Yes,8.9,70.7,66.7,6.3
STU01300,1300,2026-03-05,Slaskie,Katowice,SCH014,Cybersecurity,Bachelor,Male,20,No,No,19.0,84.2,91.1,7.6
STU01301,1301,2026-03-05,Slaskie,Katowice,SCH014,Data Science,Bachelor,Male,23,No,No,10.0,81.2,75.0,8.8
STU01302,1302,2026-03-05,Slaskie,Katowice,SCH014,Business Analytics,Bachelor,Other/Prefer not to say,21,No,Yes,15.5,73.0,69.8,6.3
STU01303,1303,2026-03-06,Slaskie,Katowice,SCH014,Business Analytics,Bachelor,Female,20,No,Yes,7.2,80.8,89.1,5.6
STU01304,1304,2026-03-06,Slaskie,Katowice,SCH014,Cybersecurity,Bachelor,Male,22,No,Yes,15.0,68.8,81.6,7.2
STU01305,1305,2026-03-06,Slaskie,Katowice,SCH014,Software Engineering,Bachelor,Male,22,No,Yes,9.9,99.1,94.3,10
STU01306,1306,2026-03-06,Slaskie,Katowice,SCH014,Business Analytics,Bachelor,Male,22,No,No,17.0,96.8,95.4,9.7
STU01307,1307,2026-03-06,Slaskie,Katowice,SCH014,Software Engineering,Bachelor,Female,22,Yes,Yes,23.1,85.6,96.6,8.2
STU01308,1308,2026-03-06,Slaskie,Katowice,SCH014,Business Analytics,Master,Female,28,No,Yes,17.1,75.2,86.0,8.3
STU01309,1309,2026-03-06,Slaskie,Katowice,SCH014,Cybersecurity,Master,Female,24,No,Yes,21.2,82.9,94.0,7.7
STU01310,1310,2026-03-07,Slaskie,Katowice,SCH014,Cybersecurity,Master,Female,28,No,Yes,12.6,96.9,98.2,8.3
STU01311,1311,2026-03-07,Slaskie,Katowice,SCH014,Software Engineering,Bachelor,Male,18,No,Yes,2.6,80.5,72.2,7.9
STU01312,1312,2026-03-07,Slaskie,Katowice,SCH014,Software Engineering,Bachelor,Female,23,No,Yes,6.9,88.7,71.8,7.9
STU01313,1313,2026-03-07,Slaskie,Katowice,SCH014,Software Engineering,Bachelor,Female,20,No,Yes,14.8,85.7,91.6,5.3
STU01314,1314,2026-03-07,Slaskie,Katowice,SCH014,Data Science,Bachelor,Male,18,Yes,No,16.2,85.9,94.1,8.1
STU01315,1315,2026-03-07,Slaskie,Katowice,SCH014,Business Analytics,Bachelor,Male,23,No,Yes,9.3,87.3,81.5,8.0
STU01316,1316,2026-03-07,Slaskie,Katowice,SCH014,Cybersecurity,Master,Female,25,No,Yes,16.5,79.4,86.4,6.0
STU01317,1317,2026-03-08,Slaskie,Katowice,SCH014,Business Analytics,Bachelor,Female,21,Yes,Yes,11.1,73.0,76.4,8.4
STU01318,1318,2026-03-08,Slaskie,Katowice,SCH014,Software Engineering,Bachelor,Male,22,No,Yes,13.8,85.0,88.3,8.0
STU01319,1319,2026-03-08,Slaskie,Katowice,SCH014,Software Engineering,Bachelor,Male,24,Yes,Yes,14.2,86.1,94.2,7.4
STU01320,1320,2026-03-08,Slaskie,Katowice,SCH014,Software Engineering,Master,Female,33,No,No,19.0,71.4,98.4,7.3
STU01321,1321,2026-03-08,Slaskie,Katowice,SCH014,Business Analytics,Bachelor,Female,18,No,Yes,15.9,88.2,80.7,7.8
STU01322,1322,2026-03-08,Slaskie,Katowice,SCH014,Cybersecurity,Master,Female,34,Yes,Yes,15.2,79.9,100,7.3
STU01323,1323,2026-03-08,Slaskie,Katowice,SCH014,Software Engineering,Bachelor,Male,18,No,No,24.9,72.4,96.0,7.8
STU01324,1324,2026-03-09,Slaskie,Katowice,SCH014,Data Science,Bachelor,Female,21,No,No,13.8,70.4,79.7,8.4
STU01325,1325,2026-03-09,Slaskie,Katowice,SCH014,Data Science,Bachelor,Female,20,No,No,20.8,68.3,95.1,9.2
STU01326,1326,2026-03-09,Slaskie,Katowice,SCH014,Software Engineering,Master,Female,29,Yes,Yes,18.1,72.1,96.4,6.0
STU01327,1327,2026-03-09,Slaskie,Katowice,SCH014,Data Science,Bachelor,Male,19,No,Yes,20.9,86.0,100,8.0
STU01328,1328,2026-03-09,Slaskie,Katowice,SCH014,Cybersecurity,Master,Other/Prefer not to say,31,No,Yes,26.9,74.8,99.1,5.5
STU01329,1329,2026-03-09,Slaskie,Katowice,SCH014,Data Science,Bachelor,Male,21,No,Yes,21.2,80.2,100,5.9
STU01330,1330,2026-03-09,Slaskie,Katowice,SCH014,Business Analytics,Bachelor,Male,21,No,No,13.5,84.2,77.6,8.8
STU01331,1331,2026-03-10,Slaskie,Katowice,SCH014,Cybersecurity,Bachelor,Male,20,No,Yes,8.5,87.3,67.8,10
STU01332,1332,2026-03-10,Slaskie,Katowice,SCH014,Data Science,Master,Male,29,No,Yes,19.1,79.0,93.7,8.1
STU01333,1333,2026-03-10,Slaskie,Katowice,SCH014,Software Engineering,Master,Female,30,No,Yes,22.7,83.2,100,6.3
STU01334,1334,2026-03-10,Slaskie,Katowice,SCH014,Cybersecurity,Bachelor,Male,20,No,Yes,22.8,77.5,100,6.3
STU01335,1335,2026-03-10,Slaskie,Katowice,SCH014,Business Analytics,Master,Other/Prefer not to say,30,Yes,Yes,30.7,83.6,100,7.0
STU01336,1336,2026-03-10,Slaskie,Katowice,SCH014,Software Engineering,Bachelor,Female,19,No,No,5.8,96.8,70.4,7.3
STU01337,1337,2026-03-10,Slaskie,Katowice,SCH014,Cybersecurity,Bachelor,Female,19,No,Yes,18.3,92.8,99.0,6.0
STU01338,1338,2026-03-11,Slaskie,Katowice,SCH014,Business Analytics,Master,Male,29,Yes,Yes,22.5,80.7,86.7,8.8
STU01339,1339,2026-03-11,Slaskie,Katowice,SCH014,Data Science,Bachelor,Male,18,Yes,Yes,18.5,100,100,7.8
STU01340,1340,2026-03-11,Slaskie,Katowice,SCH014,Data Science,Bachelor,Male,24,Yes,Yes,13.3,91.1,88.4,9.5
STU01341,1341,2026-03-11,Slaskie,Katowice,SCH014,Software Engineering,Master,Male,32,No,Yes,16.5,82.3,86.9,5.3
STU01342,1342,2026-03-11,Slaskie,Katowice,SCH014,Cybersecurity,Bachelor,Female,23,No,Yes,18.9,79.7,100,7.0
STU01343,1343,2026-03-11,Slaskie,Katowice,SCH014,Data Science,Bachelor,Female,21,No,Yes,18.9,74.8,91.2,6.4
STU01344,1344,2026-03-11,Slaskie,Katowice,SCH014,Data Science,PhD,Female,39,Yes,Yes,24.6,83.3,100,6.0
STU01345,1345,2026-03-12,Slaskie,Katowice,SCH014,Cybersecurity,Master,Male,29,Yes,Yes,21.0,71.3,90.6,6.3
STU01346,1346,2026-03-12,Slaskie,Katowice,SCH014,Cybersecurity,Bachelor,Female,25,No,Yes,12.9,88.7,91.9,8.2
STU01347,1347,2026-03-12,Slaskie,Katowice,SCH014,Data Science,Master,Male,22,No,No,15.2,74.9,81.7,7.5
STU01348,1348,2026-03-12,Slaskie,Katowice,SCH014,Business Analytics,Bachelor,Male,25,No,Yes,10.6,59.0,72.1,7.2
STU01349,1349,2026-03-12,Slaskie,Katowice,SCH014,Business Analytics,Master,Male,29,No,No,9.9,86.7,87.8,6.5
STU01350,1350,2026-03-12,Slaskie,Katowice,SCH014,Cybersecurity,Bachelor,Female,24,No,Yes,17.6,83.1,98.9,7.3
STU01351,1351,2026-03-12,Slaskie,Katowice,SCH014,Business Analytics,Bachelor,Male,20,Yes,Yes,9.3,76.7,54.1,8.7
STU01352,1352,2026-03-13,Slaskie,Katowice,SCH014,Data Science,Bachelor,Female,20,No,Yes,17.3,81.7,88.9,9.4
STU01353,1353,2026-03-13,Slaskie,Katowice,SCH014,Cybersecurity,Bachelor,Male,18,Yes,Yes,15.4,82.3,91.9,7.1
STU01354,1354,2026-03-13,Slaskie,Katowice,SCH014,Business Analytics,Master,Male,25,No,Yes,17.7,86.0,84.1,7.2
STU01355,1355,2026-03-13,Slaskie,Katowice,SCH014,Data Science,Master,Male,30,Yes,No,4.0,87.2,79.9,7.6
STU01356,1356,2026-03-13,Slaskie,Katowice,SCH014,Cybersecurity,Bachelor,Male,21,No,Yes,14.0,77.0,81.3,8.5
STU01357,1357,2026-03-13,Slaskie,Katowice,SCH014,Software Engineering,Bachelor,Female,25,No,No,14.0,74.8,74.4,5.4
STU01358,1358,2026-03-13,Slaskie,Katowice,SCH014,Software Engineering,Master,Male,24,Yes,Yes,17.0,83.1,86.4,6.9
STU01359,1359,2026-03-14,Slaskie,Katowice,SCH014,Software Engineering,Bachelor,Male,18,No,Yes,5.2,84.0,80.9,7.1
STU01360,1360,2026-03-14,Slaskie,Katowice,SCH014,Cybersecurity,Bachelor,Female,25,No,Yes,19.3,68.9,82.4,4.6
STU01361,1361,2026-03-14,Slaskie,Katowice,SCH014,Software Engineering,Bachelor,Male,25,No,Yes,20.1,78.1,92.3,7.1
STU01362,1362,2026-03-14,Slaskie,Gliwice,SCH015,Software Engineering,Master,Female,27,No,Yes,8.5,75.0,71.7,8.0
STU01363,1363,2026-03-14,Slaskie,Gliwice,SCH015,Data Science,Bachelor,Female,21,No,No,8.6,91.0,85.0,6.9
STU01364,1364,2026-03-14,Slaskie,Gliwice,SCH015,Cybersecurity,Bachelor,Female,25,No,Yes,21.3,76.8,71.7,6.9
STU01365,1365,2026-03-14,Slaskie,Gliwice,SCH015,Software Engineering,Master,Female,32,No,Yes,14.4,67.7,78.6,8.3
STU01366,1366,2026-03-15,Slaskie,Gliwice,SCH015,Data Science,Bachelor,Female,19,No,No,11.7,80.8,74.9,8.1
STU01367,1367,2026-03-15,Slaskie,Gliwice,SCH015,Cybersecurity,Master,Other/Prefer not to say,31,No,Yes,27.8,73.1,95.9,8.9
STU01368,1368,2026-03-15,Slaskie,Gliwice,SCH015,Data Science,Bachelor,Female,23,Yes,Yes,15.2,71.4,84.8,9.4
STU01369,1369,2026-03-15,Slaskie,Gliwice,SCH015,Cybersecurity,Bachelor,Female,19,No,Yes,17.3,85.9,98.9,7.6
STU01370,1370,2026-03-15,Slaskie,Gliwice,SCH015,Software Engineering,Bachelor,Female,24,No,Yes,13.7,66.7,62.9,8.0
STU01371,1371,2026-03-15,Slaskie,Gliwice,SCH015,Data Science,Bachelor,Male,21,Yes,No,14.0,73.7,80.5,7.5
STU01372,1372,2026-03-15,Slaskie,Gliwice,SCH015,Software Engineering,Bachelor,Other/Prefer not to say,25,Yes,Yes,16.3,76.8,81.9,5.4
STU01373,1373,2026-03-16,Slaskie,Gliwice,SCH015,Data Science,Master,Female,32,No,Yes,10.3,72.0,64.3,7.3
STU01374,1374,2026-03-16,Slaskie,Gliwice,SCH015,Software Engineering,Bachelor,Female,24,No,No,16.2,96.8,91.0,8.1
STU01375,1375,2026-03-16,Slaskie,Gliwice,SCH015,Business Analytics,Bachelor,Female,18,No,Yes,21.2,87.2,81.9,6.4
STU01376,1376,2026-03-16,Slaskie,Gliwice,SCH015,Software Engineering,Bachelor,Female,24,Yes,Yes,21.6,76.7,89.7,7.2
STU01377,1377,2026-03-16,Slaskie,Gliwice,SCH015,Cybersecurity,Bachelor,Female,21,No,Yes,17.5,79.5,80.3,6.5
STU01378,1378,2026-03-16,Slaskie,Gliwice,SCH015,Cybersecurity,Bachelor,Female,24,Yes,Yes,13.9,84.3,85.6,9.0
STU01379,1379,2026-03-16,Slaskie,Gliwice,SCH015,Business Analytics,Bachelor,Male,21,No,No,13.9,68.9,78.9,8.9
STU01380,1380,2026-03-17,Slaskie,Gliwice,SCH015,Software Engineering,Bachelor,Female,19,No,Yes,20.0,83.3,90.9,5.4
STU01381,1381,2026-03-17,Slaskie,Gliwice,SCH015,Cybersecurity,Bachelor,Female,19,No,Yes,18.0,93.8,93.1,8.6
STU01382,1382,2026-03-17,Slaskie,Gliwice,SCH015,Data Science,Master,Male,28,No,Yes,4.9,82.3,61.6,7.5
STU01383,1383,2026-03-17,Slaskie,Gliwice,SCH015,Software Engineering,Bachelor,Female,19,No,Yes,12.2,75.7,75.8,6.6
STU01384,1384,2026-03-17,Slaskie,Gliwice,SCH015,Cybersecurity,Master,Female,26,No,Yes,16.3,76.6,78.4,7.6
STU01385,1385,2026-03-17,Slaskie,Gliwice,SCH015,Data Science,Bachelor,Male,23,No,Yes,15.2,80.2,84.1,8.2
STU01386,1386,2026-03-17,Slaskie,Gliwice,SCH015,Software Engineering,Bachelor,Female,24,Yes,Yes,18.4,71.6,77.9,7.2
STU01387,1387,2026-03-18,Slaskie,Gliwice,SCH015,Business Analytics,Master,Female,32,No,Yes,10.7,67.5,57.7,7.1
STU01388,1388,2026-03-18,Slaskie,Gliwice,SCH015,Cybersecurity,Bachelor,Male,25,Yes,Yes,7.7,100,88.2,8.5
STU01389,1389,2026-03-18,Slaskie,Gliwice,SCH015,Cybersecurity,Master,Female,22,No,Yes,14.9,90.6,84.5,7.4
STU01390,1390,2026-03-18,Slaskie,Gliwice,SCH015,Software Engineering,Master,Male,32,No,Yes,14.8,93.5,97.3,8.7
STU01391,1391,2026-03-18,Slaskie,Gliwice,SCH015,Software Engineering,Bachelor,Female,21,No,Yes,11.8,100,90.0,10
STU01392,1392,2026-03-18,Slaskie,Gliwice,SCH015,Data Science,Bachelor,Female,24,No,No,7.2,87.4,74.6,7.9
STU01393,1393,2026-03-18,Slaskie,Gliwice,SCH015,Business Analytics,Bachelor,Male,19,No,Yes,8.3,85.3,68.4,8.4
STU01394,1394,2026-03-19,Slaskie,Gliwice,SCH015,Data Science,Master,Female,25,No,Yes,16.9,71.5,79.7,6.4
STU01395,1395,2026-03-19,Slaskie,Gliwice,SCH015,Cybersecurity,Bachelor,Male,19,No,No,11.0,69.0,70.2,5.9
STU01396,1396,2026-03-19,Slaskie,Gliwice,SCH015,Cybersecurity,Master,Other/Prefer not to say,24,No,Yes,11.6,74.3,64.1,7.1
STU01397,1397,2026-03-19,Slaskie,Gliwice,SCH015,Business Analytics,Bachelor,Female,24,No,Yes,10.1,81.5,71.3,8.4
STU01398,1398,2026-03-19,Slaskie,Gliwice,SCH015,Software Engineering,Bachelor,Male,24,No,Yes,17.9,80.3,83.1,9.7
STU01399,1399,2026-03-19,Slaskie,Gliwice,SCH015,Cybersecurity,Bachelor,Female,25,No,Yes,18.0,77.7,78.4,6.4
STU01400,1400,2026-03-19,Slaskie,Gliwice,SCH015,Software Engineering,Bachelor,Female,25,No,Yes,6.0,60.4,50.3,7.2
STU01401,1401,2026-03-20,Slaskie,Gliwice,SCH015,Cybersecurity,Bachelor,Male,22,No,No,9.9,80.5,84.1,6.1
STU01402,1402,2026-03-20,Slaskie,Gliwice,SCH015,Cybersecurity,Master,Other/Prefer not to say,28,Yes,Yes,20.6,85.5,84.2,8.4
STU01403,1403,2026-03-20,Slaskie,Gliwice,SCH015,Data Science,Master,Male,29,No,No,11.3,76.1,64.1,5.8
STU01404,1404,2026-03-20,Slaskie,Gliwice,SCH015,Data Science,Bachelor,Female,25,No,Yes,16.6,83.6,67.7,8.8
STU01405,1405,2026-03-20,Slaskie,Gliwice,SCH015,Cybersecurity,Bachelor,Other/Prefer not to say,23,No,Yes,15.8,81.8,94.8,4.5
STU01406,1406,2026-03-20,Slaskie,Gliwice,SCH015,Cybersecurity,Bachelor,Male,22,No,No,14.6,73.0,82.2,4.8
STU01407,1407,2026-03-20,Slaskie,Gliwice,SCH015,Data Science,Bachelor,Male,20,No,Yes,8.6,100,90.6,8.8
STU01408,1408,2026-03-21,Slaskie,Gliwice,SCH015,Data Science,PhD,Female,29,Yes,No,15.3,73.3,62.2,6.2
STU01409,1409,2026-03-21,Slaskie,Gliwice,SCH015,Data Science,Bachelor,Female,19,Yes,Yes,9.0,96.8,78.7,8.4
STU01410,1410,2026-03-21,Slaskie,Gliwice,SCH015,Cybersecurity,Bachelor,Other/Prefer not to say,19,No,Yes,11.1,82.0,71.4,7.1
STU01411,1411,2026-03-21,Slaskie,Gliwice,SCH015,Business Analytics,Bachelor,Female,19,No,Yes,12.2,77.9,79.0,7.0
STU01412,1412,2026-03-21,Slaskie,Gliwice,SCH015,Cybersecurity,Bachelor,Male,22,No,Yes,16.5,65.3,80.3,7.3
STU01413,1413,2026-03-21,Slaskie,Gliwice,SCH015,Cybersecurity,Bachelor,Female,20,No,Yes,28.4,99.0,100,10
STU01414,1414,2026-03-21,Slaskie,Gliwice,SCH015,Software Engineering,Bachelor,Female,23,No,Yes,28.2,77.9,89.5,8.7
STU01415,1415,2026-03-22,Slaskie,Gliwice,SCH015,Software Engineering,Master,Male,33,Yes,Yes,24.0,88.7,97.3,8.0
STU01416,1416,2026-03-22,Slaskie,Gliwice,SCH015,Business Analytics,Bachelor,Female,20,No,Yes,15.7,97.1,84.7,9.0
STU01417,1417,2026-03-22,Slaskie,Gliwice,SCH015,Software Engineering,Master,Male,32,No,No,12.8,65.8,63.8,8.6
STU01418,1418,2026-03-22,Slaskie,Gliwice,SCH015,Cybersecurity,PhD,Male,35,Yes,No,22.4,83.9,100,9.7
STU01419,1419,2026-03-22,Slaskie,Gliwice,SCH015,Cybersecurity,Master,Male,32,No,Yes,14.1,73.2,69.3,8.9
STU01420,1420,2026-03-22,Slaskie,Gliwice,SCH015,Data Science,PhD,Female,41,Yes,Yes,27.2,69.9,90.1,7.9
STU01421,1421,2026-03-22,Slaskie,Gliwice,SCH015,Software Engineering,Master,Female,33,No,Yes,15.5,91.0,85.1,7.8
STU01422,1422,2026-03-23,Slaskie,Gliwice,SCH015,Business Analytics,Bachelor,Female,24,No,No,14.9,74.4,71.1,6.2
STU01423,1423,2026-03-23,Slaskie,Gliwice,SCH015,Cybersecurity,Bachelor,Male,18,No,Yes,20.1,71.2,77.8,8.1
STU01424,1424,2026-03-23,Slaskie,Gliwice,SCH015,Software Engineering,Bachelor,Female,18,No,No,14.1,82.6,73.6,7.7
STU01425,1425,2026-03-23,Slaskie,Gliwice,SCH015,Cybersecurity,Bachelor,Male,22,No,Yes,8.2,66.8,61.8,5.6
STU01426,1426,2026-03-23,Slaskie,Gliwice,SCH015,Business Analytics,Master,Male,28,No,Yes,15.7,73.6,73.7,7.1
STU01427,1427,2026-03-23,Slaskie,Gliwice,SCH015,Business Analytics,Bachelor,Female,20,No,No,12.1,84.1,80.3,7.1
STU01428,1428,2026-03-23,Slaskie,Gliwice,SCH015,Software Engineering,Bachelor,Female,22,No,Yes,17.0,76.4,79.1,9.8
STU01429,1429,2026-03-24,Slaskie,Gliwice,SCH015,Data Science,Master,Female,34,No,No,15.9,79.2,84.6,7.1
STU01430,1430,2026-03-24,Slaskie,Gliwice,SCH015,Software Engineering,Bachelor,Male,19,No,Yes,9.5,82.1,65.5,8.2
STU01431,1431,2026-03-24,Slaskie,Gliwice,SCH015,Cybersecurity,Master,Female,22,No,Yes,18.7,96.7,90.1,8.8
STU01432,1432,2026-03-24,Slaskie,Gliwice,SCH015,Cybersecurity,Bachelor,Male,21,No,No,13.9,78.3,74.6,8.2
STU01433,1433,2026-03-24,Slaskie,Gliwice,SCH015,Software Engineering,Bachelor,Male,24,Yes,Yes,8.9,71.8,56.6,7.2
STU01434,1434,2026-03-24,Slaskie,Gliwice,SCH015,Data Science,PhD,Male,40,No,Yes,18.1,75.8,87.7,7.6
STU01435,1435,2026-03-24,Slaskie,Gliwice,SCH015,Software Engineering,Bachelor,Female,23,No,Yes,13.2,93.8,67.6,8.3
STU01436,1436,2026-03-25,Slaskie,Gliwice,SCH015,Software Engineering,Master,Male,23,No,Yes,15.4,68.0,70.2,7.1
STU01437,1437,2026-03-25,Slaskie,Gliwice,SCH015,Software Engineering,Master,Male,25,No,No,14.5,74.7,88.7,7.8
STU01438,1438,2026-03-25,Slaskie,Gliwice,SCH015,Data Science,PhD,Female,37,No,Yes,21.4,96.5,81.2,9.2
STU01439,1439,2026-03-25,Slaskie,Gliwice,SCH015,Software Engineering,Bachelor,Female,18,No,Yes,13.3,75.2,60.2,8.8
STU01440,1440,2026-03-25,Slaskie,Gliwice,SCH015,Cybersecurity,Master,Female,26,No,Yes,14.2,89.3,88.4,7.4
STU01441,1441,2026-03-25,Slaskie,Gliwice,SCH015,Cybersecurity,Bachelor,Male,19,No,Yes,13.0,66.5,63.4,6.6
STU01442,1442,2026-03-25,Slaskie,Gliwice,SCH015,Business Analytics,Bachelor,Male,18,No,No,20.1,87.5,92.1,7.2
STU01443,1443,2026-03-26,Slaskie,Gliwice,SCH015,Business Analytics,Bachelor,Female,25,Yes,No,13.3,79.1,76.3,8.5
STU01444,1444,2026-03-26,Slaskie,Gliwice,SCH015,Data Science,Master,Female,24,No,Yes,27.0,89.4,94.3,8.7
STU01445,1445,2026-03-26,Slaskie,Gliwice,SCH015,Data Science,Master,Male,32,No,No,17.4,92.2,89.4,7.1
STU01446,1446,2026-03-26,Slaskie,Gliwice,SCH015,Data Science,Master,Male,22,No,Yes,25.8,65.7,96.0,6.8
STU01447,1447,2026-03-26,Slaskie,Gliwice,SCH015,Cybersecurity,PhD,Male,33,Yes,No,24.6,90.4,100,6.5
STU01448,1448,2026-03-26,Slaskie,Gliwice,SCH015,Cybersecurity,PhD,Female,33,No,Yes,15.3,85.2,73.0,8.6
STU01449,1449,2026-03-26,Slaskie,Gliwice,SCH015,Data Science,Master,Female,22,No,Yes,16.2,84.7,87.2,9.2
STU01450,1450,2026-03-27,Slaskie,Gliwice,SCH015,Software Engineering,Bachelor,Male,18,No,Yes,12.4,74.7,73.6,6.9
STU01451,1451,2026-03-27,Slaskie,Gliwice,SCH015,Business Analytics,Bachelor,Female,22,No,Yes,11.9,75.5,66.9,5.9
STU01452,1452,2026-03-27,Slaskie,Gliwice,SCH015,Software Engineering,Master,Male,26,No,Yes,25.1,74.6,92.3,7.8
STU01453,1453,2026-03-27,Slaskie,Gliwice,SCH015,Cybersecurity,Master,Female,23,No,Yes,7.7,78.1,74.0,9.5
STU01454,1454,2026-03-27,Slaskie,Gliwice,SCH015,Software Engineering,Bachelor,Female,21,No,Yes,14.8,78.2,85.5,6.9
STU01455,1455,2026-03-27,Slaskie,Gliwice,SCH015,Business Analytics,Bachelor,Female,21,No,Yes,15.9,92.6,84.4,7.5
STU01456,1456,2026-03-27,Slaskie,Gliwice,SCH015,Cybersecurity,Bachelor,Female,19,No,Yes,11.8,85.1,65.3,9.2
STU01457,1457,2026-03-28,Slaskie,Gliwice,SCH015,Data Science,Master,Female,34,Yes,No,19.8,100,90.9,5.3
STU01458,1458,2026-03-28,Slaskie,Gliwice,SCH015,Software Engineering,Master,Other/Prefer not to say,22,Yes,Yes,13.9,85.0,67.9,6.7
STU01459,1459,2026-03-28,Slaskie,Gliwice,SCH015,Data Science,Bachelor,Male,24,No,No,16.2,67.9,69.7,5.1
STU01460,1460,2026-03-28,Slaskie,Gliwice,SCH015,Cybersecurity,Bachelor,Female,21,No,Yes,2.9,85.9,58.7,7.8
STU01461,1461,2026-03-28,Slaskie,Gliwice,SCH015,Cybersecurity,Bachelor,Male,19,Yes,No,9.8,85.4,87.6,7.5
STU01462,1462,2026-03-28,Slaskie,Gliwice,SCH015,Data Science,PhD,Male,42,No,Yes,25.0,79.5,88.7,8.2
STU01463,1463,2026-03-28,Slaskie,Gliwice,SCH015,Cybersecurity,Master,Other/Prefer not to say,32,No,Yes,19.2,82.3,91.8,7.6
STU01464,1464,2026-03-29,Slaskie,Gliwice,SCH015,Software Engineering,Master,Male,32,No,Yes,19.5,72.0,82.0,8.2
STU01465,1465,2026-03-29,Slaskie,Gliwice,SCH015,Business Analytics,Master,Male,25,No,No,24.3,89.6,100,7.5
STU01466,1466,2026-03-29,Slaskie,Gliwice,SCH015,Software Engineering,Bachelor,Male,25,No,Yes,20.5,78.0,66.1,5.8
STU01467,1467,2026-03-29,Slaskie,Gliwice,SCH015,Software Engineering,Bachelor,Female,18,No,Yes,10.8,81.4,77.1,5.8
STU01468,1468,2026-03-29,Slaskie,Gliwice,SCH015,Data Science,Bachelor,Female,21,No,No,15.8,81.3,67.9,5.4
STU01469,1469,2026-03-29,Slaskie,Gliwice,SCH015,Data Science,Master,Female,24,No,Yes,20.2,71.5,68.9,8.8
STU01470,1470,2026-03-29,Slaskie,Gliwice,SCH015,Data Science,Bachelor,Female,21,No,Yes,19.4,76.4,73.1,8.5
STU01471,1471,2026-03-30,Slaskie,Gliwice,SCH015,Software Engineering,Master,Other/Prefer not to say,31,No,No,12.9,98.9,100,6.1
STU01472,1472,2026-03-30,Slaskie,Gliwice,SCH015,Cybersecurity,PhD,Male,39,Yes,Yes,20.7,86.6,100,7.8
STU01473,1473,2026-03-30,Slaskie,Gliwice,SCH015,Cybersecurity,Bachelor,Male,19,No,Yes,13.0,72.7,57.5,7.5
STU01474,1474,2026-03-30,Slaskie,Gliwice,SCH015,Data Science,Master,Female,32,No,No,24.7,88.0,100,6.4
STU01475,1475,2026-03-30,Slaskie,Gliwice,SCH016,Business Analytics,Bachelor,Male,19,No,Yes,10.7,90.5,79.8,8.9
STU01476,1476,2026-03-30,Slaskie,Gliwice,SCH016,Data Science,Bachelor,Female,21,Yes,No,15.3,78.9,87.3,8.0
STU01477,1477,2026-03-30,Slaskie,Gliwice,SCH016,Software Engineering,Bachelor,Female,23,No,Yes,18.5,79.6,88.3,7.5
STU01478,1478,2026-03-31,Slaskie,Gliwice,SCH016,Software Engineering,Bachelor,Female,18,Yes,Yes,15.7,68.8,86.9,8.0
STU01479,1479,2026-03-31,Slaskie,Gliwice,SCH016,Software Engineering,Bachelor,Female,23,Yes,Yes,17.1,82.6,90.7,8.5
STU01480,1480,2026-03-31,Slaskie,Gliwice,SCH016,Data Science,Bachelor,Male,22,No,Yes,21.9,89.3,90.3,6.9
STU01481,1481,2026-03-31,Slaskie,Gliwice,SCH016,Cybersecurity,Bachelor,Male,19,Yes,No,14.3,96.5,96.1,7.9
STU01482,1482,2026-03-31,Slaskie,Gliwice,SCH016,Cybersecurity,Bachelor,Female,18,Yes,Yes,16.1,92.2,86.2,8.9
STU01483,1483,2026-03-31,Slaskie,Gliwice,SCH016,Cybersecurity,Bachelor,Female,19,No,Yes,13.6,87.1,79.1,9.3
STU01484,1484,2026-03-31,Slaskie,Gliwice,SCH016,Software Engineering,Bachelor,Male,24,No,Yes,19.5,82.8,86.1,8.1
STU01485,1485,2026-04-01,Slaskie,Gliwice,SCH016,Software Engineering,Bachelor,Female,23,No,Yes,9.0,70.0,83.3,6.1
STU01486,1486,2026-04-01,Slaskie,Gliwice,SCH016,Data Science,Bachelor,Female,18,No,No,13.9,92.3,99.7,5.7
STU01487,1487,2026-04-01,Slaskie,Gliwice,SCH016,Data Science,Master,Male,32,Yes,No,7.4,83.2,66.8,7.0
STU01488,1488,2026-04-01,Slaskie,Gliwice,SCH016,Cybersecurity,Master,Female,26,Yes,Yes,22.2,90.8,93.0,6.1
STU01489,1489,2026-04-01,Slaskie,Gliwice,SCH016,Software Engineering,Bachelor,Male,22,No,Yes,14.2,90.4,85.3,6.7
STU01490,1490,2026-04-01,Slaskie,Gliwice,SCH016,Cybersecurity,Master,Female,26,No,Yes,15.6,80.7,70.1,9.4
STU01491,1491,2026-04-01,Slaskie,Gliwice,SCH016,Data Science,Bachelor,Male,23,No,No,18.9,82.7,91.3,8.9
STU01492,1492,2026-04-02,Slaskie,Gliwice,SCH016,Software Engineering,Bachelor,Female,18,No,Yes,10.9,96.6,90.6,7.0
STU01493,1493,2026-04-02,Slaskie,Gliwice,SCH016,Cybersecurity,PhD,Male,25,No,No,15.7,89.4,83.4,7.3
STU01494,1494,2026-04-02,Slaskie,Gliwice,SCH016,Cybersecurity,PhD,Other/Prefer not to say,39,No,Yes,17.9,71.9,79.4,8.9
STU01495,1495,2026-04-02,Slaskie,Gliwice,SCH016,Data Science,PhD,Female,31,Yes,No,16.2,97.8,93.6,8.7
STU01496,1496,2026-04-02,Slaskie,Gliwice,SCH016,Cybersecurity,Master,Female,24,No,Yes,15.7,69.3,63.3,7.6
STU01497,1497,2026-04-02,Slaskie,Gliwice,SCH016,Data Science,Bachelor,Other/Prefer not to say,21,No,Yes,15.1,86.6,81.4,8.3
STU01498,1498,2026-04-02,Slaskie,Gliwice,SCH016,Business Analytics,Bachelor,Male,19,No,No,9.5,72.3,69.3,5.7
STU01499,1499,2026-04-03,Slaskie,Gliwice,SCH016,Cybersecurity,Bachelor,Male,24,No,No,13.4,79.8,83.6,6.6
STU01500,1500,2026-04-03,Slaskie,Gliwice,SCH016,Software Engineering,Bachelor,Male,23,No,Yes,18.7,89.7,97.5,7.4
STU01501,1501,2026-04-03,Slaskie,Gliwice,SCH016,Cybersecurity,Bachelor,Male,22,No,No,3.5,65.6,70.8,5.0
STU01502,1502,2026-04-03,Slaskie,Gliwice,SCH016,Software Engineering,Master,Female,31,No,Yes,21.0,83.1,96.0,7.9
STU01503,1503,2026-04-03,Slaskie,Gliwice,SCH016,Software Engineering,Bachelor,Female,22,No,Yes,4.6,82.7,58.7,6.6
STU01504,1504,2026-04-03,Slaskie,Gliwice,SCH016,Data Science,Bachelor,Male,21,No,Yes,18.9,84.9,87.4,8.7
STU01505,1505,2026-04-03,Slaskie,Gliwice,SCH016,Business Analytics,Bachelor,Male,22,Yes,Yes,17.4,81.9,84.4,7.8
STU01506,1506,2026-04-04,Slaskie,Gliwice,SCH016,Data Science,Master,Male,28,No,No,24.4,84.4,100,7.6
STU01507,1507,2026-04-04,Slaskie,Gliwice,SCH016,Data Science,Master,Female,25,No,Yes,20.6,73.7,80.1,8.3
STU01508,1508,2026-04-04,Slaskie,Gliwice,SCH016,Software Engineering,Master,Female,32,No,Yes,16.9,75.4,85.0,8.1
STU01509,1509,2026-04-04,Slaskie,Gliwice,SCH016,Cybersecurity,Master,Male,30,No,Yes,22.4,88.9,85.4,8.0
STU01510,1510,2026-04-04,Slaskie,Gliwice,SCH016,Data Science,Bachelor,Female,22,No,No,17.2,85.7,77.3,6.5
STU01511,1511,2026-04-04,Slaskie,Gliwice,SCH016,Software Engineering,PhD,Female,32,No,Yes,9.9,73.4,73.0,7.5
STU01512,1512,2026-04-04,Slaskie,Gliwice,SCH016,Cybersecurity,Bachelor,Male,18,Yes,Yes,15.7,81.2,87.2,6.3
STU01513,1513,2026-04-05,Slaskie,Gliwice,SCH016,Software Engineering,PhD,Female,34,Yes,Yes,38,86.2,100,7.6
STU01514,1514,2026-04-05,Slaskie,Gliwice,SCH016,Software Engineering,Bachelor,Male,24,No,Yes,7.8,92.2,75.8,9.4
STU01515,1515,2026-04-05,Slaskie,Gliwice,SCH016,Software Engineering,Bachelor,Male,25,Yes,Yes,21.4,96.8,91.7,7.3
STU01516,1516,2026-04-05,Slaskie,Gliwice,SCH016,Data Science,Bachelor,Male,22,Yes,Yes,13.5,95.9,93.5,7.9
STU01517,1517,2026-04-05,Slaskie,Gliwice,SCH016,Data Science,Bachelor,Female,21,No,Yes,19.0,78.0,72.3,6.4
STU01518,1518,2026-04-05,Slaskie,Gliwice,SCH016,Software Engineering,Bachelor,Other/Prefer not to say,25,Yes,Yes,11.0,85.8,87.4,6.6
STU01519,1519,2026-04-05,Slaskie,Gliwice,SCH016,Data Science,Bachelor,Male,21,No,Yes,10.7,68.1,67.1,7.8
STU01520,1520,2026-04-06,Slaskie,Gliwice,SCH016,Data Science,PhD,Male,25,No,No,25.0,61.2,100,5.7
STU01521,1521,2026-04-06,Slaskie,Gliwice,SCH016,Data Science,Bachelor,Male,24,No,Yes,15.6,75.4,75.8,6.7
STU01522,1522,2026-04-06,Slaskie,Gliwice,SCH016,Cybersecurity,Bachelor,Female,24,No,Yes,6.3,63.4,62.5,8.4
STU01523,1523,2026-04-06,Slaskie,Gliwice,SCH016,Data Science,Master,Male,24,No,No,15.2,88.3,90.7,7.0
STU01524,1524,2026-04-06,Slaskie,Gliwice,SCH016,Software Engineering,Master,Female,24,Yes,No,16.8,94.1,90.9,7.2
STU01525,1525,2026-04-06,Slaskie,Gliwice,SCH016,Business Analytics,Bachelor,Female,21,Yes,Yes,9.3,81.8,79.4,6.9
STU01526,1526,2026-04-06,Slaskie,Gliwice,SCH016,Data Science,PhD,Other/Prefer not to say,37,No,Yes,15.5,64.0,65.9,9.7
STU01527,1527,2026-04-07,Slaskie,Gliwice,SCH016,Data Science,Master,Female,30,Yes,Yes,25.2,89.8,100,8.7
STU01528,1528,2026-04-07,Slaskie,Gliwice,SCH016,Cybersecurity,Bachelor,Female,21,No,No,9.6,69.1,74.8,7.0
STU01529,1529,2026-04-07,Slaskie,Gliwice,SCH016,Data Science,Bachelor,Male,25,No,Yes,18.1,93.5,90.8,8.2
STU01530,1530,2026-04-07,Slaskie,Gliwice,SCH016,Business Analytics,Bachelor,Male,20,No,Yes,22.5,91.1,95.5,5.7
STU01531,1531,2026-04-07,Slaskie,Gliwice,SCH016,Business Analytics,Master,Other/Prefer not to say,31,No,Yes,17.5,72.2,73.7,8.1
STU01532,1532,2026-04-07,Slaskie,Gliwice,SCH016,Data Science,Bachelor,Female,21,No,Yes,21.8,97.1,91.5,10
STU01533,1533,2026-04-07,Slaskie,Gliwice,SCH016,Business Analytics,Bachelor,Female,25,No,Yes,23.7,81.3,97.6,7.1
STU01534,1534,2026-04-08,Slaskie,Gliwice,SCH016,Software Engineering,Bachelor,Female,19,Yes,Yes,22.3,58.2,78.4,8.0
STU01535,1535,2026-04-08,Slaskie,Gliwice,SCH016,Business Analytics,Bachelor,Female,21,Yes,Yes,13.9,75.7,76.9,7.7
STU01536,1536,2026-04-08,Slaskie,Gliwice,SCH016,Business Analytics,PhD,Female,29,No,Yes,28.9,84.9,98.4,8.1
STU01537,1537,2026-04-08,Slaskie,Gliwice,SCH016,Cybersecurity,Bachelor,Male,19,No,Yes,23.7,70.5,89.1,5.8
STU01538,1538,2026-04-08,Slaskie,Gliwice,SCH016,Business Analytics,Bachelor,Female,20,No,No,19.2,71.8,84.3,6.2
STU01539,1539,2026-04-08,Slaskie,Gliwice,SCH016,Cybersecurity,Bachelor,Other/Prefer not to say,20,No,Yes,18.2,64.6,75.6,5.8
STU01540,1540,2026-04-08,Slaskie,Gliwice,SCH016,Business Analytics,Master,Female,30,Yes,Yes,12.8,81.8,85.8,7.5
STU01541,1541,2026-04-09,Slaskie,Gliwice,SCH016,Software Engineering,Bachelor,Female,18,No,Yes,7.2,76.1,55.9,8.9
STU01542,1542,2026-04-09,Slaskie,Gliwice,SCH016,Cybersecurity,Bachelor,Female,25,No,Yes,14.5,74.5,80.1,6.2
STU01543,1543,2026-04-09,Slaskie,Gliwice,SCH016,Cybersecurity,Bachelor,Female,20,Yes,Yes,14.6,88.2,96.1,7.7
STU01544,1544,2026-04-09,Slaskie,Gliwice,SCH016,Data Science,Bachelor,Female,25,No,Yes,11.6,83.2,88.8,8.4
STU01545,1545,2026-04-09,Slaskie,Gliwice,SCH016,Data Science,Master,Male,27,No,No,17.4,55.1,65.3,5.6
STU01546,1546,2026-04-09,Slaskie,Gliwice,SCH016,Data Science,Bachelor,Male,22,No,No,16.5,78.5,96.2,5.8
STU01547,1547,2026-04-09,Slaskie,Gliwice,SCH016,Business Analytics,Master,Male,25,No,Yes,23.7,77.9,89.4,6.1
STU01548,1548,2026-04-10,Slaskie,Gliwice,SCH016,Data Science,Bachelor,Male,23,No,Yes,12.3,78.8,84.0,8.0
STU01549,1549,2026-04-10,Slaskie,Gliwice,SCH016,Cybersecurity,Bachelor,Other/Prefer not to say,18,No,Yes,12.0,84.9,85.7,6.9
STU01550,1550,2026-04-10,Slaskie,Gliwice,SCH016,Data Science,Bachelor,Male,20,Yes,Yes,14.6,100,95.2,8.1
STU01551,1551,2026-04-10,Slaskie,Gliwice,SCH016,Business Analytics,Bachelor,Male,25,No,Yes,6.1,64.4,48.8,6.9
STU01552,1552,2026-04-10,Slaskie,Gliwice,SCH016,Software Engineering,Bachelor,Female,21,No,No,15.6,68.1,77.0,6.5
STU01553,1553,2026-04-10,Slaskie,Gliwice,SCH016,Software Engineering,Bachelor,Male,23,Yes,Yes,26.4,87.0,88.2,10
STU01554,1554,2026-04-10,Slaskie,Gliwice,SCH016,Software Engineering,Bachelor,Male,18,Yes,Yes,14.8,95.3,91.2,7.0
STU01555,1555,2026-04-11,Slaskie,Gliwice,SCH016,Data Science,Bachelor,Male,24,No,Yes,19.9,94.4,94.1,7.5
STU01556,1556,2026-04-11,Slaskie,Gliwice,SCH016,Business Analytics,Bachelor,Male,22,No,No,16.1,100,78.5,7.0
STU01557,1557,2026-04-11,Slaskie,Gliwice,SCH016,Data Science,Bachelor,Female,22,Yes,Yes,13.1,93.9,76.3,10
STU01558,1558,2026-04-11,Slaskie,Gliwice,SCH016,Business Analytics,Bachelor,Female,20,No,Yes,17.3,77.6,80.8,6.4
STU01559,1559,2026-04-11,Slaskie,Gliwice,SCH016,Software Engineering,Bachelor,Female,19,No,Yes,5.8,98.4,73.2,8.2
STU01560,1560,2026-04-11,Slaskie,Gliwice,SCH016,Business Analytics,Bachelor,Female,23,No,No,13.1,87.6,88.1,7.3
STU01561,1561,2026-04-11,Slaskie,Gliwice,SCH016,Business Analytics,Bachelor,Male,19,No,Yes,8.3,81.4,80.1,8.0
STU01562,1562,2026-04-12,Slaskie,Gliwice,SCH016,Software Engineering,Master,Female,22,Yes,Yes,17.3,85.6,87.8,8.2
STU01563,1563,2026-04-12,Slaskie,Gliwice,SCH016,Data Science,Master,Female,24,No,No,19.3,69.6,88.6,5.4
STU01564,1564,2026-04-12,Slaskie,Gliwice,SCH016,Cybersecurity,Bachelor,Male,18,Yes,Yes,18.7,81.3,96.2,5.9
STU01565,1565,2026-04-12,Slaskie,Gliwice,SCH016,Software Engineering,Bachelor,Female,23,Yes,Yes,2,76.7,59.0,6.0
STU01566,1566,2026-04-12,Slaskie,Gliwice,SCH016,Software Engineering,Bachelor,Male,25,Yes,Yes,16.6,95.0,81.4,7.3
STU01567,1567,2026-04-12,Slaskie,Gliwice,SCH016,Business Analytics,Bachelor,Male,24,No,No,18.3,70.0,70.4,7.7
STU01568,1568,2026-04-12,Slaskie,Gliwice,SCH016,Data Science,Bachelor,Male,20,No,Yes,9.7,94.0,78.3,6.7
STU01569,1569,2026-04-13,Slaskie,Gliwice,SCH016,Software Engineering,Bachelor,Other/Prefer not to say,23,No,No,12.6,91.5,81.7,9.0
STU01570,1570,2026-04-13,Slaskie,Gliwice,SCH016,Data Science,Bachelor,Male,23,Yes,No,17.4,83.1,91.3,8.0
STU01571,1571,2026-04-13,Slaskie,Gliwice,SCH016,Software Engineering,Bachelor,Male,19,No,Yes,21.4,65.6,90.0,5.1
STU01572,1572,2026-04-13,Slaskie,Gliwice,SCH016,Data Science,Master,Female,27,No,Yes,13.5,72.2,75.9,5.4
STU01573,1573,2026-04-13,Slaskie,Gliwice,SCH016,Data Science,Bachelor,Male,24,No,Yes,13.4,74.5,88.2,6.9
STU01574,1574,2026-04-13,Slaskie,Gliwice,SCH016,Cybersecurity,Master,Male,34,No,No,15.2,75.5,86.5,6.9
STU01575,1575,2026-04-13,Slaskie,Gliwice,SCH016,Software Engineering,Bachelor,Female,23,No,No,17.2,83.0,91.4,5.4
STU01576,1576,2026-04-14,Slaskie,Gliwice,SCH016,Data Science,Master,Female,23,Yes,Yes,24.2,73.1,85.8,6.1
STU01577,1577,2026-04-14,Slaskie,Gliwice,SCH016,Software Engineering,Bachelor,Male,21,No,Yes,15.8,92.2,85.1,9.2
STU01578,1578,2026-04-14,Slaskie,Gliwice,SCH016,Cybersecurity,Master,Male,32,No,No,21.6,73.3,83.0,8.6
STU01579,1579,2026-04-14,Slaskie,Gliwice,SCH016,Software Engineering,Bachelor,Male,24,Yes,Yes,18.7,84.1,100,8.8
STU01580,1580,2026-04-14,Slaskie,Gliwice,SCH016,Software Engineering,Master,Female,32,No,No,12.1,87.9,85.4,8.5
STU01581,1581,2026-04-14,Slaskie,Gliwice,SCH016,Cybersecurity,Bachelor,Female,21,Yes,No,14.5,60.4,60.8,3.7
STU01582,1582,2026-04-14,Slaskie,Gliwice,SCH017,Data Science,Bachelor,Male,21,No,No,10.9,95.6,87.9,8.1
STU01583,1583,2026-04-15,Slaskie,Gliwice,SCH017,Software Engineering,Bachelor,Female,20,No,Yes,7.0,71.1,63.2,7.2
STU01584,1584,2026-04-15,Slaskie,Gliwice,SCH017,Data Science,Master,Male,26,Yes,Yes,25.6,81.2,97.1,7.5
STU01585,1585,2026-04-15,Slaskie,Gliwice,SCH017,Cybersecurity,Bachelor,Female,18,No,Yes,8.2,79.6,90.5,7.7
STU01586,1586,2026-04-15,Slaskie,Gliwice,SCH017,Data Science,Master,Female,31,No,Yes,10.2,81.7,85.1,8.4
STU01587,1587,2026-04-15,Slaskie,Gliwice,SCH017,Cybersecurity,Master,Male,29,No,Yes,18.3,75.2,77.7,9.2
STU01588,1588,2026-04-15,Slaskie,Gliwice,SCH017,Cybersecurity,Master,Female,22,No,No,26.4,94.5,100,5.8
STU01589,1589,2026-04-15,Slaskie,Gliwice,SCH017,Cybersecurity,Master,Female,22,Yes,Yes,24.3,64.4,82.9,8.0
STU01590,1590,2026-04-16,Slaskie,Gliwice,SCH017,Software Engineering,Bachelor,Female,21,No,No,10.0,90.7,79.5,6.8
STU01591,1591,2026-04-16,Slaskie,Gliwice,SCH017,Business Analytics,Bachelor,Male,18,Yes,Yes,18.9,75.7,100,6.0
STU01592,1592,2026-04-16,Slaskie,Gliwice,SCH017,Software Engineering,Master,Female,23,No,No,9.7,99.4,86.7,5.2
STU01593,1593,2026-04-16,Slaskie,Gliwice,SCH017,Software Engineering,Bachelor,Male,20,No,No,9.1,72.1,72.3,7.7
STU01594,1594,2026-04-16,Slaskie,Gliwice,SCH017,Software Engineering,Bachelor,Male,21,Yes,No,16.6,94.1,93.2,8.0
STU01595,1595,2026-04-16,Slaskie,Gliwice,SCH017,Cybersecurity,Bachelor,Male,19,Yes,Yes,15.9,86.3,95.7,7.9
STU01596,1596,2026-04-16,Slaskie,Gliwice,SCH017,Software Engineering,Bachelor,Female,25,No,Yes,16.4,92.9,100,7.7
STU01597,1597,2026-04-17,Slaskie,Gliwice,SCH017,Data Science,Bachelor,Male,18,Yes,No,13.8,67.9,84.5,5.1
STU01598,1598,2026-04-17,Slaskie,Gliwice,SCH017,Business Analytics,Master,Female,31,No,Yes,7.3,78.2,79.2,6.8
STU01599,1599,2026-04-17,Slaskie,Gliwice,SCH017,Data Science,Bachelor,Male,22,No,Yes,16.3,80.7,85.4,8.3
STU01600,1600,2026-04-17,Slaskie,Gliwice,SCH017,Software Engineering,Master,Male,24,No,No,19.4,72.1,87.7,7.8
STU01601,1601,2026-04-17,Slaskie,Gliwice,SCH017,Data Science,Bachelor,Male,21,No,Yes,19.0,95.7,100,8.3
STU01602,1602,2026-04-17,Slaskie,Gliwice,SCH017,Software Engineering,Master,Male,25,No,Yes,15.4,70.2,93.9,5.2
STU01603,1603,2026-04-17,Slaskie,Gliwice,SCH017,Data Science,Master,Female,24,Yes,Yes,14.3,77.4,91.3,6.7
STU01604,1604,2026-04-18,Slaskie,Gliwice,SCH017,Data Science,Master,Female,23,No,No,20.2,100,100,8.8
STU01605,1605,2026-04-18,Slaskie,Gliwice,SCH017,Data Science,Bachelor,Female,25,No,Yes,11.8,72.1,74.9,7.1
STU01606,1606,2026-04-18,Slaskie,Gliwice,SCH017,Software Engineering,Bachelor,Female,20,Yes,Yes,13.9,70.4,69.6,6.7
STU01607,1607,2026-04-18,Slaskie,Gliwice,SCH017,Software Engineering,Master,Male,32,Yes,Yes,22.3,84.7,100,7.9
STU01608,1608,2026-04-18,Slaskie,Gliwice,SCH017,Business Analytics,Bachelor,Male,25,No,No,14.3,78.7,87.5,5.3
STU01609,1609,2026-04-18,Slaskie,Gliwice,SCH017,Cybersecurity,PhD,Female,30,No,Yes,22.6,83.0,97.2,8.1
STU01610,1610,2026-04-18,Slaskie,Gliwice,SCH017,Data Science,Bachelor,Female,19,No,Yes,8.8,82.3,81.4,9.4
STU01611,1611,2026-04-19,Slaskie,Gliwice,SCH017,Data Science,Bachelor,Female,19,No,Yes,9.3,81.6,81.7,9.1
STU01612,1612,2026-04-19,Slaskie,Gliwice,SCH017,Data Science,Bachelor,Male,19,No,Yes,18.6,73.6,91.8,8.5
STU01613,1613,2026-04-19,Slaskie,Gliwice,SCH017,Cybersecurity,Bachelor,Female,19,No,No,15.4,73.8,100,8.1
STU01614,1614,2026-04-19,Slaskie,Gliwice,SCH017,Cybersecurity,Bachelor,Female,21,Yes,Yes,14.3,88.1,98.9,6.7
STU01615,1615,2026-04-19,Slaskie,Gliwice,SCH017,Cybersecurity,Bachelor,Female,18,Yes,Yes,15.2,62.5,100,7.6
STU01616,1616,2026-04-19,Slaskie,Gliwice,SCH017,Data Science,Bachelor,Male,25,No,No,5.8,88.2,75.0,8.0
STU01617,1617,2026-04-19,Slaskie,Gliwice,SCH017,Data Science,Bachelor,Female,25,Yes,Yes,19.8,82.0,100,10
STU01618,1618,2026-04-20,Slaskie,Gliwice,SCH017,Data Science,Bachelor,Female,19,Yes,Yes,23.6,80.4,98.4,7.5
STU01619,1619,2026-04-20,Slaskie,Gliwice,SCH017,Software Engineering,Bachelor,Male,19,No,Yes,15.0,75.1,75.4,6.8
STU01620,1620,2026-04-20,Slaskie,Gliwice,SCH017,Software Engineering,Bachelor,Male,23,No,Yes,7.8,70.9,67.9,7.5
STU01621,1621,2026-04-20,Slaskie,Gliwice,SCH017,Software Engineering,Master,Male,28,No,Yes,13.1,72.9,82.1,8.5
STU01622,1622,2026-04-20,Slaskie,Gliwice,SCH017,Data Science,Bachelor,Female,22,Yes,No,18.2,88.4,96.8,4.3
STU01623,1623,2026-04-20,Slaskie,Gliwice,SCH017,Software Engineering,Bachelor,Female,20,No,Yes,15.2,83.7,100,6.0
STU01624,1624,2026-04-20,Slaskie,Gliwice,SCH017,Software Engineering,Bachelor,Female,25,No,Yes,13.4,83.4,82.9,9.4
STU01625,1625,2026-04-21,Slaskie,Gliwice,SCH017,Data Science,PhD,Female,26,No,No,13.5,74.1,82.5,7.1
STU01626,1626,2026-04-21,Slaskie,Gliwice,SCH017,Software Engineering,Bachelor,Female,22,Yes,No,16.9,100,95.0,8.0
STU01627,1627,2026-04-21,Slaskie,Gliwice,SCH017,Software Engineering,Bachelor,Male,25,No,No,10.5,89.4,90.5,9.6
STU01628,1628,2026-04-21,Slaskie,Gliwice,SCH017,Software Engineering,Bachelor,Female,18,No,No,15.3,100,96.2,8.5
STU01629,1629,2026-04-21,Slaskie,Gliwice,SCH017,Software Engineering,Bachelor,Female,23,No,No,11.4,83.0,100,8.2
STU01630,1630,2026-04-21,Slaskie,Gliwice,SCH017,Cybersecurity,Master,Female,22,Yes,Yes,18.2,71.8,89.5,9.1
STU01631,1631,2026-04-21,Slaskie,Gliwice,SCH017,Cybersecurity,Master,Female,31,No,No,22.3,68.5,78.2,5.2
STU01632,1632,2026-04-22,Slaskie,Gliwice,SCH017,Data Science,Master,Female,32,No,No,16.6,89.4,100,5.1
STU01633,1633,2026-04-22,Slaskie,Gliwice,SCH017,Software Engineering,Bachelor,Male,18,No,Yes,21.5,80.6,100,7.9
STU01634,1634,2026-04-22,Slaskie,Gliwice,SCH017,Data Science,Bachelor,Female,25,No,Yes,12.8,83.6,92.7,9.1
STU01635,1635,2026-04-22,Slaskie,Gliwice,SCH017,Cybersecurity,Bachelor,Female,19,No,Yes,9.3,85.4,70.3,7.1
STU01636,1636,2026-04-22,Slaskie,Gliwice,SCH017,Data Science,Bachelor,Male,24,No,Yes,9.6,72.4,72.7,7.2
STU01637,1637,2026-04-22,Slaskie,Gliwice,SCH017,Data Science,Bachelor,Female,22,Yes,Yes,19.9,88.2,100,7.3
STU01638,1638,2026-04-22,Slaskie,Gliwice,SCH017,Software Engineering,Master,Female,32,No,Yes,18.9,88.4,100,5.9
STU01639,1639,2026-04-23,Slaskie,Gliwice,SCH017,Cybersecurity,Bachelor,Male,21,No,No,10.0,85.0,87.3,3.5
STU01640,1640,2026-04-23,Slaskie,Gliwice,SCH017,Cybersecurity,Master,Male,28,Yes,No,21.0,86.3,100,7.8
STU01641,1641,2026-04-23,Slaskie,Gliwice,SCH017,Business Analytics,Master,Female,32,No,Yes,17.0,94.4,74.0,9.3
STU01642,1642,2026-04-23,Slaskie,Gliwice,SCH017,Data Science,Bachelor,Male,18,No,No,8.3,87.4,84.4,6.8
STU01643,1643,2026-04-23,Slaskie,Gliwice,SCH017,Software Engineering,Bachelor,Female,20,No,No,13.2,80.0,77.5,6.9
STU01644,1644,2026-04-23,Slaskie,Gliwice,SCH017,Software Engineering,Bachelor,Male,22,No,No,20.9,63.3,95.0,4.5
STU01645,1645,2026-04-23,Slaskie,Gliwice,SCH017,Business Analytics,Master,Female,30,Yes,Yes,20.5,66.8,85.2,6.0
STU01646,1646,2026-04-24,Slaskie,Gliwice,SCH017,Software Engineering,PhD,Male,39,No,Yes,15.4,78.5,95.6,5.5
STU01647,1647,2026-04-24,Slaskie,Gliwice,SCH017,Data Science,Bachelor,Female,20,No,Yes,19.0,91.9,98.0,6.8
STU01648,1648,2026-04-24,Slaskie,Gliwice,SCH017,Data Science,Master,Other/Prefer not to say,28,No,Yes,12.8,75.5,91.0,5.7
STU01649,1649,2026-04-24,Slaskie,Gliwice,SCH017,Cybersecurity,Master,Male,27,No,Yes,13.9,83.8,90.9,7.0
STU01650,1650,2026-04-24,Slaskie,Gliwice,SCH017,Software Engineering,Master,Other/Prefer not to say,25,No,Yes,15.2,76.8,80.8,7.8
STU01651,1651,2026-04-24,Slaskie,Gliwice,SCH017,Data Science,Bachelor,Male,24,Yes,Yes,16.9,69.7,92.1,8.2
STU01652,1652,2026-04-24,Slaskie,Gliwice,SCH017,Cybersecurity,Bachelor,Female,25,Yes,Yes,20.3,75.7,85.7,7.7
STU01653,1653,2026-04-25,Slaskie,Gliwice,SCH017,Data Science,PhD,Female,37,No,Yes,16.1,76.8,100,8.5
STU01654,1654,2026-04-25,Slaskie,Gliwice,SCH017,Cybersecurity,Bachelor,Female,24,No,Yes,8.7,82.2,74.0,6.6
STU01655,1655,2026-04-25,Slaskie,Gliwice,SCH017,Cybersecurity,Master,Male,31,No,No,19.2,82.9,77.5,7.6
STU01656,1656,2026-04-25,Slaskie,Gliwice,SCH017,Cybersecurity,Bachelor,Female,23,No,Yes,19.6,76.1,95.0,6.0
STU01657,1657,2026-04-25,Slaskie,Gliwice,SCH017,Data Science,Bachelor,Female,23,No,Yes,7.6,81.2,78.3,8.7
STU01658,1658,2026-04-25,Slaskie,Gliwice,SCH017,Data Science,Master,Female,24,No,No,14.8,61.4,85.2,5.9
STU01659,1659,2026-04-25,Slaskie,Gliwice,SCH017,Software Engineering,Bachelor,Male,24,Yes,Yes,10.7,77.5,100,9.6
STU01660,1660,2026-04-26,Slaskie,Gliwice,SCH017,Software Engineering,Master,Female,34,No,Yes,23.0,95.7,100,8.3
STU01661,1661,2026-04-26,Slaskie,Gliwice,SCH017,Cybersecurity,Bachelor,Female,25,No,Yes,13.9,84.3,85.4,5.3
STU01662,1662,2026-04-26,Slaskie,Gliwice,SCH017,Software Engineering,Bachelor,Female,22,No,No,7.3,73.4,76.7,7.9
STU01663,1663,2026-04-26,Slaskie,Gliwice,SCH017,Software Engineering,Bachelor,Male,18,Yes,Yes,23.8,81.1,87.2,6.8
STU01664,1664,2026-04-26,Slaskie,Gliwice,SCH017,Software Engineering,Bachelor,Male,18,No,Yes,18.4,82.6,90.8,10
STU01665,1665,2026-04-26,Slaskie,Gliwice,SCH017,Data Science,Bachelor,Male,21,No,No,12.7,69.2,88.8,7.0
STU01666,1666,2026-04-26,Slaskie,Gliwice,SCH017,Cybersecurity,Bachelor,Female,23,No,Yes,13.5,78.7,70.9,7.7
STU01667,1667,2026-04-27,Slaskie,Gliwice,SCH017,Data Science,Bachelor,Male,25,No,Yes,12.4,81.6,74.6,4.7
STU01668,1668,2026-04-27,Slaskie,Gliwice,SCH017,Business Analytics,Master,Female,34,No,Yes,17.7,72.6,78.3,6.9
STU01669,1669,2026-04-27,Slaskie,Gliwice,SCH017,Data Science,Bachelor,Male,24,No,No,11.3,87.5,83.5,8.8
STU01670,1670,2026-04-27,Slaskie,Gliwice,SCH017,Data Science,Master,Male,25,No,Yes,17.5,78.6,87.3,4.5
STU01671,1671,2026-04-27,Slaskie,Gliwice,SCH017,Cybersecurity,PhD,Male,29,Yes,No,32.5,79.5,100,6.9
STU01672,1672,2026-04-27,Malopolskie,Krakow,SCH018,Software Engineering,Master,Male,23,No,Yes,12.5,86.9,80.0,10
STU01673,1673,2026-04-27,Malopolskie,Krakow,SCH018,Cybersecurity,Master,Female,26,Yes,Yes,16.5,89.0,98.0,8.3
STU01674,1674,2026-04-28,Malopolskie,Krakow,SCH018,Business Analytics,Master,Male,29,No,Yes,15.2,67.8,86.5,7.3
STU01675,1675,2026-04-28,Malopolskie,Krakow,SCH018,Software Engineering,Master,Male,25,No,Yes,4.6,74.2,60.0,7.2
STU01676,1676,2026-04-28,Malopolskie,Krakow,SCH018,Cybersecurity,Bachelor,Male,24,No,Yes,15.7,59.5,74.2,5.2
STU01677,1677,2026-04-28,Malopolskie,Krakow,SCH018,Business Analytics,Bachelor,Male,20,No,Yes,18.0,67.2,79.6,7.9
STU01678,1678,2026-04-28,Malopolskie,Krakow,SCH018,Business Analytics,Master,Other/Prefer not to say,30,No,Yes,16.9,87.9,99.8,6.5
STU01679,1679,2026-04-28,Malopolskie,Krakow,SCH018,Software Engineering,Bachelor,Female,21,No,No,15.4,84.0,80.8,5.9
STU01680,1680,2026-04-28,Malopolskie,Krakow,SCH018,Business Analytics,Bachelor,Female,21,No,Yes,12.4,79.7,64.0,6.2
STU01681,1681,2026-04-29,Malopolskie,Krakow,SCH018,Data Science,Bachelor,Male,18,Yes,Yes,17.8,83.0,81.9,7.4
STU01682,1682,2026-04-29,Malopolskie,Krakow,SCH018,Data Science,Bachelor,Female,25,No,Yes,5.2,74.5,69.5,8.4
STU01683,1683,2026-04-29,Malopolskie,Krakow,SCH018,Data Science,Bachelor,Male,22,No,Yes,12.7,76.7,76.8,7.4
STU01684,1684,2026-04-29,Malopolskie,Krakow,SCH018,Cybersecurity,Bachelor,Male,20,Yes,Yes,20.5,73.1,93.5,5.4
STU01685,1685,2026-04-29,Malopolskie,Krakow,SCH018,Data Science,Bachelor,Male,18,No,No,14.4,79.6,85.2,6.1
STU01686,1686,2026-04-29,Malopolskie,Krakow,SCH018,Software Engineering,Bachelor,Female,19,No,No,19.1,83.0,96.5,6.4
STU01687,1687,2026-04-29,Malopolskie,Krakow,SCH018,Data Science,Bachelor,Male,24,No,Yes,15.9,82.3,98.4,4.4
STU01688,1688,2026-04-30,Malopolskie,Krakow,SCH018,Data Science,Bachelor,Male,23,Yes,Yes,21.9,76.7,93.4,6.0
STU01689,1689,2026-04-30,Malopolskie,Krakow,SCH018,Data Science,Bachelor,Male,21,No,Yes,13.2,85.3,75.3,7.4
STU01690,1690,2026-04-30,Malopolskie,Krakow,SCH018,Data Science,Bachelor,Male,18,No,Yes,8.3,75.7,69.7,6.9
STU01691,1691,2026-04-30,Malopolskie,Krakow,SCH018,Software Engineering,Bachelor,Male,19,No,Yes,11.3,76.6,73.7,7.5
STU01692,1692,2026-04-30,Malopolskie,Krakow,SCH018,Cybersecurity,Bachelor,Male,21,Yes,No,22.9,98.3,100,6.5
STU01693,1693,2026-04-30,Malopolskie,Krakow,SCH018,Software Engineering,Master,Male,24,No,Yes,25.6,89.3,100,4.5
STU01694,1694,2026-04-30,Malopolskie,Krakow,SCH018,Business Analytics,Bachelor,Male,25,No,Yes,16.5,79.1,77.9,7.6
STU01695,1695,2026-05-01,Malopolskie,Krakow,SCH018,Software Engineering,Bachelor,Male,24,No,No,20.1,88.5,99.8,6.0
STU01696,1696,2026-05-01,Malopolskie,Krakow,SCH018,Software Engineering,Bachelor,Male,20,No,Yes,21.6,98.5,98.0,9.5
STU01697,1697,2026-05-01,Malopolskie,Krakow,SCH018,Software Engineering,Bachelor,Male,22,No,Yes,16.0,77.6,73.7,6.8
STU01698,1698,2026-05-01,Malopolskie,Krakow,SCH018,Software Engineering,Bachelor,Female,24,No,Yes,15.6,75.4,85.7,6.4
STU01699,1699,2026-05-01,Malopolskie,Krakow,SCH018,Software Engineering,Master,Female,33,Yes,Yes,20.5,98.3,97.9,8.9
STU01700,1700,2026-05-01,Malopolskie,Krakow,SCH018,Data Science,Bachelor,Male,22,No,Yes,15.3,85.4,81.4,7.3
STU01701,1701,2026-05-01,Malopolskie,Krakow,SCH018,Software Engineering,Master,Female,23,No,Yes,22.1,73.7,93.4,8.1
STU01702,1702,2026-05-02,Malopolskie,Krakow,SCH018,Data Science,Bachelor,Other/Prefer not to say,19,No,No,21.9,71.8,84.1,7.7
STU01703,1703,2026-05-02,Malopolskie,Krakow,SCH018,Cybersecurity,Bachelor,Male,18,Yes,Yes,22.8,80.8,100,5.4
STU01704,1704,2026-05-02,Malopolskie,Krakow,SCH018,Software Engineering,Bachelor,Female,20,No,No,18.6,82.6,100,6.3
STU01705,1705,2026-05-02,Malopolskie,Krakow,SCH018,Software Engineering,Bachelor,Female,18,Yes,Yes,12.1,86.7,100,8.0
STU01706,1706,2026-05-02,Malopolskie,Krakow,SCH018,Software Engineering,Bachelor,Other/Prefer not to say,19,No,Yes,11.0,94.6,83.7,7.2
STU01707,1707,2026-05-02,Malopolskie,Krakow,SCH018,Software Engineering,Bachelor,Male,24,No,Yes,17.4,72.3,86.6,7.9
STU01708,1708,2026-05-02,Malopolskie,Krakow,SCH018,Software Engineering,PhD,Female,27,No,No,17.3,79.5,74.1,7.3
STU01709,1709,2026-05-03,Malopolskie,Krakow,SCH018,Data Science,Master,Male,33,No,Yes,15.6,85.0,89.1,5.9
STU01710,1710,2026-05-03,Malopolskie,Krakow,SCH018,Software Engineering,Bachelor,Female,22,Yes,No,17.2,73.9,83.1,8.8
STU01711,1711,2026-05-03,Malopolskie,Krakow,SCH018,Cybersecurity,Master,Male,28,No,Yes,16.1,92.4,98.2,8.2
STU01712,1712,2026-05-03,Malopolskie,Krakow,SCH018,Cybersecurity,Bachelor,Other/Prefer not to say,22,No,No,7.7,79.7,78.2,6.8
STU01713,1713,2026-05-03,Malopolskie,Krakow,SCH018,Business Analytics,Bachelor,Male,22,No,Yes,18.3,82.6,81.0,8.0
STU01714,1714,2026-05-03,Malopolskie,Krakow,SCH018,Data Science,Bachelor,Female,23,No,Yes,11.3,84.1,86.1,9.7
STU01715,1715,2026-05-03,Malopolskie,Krakow,SCH018,Cybersecurity,Bachelor,Female,23,Yes,Yes,13.5,67.6,69.6,5.7
STU01716,1716,2026-05-04,Malopolskie,Krakow,SCH018,Data Science,Master,Female,23,No,Yes,11.8,88.8,82.4,7.2
STU01717,1717,2026-05-04,Malopolskie,Krakow,SCH018,Software Engineering,Master,Female,28,Yes,Yes,19.5,84.9,91.2,6.5
STU01718,1718,2026-05-04,Malopolskie,Krakow,SCH018,Software Engineering,Bachelor,Male,19,No,No,19.8,70.8,91.9,9.0
STU01719,1719,2026-05-04,Malopolskie,Krakow,SCH018,Business Analytics,Master,Female,22,Yes,No,19.5,67.5,87.8,6.9
STU01720,1720,2026-05-04,Malopolskie,Krakow,SCH018,Business Analytics,Bachelor,Male,23,No,Yes,12.5,72.9,68.2,6.0
STU01721,1721,2026-05-04,Malopolskie,Krakow,SCH018,Data Science,Bachelor,Male,25,Yes,Yes,16.9,87.9,89.0,7.6
STU01722,1722,2026-05-04,Malopolskie,Krakow,SCH018,Software Engineering,Bachelor,Male,18,No,Yes,14.8,77.2,87.5,7.3
STU01723,1723,2026-05-05,Malopolskie,Krakow,SCH018,Data Science,Bachelor,Female,18,Yes,No,19.0,88.5,95.4,7.5
STU01724,1724,2026-05-05,Malopolskie,Krakow,SCH018,Data Science,Bachelor,Male,22,Yes,Yes,8.3,67.3,88.2,6.0
STU01725,1725,2026-05-05,Malopolskie,Krakow,SCH018,Software Engineering,Bachelor,Male,23,No,No,20.4,71.8,85.9,7.0
STU01726,1726,2026-05-05,Malopolskie,Krakow,SCH018,Data Science,Bachelor,Female,25,No,Yes,10.9,72.1,60.0,8.4
STU01727,1727,2026-05-05,Malopolskie,Krakow,SCH018,Data Science,Master,Male,33,No,Yes,18.9,59.1,87.0,6.7
STU01728,1728,2026-05-05,Malopolskie,Krakow,SCH018,Data Science,Bachelor,Male,21,No,Yes,12.4,92.8,93.5,7.7
STU01729,1729,2026-05-05,Malopolskie,Krakow,SCH018,Data Science,Bachelor,Male,24,No,No,13.7,81.1,86.1,8.0
STU01730,1730,2026-05-06,Malopolskie,Krakow,SCH018,Cybersecurity,Bachelor,Other/Prefer not to say,23,No,No,15.0,84.3,80.9,7.0
STU01731,1731,2026-05-06,Malopolskie,Krakow,SCH018,Data Science,Bachelor,Male,20,Yes,Yes,14.9,86.9,99.7,7.9
STU01732,1732,2026-05-06,Malopolskie,Krakow,SCH018,Software Engineering,Bachelor,Male,18,No,Yes,14.6,67.6,83.6,6.3
STU01733,1733,2026-05-06,Malopolskie,Krakow,SCH018,Data Science,Bachelor,Male,19,No,Yes,15.9,66.7,93.3,7.1
STU01734,1734,2026-05-06,Malopolskie,Krakow,SCH018,Business Analytics,Bachelor,Male,23,No,No,2,70.1,44.8,7.4
STU01735,1735,2026-05-06,Malopolskie,Krakow,SCH018,Data Science,Master,Male,31,No,Yes,14.1,84.4,89.0,6.6
STU01736,1736,2026-05-06,Malopolskie,Krakow,SCH018,Data Science,Master,Female,33,Yes,Yes,17.0,82.5,80.6,7.9
STU01737,1737,2026-05-07,Malopolskie,Krakow,SCH018,Software Engineering,Bachelor,Female,25,Yes,No,18.0,77.0,86.3,6.8
STU01738,1738,2026-05-07,Malopolskie,Krakow,SCH018,Software Engineering,Bachelor,Female,20,Yes,No,13.5,82.2,75.2,6.5
STU01739,1739,2026-05-07,Malopolskie,Krakow,SCH018,Cybersecurity,Bachelor,Female,19,No,Yes,15.2,89.4,85.4,7.7
STU01740,1740,2026-05-07,Malopolskie,Krakow,SCH018,Cybersecurity,Bachelor,Male,25,Yes,Yes,11.6,91.2,80.9,6.0
STU01741,1741,2026-05-07,Malopolskie,Krakow,SCH018,Business Analytics,Master,Female,34,No,Yes,18.3,92.3,81.3,10.0
STU01742,1742,2026-05-07,Malopolskie,Krakow,SCH018,Software Engineering,Bachelor,Male,22,No,No,18.9,69.1,87.3,6.6
STU01743,1743,2026-05-07,Malopolskie,Krakow,SCH018,Cybersecurity,Master,Female,24,No,Yes,10.2,76.8,77.0,6.7
STU01744,1744,2026-05-08,Malopolskie,Krakow,SCH018,Data Science,Bachelor,Female,22,No,No,9.4,66.6,81.3,5.4
STU01745,1745,2026-05-08,Malopolskie,Krakow,SCH018,Data Science,Master,Other/Prefer not to say,27,No,Yes,14.7,65.7,75.1,5.1
STU01746,1746,2026-05-08,Malopolskie,Krakow,SCH018,Software Engineering,Bachelor,Other/Prefer not to say,22,No,Yes,14.5,85.2,83.8,6.3
STU01747,1747,2026-05-08,Malopolskie,Krakow,SCH018,Data Science,Master,Male,25,No,Yes,23.8,70.0,84.3,7.1
STU01748,1748,2026-05-08,Malopolskie,Krakow,SCH018,Cybersecurity,Master,Female,22,No,No,12.0,94.7,87.9,9.8
STU01749,1749,2026-05-08,Malopolskie,Krakow,SCH018,Cybersecurity,Bachelor,Male,19,No,Yes,14.9,64.9,62.6,4.0
STU01750,1750,2026-05-08,Malopolskie,Krakow,SCH018,Software Engineering,Bachelor,Male,19,No,Yes,6.3,67.5,70.7,8.7
STU01751,1751,2026-05-09,Malopolskie,Krakow,SCH018,Data Science,Bachelor,Male,22,No,No,10.1,77.9,70.7,6.1
STU01752,1752,2026-05-09,Malopolskie,Krakow,SCH018,Data Science,Bachelor,Male,19,No,Yes,18.8,83.5,100,5.5
STU01753,1753,2026-05-09,Malopolskie,Krakow,SCH018,Business Analytics,Bachelor,Female,18,No,Yes,15.9,78.2,75.4,7.3
STU01754,1754,2026-05-09,Malopolskie,Krakow,SCH018,Cybersecurity,Bachelor,Female,22,No,Yes,18.9,77.8,89.5,8.4
STU01755,1755,2026-05-09,Malopolskie,Krakow,SCH018,Software Engineering,Master,Male,27,Yes,Yes,15.1,90.7,92.1,8.4
STU01756,1756,2026-05-09,Malopolskie,Krakow,SCH018,Business Analytics,Bachelor,Female,22,No,Yes,15.7,65.6,85.6,6.0
STU01757,1757,2026-05-09,Malopolskie,Krakow,SCH018,Software Engineering,Master,Female,32,Yes,Yes,23.2,71.5,99.3,6.8
STU01758,1758,2026-05-10,Malopolskie,Krakow,SCH018,Business Analytics,Bachelor,Male,19,No,No,16.2,85.9,81.9,9.3
STU01759,1759,2026-05-10,Malopolskie,Krakow,SCH018,Software Engineering,Bachelor,Male,22,No,Yes,17.5,60.3,73.5,3.8
STU01760,1760,2026-05-10,Malopolskie,Krakow,SCH018,Cybersecurity,Bachelor,Male,23,No,Yes,14.3,87.5,100,6.8
STU01761,1761,2026-05-10,Malopolskie,Krakow,SCH018,Software Engineering,Bachelor,Female,23,No,Yes,10.0,85.4,77.7,6.6
STU01762,1762,2026-05-10,Malopolskie,Krakow,SCH018,Software Engineering,Bachelor,Male,22,No,No,7.6,89.2,73.6,3.7
STU01763,1763,2026-05-10,Malopolskie,Krakow,SCH018,Business Analytics,Master,Male,27,No,Yes,17.3,89.6,76.7,8.2
STU01764,1764,2026-05-10,Malopolskie,Krakow,SCH018,Business Analytics,Bachelor,Male,24,No,Yes,15.0,87.8,91.7,8.3
STU01765,1765,2026-05-11,Malopolskie,Krakow,SCH018,Cybersecurity,Bachelor,Male,23,No,No,17.7,75.7,90.1,7.4
STU01766,1766,2026-05-11,Malopolskie,Krakow,SCH018,Software Engineering,Master,Female,27,No,Yes,18.8,74.7,89.4,6.6
STU01767,1767,2026-05-11,Malopolskie,Krakow,SCH018,Business Analytics,Bachelor,Female,23,No,Yes,16.3,84.3,95.3,9.2
STU01768,1768,2026-05-11,Malopolskie,Krakow,SCH018,Software Engineering,Bachelor,Female,21,No,No,22.6,73.3,89.1,7.8
STU01769,1769,2026-05-11,Malopolskie,Krakow,SCH018,Software Engineering,Bachelor,Female,24,No,No,15.9,100,94.6,7.5
STU01770,1770,2026-05-11,Malopolskie,Krakow,SCH018,Software Engineering,Bachelor,Female,23,No,Yes,17.5,86.6,87.6,7.6
STU01771,1771,2026-05-11,Malopolskie,Krakow,SCH018,Data Science,Master,Female,27,No,Yes,16.8,73.8,89.7,6.4
STU01772,1772,2026-05-12,Malopolskie,Krakow,SCH018,Data Science,Bachelor,Male,25,Yes,Yes,14.1,78.3,74.1,5.7
STU01773,1773,2026-05-12,Malopolskie,Krakow,SCH018,Cybersecurity,Bachelor,Male,20,No,Yes,7.7,83.8,69.4,8.3
STU01774,1774,2026-05-12,Malopolskie,Krakow,SCH018,Cybersecurity,Bachelor,Female,18,No,Yes,14.6,64.5,79.5,4.9
STU01775,1775,2026-05-12,Malopolskie,Krakow,SCH018,Data Science,Master,Male,27,No,Yes,18.4,79.7,95.8,6.8
STU01776,1776,2026-05-12,Malopolskie,Krakow,SCH018,Software Engineering,Bachelor,Female,20,No,Yes,16.4,78.3,90.5,7.6
STU01777,1777,2026-05-12,Malopolskie,Krakow,SCH018,Software Engineering,PhD,Female,31,No,Yes,18.5,76.9,100,7.3
STU01778,1778,2026-05-12,Malopolskie,Krakow,SCH018,Data Science,Bachelor,Male,23,No,Yes,5.6,93.8,87.5,8.3
STU01779,1779,2026-05-13,Malopolskie,Krakow,SCH018,Software Engineering,Bachelor,Male,21,No,Yes,18.6,78.0,95.7,6.3
STU01780,1780,2026-05-13,Malopolskie,Krakow,SCH018,Data Science,Bachelor,Female,25,No,Yes,19.3,71.6,88.5,8.1
STU01781,1781,2026-05-13,Malopolskie,Krakow,SCH018,Software Engineering,Master,Male,34,No,No,17.5,87.1,83.3,7.9
STU01782,1782,2026-05-13,Malopolskie,Krakow,SCH019,Data Science,Bachelor,Other/Prefer not to say,18,No,Yes,13.0,54.7,70.3,6.8
STU01783,1783,2026-05-13,Malopolskie,Krakow,SCH019,Data Science,Master,Female,22,No,Yes,8.0,91.7,88.0,10
STU01784,1784,2026-05-13,Malopolskie,Krakow,SCH019,Business Analytics,Bachelor,Male,20,No,No,9.8,62.2,67.9,4.5
STU01785,1785,2026-05-13,Malopolskie,Krakow,SCH019,Cybersecurity,Master,Female,28,No,Yes,8.7,80.1,72.3,8.3
STU01786,1786,2026-05-14,Malopolskie,Krakow,SCH019,Software Engineering,Bachelor,Female,20,No,Yes,26.8,68.9,88.2,6.0
STU01787,1787,2026-05-14,Malopolskie,Krakow,SCH019,Business Analytics,Bachelor,Male,20,No,Yes,30.5,72.2,89.8,8.5
STU01788,1788,2026-05-14,Malopolskie,Krakow,SCH019,Cybersecurity,Bachelor,Male,23,Yes,Yes,27.4,89.0,100,9.5
STU01789,1789,2026-05-14,Malopolskie,Krakow,SCH019,Software Engineering,Bachelor,Female,19,No,Yes,8.7,75.3,66.6,8.0
STU01790,1790,2026-05-14,Malopolskie,Krakow,SCH019,Cybersecurity,Bachelor,Male,22,No,Yes,16.2,79.3,87.5,7.0
STU01791,1791,2026-05-14,Malopolskie,Krakow,SCH019,Cybersecurity,Bachelor,Female,22,No,Yes,11.0,85.3,75.1,7.4
STU01792,1792,2026-05-14,Malopolskie,Krakow,SCH019,Software Engineering,Master,Female,27,Yes,Yes,20.4,89.4,100,8.3
STU01793,1793,2026-05-15,Malopolskie,Krakow,SCH019,Data Science,PhD,Female,35,No,Yes,20.9,66.5,83.2,6.0
STU01794,1794,2026-05-15,Malopolskie,Krakow,SCH019,Software Engineering,PhD,Female,40,No,Yes,17.8,79.7,89.6,8.1
STU01795,1795,2026-05-15,Malopolskie,Krakow,SCH019,Data Science,Bachelor,Female,25,Yes,No,18.9,90.2,100,8.8
STU01796,1796,2026-05-15,Malopolskie,Krakow,SCH019,Cybersecurity,Master,Male,28,No,Yes,14.6,77.4,83.7,8.7
STU01797,1797,2026-05-15,Malopolskie,Krakow,SCH019,Cybersecurity,Bachelor,Male,21,Yes,Yes,14.4,83.7,82.5,6.6
STU01798,1798,2026-05-15,Malopolskie,Krakow,SCH019,Business Analytics,Bachelor,Male,25,No,Yes,7.9,81.1,84.3,8.0
STU01799,1799,2026-05-15,Malopolskie,Krakow,SCH019,Business Analytics,Bachelor,Male,21,Yes,Yes,22.8,84.1,91.4,8.8
STU01800,1800,2026-05-16,Malopolskie,Krakow,SCH019,Software Engineering,Bachelor,Male,20,No,Yes,25.5,87.2,100,7.6
STU01801,1801,2026-05-16,Malopolskie,Krakow,SCH019,Software Engineering,Bachelor,Female,22,No,Yes,14.9,90.1,86.9,7.8
STU01802,1802,2026-05-16,Malopolskie,Krakow,SCH019,Software Engineering,Bachelor,Female,22,No,No,13.8,71.6,79.6,5.5
STU01803,1803,2026-05-16,Malopolskie,Krakow,SCH019,Business Analytics,Bachelor,Female,21,No,Yes,15.8,79.0,83.1,7.7
STU01804,1804,2026-05-16,Malopolskie,Krakow,SCH019,Cybersecurity,Bachelor,Male,25,Yes,Yes,15.0,77.0,87.2,6.7
STU01805,1805,2026-05-16,Malopolskie,Krakow,SCH019,Data Science,Bachelor,Male,23,Yes,Yes,17.4,84.2,96.5,7.1
STU01806,1806,2026-05-16,Malopolskie,Krakow,SCH019,Data Science,Master,Female,24,No,Yes,10.7,75.2,70.8,7.4
STU01807,1807,2026-05-17,Malopolskie,Krakow,SCH019,Data Science,Bachelor,Male,23,No,Yes,16.0,77.1,96.1,7.4
STU01808,1808,2026-05-17,Malopolskie,Krakow,SCH019,Business Analytics,Master,Male,26,No,Yes,30.4,79.8,100,8.8
STU01809,1809,2026-05-17,Malopolskie,Krakow,SCH019,Business Analytics,Bachelor,Male,21,No,No,9.8,79.3,85.4,6.6
STU01810,1810,2026-05-17,Malopolskie,Krakow,SCH019,Cybersecurity,Bachelor,Female,20,Yes,Yes,22.4,78.1,100,6.4
STU01811,1811,2026-05-17,Malopolskie,Krakow,SCH019,Business Analytics,Master,Male,30,No,No,13.5,59.8,63.3,6.9
STU01812,1812,2026-05-17,Malopolskie,Krakow,SCH019,Business Analytics,PhD,Male,39,Yes,Yes,23.7,91.6,100,8.9
STU01813,1813,2026-05-17,Malopolskie,Krakow,SCH019,Cybersecurity,Master,Female,32,No,Yes,18.2,70.7,95.7,8.6
STU01814,1814,2026-05-18,Malopolskie,Krakow,SCH019,Data Science,Bachelor,Female,24,No,Yes,20.4,94.8,100,8.1
STU01815,1815,2026-05-18,Malopolskie,Krakow,SCH019,Business Analytics,Bachelor,Male,19,Yes,Yes,17.7,81.9,81.3,9.1
STU01816,1816,2026-05-18,Malopolskie,Krakow,SCH019,Software Engineering,Bachelor,Female,23,No,No,6.2,92.4,77.3,5.5
STU01817,1817,2026-05-18,Malopolskie,Krakow,SCH019,Software Engineering,Master,Male,26,No,Yes,20.8,85.8,100,7.0
STU01818,1818,2026-05-18,Malopolskie,Krakow,SCH019,Business Analytics,Bachelor,Male,18,No,Yes,16.1,87.6,100,8.7
STU01819,1819,2026-05-18,Malopolskie,Krakow,SCH019,Business Analytics,Bachelor,Female,25,No,Yes,20.2,81.2,95.5,7.0
STU01820,1820,2026-05-18,Malopolskie,Krakow,SCH019,Cybersecurity,Master,Male,32,No,Yes,24.0,88.2,90.5,9.9
STU01821,1821,2026-05-19,Malopolskie,Krakow,SCH019,Software Engineering,PhD,Male,29,No,Yes,21.8,80.5,78.0,8.8
STU01822,1822,2026-05-19,Malopolskie,Krakow,SCH019,Software Engineering,Bachelor,Male,22,Yes,Yes,23.4,91.5,100,8.1
STU01823,1823,2026-05-19,Malopolskie,Krakow,SCH019,Software Engineering,Bachelor,Male,18,Yes,No,14.5,76.7,79.6,6.3
STU01824,1824,2026-05-19,Malopolskie,Krakow,SCH019,Software Engineering,Master,Male,34,Yes,Yes,21.0,77.3,92.4,7.4
STU01825,1825,2026-05-19,Malopolskie,Krakow,SCH019,Cybersecurity,Bachelor,Male,19,Yes,No,15.3,83.9,92.5,7.1
STU01826,1826,2026-05-19,Malopolskie,Krakow,SCH019,Software Engineering,Bachelor,Male,24,No,Yes,19.6,84.3,87.7,5.8
STU01827,1827,2026-05-19,Malopolskie,Krakow,SCH019,Cybersecurity,Bachelor,Male,21,No,Yes,17.8,78.3,94.9,10
STU01828,1828,2026-05-20,Malopolskie,Krakow,SCH019,Data Science,Bachelor,Male,22,No,Yes,18.1,87.8,95.7,9.6
STU01829,1829,2026-05-20,Malopolskie,Krakow,SCH019,Cybersecurity,Bachelor,Female,18,Yes,Yes,11.6,97.2,86.4,8.4
STU01830,1830,2026-05-20,Malopolskie,Krakow,SCH019,Cybersecurity,Bachelor,Male,24,No,Yes,15.2,88.3,84.5,7.9
STU01831,1831,2026-05-20,Malopolskie,Krakow,SCH019,Software Engineering,Master,Male,27,No,Yes,14.7,66.4,68.9,7.7
STU01832,1832,2026-05-20,Malopolskie,Krakow,SCH019,Cybersecurity,Bachelor,Male,21,No,No,12.8,88.5,95.0,6.5
STU01833,1833,2026-05-20,Malopolskie,Krakow,SCH019,Data Science,Master,Female,31,Yes,No,15.7,84.8,83.3,6.0
STU01834,1834,2026-05-20,Malopolskie,Krakow,SCH019,Business Analytics,Master,Male,24,No,Yes,20.8,72.4,83.1,7.3
STU01835,1835,2026-05-21,Malopolskie,Krakow,SCH019,Data Science,Bachelor,Female,18,Yes,Yes,14.0,75.7,82.0,6.3
STU01836,1836,2026-05-21,Malopolskie,Krakow,SCH019,Business Analytics,Bachelor,Male,19,No,Yes,20.3,83.7,88.5,9.3
STU01837,1837,2026-05-21,Malopolskie,Krakow,SCH019,Data Science,Bachelor,Female,22,No,Yes,15.6,71.3,95.7,7.3
STU01838,1838,2026-05-21,Malopolskie,Krakow,SCH019,Data Science,Bachelor,Male,24,No,Yes,8.2,74.1,71.6,9.6
STU01839,1839,2026-05-21,Malopolskie,Krakow,SCH019,Data Science,Bachelor,Female,23,No,Yes,15.3,87.1,85.5,10
STU01840,1840,2026-05-21,Malopolskie,Krakow,SCH019,Data Science,Master,Male,25,Yes,Yes,16.2,76.4,99.6,7.9
STU01841,1841,2026-05-21,Malopolskie,Krakow,SCH019,Cybersecurity,Master,Male,27,Yes,Yes,15.3,83.5,86.4,6.3
STU01842,1842,2026-05-22,Malopolskie,Krakow,SCH019,Software Engineering,Master,Female,34,No,Yes,22.4,75.1,86.3,5.5
STU01843,1843,2026-05-22,Malopolskie,Krakow,SCH019,Software Engineering,Bachelor,Female,23,No,Yes,6.4,68.8,69.8,6.8
STU01844,1844,2026-05-22,Malopolskie,Krakow,SCH019,Software Engineering,Master,Female,23,No,Yes,19.8,95.7,100,9.2
STU01845,1845,2026-05-22,Malopolskie,Krakow,SCH019,Business Analytics,Bachelor,Female,22,Yes,Yes,21.4,98.2,90.8,7.8
STU01846,1846,2026-05-22,Malopolskie,Krakow,SCH019,Cybersecurity,Bachelor,Male,24,No,Yes,14.8,71.0,69.0,6.7
STU01847,1847,2026-05-22,Malopolskie,Krakow,SCH019,Data Science,Bachelor,Male,20,Yes,Yes,13.6,79.0,88.2,5.7
STU01848,1848,2026-05-22,Malopolskie,Krakow,SCH019,Data Science,Bachelor,Female,19,No,Yes,13.3,81.8,82.9,5.5
STU01849,1849,2026-05-23,Malopolskie,Krakow,SCH019,Business Analytics,Bachelor,Female,19,Yes,Yes,11.6,88.9,82.5,9.6
STU01850,1850,2026-05-23,Malopolskie,Krakow,SCH019,Business Analytics,Bachelor,Female,23,No,No,17.8,68.1,79.7,7.6
STU01851,1851,2026-05-23,Malopolskie,Krakow,SCH019,Software Engineering,Bachelor,Female,23,No,Yes,13.8,57.0,85.4,6.7
STU01852,1852,2026-05-23,Malopolskie,Krakow,SCH019,Data Science,Bachelor,Female,25,No,Yes,4.5,80.3,77.1,6.6
STU01853,1853,2026-05-23,Malopolskie,Krakow,SCH019,Cybersecurity,Bachelor,Male,24,No,No,21.2,87.9,100,8.0
STU01854,1854,2026-05-23,Malopolskie,Krakow,SCH019,Software Engineering,Bachelor,Male,24,No,Yes,17.0,80.6,90.1,7.4
STU01855,1855,2026-05-23,Malopolskie,Krakow,SCH019,Data Science,Bachelor,Female,19,No,Yes,12.6,59.5,71.0,7.0
STU01856,1856,2026-05-24,Malopolskie,Krakow,SCH019,Cybersecurity,Bachelor,Male,20,No,Yes,6.3,58.8,49.3,6.4
STU01857,1857,2026-05-24,Malopolskie,Krakow,SCH019,Data Science,Bachelor,Male,19,No,Yes,21.5,82.0,100,5.9
STU01858,1858,2026-05-24,Malopolskie,Krakow,SCH019,Software Engineering,Master,Female,27,No,No,21.4,73.6,90.5,4.8
STU01859,1859,2026-05-24,Malopolskie,Krakow,SCH019,Software Engineering,Bachelor,Female,20,No,No,20.2,90.2,93.2,8.5
STU01860,1860,2026-05-24,Malopolskie,Krakow,SCH019,Business Analytics,Bachelor,Male,20,No,Yes,14.1,77.3,79.8,5.9
STU01861,1861,2026-05-24,Malopolskie,Krakow,SCH019,Cybersecurity,Bachelor,Female,21,No,Yes,18.6,60.3,75.1,7.9
STU01862,1862,2026-05-24,Malopolskie,Krakow,SCH019,Software Engineering,Master,Male,25,Yes,Yes,15.0,86.4,87.2,7.4
STU01863,1863,2026-05-25,Malopolskie,Krakow,SCH019,Cybersecurity,Bachelor,Male,24,Yes,Yes,18.1,83.2,100,8.2
STU01864,1864,2026-05-25,Malopolskie,Krakow,SCH019,Data Science,PhD,Male,30,Yes,Yes,21.5,79.5,93.3,6.1
STU01865,1865,2026-05-25,Malopolskie,Krakow,SCH019,Cybersecurity,PhD,Female,44,No,Yes,18.5,64.5,83.7,7.2
STU01866,1866,2026-05-25,Malopolskie,Krakow,SCH019,Business Analytics,Bachelor,Male,24,Yes,Yes,4.2,83.6,59.1,8.0
STU01867,1867,2026-05-25,Malopolskie,Krakow,SCH019,Business Analytics,Bachelor,Male,22,No,Yes,11.3,89.5,90.6,8.4
STU01868,1868,2026-05-25,Malopolskie,Krakow,SCH019,Software Engineering,Master,Female,31,No,No,16.3,72.2,76.6,6.2
STU01869,1869,2026-05-25,Malopolskie,Krakow,SCH019,Software Engineering,Bachelor,Other/Prefer not to say,20,No,Yes,21.0,73.8,78.8,5.3
STU01870,1870,2026-05-26,Malopolskie,Krakow,SCH019,Cybersecurity,Bachelor,Male,20,No,Yes,12.2,70.0,69.6,7.7
STU01871,1871,2026-05-26,Malopolskie,Krakow,SCH019,Software Engineering,Bachelor,Male,18,No,No,12.1,90.0,80.6,6.3
STU01872,1872,2026-05-26,Malopolskie,Krakow,SCH019,Data Science,Bachelor,Male,24,No,No,10.6,89.9,87.8,6.3
STU01873,1873,2026-05-26,Malopolskie,Krakow,SCH019,Software Engineering,Bachelor,Male,22,No,Yes,10.1,65.8,67.3,7.6
STU01874,1874,2026-05-26,Malopolskie,Krakow,SCH019,Business Analytics,Bachelor,Female,22,Yes,Yes,12.7,80.3,88.5,8.5
STU01875,1875,2026-05-26,Malopolskie,Krakow,SCH019,Software Engineering,Bachelor,Male,19,No,Yes,12.4,77.9,79.9,7.4
STU01876,1876,2026-05-26,Malopolskie,Krakow,SCH019,Software Engineering,Bachelor,Male,24,No,Yes,14.7,89.1,100,8.5
STU01877,1877,2026-05-27,Malopolskie,Krakow,SCH019,Cybersecurity,Bachelor,Female,22,No,No,13.7,92.5,90.7,7.1
STU01878,1878,2026-05-27,Malopolskie,Krakow,SCH019,Data Science,Bachelor,Female,21,No,No,23.4,75.9,100,7.5
STU01879,1879,2026-05-27,Malopolskie,Krakow,SCH019,Software Engineering,Bachelor,Female,19,No,Yes,8.2,81.1,75.4,8.7
STU01880,1880,2026-05-27,Malopolskie,Krakow,SCH019,Data Science,Bachelor,Female,18,No,No,11.5,80.6,74.3,5.0
STU01881,1881,2026-05-27,Malopolskie,Krakow,SCH019,Software Engineering,Bachelor,Female,23,No,Yes,8.5,79.1,84.7,9.0
STU01882,1882,2026-05-27,Malopolskie,Krakow,SCH019,Business Analytics,Bachelor,Female,25,No,Yes,2,64.1,58.4,7.5
STU01883,1883,2026-05-27,Malopolskie,Krakow,SCH019,Cybersecurity,Bachelor,Male,18,Yes,Yes,16.3,85.7,96.4,7.6
STU01884,1884,2026-05-28,Malopolskie,Krakow,SCH019,Data Science,Bachelor,Male,22,Yes,Yes,14.6,94.1,95.0,6.5
STU01885,1885,2026-05-28,Malopolskie,Krakow,SCH019,Business Analytics,Bachelor,Male,23,Yes,No,5.3,70.3,73.6,7.4
STU01886,1886,2026-05-28,Malopolskie,Krakow,SCH019,Software Engineering,Bachelor,Male,20,No,Yes,17.1,90.3,100,8.6
STU01887,1887,2026-05-28,Malopolskie,Krakow,SCH019,Data Science,Bachelor,Male,22,No,Yes,20.2,68.6,87.8,6.0
STU01888,1888,2026-05-28,Malopolskie,Krakow,SCH019,Cybersecurity,Bachelor,Male,24,No,Yes,18.0,83.3,86.6,7.6
STU01889,1889,2026-05-28,Malopolskie,Krakow,SCH019,Business Analytics,Master,Female,33,No,Yes,17.5,74.0,71.3,7.2
STU01890,1890,2026-05-28,Malopolskie,Krakow,SCH019,Data Science,Bachelor,Female,19,No,Yes,13.8,77.7,75.4,8.9
STU01891,1891,2026-05-29,Malopolskie,Krakow,SCH019,Cybersecurity,Bachelor,Female,22,No,Yes,10.7,80.2,85.4,6.7
STU01892,1892,2026-05-29,Malopolskie,Krakow,SCH019,Data Science,Bachelor,Male,22,Yes,No,22.8,95.6,100,8.0
STU01893,1893,2026-05-29,Malopolskie,Krakow,SCH019,Cybersecurity,Bachelor,Male,25,Yes,Yes,17.5,100,100,9.2
STU01894,1894,2026-05-29,Malopolskie,Krakow,SCH019,Cybersecurity,Bachelor,Female,25,No,Yes,15.3,83.8,99.3,6.9
STU01895,1895,2026-05-29,Malopolskie,Krakow,SCH019,Business Analytics,Master,Female,34,No,Yes,26.7,66.4,88.7,8.3
STU01896,1896,2026-05-29,Malopolskie,Krakow,SCH019,Software Engineering,Bachelor,Male,18,No,Yes,13.3,73.1,78.5,7.9
STU01897,1897,2026-05-29,Malopolskie,Krakow,SCH019,Software Engineering,Bachelor,Male,21,No,Yes,16.5,74.9,82.5,8.6
STU01898,1898,2026-05-30,Malopolskie,Krakow,SCH019,Business Analytics,Bachelor,Male,19,No,Yes,11.7,73.6,74.8,6.9
STU01899,1899,2026-05-30,Malopolskie,Krakow,SCH019,Software Engineering,Bachelor,Female,19,No,Yes,20.2,73.2,98.7,9.0
STU01900,1900,2026-05-30,Malopolskie,Krakow,SCH019,Software Engineering,Bachelor,Male,19,No,No,10.4,70.6,82.4,7.0
STU01901,1901,2026-05-30,Malopolskie,Krakow,SCH019,Data Science,Bachelor,Female,24,No,Yes,17.7,61.5,90.2,7.7
STU01902,1902,2026-05-30,Malopolskie,Krakow,SCH019,Data Science,Master,Male,26,No,Yes,16.7,55.8,84.0,5.8
STU01903,1903,2026-05-30,Malopolskie,Krakow,SCH020,Software Engineering,Bachelor,Male,19,Yes,Yes,14.1,89.1,100,8.1
STU01904,1904,2026-05-30,Malopolskie,Krakow,SCH020,Software Engineering,Master,Female,23,No,Yes,11.9,86.5,88.1,7.3
STU01905,1905,2026-05-31,Malopolskie,Krakow,SCH020,Data Science,Bachelor,Male,22,No,No,17.7,68.3,77.6,6.9
STU01906,1906,2026-05-31,Malopolskie,Krakow,SCH020,Business Analytics,Bachelor,Female,25,No,Yes,10.5,89.9,93.7,7.2
STU01907,1907,2026-05-31,Malopolskie,Krakow,SCH020,Data Science,Master,Female,29,No,Yes,9.9,76.5,71.9,5.9
STU01908,1908,2026-05-31,Malopolskie,Krakow,SCH020,Data Science,Bachelor,Male,21,No,No,12.0,81.2,88.7,7.1
STU01909,1909,2026-05-31,Malopolskie,Krakow,SCH020,Data Science,Bachelor,Other/Prefer not to say,23,No,No,14.9,73.5,68.5,6.8
STU01910,1910,2026-05-31,Malopolskie,Krakow,SCH020,Cybersecurity,Bachelor,Male,19,Yes,Yes,22.0,85.3,94.1,8.8
STU01911,1911,2026-05-31,Malopolskie,Krakow,SCH020,Software Engineering,Bachelor,Male,25,No,Yes,18.3,76.9,100,7.6
STU01912,1912,2026-06-01,Malopolskie,Krakow,SCH020,Software Engineering,Master,Male,33,No,No,19.7,70.6,81.7,6.1
STU01913,1913,2026-06-01,Malopolskie,Krakow,SCH020,Business Analytics,Bachelor,Male,21,No,No,22.0,90.0,96.4,8.7
STU01914,1914,2026-06-01,Malopolskie,Krakow,SCH020,Software Engineering,Master,Female,33,Yes,No,17.9,87.7,84.8,8.5
STU01915,1915,2026-06-01,Malopolskie,Krakow,SCH020,Software Engineering,Bachelor,Male,19,Yes,No,6.4,79.0,78.7,6.9
STU01916,1916,2026-06-01,Malopolskie,Krakow,SCH020,Cybersecurity,Bachelor,Female,24,Yes,Yes,6.8,79.4,77.1,5.2
STU01917,1917,2026-06-01,Malopolskie,Krakow,SCH020,Data Science,Master,Female,24,Yes,Yes,19.5,86.7,90.3,9.3
STU01918,1918,2026-06-01,Malopolskie,Krakow,SCH020,Cybersecurity,Master,Female,28,Yes,Yes,20.0,92.1,97.5,6.7
STU01919,1919,2026-06-02,Malopolskie,Krakow,SCH020,Cybersecurity,Bachelor,Male,18,No,Yes,2,72.5,75.8,6.9
STU01920,1920,2026-06-02,Malopolskie,Krakow,SCH020,Cybersecurity,Bachelor,Male,25,No,Yes,11.5,88.5,78.0,8.9
STU01921,1921,2026-06-02,Malopolskie,Krakow,SCH020,Cybersecurity,Bachelor,Male,19,Yes,Yes,10.1,92.4,88.2,8.1
STU01922,1922,2026-06-02,Malopolskie,Krakow,SCH020,Data Science,Bachelor,Male,25,Yes,Yes,2,64.1,54.9,5.9
STU01923,1923,2026-06-02,Malopolskie,Krakow,SCH020,Data Science,Bachelor,Female,19,No,Yes,21.1,86.5,96.9,7.9
STU01924,1924,2026-06-02,Malopolskie,Krakow,SCH020,Business Analytics,Bachelor,Female,23,No,Yes,5.0,75.9,73.9,6.8
STU01925,1925,2026-06-02,Malopolskie,Krakow,SCH020,Business Analytics,Bachelor,Other/Prefer not to say,18,Yes,Yes,21.8,83.1,96.9,8.5
STU01926,1926,2026-06-03,Malopolskie,Krakow,SCH020,Data Science,Bachelor,Female,19,No,Yes,13.7,84.9,87.0,6.8
STU01927,1927,2026-06-03,Malopolskie,Krakow,SCH020,Data Science,Bachelor,Female,24,No,Yes,10.1,80.2,79.8,4.8
STU01928,1928,2026-06-03,Malopolskie,Krakow,SCH020,Software Engineering,Master,Male,22,No,Yes,7.4,75.5,80.1,6.8
STU01929,1929,2026-06-03,Malopolskie,Krakow,SCH020,Business Analytics,Master,Male,27,Yes,Yes,23.2,68.1,75.5,6.5
STU01930,1930,2026-06-03,Malopolskie,Krakow,SCH020,Cybersecurity,Bachelor,Female,21,Yes,No,20.4,59.2,94.5,6.1
STU01931,1931,2026-06-03,Malopolskie,Krakow,SCH020,Software Engineering,Master,Male,34,No,No,20.5,100,94.1,6.6
STU01932,1932,2026-06-03,Malopolskie,Krakow,SCH020,Cybersecurity,Master,Female,29,No,No,20.4,78.3,92.9,8.2
STU01933,1933,2026-06-04,Malopolskie,Krakow,SCH020,Cybersecurity,Master,Male,23,Yes,Yes,30.0,84.7,100,7.3
STU01934,1934,2026-06-04,Malopolskie,Krakow,SCH020,Software Engineering,Bachelor,Female,18,Yes,Yes,18.6,88.8,96.5,8.1
STU01935,1935,2026-06-04,Malopolskie,Krakow,SCH020,Software Engineering,Bachelor,Female,21,No,Yes,13.2,70.7,77.5,7.2
STU01936,1936,2026-06-04,Malopolskie,Krakow,SCH020,Data Science,Master,Female,33,No,Yes,16.3,75.6,87.0,8.3
STU01937,1937,2026-06-04,Malopolskie,Krakow,SCH020,Data Science,PhD,Male,27,Yes,Yes,20.3,80.0,91.3,7.0
STU01938,1938,2026-06-04,Malopolskie,Krakow,SCH020,Cybersecurity,Master,Female,31,No,Yes,19.9,88.1,96.0,10
STU01939,1939,2026-06-04,Malopolskie,Krakow,SCH020,Data Science,Bachelor,Female,25,No,No,14.3,81.5,91.3,5.4
STU01940,1940,2026-06-05,Malopolskie,Krakow,SCH020,Data Science,Bachelor,Female,18,Yes,Yes,13.7,82.3,83.9,7.8
STU01941,1941,2026-06-05,Malopolskie,Krakow,SCH020,Cybersecurity,Bachelor,Female,20,Yes,No,16.2,80.5,80.9,8.8
STU01942,1942,2026-06-05,Malopolskie,Krakow,SCH020,Software Engineering,Bachelor,Male,19,No,Yes,20.4,76.6,99.6,7.5
STU01943,1943,2026-06-05,Malopolskie,Krakow,SCH020,Data Science,Bachelor,Female,21,Yes,No,15.3,82.4,89.4,6.3
STU01944,1944,2026-06-05,Malopolskie,Krakow,SCH020,Data Science,Bachelor,Male,25,Yes,Yes,18.6,100,91.3,7.4
STU01945,1945,2026-06-05,Malopolskie,Krakow,SCH020,Data Science,Bachelor,Female,20,Yes,Yes,17.9,75.2,98.6,6.4
STU01946,1946,2026-06-05,Malopolskie,Krakow,SCH020,Software Engineering,Master,Other/Prefer not to say,23,No,Yes,18.9,79.8,95.2,6.4
STU01947,1947,2026-06-06,Malopolskie,Krakow,SCH020,Cybersecurity,Bachelor,Other/Prefer not to say,20,No,No,11.6,96.9,92.7,7.2
STU01948,1948,2026-06-06,Malopolskie,Krakow,SCH020,Software Engineering,Bachelor,Female,23,Yes,No,15.7,87.1,100,6.5
STU01949,1949,2026-06-06,Malopolskie,Krakow,SCH020,Data Science,Bachelor,Female,25,No,Yes,16.9,92.5,96.6,8.7
STU01950,1950,2026-06-06,Malopolskie,Krakow,SCH020,Cybersecurity,Bachelor,Female,20,No,Yes,5.0,84.0,72.5,7.4
STU01951,1951,2026-06-06,Malopolskie,Krakow,SCH020,Data Science,PhD,Male,36,No,Yes,18.0,83.6,100,8.7
STU01952,1952,2026-06-06,Malopolskie,Krakow,SCH020,Business Analytics,Bachelor,Male,19,Yes,Yes,27.6,61.4,89.5,5.0
STU01953,1953,2026-06-06,Malopolskie,Krakow,SCH020,Business Analytics,Master,Female,30,No,No,24.4,78.2,100,7.9
STU01954,1954,2026-06-07,Malopolskie,Krakow,SCH020,Business Analytics,PhD,Male,33,No,Yes,16.4,79.5,89.8,6.1
STU01955,1955,2026-06-07,Malopolskie,Krakow,SCH020,Software Engineering,Bachelor,Male,25,No,No,17.7,87.8,100,7.6
STU01956,1956,2026-06-07,Malopolskie,Krakow,SCH020,Software Engineering,Master,Male,34,No,No,7.0,95.9,73.0,5.9
STU01957,1957,2026-06-07,Malopolskie,Krakow,SCH020,Business Analytics,Master,Female,26,No,Yes,18.3,79.0,91.2,8.2
STU01958,1958,2026-06-07,Malopolskie,Krakow,SCH020,Cybersecurity,PhD,Female,30,Yes,No,30.6,100,100,9.5
STU01959,1959,2026-06-07,Malopolskie,Krakow,SCH020,Software Engineering,Bachelor,Male,23,No,Yes,14.9,86.8,90.4,7.8
STU01960,1960,2026-06-07,Malopolskie,Krakow,SCH020,Data Science,Bachelor,Female,24,No,Yes,13.7,79.5,72.2,7.2
STU01961,1961,2026-06-08,Malopolskie,Krakow,SCH020,Data Science,Bachelor,Female,24,No,Yes,23.4,74.6,86.8,8.6
STU01962,1962,2026-06-08,Malopolskie,Krakow,SCH020,Software Engineering,Bachelor,Female,25,Yes,Yes,19.7,70.0,96.0,6.6
STU01963,1963,2026-06-08,Malopolskie,Krakow,SCH020,Software Engineering,Bachelor,Female,18,No,No,9.3,100,100,6.8
STU01964,1964,2026-06-08,Malopolskie,Krakow,SCH020,Cybersecurity,Master,Male,26,No,Yes,23.7,81.9,100,6.2
STU01965,1965,2026-06-08,Malopolskie,Krakow,SCH020,Data Science,Bachelor,Female,19,No,Yes,3.1,87.7,70.1,7.7
STU01966,1966,2026-06-08,Malopolskie,Krakow,SCH020,Software Engineering,Bachelor,Male,22,No,Yes,5.9,72.0,69.2,7.4
STU01967,1967,2026-06-08,Malopolskie,Krakow,SCH020,Software Engineering,Bachelor,Male,19,No,Yes,14.4,90.3,96.3,8.1
STU01968,1968,2026-06-09,Malopolskie,Krakow,SCH020,Software Engineering,Master,Female,31,No,Yes,12.5,86.1,84.6,7.2
STU01969,1969,2026-06-09,Malopolskie,Krakow,SCH020,Data Science,Bachelor,Male,18,No,Yes,11.9,78.9,65.4,7.3
STU01970,1970,2026-06-09,Malopolskie,Krakow,SCH020,Cybersecurity,Bachelor,Male,22,No,Yes,16.1,76.5,76.9,7.1
STU01971,1971,2026-06-09,Malopolskie,Krakow,SCH020,Data Science,Bachelor,Female,20,No,No,5.6,100,79.5,8.1
STU01972,1972,2026-06-09,Malopolskie,Krakow,SCH020,Cybersecurity,Master,Female,22,Yes,Yes,26.1,92.6,100,7.5
STU01973,1973,2026-06-09,Malopolskie,Krakow,SCH020,Cybersecurity,Bachelor,Male,19,No,No,18.5,78.5,99.8,7.1
STU01974,1974,2026-06-09,Malopolskie,Krakow,SCH020,Data Science,Master,Female,29,No,Yes,16.5,90.2,97.2,8.1
STU01975,1975,2026-06-10,Malopolskie,Krakow,SCH020,Data Science,Bachelor,Female,19,No,No,20.4,100,100,9.1
STU01976,1976,2026-06-10,Malopolskie,Krakow,SCH020,Cybersecurity,Master,Female,24,Yes,No,26.5,77.8,100,7.1
STU01977,1977,2026-06-10,Malopolskie,Krakow,SCH020,Cybersecurity,Bachelor,Male,22,No,No,18.2,78.4,90.8,7.5
STU01978,1978,2026-06-10,Malopolskie,Krakow,SCH020,Business Analytics,Bachelor,Male,22,No,No,15.7,82.7,87.2,8.2
STU01979,1979,2026-06-10,Malopolskie,Krakow,SCH020,Software Engineering,Master,Other/Prefer not to say,33,No,No,16.7,89.3,95.9,7.2
STU01980,1980,2026-06-10,Malopolskie,Krakow,SCH020,Cybersecurity,PhD,Female,35,No,No,23.9,87.9,100,6.9
STU01981,1981,2026-06-10,Malopolskie,Krakow,SCH020,Cybersecurity,PhD,Male,37,No,No,22.6,55.8,87.1,5.4
STU01982,1982,2026-06-11,Malopolskie,Krakow,SCH021,Business Analytics,Master,Female,30,No,No,22.3,78.3,100,4.7
STU01983,1983,2026-06-11,Malopolskie,Krakow,SCH021,Software Engineering,Bachelor,Male,23,Yes,Yes,17.6,99.5,96.6,7.7
STU01984,1984,2026-06-11,Malopolskie,Krakow,SCH021,Business Analytics,PhD,Female,35,No,No,26.1,77.0,100,5.2
STU01985,1985,2026-06-11,Malopolskie,Krakow,SCH021,Data Science,Bachelor,Female,19,No,Yes,18.0,87.5,88.7,7.8
STU01986,1986,2026-06-11,Malopolskie,Krakow,SCH021,Software Engineering,Bachelor,Female,24,No,Yes,11.0,76.2,92.8,7.4
STU01987,1987,2026-06-11,Malopolskie,Krakow,SCH021,Cybersecurity,Master,Female,30,Yes,Yes,16.7,83.1,100,6.7
STU01988,1988,2026-06-11,Malopolskie,Krakow,SCH021,Software Engineering,Bachelor,Female,20,No,Yes,15.8,76.9,99.9,3.7
STU01989,1989,2026-06-12,Malopolskie,Krakow,SCH021,Business Analytics,Bachelor,Female,19,No,No,10.4,82.5,84.8,7.8
STU01990,1990,2026-06-12,Malopolskie,Krakow,SCH021,Data Science,Bachelor,Male,20,No,Yes,11.0,79.2,80.0,5.2
STU01991,1991,2026-06-12,Malopolskie,Krakow,SCH021,Software Engineering,Bachelor,Female,20,Yes,No,8.1,89.9,78.1,8.2
STU01992,1992,2026-06-12,Malopolskie,Krakow,SCH021,Software Engineering,Bachelor,Female,25,No,Yes,13.7,60.0,64.9,8.7
STU01993,1993,2026-06-12,Malopolskie,Krakow,SCH021,Data Science,Bachelor,Female,25,No,Yes,18.4,80.0,85.1,9.3
STU01994,1994,2026-06-12,Malopolskie,Krakow,SCH021,Software Engineering,Master,Female,33,Yes,Yes,24.4,65.5,100,7.2
STU01995,1995,2026-06-12,Malopolskie,Krakow,SCH021,Software Engineering,Bachelor,Male,18,No,Yes,2.2,72.9,62.8,8.6
STU01996,1996,2026-06-13,Malopolskie,Krakow,SCH021,Business Analytics,Bachelor,Male,19,Yes,No,15.2,78.1,91.1,7.2
STU01997,1997,2026-06-13,Malopolskie,Krakow,SCH021,Data Science,Bachelor,Male,25,No,Yes,16.2,87.3,99.9,7.9
STU01998,1998,2026-06-13,Malopolskie,Krakow,SCH021,Business Analytics,Bachelor,Female,18,No,Yes,6.1,82.1,66.8,7.9
STU01999,1999,2026-06-13,Malopolskie,Krakow,SCH021,Software Engineering,Bachelor,Male,24,No,Yes,11.7,84.8,88.8,7.2
STU02000,2000,2026-06-13,Malopolskie,Krakow,SCH021,Cybersecurity,Bachelor,Male,18,Yes,Yes,19.0,98.9,100,6.2
STU02001,2001,2026-06-13,Malopolskie,Krakow,SCH021,Business Analytics,Bachelor,Female,20,No,Yes,11.3,75.2,90.6,9.0
STU02002,2002,2026-06-13,Malopolskie,Krakow,SCH021,Data Science,PhD,Male,37,No,No,27.7,68.9,100,5.8
STU02003,2003,2026-06-14,Malopolskie,Krakow,SCH021,Cybersecurity,Bachelor,Female,24,No,Yes,17.1,73.4,92.9,6.9
STU02004,2004,2026-06-14,Malopolskie,Krakow,SCH021,Business Analytics,Master,Female,33,No,No,13.5,82.8,86.9,8.0
STU02005,2005,2026-06-14,Malopolskie,Krakow,SCH021,Data Science,Bachelor,Female,25,No,Yes,17.4,61.7,97.1,8.5
STU02006,2006,2026-06-14,Malopolskie,Krakow,SCH021,Business Analytics,Master,Female,25,No,Yes,15.0,65.4,69.2,6.1
STU02007,2007,2026-06-14,Malopolskie,Krakow,SCH021,Cybersecurity,Master,Female,22,No,Yes,15.1,63.8,84.9,7.1
STU02008,2008,2026-06-14,Malopolskie,Krakow,SCH021,Data Science,Master,Female,23,No,Yes,17.4,81.4,81.6,9.4
STU02009,2009,2026-06-14,Malopolskie,Krakow,SCH021,Software Engineering,Bachelor,Female,23,No,Yes,13.5,87.4,93.0,8.8
STU02010,2010,2026-06-15,Malopolskie,Krakow,SCH021,Cybersecurity,Bachelor,Female,20,No,No,4.7,71.0,64.0,7.7
STU02011,2011,2026-06-15,Malopolskie,Krakow,SCH021,Cybersecurity,Bachelor,Male,19,Yes,No,14.9,100,89.1,7.4
STU02012,2012,2026-06-15,Malopolskie,Krakow,SCH021,Cybersecurity,Bachelor,Male,19,No,Yes,16.0,63.1,91.7,8.6
STU02013,2013,2026-06-15,Malopolskie,Krakow,SCH021,Data Science,Bachelor,Male,18,Yes,No,18.1,68.0,91.2,8.6
STU02014,2014,2026-06-15,Malopolskie,Krakow,SCH021,Cybersecurity,Bachelor,Female,23,Yes,Yes,15.5,79.6,88.5,6.9
STU02015,2015,2026-06-15,Malopolskie,Krakow,SCH021,Data Science,Bachelor,Male,21,No,No,14.0,82.4,96.1,6.8
STU02016,2016,2026-06-15,Malopolskie,Krakow,SCH021,Data Science,Bachelor,Female,19,No,Yes,17.4,75.0,96.2,7.5
STU02017,2017,2026-06-16,Malopolskie,Krakow,SCH021,Cybersecurity,Bachelor,Male,24,No,Yes,15.5,86.6,97.7,5.6
STU02018,2018,2026-06-16,Malopolskie,Krakow,SCH021,Cybersecurity,PhD,Female,29,Yes,Yes,18.8,78.1,95.3,7.0
STU02019,2019,2026-06-16,Malopolskie,Krakow,SCH021,Data Science,Master,Female,33,No,No,17.3,64.8,85.5,6.1
STU02020,2020,2026-06-16,Malopolskie,Krakow,SCH021,Cybersecurity,Master,Male,29,No,Yes,19.0,78.8,91.1,7.2
STU02021,2021,2026-06-16,Malopolskie,Krakow,SCH021,Cybersecurity,Bachelor,Male,20,Yes,Yes,27.2,78.0,100,9.5
STU02022,2022,2026-06-16,Malopolskie,Krakow,SCH021,Business Analytics,Bachelor,Male,20,No,Yes,14.3,78.8,67.2,6.4
STU02023,2023,2026-06-16,Malopolskie,Krakow,SCH021,Data Science,Bachelor,Female,21,No,No,22.7,77.1,99.3,5.3
STU02024,2024,2026-06-17,Malopolskie,Krakow,SCH021,Software Engineering,Bachelor,Female,20,No,Yes,15.1,79.3,86.1,8.2
STU02025,2025,2026-06-17,Malopolskie,Krakow,SCH021,Data Science,Bachelor,Female,24,No,Yes,8.7,79.2,74.5,7.3
STU02026,2026,2026-06-17,Malopolskie,Krakow,SCH021,Cybersecurity,Bachelor,Female,19,No,No,11.0,73.3,71.5,4.3
STU02027,2027,2026-06-17,Malopolskie,Krakow,SCH021,Data Science,Bachelor,Male,20,No,Yes,5.8,86.0,81.8,6.2
STU02028,2028,2026-06-17,Malopolskie,Krakow,SCH021,Cybersecurity,Bachelor,Male,24,No,Yes,11.9,64.4,68.4,7.9
STU02029,2029,2026-06-17,Malopolskie,Krakow,SCH021,Business Analytics,Master,Other/Prefer not to say,34,No,Yes,26.9,87.8,100,7.4
STU02030,2030,2026-06-17,Malopolskie,Krakow,SCH021,Data Science,Master,Male,23,No,No,13.4,81.3,71.0,7.2
STU02031,2031,2026-06-18,Malopolskie,Krakow,SCH021,Cybersecurity,Master,Male,27,No,No,15.1,78.3,91.2,7.8
STU02032,2032,2026-06-18,Malopolskie,Krakow,SCH021,Business Analytics,Bachelor,Female,21,No,No,22.7,68.0,94.6,6.8
STU02033,2033,2026-06-18,Malopolskie,Krakow,SCH021,Software Engineering,Bachelor,Male,18,No,No,8.8,78.4,80.3,8.2
STU02034,2034,2026-06-18,Malopolskie,Krakow,SCH021,Business Analytics,Bachelor,Female,21,No,Yes,9.3,74.3,76.2,7.3
STU02035,2035,2026-06-18,Malopolskie,Krakow,SCH021,Data Science,Master,Male,28,Yes,Yes,15.9,77.8,100,7.6
STU02036,2036,2026-06-18,Malopolskie,Krakow,SCH021,Software Engineering,Master,Female,32,No,Yes,15.4,88.3,86.1,6.7
STU02037,2037,2026-06-18,Malopolskie,Krakow,SCH021,Data Science,Bachelor,Male,23,Yes,No,29.0,70.4,100,6.6
STU02038,2038,2026-06-19,Malopolskie,Krakow,SCH021,Business Analytics,Master,Male,22,Yes,Yes,19.4,71.5,74.7,5.1
STU02039,2039,2026-06-19,Malopolskie,Krakow,SCH021,Data Science,Bachelor,Female,19,No,No,10.2,99.4,86.6,7.7
STU02040,2040,2026-06-19,Malopolskie,Krakow,SCH021,Software Engineering,Bachelor,Female,21,Yes,Yes,17.3,90.3,95.2,9.3
STU02041,2041,2026-06-19,Malopolskie,Krakow,SCH021,Data Science,Bachelor,Female,23,No,No,25.1,65.0,100,8.4
STU02042,2042,2026-06-19,Malopolskie,Krakow,SCH021,Cybersecurity,Bachelor,Female,18,No,Yes,20.8,67.3,89.0,5.3
STU02043,2043,2026-06-19,Malopolskie,Krakow,SCH021,Data Science,Bachelor,Male,21,No,Yes,11.2,80.5,98.9,7.0
STU02044,2044,2026-06-19,Malopolskie,Krakow,SCH021,Data Science,Master,Male,33,No,Yes,15.5,93.6,100,8.5
STU02045,2045,2026-06-20,Malopolskie,Krakow,SCH021,Business Analytics,Bachelor,Female,23,No,Yes,5.9,91.5,73.9,5.7
STU02046,2046,2026-06-20,Malopolskie,Krakow,SCH021,Data Science,Bachelor,Male,21,Yes,Yes,7.9,76.1,73.1,7.6
STU02047,2047,2026-06-20,Malopolskie,Krakow,SCH021,Software Engineering,Bachelor,Female,19,No,No,14.3,64.1,95.8,7.0
STU02048,2048,2026-06-20,Malopolskie,Krakow,SCH021,Data Science,Bachelor,Female,25,No,No,15.5,87.3,98.2,8.6
STU02049,2049,2026-06-20,Malopolskie,Krakow,SCH021,Business Analytics,Bachelor,Male,24,No,Yes,12.3,92.9,83.1,8.9
STU02050,2050,2026-06-20,Malopolskie,Krakow,SCH021,Software Engineering,Bachelor,Female,20,No,No,10.7,87.1,81.9,7.5
STU02051,2051,2026-06-20,Malopolskie,Krakow,SCH021,Data Science,Bachelor,Female,21,No,Yes,15.3,76.7,92.2,7.3
STU02052,2052,2026-06-21,Malopolskie,Krakow,SCH021,Data Science,Bachelor,Female,18,No,Yes,11.3,89.7,84.2,8.7
STU02053,2053,2026-06-21,Malopolskie,Krakow,SCH021,Cybersecurity,PhD,Male,29,Yes,Yes,26.3,67.9,94.4,7.0
STU02054,2054,2026-06-21,Malopolskie,Krakow,SCH021,Business Analytics,Bachelor,Male,20,No,No,22.9,75.9,100,5.6
STU02055,2055,2026-06-21,Malopolskie,Krakow,SCH021,Software Engineering,Bachelor,Female,21,No,No,14.2,55.2,63.0,5.6
STU02056,2056,2026-06-21,Malopolskie,Krakow,SCH021,Business Analytics,Master,Female,29,No,Yes,18.0,87.8,93.4,8.6
STU02057,2057,2026-06-21,Malopolskie,Krakow,SCH021,Software Engineering,Bachelor,Male,21,No,Yes,11.0,88.7,85.6,5.8
STU02058,2058,2026-06-21,Malopolskie,Krakow,SCH021,Software Engineering,Bachelor,Female,22,No,Yes,17.4,74.8,86.5,7.0
STU02059,2059,2026-06-22,Malopolskie,Krakow,SCH021,Business Analytics,Master,Male,23,No,Yes,20.3,74.2,89.6,7.4
STU02060,2060,2026-06-22,Malopolskie,Krakow,SCH021,Data Science,Bachelor,Male,24,Yes,No,15.5,81.1,93.8,5.7
STU02061,2061,2026-06-22,Malopolskie,Krakow,SCH021,Data Science,Bachelor,Female,20,No,Yes,17.5,78.8,97.1,6.0
STU02062,2062,2026-06-22,Malopolskie,Krakow,SCH021,Software Engineering,Master,Male,28,Yes,Yes,16.0,93.0,97.9,10
STU02063,2063,2026-06-22,Malopolskie,Krakow,SCH021,Software Engineering,Master,Female,31,No,Yes,17.0,97.4,100,8.0
STU02064,2064,2026-06-22,Malopolskie,Krakow,SCH021,Data Science,Bachelor,Male,19,No,Yes,13.2,81.0,77.6,7.8
STU02065,2065,2026-06-22,Malopolskie,Krakow,SCH021,Data Science,Master,Male,25,No,Yes,19.7,100,100,8.8
STU02066,2066,2026-06-23,Malopolskie,Krakow,SCH021,Data Science,Bachelor,Female,24,Yes,Yes,14.8,66.3,87.6,5.8
STU02067,2067,2026-06-23,Malopolskie,Krakow,SCH021,Data Science,Bachelor,Male,23,Yes,Yes,16.9,83.8,97.4,7.6
STU02068,2068,2026-06-23,Malopolskie,Krakow,SCH021,Software Engineering,Master,Male,32,Yes,No,21.2,96.3,97.3,8.9
STU02069,2069,2026-06-23,Malopolskie,Krakow,SCH021,Data Science,Master,Male,28,Yes,No,23.7,80.9,94.7,6.7
STU02070,2070,2026-06-23,Malopolskie,Krakow,SCH021,Software Engineering,Bachelor,Female,25,No,No,23.1,68.7,92.6,4.2
STU02071,2071,2026-06-23,Malopolskie,Krakow,SCH021,Business Analytics,Bachelor,Female,22,No,Yes,19.4,98.2,100,9.7
STU02072,2072,2026-06-23,Malopolskie,Krakow,SCH021,Business Analytics,Bachelor,Female,25,Yes,Yes,9.8,90.9,76.5,7.2
STU02073,2073,2026-06-24,Malopolskie,Krakow,SCH021,Data Science,Bachelor,Female,21,No,Yes,12.8,78.1,96.1,7.9
STU02074,2074,2026-06-24,Malopolskie,Krakow,SCH021,Cybersecurity,Bachelor,Female,24,No,Yes,17.4,80.1,89.9,6.9
STU02075,2075,2026-06-24,Malopolskie,Krakow,SCH021,Software Engineering,Bachelor,Female,20,No,Yes,17.2,77.8,97.7,7.8
STU02076,2076,2026-06-24,Malopolskie,Krakow,SCH021,Data Science,Master,Female,22,No,Yes,22.0,89.9,96.7,7.1
STU02077,2077,2026-06-24,Malopolskie,Krakow,SCH021,Data Science,Bachelor,Male,21,No,Yes,21.6,97.8,100,7.4
STU02078,2078,2026-06-24,Malopolskie,Krakow,SCH021,Data Science,Bachelor,Female,22,No,Yes,12.3,76.2,84.2,7.6
STU02079,2079,2026-06-24,Malopolskie,Krakow,SCH021,Data Science,Master,Female,22,No,Yes,22.8,69.4,92.2,5.8
STU02080,2080,2026-06-25,Malopolskie,Krakow,SCH021,Data Science,Master,Female,29,Yes,No,11.0,83.3,77.2,9.4
STU02081,2081,2026-06-25,Malopolskie,Krakow,SCH021,Cybersecurity,Master,Female,33,Yes,Yes,14.1,69.4,79.5,7.5
STU02082,2082,2026-06-25,Malopolskie,Krakow,SCH021,Business Analytics,Bachelor,Female,19,Yes,Yes,16.4,75.2,95.3,6.0
STU02083,2083,2026-06-25,Malopolskie,Krakow,SCH021,Data Science,Bachelor,Female,24,No,Yes,6.3,78.6,76.7,7.1
STU02084,2084,2026-06-25,Malopolskie,Krakow,SCH021,Software Engineering,Master,Female,22,No,Yes,11.8,78.9,81.4,5.9
STU02085,2085,2026-06-25,Malopolskie,Krakow,SCH021,Data Science,Master,Male,24,No,Yes,21.4,88.7,97.1,6.9
STU02086,2086,2026-06-25,Malopolskie,Krakow,SCH021,Data Science,Bachelor,Male,24,No,Yes,12.2,73.5,89.3,7.8
STU02087,2087,2026-06-26,Malopolskie,Krakow,SCH021,Software Engineering,Master,Female,32,No,Yes,12.6,73.0,67.6,5.9
STU02088,2088,2026-06-26,Malopolskie,Krakow,SCH021,Software Engineering,Bachelor,Female,23,No,No,13.9,71.5,75.0,7.1
STU02089,2089,2026-06-26,Malopolskie,Krakow,SCH021,Data Science,Bachelor,Male,24,No,No,15.9,70.3,82.7,6.6
STU02090,2090,2026-06-26,Malopolskie,Krakow,SCH021,Data Science,Bachelor,Female,19,No,Yes,12.8,93.6,87.9,9.0
STU02091,2091,2026-06-26,Malopolskie,Krakow,SCH021,Software Engineering,Master,Female,30,No,Yes,13.1,98.4,94.3,9.4
STU02092,2092,2026-06-26,Malopolskie,Krakow,SCH021,Cybersecurity,Bachelor,Female,21,No,Yes,11.5,93.8,95.7,9.3
STU02093,2093,2026-06-26,Malopolskie,Krakow,SCH021,Cybersecurity,Master,Female,28,No,Yes,14.1,84.2,98.7,4.7
STU02094,2094,2026-06-27,Malopolskie,Krakow,SCH021,Business Analytics,Bachelor,Male,21,No,Yes,11.3,93.5,87.4,8.9
STU02095,2095,2026-06-27,Malopolskie,Krakow,SCH021,Software Engineering,Master,Female,22,No,Yes,17.5,88.4,98.4,7.0
STU02096,2096,2026-06-27,Malopolskie,Krakow,SCH021,Business Analytics,Bachelor,Male,22,No,No,13.2,79.6,78.0,7.5
STU02097,2097,2026-06-27,Malopolskie,Krakow,SCH021,Software Engineering,Bachelor,Male,19,No,Yes,5.1,69.9,72.5,8.2
STU02098,2098,2026-06-27,Malopolskie,Krakow,SCH021,Software Engineering,Bachelor,Male,19,No,Yes,11.8,65.3,70.0,7.3
STU02099,2099,2026-06-27,Malopolskie,Krakow,SCH021,Business Analytics,Bachelor,Male,20,No,Yes,13.1,80.5,84.1,9.4
STU02100,2100,2026-06-27,Malopolskie,Krakow,SCH021,Data Science,Bachelor,Male,20,No,Yes,10.8,77.0,81.5,9.1
STU02101,2101,2026-06-28,Malopolskie,Krakow,SCH021,Software Engineering,Bachelor,Male,19,No,Yes,15.4,66.7,79.9,6.4
STU02102,2102,2026-06-28,Malopolskie,Krakow,SCH021,Data Science,Master,Female,30,No,No,18.6,78.9,91.9,7.8
STU02103,2103,2026-06-28,Malopolskie,Krakow,SCH022,Cybersecurity,Bachelor,Male,25,No,Yes,13.7,80.3,92.8,6.8
STU02104,2104,2026-06-28,Malopolskie,Krakow,SCH022,Business Analytics,Master,Female,23,Yes,Yes,18.3,84.1,94.3,7.8
STU02105,2105,2026-06-28,Malopolskie,Krakow,SCH022,Software Engineering,Bachelor,Female,20,No,Yes,9.2,61.7,66.4,7.7
STU02106,2106,2026-06-28,Malopolskie,Krakow,SCH022,Cybersecurity,Master,Male,32,Yes,No,14.7,64.5,78.6,6.2
STU02107,2107,2026-06-28,Malopolskie,Krakow,SCH022,Software Engineering,Bachelor,Male,20,No,Yes,10.4,87.3,85.4,7.8
STU02108,2108,2026-06-29,Malopolskie,Krakow,SCH022,Business Analytics,Master,Female,25,Yes,Yes,18.4,93.9,100,5.5
STU02109,2109,2026-06-29,Malopolskie,Krakow,SCH022,Software Engineering,Bachelor,Male,25,Yes,No,14.7,92.3,99.2,8.9
STU02110,2110,2026-06-29,Malopolskie,Krakow,SCH022,Data Science,Bachelor,Female,24,No,No,11.2,62.5,74.1,4.4
STU02111,2111,2026-06-29,Malopolskie,Krakow,SCH022,Data Science,Bachelor,Female,24,No,Yes,18.3,71.7,90.1,8.1
STU02112,2112,2026-06-29,Malopolskie,Krakow,SCH022,Cybersecurity,Master,Male,30,No,No,14.7,83.4,87.2,7.7
STU02113,2113,2026-06-29,Malopolskie,Krakow,SCH022,Cybersecurity,Bachelor,Male,24,No,Yes,11.0,86.2,89.6,4.8
STU02114,2114,2026-06-29,Malopolskie,Krakow,SCH022,Software Engineering,Master,Female,33,Yes,Yes,15.1,76.9,87.4,8.5
STU02115,2115,2026-06-30,Malopolskie,Krakow,SCH022,Data Science,Bachelor,Female,19,No,No,9.4,75.7,77.8,7.9
STU02116,2116,2026-06-30,Malopolskie,Krakow,SCH022,Software Engineering,Bachelor,Male,20,No,No,16.1,64.3,78.7,7.5
STU02117,2117,2026-06-30,Malopolskie,Krakow,SCH022,Cybersecurity,Bachelor,Other/Prefer not to say,25,No,Yes,18.3,100,94.5,8.6
STU02118,2118,2026-06-30,Malopolskie,Krakow,SCH022,Cybersecurity,Bachelor,Female,22,No,No,16.8,83.8,84.8,7.0
STU02119,2119,2026-06-30,Malopolskie,Krakow,SCH022,Data Science,Master,Other/Prefer not to say,28,Yes,Yes,22.8,86.4,94.5,6.3
STU02120,2120,2026-06-30,Malopolskie,Krakow,SCH022,Cybersecurity,Bachelor,Male,19,No,Yes,11.9,74.1,82.8,7.5
STU02121,2121,2026-06-30,Malopolskie,Krakow,SCH022,Data Science,Master,Female,22,Yes,No,16.1,83.2,83.2,6.0
STU02122,2122,2026-07-01,Malopolskie,Krakow,SCH022,Software Engineering,Bachelor,Male,23,No,Yes,18.7,94.8,100,7.8
STU02123,2123,2026-07-01,Malopolskie,Krakow,SCH022,Cybersecurity,Master,Other/Prefer not to say,32,Yes,Yes,20.0,100,100,8.7
STU02124,2124,2026-07-01,Malopolskie,Krakow,SCH022,Cybersecurity,PhD,Male,28,No,Yes,24.2,74.4,100,6.5
STU02125,2125,2026-07-01,Malopolskie,Krakow,SCH022,Software Engineering,PhD,Male,26,No,No,17.8,83.1,98.8,7.1
STU02126,2126,2026-07-01,Malopolskie,Krakow,SCH022,Software Engineering,Bachelor,Female,24,No,No,9.9,83.8,68.1,7.4
STU02127,2127,2026-07-01,Malopolskie,Krakow,SCH022,Software Engineering,Bachelor,Other/Prefer not to say,22,No,Yes,14.2,100,90.9,8.2
STU02128,2128,2026-07-01,Malopolskie,Krakow,SCH022,Data Science,Bachelor,Female,21,No,Yes,15.3,76.4,92.0,7.8
STU02129,2129,2026-07-02,Malopolskie,Krakow,SCH022,Data Science,Bachelor,Male,23,Yes,Yes,16.4,66.1,81.4,7.3
STU02130,2130,2026-07-02,Malopolskie,Krakow,SCH022,Software Engineering,Bachelor,Male,19,No,Yes,15.9,90.4,96.1,9.7
STU02131,2131,2026-07-02,Malopolskie,Krakow,SCH022,Business Analytics,Master,Female,29,Yes,Yes,20.1,71.5,98.2,7.5
STU02132,2132,2026-07-02,Malopolskie,Krakow,SCH022,Business Analytics,Bachelor,Male,23,No,No,19.7,69.8,79.2,6.8
STU02133,2133,2026-07-02,Malopolskie,Krakow,SCH022,Software Engineering,Master,Male,32,Yes,No,10.8,76.9,72.5,8.0
STU02134,2134,2026-07-02,Malopolskie,Krakow,SCH022,Software Engineering,Bachelor,Male,23,Yes,Yes,17.4,90.2,91.9,7.6
STU02135,2135,2026-07-02,Malopolskie,Krakow,SCH022,Cybersecurity,Master,Female,30,No,No,18.6,71.8,88.5,5.9
STU02136,2136,2026-07-03,Malopolskie,Krakow,SCH022,Software Engineering,Master,Male,25,No,Yes,11.2,88.6,84.4,7.7
STU02137,2137,2026-07-03,Malopolskie,Krakow,SCH022,Software Engineering,Bachelor,Male,18,No,Yes,11.6,91.5,100,7.5
STU02138,2138,2026-07-03,Malopolskie,Krakow,SCH022,Business Analytics,Bachelor,Male,20,Yes,No,19.4,84.0,83.3,8.5
STU02139,2139,2026-07-03,Malopolskie,Krakow,SCH022,Software Engineering,Master,Female,30,No,No,9.8,74.9,71.7,10.0
STU02140,2140,2026-07-03,Malopolskie,Krakow,SCH022,Software Engineering,Master,Male,22,Yes,Yes,15.5,77.3,91.3,7.2
STU02141,2141,2026-07-03,Malopolskie,Krakow,SCH022,Software Engineering,Bachelor,Female,21,No,Yes,11.1,83.3,90.0,6.9
STU02142,2142,2026-07-03,Malopolskie,Krakow,SCH022,Data Science,Bachelor,Female,18,No,No,8.1,80.9,84.9,6.7
STU02143,2143,2026-07-04,Malopolskie,Krakow,SCH022,Data Science,PhD,Female,28,No,Yes,12.3,75.9,74.5,5.0
STU02144,2144,2026-07-04,Malopolskie,Krakow,SCH022,Data Science,Bachelor,Female,20,No,Yes,19.1,87.1,86.9,7.2
STU02145,2145,2026-07-04,Malopolskie,Krakow,SCH022,Software Engineering,Bachelor,Female,19,Yes,Yes,31.7,89.5,100,6.1
STU02146,2146,2026-07-04,Malopolskie,Krakow,SCH022,Data Science,Bachelor,Female,25,No,Yes,18.5,77.2,87.9,8.8
STU02147,2147,2026-07-04,Malopolskie,Krakow,SCH022,Software Engineering,Bachelor,Male,20,No,No,21.3,88.0,95.7,9.2
STU02148,2148,2026-07-04,Malopolskie,Krakow,SCH022,Software Engineering,Master,Male,31,Yes,No,14.1,83.9,74.0,8.5
STU02149,2149,2026-07-04,Malopolskie,Krakow,SCH022,Cybersecurity,Bachelor,Male,24,No,Yes,16.7,79.2,78.2,8.8
STU02150,2150,2026-07-05,Malopolskie,Krakow,SCH022,Data Science,Bachelor,Male,25,Yes,No,14.4,82.7,88.3,6.9
STU02151,2151,2026-07-05,Malopolskie,Krakow,SCH022,Cybersecurity,Bachelor,Female,18,No,Yes,7.0,77.2,67.2,6.4
STU02152,2152,2026-07-05,Malopolskie,Krakow,SCH022,Software Engineering,Master,Male,22,No,Yes,4.5,63.6,72.2,7.6
STU02153,2153,2026-07-05,Malopolskie,Krakow,SCH022,Data Science,Bachelor,Female,22,No,Yes,14.6,69.0,74.0,8.1
STU02154,2154,2026-07-05,Malopolskie,Krakow,SCH022,Data Science,Bachelor,Female,20,No,Yes,9.6,71.4,86.9,7.8
STU02155,2155,2026-07-05,Malopolskie,Krakow,SCH022,Business Analytics,Bachelor,Male,22,No,Yes,13.0,94.0,90.1,7.9
STU02156,2156,2026-07-05,Malopolskie,Krakow,SCH022,Software Engineering,Bachelor,Male,22,No,Yes,19.4,86.9,92.8,7.3
STU02157,2157,2026-07-06,Malopolskie,Krakow,SCH022,Cybersecurity,Bachelor,Male,21,No,No,13.1,88.8,90.6,7.2
STU02158,2158,2026-07-06,Malopolskie,Krakow,SCH022,Software Engineering,Bachelor,Female,19,No,Yes,12.0,89.4,100,8.1
STU02159,2159,2026-07-06,Malopolskie,Krakow,SCH022,Software Engineering,Bachelor,Male,22,No,Yes,19.4,80.7,84.5,6.0
STU02160,2160,2026-07-06,Malopolskie,Krakow,SCH022,Cybersecurity,Master,Female,27,No,Yes,15.8,79.9,82.5,8.1
STU02161,2161,2026-07-06,Malopolskie,Krakow,SCH022,Cybersecurity,Bachelor,Male,19,No,No,13.3,83.0,74.8,6.8
STU02162,2162,2026-07-06,Malopolskie,Krakow,SCH022,Data Science,Bachelor,Female,21,No,Yes,10.3,82.8,75.7,4.5
STU02163,2163,2026-07-06,Malopolskie,Krakow,SCH022,Cybersecurity,Master,Female,34,No,No,22.8,73.5,89.4,8.0
STU02164,2164,2026-07-07,Malopolskie,Krakow,SCH022,Software Engineering,Bachelor,Male,24,No,No,11.5,95.1,81.5,6.9
STU02165,2165,2026-07-07,Malopolskie,Krakow,SCH022,Data Science,Bachelor,Female,23,No,Yes,9.5,70.8,59.1,9.0
STU02166,2166,2026-07-07,Malopolskie,Krakow,SCH022,Cybersecurity,Bachelor,Male,21,No,Yes,19.2,65.3,87.8,7.5
STU02167,2167,2026-07-07,Malopolskie,Krakow,SCH022,Software Engineering,Master,Female,24,Yes,Yes,15.6,86.1,94.0,9.8
STU02168,2168,2026-07-07,Malopolskie,Krakow,SCH022,Software Engineering,Bachelor,Female,20,Yes,No,12.8,87.4,89.4,8.7
STU02169,2169,2026-07-07,Malopolskie,Krakow,SCH022,Data Science,Bachelor,Female,24,No,No,7.3,83.4,72.6,6.7
STU02170,2170,2026-07-07,Malopolskie,Krakow,SCH022,Cybersecurity,Bachelor,Female,20,No,Yes,12.6,84.7,90.7,9.0
STU02171,2171,2026-07-08,Malopolskie,Krakow,SCH022,Data Science,Bachelor,Male,18,Yes,Yes,17.2,100,93.5,8.1
STU02172,2172,2026-07-08,Malopolskie,Krakow,SCH022,Data Science,Bachelor,Male,20,No,Yes,11.9,72.1,75.9,7.7
STU02173,2173,2026-07-08,Malopolskie,Krakow,SCH022,Software Engineering,Master,Female,28,Yes,No,16.1,94.6,92.4,7.2
STU02174,2174,2026-07-08,Malopolskie,Krakow,SCH022,Data Science,Bachelor,Female,24,No,No,14.7,85.6,89.3,5.9
STU02175,2175,2026-07-08,Malopolskie,Krakow,SCH022,Software Engineering,Bachelor,Male,25,No,Yes,14.6,83.8,92.9,6.7
STU02176,2176,2026-07-08,Malopolskie,Krakow,SCH022,Business Analytics,PhD,Female,34,No,Yes,20.1,79.2,88.6,7.3
STU02177,2177,2026-07-08,Malopolskie,Krakow,SCH022,Data Science,Bachelor,Male,20,No,No,16.7,86.2,91.1,6.9
STU02178,2178,2026-07-09,Malopolskie,Krakow,SCH022,Software Engineering,Bachelor,Male,20,No,Yes,9.4,62.0,56.1,7.2
STU02179,2179,2026-07-09,Malopolskie,Krakow,SCH022,Cybersecurity,Bachelor,Female,23,No,Yes,22.4,71.5,93.0,7.2
STU02180,2180,2026-07-09,Malopolskie,Krakow,SCH022,Data Science,Master,Male,27,No,No,26.7,72.8,100,4.0
STU02181,2181,2026-07-09,Malopolskie,Krakow,SCH022,Data Science,Master,Female,27,No,Yes,18.6,91.8,99.0,9.5
STU02182,2182,2026-07-09,Malopolskie,Krakow,SCH022,Software Engineering,Master,Male,30,No,No,15.4,77.7,75.7,5.8
STU02183,2183,2026-07-09,Malopolskie,Krakow,SCH022,Software Engineering,Bachelor,Male,23,No,Yes,12.4,95.2,87.3,7.5
STU02184,2184,2026-07-09,Malopolskie,Krakow,SCH022,Business Analytics,Bachelor,Female,20,Yes,Yes,7.1,71.6,70.5,7.5
STU02185,2185,2026-07-10,Malopolskie,Krakow,SCH022,Software Engineering,Master,Male,30,No,Yes,18.6,76.5,81.9,6.4
STU02186,2186,2026-07-10,Malopolskie,Krakow,SCH022,Data Science,Bachelor,Female,19,Yes,Yes,15.2,53.4,74.9,6.1
STU02187,2187,2026-07-10,Malopolskie,Krakow,SCH022,Software Engineering,Bachelor,Male,22,No,Yes,19.3,59.6,84.6,7.8
STU02188,2188,2026-07-10,Malopolskie,Krakow,SCH022,Cybersecurity,Bachelor,Male,20,No,Yes,7.2,84.4,74.3,7.3
STU02189,2189,2026-07-10,Malopolskie,Krakow,SCH022,Business Analytics,Bachelor,Female,24,No,Yes,21.2,87.5,94.9,6.9
STU02190,2190,2026-07-10,Malopolskie,Krakow,SCH022,Cybersecurity,Bachelor,Female,22,No,No,11.6,89.4,79.5,7.7
STU02191,2191,2026-07-10,Malopolskie,Krakow,SCH022,Cybersecurity,Master,Male,30,Yes,Yes,10.9,67.6,76.3,8.1
STU02192,2192,2026-07-11,Malopolskie,Krakow,SCH022,Software Engineering,Bachelor,Female,20,No,Yes,15.5,83.4,81.1,9.9
STU02193,2193,2026-07-11,Malopolskie,Krakow,SCH022,Software Engineering,Master,Female,26,No,Yes,12.0,78.6,74.6,9.2
STU02194,2194,2026-07-11,Malopolskie,Krakow,SCH022,Cybersecurity,Master,Other/Prefer not to say,24,Yes,Yes,20.6,83.1,88.2,7.4
STU02195,2195,2026-07-11,Malopolskie,Krakow,SCH022,Cybersecurity,Master,Male,24,Yes,Yes,23.4,87.3,100,8.3
STU02196,2196,2026-07-11,Malopolskie,Krakow,SCH022,Data Science,Bachelor,Female,19,No,Yes,9.9,81.5,87.5,9.4
STU02197,2197,2026-07-11,Malopolskie,Krakow,SCH022,Cybersecurity,Bachelor,Male,24,Yes,No,20.8,67.1,94.0,5.1
STU02198,2198,2026-07-11,Malopolskie,Krakow,SCH022,Business Analytics,Bachelor,Female,18,No,Yes,16.7,77.8,87.4,9.1
STU02199,2199,2026-07-12,Malopolskie,Krakow,SCH022,Data Science,Bachelor,Male,18,No,No,16.4,100,99.1,6.7
STU02200,2200,2026-07-12,Malopolskie,Krakow,SCH022,Data Science,Bachelor,Male,24,No,No,8.3,81.8,84.2,5.2
STU02201,2201,2026-07-12,Malopolskie,Krakow,SCH022,Cybersecurity,Bachelor,Male,23,No,Yes,17.7,86.0,85.1,6.8
STU02202,2202,2026-07-12,Malopolskie,Krakow,SCH022,Business Analytics,Bachelor,Female,23,No,Yes,12.5,72.1,55.9,7.0
STU02203,2203,2026-07-12,Malopolskie,Krakow,SCH022,Cybersecurity,Bachelor,Male,21,No,Yes,19.1,71.4,80.1,6.1
STU02204,2204,2026-07-12,Malopolskie,Krakow,SCH022,Business Analytics,Bachelor,Female,22,No,Yes,14.5,77.2,81.9,7.9
STU02205,2205,2026-07-12,Malopolskie,Krakow,SCH022,Software Engineering,Master,Male,27,No,Yes,20.9,71.9,91.8,6.6
STU02206,2206,2026-07-13,Malopolskie,Krakow,SCH022,Software Engineering,Bachelor,Female,25,No,Yes,7.4,83.4,79.3,7.5
STU02207,2207,2026-07-13,Malopolskie,Krakow,SCH022,Cybersecurity,Bachelor,Female,22,No,Yes,13.4,73.4,67.2,7.3
STU02208,2208,2026-07-13,Malopolskie,Krakow,SCH022,Software Engineering,Bachelor,Male,24,No,No,12.9,92.8,94.3,8.9
STU02209,2209,2026-07-13,Malopolskie,Krakow,SCH022,Business Analytics,Bachelor,Female,23,No,Yes,11.1,74.4,62.2,7.9
STU02210,2210,2026-07-13,Malopolskie,Krakow,SCH022,Cybersecurity,Bachelor,Female,25,Yes,Yes,8.1,94.0,86.1,10
STU02211,2211,2026-07-13,Malopolskie,Krakow,SCH022,Data Science,Master,Female,34,No,No,17.5,68.8,77.7,6.6
STU02212,2212,2026-07-13,Malopolskie,Krakow,SCH022,Cybersecurity,Bachelor,Female,23,No,Yes,4.9,74.3,81.8,6.2
STU02213,2213,2026-07-14,Malopolskie,Krakow,SCH022,Cybersecurity,Bachelor,Female,25,Yes,Yes,17.1,82.2,91.4,8.2
STU02214,2214,2026-07-14,Malopolskie,Krakow,SCH022,Software Engineering,Bachelor,Female,24,No,Yes,15.9,68.1,78.8,6.8
STU02215,2215,2026-07-14,Malopolskie,Krakow,SCH022,Data Science,Master,Female,29,No,Yes,25.0,87.6,98.8,8.3
STU02216,2216,2026-07-14,Malopolskie,Krakow,SCH022,Cybersecurity,Bachelor,Other/Prefer not to say,18,No,No,12.2,80.9,75.8,6.5
STU02217,2217,2026-07-14,Malopolskie,Krakow,SCH022,Software Engineering,Bachelor,Female,24,Yes,No,17.0,90.6,86.5,7.3
STU02218,2218,2026-07-14,Malopolskie,Krakow,SCH023,Software Engineering,PhD,Female,29,Yes,Yes,20.4,86.8,91.5,6.5
STU02219,2219,2026-07-14,Malopolskie,Krakow,SCH023,Software Engineering,Bachelor,Male,19,Yes,Yes,10.5,86.0,66.3,6.4
STU02220,2220,2026-07-15,Malopolskie,Krakow,SCH023,Cybersecurity,Master,Female,34,Yes,No,23.8,93.1,97.3,7.0
STU02221,2221,2026-07-15,Malopolskie,Krakow,SCH023,Business Analytics,Bachelor,Female,20,Yes,No,6.5,78.3,61.2,4.5
STU02222,2222,2026-07-15,Malopolskie,Krakow,SCH023,Business Analytics,Bachelor,Male,24,No,Yes,10.5,77.1,69.0,7.3
STU02223,2223,2026-07-15,Malopolskie,Krakow,SCH023,Cybersecurity,Bachelor,Male,21,No,Yes,12.5,73.4,76.4,7.7
STU02224,2224,2026-07-15,Malopolskie,Krakow,SCH023,Software Engineering,Master,Male,32,No,Yes,11.9,76.0,77.1,9.6
STU02225,2225,2026-07-15,Malopolskie,Krakow,SCH023,Software Engineering,Bachelor,Female,20,No,Yes,16.6,68.9,67.4,7.0
STU02226,2226,2026-07-15,Malopolskie,Krakow,SCH023,Data Science,Master,Female,27,No,Yes,11.0,83.2,76.0,9.9
STU02227,2227,2026-07-16,Malopolskie,Krakow,SCH023,Software Engineering,PhD,Male,29,No,No,24.1,85.2,80.7,7.7
STU02228,2228,2026-07-16,Malopolskie,Krakow,SCH023,Cybersecurity,Bachelor,Male,19,No,Yes,19.9,61.2,80.2,5.7
STU02229,2229,2026-07-16,Malopolskie,Krakow,SCH023,Data Science,Master,Male,26,No,Yes,12.8,72.5,77.9,7.0
STU02230,2230,2026-07-16,Malopolskie,Krakow,SCH023,Data Science,Bachelor,Male,21,No,Yes,27.6,95.3,91.0,8.2
STU02231,2231,2026-07-16,Malopolskie,Krakow,SCH023,Data Science,Bachelor,Female,21,No,Yes,12.3,81.3,78.6,6.3
STU02232,2232,2026-07-16,Malopolskie,Krakow,SCH023,Business Analytics,Bachelor,Male,20,No,Yes,11.1,54.5,56.5,6.7
STU02233,2233,2026-07-16,Malopolskie,Krakow,SCH023,Software Engineering,Bachelor,Female,23,No,Yes,10.6,59.3,42.7,6.9
STU02234,2234,2026-07-17,Malopolskie,Krakow,SCH023,Business Analytics,Bachelor,Male,19,No,Yes,17.1,79.8,84.7,6.4
STU02235,2235,2026-07-17,Malopolskie,Krakow,SCH023,Business Analytics,Master,Female,34,No,Yes,19.0,79.8,86.5,8.9
STU02236,2236,2026-07-17,Malopolskie,Krakow,SCH023,Cybersecurity,Bachelor,Male,25,No,No,19.7,84.5,85.1,7.2
STU02237,2237,2026-07-17,Malopolskie,Krakow,SCH023,Data Science,Bachelor,Female,19,No,Yes,14.1,65.4,56.3,7.4
STU02238,2238,2026-07-17,Malopolskie,Krakow,SCH023,Data Science,Master,Female,29,No,No,15.6,77.9,73.1,5.2
STU02239,2239,2026-07-17,Malopolskie,Krakow,SCH023,Data Science,Master,Male,24,No,Yes,14.1,87.2,85.9,5.7
STU02240,2240,2026-07-17,Malopolskie,Krakow,SCH023,Software Engineering,PhD,Female,29,No,No,5.4,66.6,70.3,8.4
STU02241,2241,2026-07-18,Malopolskie,Krakow,SCH023,Software Engineering,Bachelor,Female,21,No,Yes,15.5,91.8,92.9,9.2
STU02242,2242,2026-07-18,Malopolskie,Krakow,SCH023,Data Science,PhD,Other/Prefer not to say,37,No,Yes,19.7,88.5,75.0,9.3
STU02243,2243,2026-07-18,Malopolskie,Krakow,SCH023,Software Engineering,Bachelor,Other/Prefer not to say,22,No,Yes,21.3,100,100,7.7
STU02244,2244,2026-07-18,Malopolskie,Krakow,SCH023,Business Analytics,Bachelor,Male,18,Yes,No,2.8,76.3,52.7,6.2
STU02245,2245,2026-07-18,Malopolskie,Krakow,SCH023,Data Science,Bachelor,Female,20,Yes,No,13.0,76.5,80.0,8.4
STU02246,2246,2026-07-18,Malopolskie,Krakow,SCH023,Cybersecurity,Bachelor,Male,24,No,Yes,5.2,71.4,64.2,7.8
STU02247,2247,2026-07-18,Malopolskie,Krakow,SCH023,Software Engineering,Bachelor,Female,24,No,Yes,16.5,69.6,84.0,6.2
STU02248,2248,2026-07-19,Malopolskie,Krakow,SCH023,Business Analytics,Bachelor,Female,19,No,Yes,9.6,84.2,84.3,8.2
STU02249,2249,2026-07-19,Malopolskie,Krakow,SCH023,Business Analytics,Bachelor,Male,23,No,No,5.2,98.7,70.2,7.8
STU02250,2250,2026-07-19,Malopolskie,Krakow,SCH023,Software Engineering,Bachelor,Male,24,No,Yes,10.1,86.1,71.3,9.1
STU02251,2251,2026-07-19,Malopolskie,Krakow,SCH023,Data Science,Bachelor,Female,23,No,No,14.0,76.8,68.9,5.3
STU02252,2252,2026-07-19,Malopolskie,Krakow,SCH023,Cybersecurity,Bachelor,Female,25,No,Yes,14.7,83.1,74.3,8.8
STU02253,2253,2026-07-19,Malopolskie,Krakow,SCH023,Software Engineering,Bachelor,Female,25,No,Yes,19.7,85.4,90.1,7.0
STU02254,2254,2026-07-19,Malopolskie,Krakow,SCH023,Data Science,Bachelor,Male,25,No,Yes,5.4,81.1,67.9,7.9
STU02255,2255,2026-07-20,Malopolskie,Krakow,SCH023,Cybersecurity,Bachelor,Female,19,No,Yes,15.0,81.2,75.4,7.2
STU02256,2256,2026-07-20,Malopolskie,Krakow,SCH023,Software Engineering,Bachelor,Female,22,Yes,No,16.4,88.4,78.3,5.1
STU02257,2257,2026-07-20,Malopolskie,Krakow,SCH023,Cybersecurity,Bachelor,Male,21,No,No,11.2,100,89.6,8.6
STU02258,2258,2026-07-20,Malopolskie,Krakow,SCH023,Data Science,Bachelor,Female,18,Yes,Yes,23.4,100,87.4,7.8
STU02259,2259,2026-07-20,Malopolskie,Krakow,SCH023,Software Engineering,Bachelor,Male,20,Yes,No,11.8,97.5,89.4,8.8
STU02260,2260,2026-07-20,Malopolskie,Krakow,SCH023,Cybersecurity,Bachelor,Female,20,Yes,No,16.9,65.8,81.4,7.0
STU02261,2261,2026-07-20,Malopolskie,Krakow,SCH023,Data Science,Bachelor,Female,18,Yes,Yes,23.9,92.0,90.8,8.2
STU02262,2262,2026-07-21,Malopolskie,Krakow,SCH023,Data Science,Bachelor,Female,18,No,Yes,16.8,83.2,91.1,8.0
STU02263,2263,2026-07-21,Malopolskie,Krakow,SCH023,Software Engineering,Bachelor,Female,24,No,Yes,20.3,81.6,91.6,6.7
STU02264,2264,2026-07-21,Malopolskie,Krakow,SCH023,Software Engineering,Master,Female,25,No,Yes,14.4,74.6,86.3,6.3
STU02265,2265,2026-07-21,Malopolskie,Krakow,SCH023,Data Science,Bachelor,Male,24,Yes,Yes,12.6,100,89.6,9.1
STU02266,2266,2026-07-21,Malopolskie,Krakow,SCH023,Software Engineering,Master,Female,25,Yes,Yes,17.9,76.8,75.5,5.8
STU02267,2267,2026-07-21,Malopolskie,Krakow,SCH023,Software Engineering,Bachelor,Female,20,No,No,7.5,64.9,66.5,6.1
STU02268,2268,2026-07-21,Malopolskie,Krakow,SCH023,Business Analytics,Bachelor,Other/Prefer not to say,23,No,No,13.3,66.1,66.1,5.6
STU02269,2269,2026-07-22,Malopolskie,Krakow,SCH023,Software Engineering,Bachelor,Female,21,No,Yes,16.1,74.3,80.8,3.8
STU02270,2270,2026-07-22,Malopolskie,Krakow,SCH023,Software Engineering,Bachelor,Female,23,No,Yes,19.6,65.6,73.1,6.6
STU02271,2271,2026-07-22,Malopolskie,Krakow,SCH023,Business Analytics,Master,Male,27,No,Yes,12.1,86.5,90.3,7.8
STU02272,2272,2026-07-22,Malopolskie,Krakow,SCH023,Data Science,Master,Female,29,Yes,Yes,14.0,93.1,75.6,7.3
STU02273,2273,2026-07-22,Malopolskie,Krakow,SCH023,Business Analytics,Bachelor,Female,21,No,Yes,15.6,68.8,69.0,5.5
STU02274,2274,2026-07-22,Malopolskie,Krakow,SCH023,Software Engineering,Bachelor,Female,20,No,Yes,17.2,71.1,69.1,7.2
STU02275,2275,2026-07-22,Malopolskie,Krakow,SCH023,Data Science,Master,Female,25,No,Yes,8.6,97.1,86.9,7.3
STU02276,2276,2026-07-23,Malopolskie,Krakow,SCH023,Data Science,Bachelor,Female,21,No,Yes,13.7,74.1,74.2,7.3
STU02277,2277,2026-07-23,Malopolskie,Krakow,SCH023,Cybersecurity,Bachelor,Female,25,No,No,13.6,100,87.6,7.0
STU02278,2278,2026-07-23,Malopolskie,Krakow,SCH023,Data Science,Bachelor,Female,22,No,Yes,16.6,82.0,69.6,6.9
STU02279,2279,2026-07-23,Malopolskie,Krakow,SCH023,Software Engineering,Bachelor,Male,20,No,Yes,15.1,74.3,81.0,8.0
STU02280,2280,2026-07-23,Malopolskie,Krakow,SCH023,Data Science,Bachelor,Male,22,Yes,Yes,14.4,72.3,69.9,5.3
STU02281,2281,2026-07-23,Malopolskie,Krakow,SCH023,Software Engineering,Bachelor,Male,24,No,Yes,2,88.7,67.4,8.1
STU02282,2282,2026-07-23,Malopolskie,Krakow,SCH023,Software Engineering,Bachelor,Female,21,No,Yes,13.9,84.6,77.8,6.4
STU02283,2283,2026-07-24,Malopolskie,Krakow,SCH023,Cybersecurity,Bachelor,Male,22,No,Yes,21.0,80.2,81.6,7.9
STU02284,2284,2026-07-24,Malopolskie,Krakow,SCH023,Business Analytics,Bachelor,Female,25,No,Yes,27.3,75.1,83.8,7.6
STU02285,2285,2026-07-24,Malopolskie,Krakow,SCH023,Software Engineering,Bachelor,Female,18,No,No,14.9,73.0,74.4,7.6
STU02286,2286,2026-07-24,Malopolskie,Krakow,SCH023,Data Science,Bachelor,Female,22,No,Yes,15.7,77.8,75.8,9.7
STU02287,2287,2026-07-24,Malopolskie,Krakow,SCH023,Business Analytics,Bachelor,Male,18,Yes,Yes,17.5,97.4,79.8,9.2
STU02288,2288,2026-07-24,Malopolskie,Krakow,SCH023,Data Science,Bachelor,Other/Prefer not to say,18,No,Yes,11.7,96.4,78.8,7.9
STU02289,2289,2026-07-24,Malopolskie,Krakow,SCH023,Cybersecurity,Master,Female,24,No,Yes,27.6,83.4,100,7.1
STU02290,2290,2026-07-25,Malopolskie,Krakow,SCH023,Cybersecurity,Bachelor,Male,19,Yes,Yes,9.9,91.3,78.2,5.6
STU02291,2291,2026-07-25,Malopolskie,Krakow,SCH023,Software Engineering,Master,Female,24,No,Yes,18.2,70.5,63.1,8.8
STU02292,2292,2026-07-25,Malopolskie,Krakow,SCH023,Cybersecurity,Bachelor,Male,20,No,Yes,2,81.4,56.5,8.1
STU02293,2293,2026-07-25,Malopolskie,Krakow,SCH023,Business Analytics,Bachelor,Female,20,No,No,15.5,100,94.9,8.0
STU02294,2294,2026-07-25,Malopolskie,Krakow,SCH023,Cybersecurity,Master,Female,28,Yes,Yes,24.2,58.7,73.7,8.4
STU02295,2295,2026-07-25,Malopolskie,Krakow,SCH023,Business Analytics,Bachelor,Male,24,Yes,Yes,17.7,81.3,86.2,8.2
STU02296,2296,2026-07-25,Malopolskie,Krakow,SCH023,Data Science,Master,Female,27,Yes,Yes,22.8,74.3,82.5,6.7
STU02297,2297,2026-07-26,Malopolskie,Krakow,SCH023,Data Science,Bachelor,Female,20,No,Yes,9.8,70.9,56.6,7.2
STU02298,2298,2026-07-26,Malopolskie,Krakow,SCH023,Data Science,Bachelor,Male,19,No,Yes,13.8,64.9,65.9,6.7
STU02299,2299,2026-07-26,Malopolskie,Krakow,SCH023,Cybersecurity,Master,Male,30,No,No,23.0,80.6,91.7,5.9
STU02300,2300,2026-07-26,Malopolskie,Krakow,SCH023,Software Engineering,Bachelor,Female,23,No,No,18.9,82.5,91.3,4.6
STU02301,2301,2026-07-26,Malopolskie,Krakow,SCH023,Data Science,Master,Male,23,No,Yes,16.7,89.7,93.5,7.6
STU02302,2302,2026-07-26,Malopolskie,Krakow,SCH023,Data Science,Bachelor,Female,18,Yes,No,16.6,78.5,75.4,7.0
STU02303,2303,2026-07-26,Malopolskie,Krakow,SCH023,Cybersecurity,Master,Male,28,No,Yes,16.6,82.8,73.1,7.7
STU02304,2304,2026-07-27,Malopolskie,Krakow,SCH023,Business Analytics,Bachelor,Other/Prefer not to say,24,No,Yes,11.7,66.0,45.9,7.2
STU02305,2305,2026-07-27,Malopolskie,Krakow,SCH023,Data Science,Bachelor,Female,20,Yes,No,13.8,97.6,95.6,7.3
STU02306,2306,2026-07-27,Malopolskie,Krakow,SCH023,Data Science,Bachelor,Female,20,No,Yes,11.7,60.3,66.0,5.7
STU02307,2307,2026-07-27,Malopolskie,Krakow,SCH023,Software Engineering,Bachelor,Female,22,Yes,No,15.2,72.7,71.9,7.0
STU02308,2308,2026-07-27,Malopolskie,Krakow,SCH023,Data Science,Master,Female,25,No,Yes,13.6,90.4,72.2,8.9
STU02309,2309,2026-07-27,Malopolskie,Krakow,SCH023,Business Analytics,Master,Female,32,No,Yes,29.3,88.1,90.4,7.2
STU02310,2310,2026-07-27,Malopolskie,Krakow,SCH023,Software Engineering,Master,Male,30,No,Yes,18.0,72.8,79.7,8.3
STU02311,2311,2026-07-28,Malopolskie,Krakow,SCH023,Data Science,Master,Female,31,Yes,No,23.5,90.0,94.1,8.3
STU02312,2312,2026-07-28,Malopolskie,Krakow,SCH023,Software Engineering,Master,Male,23,No,Yes,19.1,69.9,80.0,5.3
STU02313,2313,2026-07-28,Malopolskie,Krakow,SCH023,Software Engineering,Bachelor,Female,21,Yes,Yes,18.3,67.2,92.5,5.3
STU02314,2314,2026-07-28,Malopolskie,Krakow,SCH024,Business Analytics,Bachelor,Female,19,No,Yes,17.1,67.6,82.8,6.3
STU02315,2315,2026-07-28,Malopolskie,Krakow,SCH024,Business Analytics,Master,Male,28,No,Yes,19.5,68.3,95.4,6.4
STU02316,2316,2026-07-28,Malopolskie,Krakow,SCH024,Software Engineering,Master,Female,34,Yes,No,23.1,100,100,7.7
STU02317,2317,2026-07-28,Malopolskie,Krakow,SCH024,Software Engineering,PhD,Female,34,No,Yes,15.1,72.2,80.1,7.3
STU02318,2318,2026-07-29,Malopolskie,Krakow,SCH024,Cybersecurity,Bachelor,Female,21,No,Yes,12.6,81.0,74.8,7.9
STU02319,2319,2026-07-29,Malopolskie,Krakow,SCH024,Business Analytics,Bachelor,Female,19,No,No,18.4,83.4,81.1,6.0
STU02320,2320,2026-07-29,Malopolskie,Krakow,SCH024,Software Engineering,Bachelor,Male,20,No,No,12.8,88.1,83.7,5.9
STU02321,2321,2026-07-29,Malopolskie,Krakow,SCH024,Cybersecurity,Master,Male,22,No,Yes,17.2,85.5,87.0,8.5
STU02322,2322,2026-07-29,Malopolskie,Krakow,SCH024,Software Engineering,Bachelor,Female,25,No,Yes,13.1,71.0,80.6,6.8
STU02323,2323,2026-07-29,Malopolskie,Krakow,SCH024,Cybersecurity,Bachelor,Female,22,No,Yes,17.0,81.1,71.7,7.6
STU02324,2324,2026-07-29,Malopolskie,Krakow,SCH024,Data Science,Bachelor,Female,18,No,No,14.5,85.5,87.0,5.5
STU02325,2325,2026-07-30,Malopolskie,Krakow,SCH024,Data Science,Bachelor,Female,19,No,Yes,16.3,68.7,78.8,8.1
STU02326,2326,2026-07-30,Malopolskie,Krakow,SCH024,Data Science,Master,Female,24,No,Yes,12.6,73.6,79.9,7.9
STU02327,2327,2026-07-30,Malopolskie,Krakow,SCH024,Data Science,Bachelor,Female,22,Yes,Yes,18.8,80.3,95.4,8.8
STU02328,2328,2026-07-30,Malopolskie,Krakow,SCH024,Business Analytics,Bachelor,Female,21,No,No,17.5,80.2,88.2,7.8
STU02329,2329,2026-07-30,Malopolskie,Krakow,SCH024,Data Science,Bachelor,Male,20,No,Yes,15.8,61.8,77.6,6.9
STU02330,2330,2026-07-30,Malopolskie,Krakow,SCH024,Software Engineering,Bachelor,Female,21,No,Yes,9.7,72.1,60.1,7.4
STU02331,2331,2026-07-30,Malopolskie,Krakow,SCH024,Software Engineering,Bachelor,Female,23,No,Yes,15.8,88.4,84.7,6.0
STU02332,2332,2026-07-31,Malopolskie,Krakow,SCH024,Data Science,Master,Male,27,No,Yes,16.1,67.0,65.9,5.3
STU02333,2333,2026-07-31,Malopolskie,Krakow,SCH024,Data Science,Bachelor,Male,21,Yes,Yes,23.1,79.6,78.2,8.0
STU02334,2334,2026-07-31,Malopolskie,Krakow,SCH024,Data Science,Bachelor,Female,22,No,Yes,14.0,81.6,80.7,5.9
STU02335,2335,2026-07-31,Malopolskie,Krakow,SCH024,Cybersecurity,Master,Male,33,No,No,10.5,56.3,55.5,6.7
STU02336,2336,2026-07-31,Malopolskie,Krakow,SCH024,Data Science,Bachelor,Female,25,No,No,15.1,80.9,74.6,6.3
STU02337,2337,2026-07-31,Malopolskie,Krakow,SCH024,Software Engineering,Master,Female,22,No,Yes,16.7,76.5,83.9,7.7
STU02338,2338,2026-07-31,Malopolskie,Krakow,SCH024,Cybersecurity,Bachelor,Male,25,Yes,Yes,10.8,84.5,75.2,8.2
STU02339,2339,2026-08-01,Malopolskie,Krakow,SCH024,Cybersecurity,Bachelor,Male,20,Yes,Yes,18.5,72.0,80.0,8.6
STU02340,2340,2026-08-01,Malopolskie,Krakow,SCH024,Business Analytics,Bachelor,Female,22,No,Yes,14.5,82.7,85.5,7.3
STU02341,2341,2026-08-01,Malopolskie,Krakow,SCH024,Software Engineering,Master,Female,34,No,No,19.2,86.0,89.1,6.4
STU02342,2342,2026-08-01,Malopolskie,Krakow,SCH024,Cybersecurity,Bachelor,Male,24,No,Yes,22.2,77.0,84.5,7.2
STU02343,2343,2026-08-01,Malopolskie,Krakow,SCH024,Software Engineering,Bachelor,Male,25,No,Yes,17.4,73.9,83.8,8.7
STU02344,2344,2026-08-01,Malopolskie,Krakow,SCH024,Data Science,Bachelor,Female,18,No,No,16.7,89.1,87.1,8.5
STU02345,2345,2026-08-01,Malopolskie,Krakow,SCH024,Business Analytics,Master,Male,27,Yes,Yes,20.7,90.4,98.2,7.6
STU02346,2346,2026-08-02,Malopolskie,Krakow,SCH024,Data Science,Master,Male,27,No,Yes,17.1,66.2,83.2,6.9
STU02347,2347,2026-08-02,Malopolskie,Krakow,SCH024,Data Science,Bachelor,Female,20,No,No,12.9,89.3,88.1,8.0
STU02348,2348,2026-08-02,Malopolskie,Krakow,SCH024,Cybersecurity,Bachelor,Male,20,No,Yes,5.5,95.4,77.6,7.5
STU02349,2349,2026-08-02,Malopolskie,Krakow,SCH024,Business Analytics,Bachelor,Male,25,No,Yes,19.2,100,95.7,6.3
STU02350,2350,2026-08-02,Malopolskie,Krakow,SCH024,Software Engineering,Bachelor,Female,22,No,Yes,10.2,76.1,79.4,6.1
STU02351,2351,2026-08-02,Malopolskie,Krakow,SCH024,Data Science,Master,Male,26,No,Yes,24.6,78.5,100,6.0
STU02352,2352,2026-08-02,Malopolskie,Krakow,SCH024,Data Science,Bachelor,Female,25,No,Yes,17.5,73.3,85.9,6.5
STU02353,2353,2026-08-03,Malopolskie,Krakow,SCH024,Cybersecurity,Bachelor,Female,20,Yes,Yes,10.9,61.0,69.0,6.8
STU02354,2354,2026-08-03,Malopolskie,Krakow,SCH024,Cybersecurity,Bachelor,Male,20,No,No,12.7,72.5,88.3,7.8
STU02355,2355,2026-08-03,Malopolskie,Krakow,SCH024,Software Engineering,Bachelor,Female,24,Yes,Yes,11.4,65.9,71.5,4.9
STU02356,2356,2026-08-03,Malopolskie,Krakow,SCH024,Data Science,Bachelor,Female,20,No,No,26.0,84.1,100,7.9
STU02357,2357,2026-08-03,Malopolskie,Krakow,SCH024,Data Science,Bachelor,Male,20,No,Yes,20.1,77.2,91.2,9.3
STU02358,2358,2026-08-03,Malopolskie,Krakow,SCH024,Cybersecurity,Bachelor,Male,18,No,Yes,21.1,74.2,80.3,6.4
STU02359,2359,2026-08-03,Malopolskie,Krakow,SCH024,Data Science,Master,Female,22,No,Yes,16.8,100,100,6.6
STU02360,2360,2026-08-04,Malopolskie,Krakow,SCH024,Data Science,Bachelor,Other/Prefer not to say,24,No,Yes,23.5,86.4,100,9.0
STU02361,2361,2026-08-04,Malopolskie,Krakow,SCH024,Data Science,Master,Male,25,No,No,27.0,76.1,100,8.1
STU02362,2362,2026-08-04,Malopolskie,Krakow,SCH024,Data Science,Bachelor,Female,18,No,Yes,21.8,75.1,78.8,6.4
STU02363,2363,2026-08-04,Malopolskie,Krakow,SCH024,Data Science,Master,Male,22,Yes,Yes,23.7,87.0,100,7.1
STU02364,2364,2026-08-04,Malopolskie,Krakow,SCH024,Software Engineering,Bachelor,Female,19,No,Yes,8.5,81.6,71.5,7.9
STU02365,2365,2026-08-04,Malopolskie,Krakow,SCH024,Software Engineering,Bachelor,Female,24,No,Yes,13.5,84.7,85.8,6.6
STU02366,2366,2026-08-04,Malopolskie,Krakow,SCH024,Data Science,Bachelor,Male,18,Yes,Yes,18.0,80.6,93.4,6.6
STU02367,2367,2026-08-05,Malopolskie,Krakow,SCH024,Software Engineering,Bachelor,Male,19,No,Yes,9.1,79.0,80.7,7.3
STU02368,2368,2026-08-05,Malopolskie,Krakow,SCH024,Data Science,Bachelor,Male,24,No,Yes,13.2,73.5,78.2,8.5
STU02369,2369,2026-08-05,Malopolskie,Krakow,SCH024,Data Science,Bachelor,Female,18,No,No,14.9,86.3,79.6,8.4
STU02370,2370,2026-08-05,Malopolskie,Krakow,SCH024,Cybersecurity,Bachelor,Female,20,No,Yes,28.1,71.2,87.1,6.4
STU02371,2371,2026-08-05,Malopolskie,Krakow,SCH024,Data Science,Master,Female,28,No,Yes,23.4,71.3,88.5,7.5
STU02372,2372,2026-08-05,Malopolskie,Krakow,SCH024,Cybersecurity,Bachelor,Female,24,No,Yes,14.3,79.3,82.9,6.9
STU02373,2373,2026-08-05,Malopolskie,Krakow,SCH024,Cybersecurity,Bachelor,Female,25,Yes,No,10.2,88.5,75.1,6.6
STU02374,2374,2026-08-06,Malopolskie,Krakow,SCH024,Cybersecurity,Bachelor,Male,18,Yes,Yes,4.1,80.3,48.8,8.9
STU02375,2375,2026-08-06,Malopolskie,Krakow,SCH024,Cybersecurity,Bachelor,Male,18,No,Yes,3.7,83.7,71.9,6.2
STU02376,2376,2026-08-06,Malopolskie,Krakow,SCH024,Data Science,Master,Male,24,No,No,6.0,84.3,74.4,7.0
STU02377,2377,2026-08-06,Malopolskie,Krakow,SCH024,Cybersecurity,Master,Female,24,No,Yes,12.0,79.8,86.0,7.5
STU02378,2378,2026-08-06,Malopolskie,Krakow,SCH024,Business Analytics,Bachelor,Female,18,No,Yes,13.4,86.5,77.3,6.5
STU02379,2379,2026-08-06,Malopolskie,Krakow,SCH024,Business Analytics,Master,Female,32,No,No,9.4,55.2,67.0,7.1
STU02380,2380,2026-08-06,Malopolskie,Krakow,SCH024,Software Engineering,Master,Female,23,No,Yes,12.2,81.5,76.3,6.3
STU02381,2381,2026-08-07,Malopolskie,Krakow,SCH024,Cybersecurity,Master,Female,26,Yes,Yes,16.4,71.9,79.3,8.2
STU02382,2382,2026-08-07,Malopolskie,Krakow,SCH024,Data Science,Bachelor,Male,20,Yes,No,15.5,88.4,82.2,5.7
STU02383,2383,2026-08-07,Malopolskie,Krakow,SCH024,Software Engineering,Bachelor,Male,20,Yes,Yes,19.4,86.6,100,7.5
STU02384,2384,2026-08-07,Malopolskie,Krakow,SCH024,Cybersecurity,Bachelor,Female,21,No,No,9.5,95.2,78.4,7.3
STU02385,2385,2026-08-07,Malopolskie,Krakow,SCH024,Data Science,Master,Male,22,Yes,Yes,23.4,77.4,94.5,7.5
STU02386,2386,2026-08-07,Malopolskie,Krakow,SCH024,Software Engineering,Bachelor,Male,22,No,No,5.8,68.5,66.2,6.2
STU02387,2387,2026-08-07,Malopolskie,Krakow,SCH024,Cybersecurity,Bachelor,Male,23,No,Yes,15.6,87.5,78.2,8.7
STU02388,2388,2026-08-08,Malopolskie,Krakow,SCH024,Cybersecurity,Master,Other/Prefer not to say,33,No,Yes,10.5,65.4,64.6,6.2
STU02389,2389,2026-08-08,Malopolskie,Krakow,SCH024,Business Analytics,Bachelor,Female,25,No,No,10.0,85.2,76.1,6.5
STU02390,2390,2026-08-08,Malopolskie,Krakow,SCH024,Cybersecurity,Bachelor,Male,20,No,Yes,14.3,80.5,84.2,5.8
STU02391,2391,2026-08-08,Malopolskie,Krakow,SCH024,Software Engineering,Master,Female,28,No,Yes,14.6,71.6,79.4,7.3
STU02392,2392,2026-08-08,Malopolskie,Krakow,SCH024,Software Engineering,Bachelor,Female,20,No,Yes,17.2,78.1,93.1,8.0
STU02393,2393,2026-08-08,Malopolskie,Krakow,SCH024,Business Analytics,Master,Female,28,No,No,11.2,90.7,82.3,6.7
STU02394,2394,2026-08-08,Malopolskie,Krakow,SCH024,Business Analytics,Bachelor,Female,18,No,Yes,11.0,75.9,64.0,6.9
STU02395,2395,2026-08-09,Malopolskie,Krakow,SCH024,Software Engineering,Master,Female,30,No,Yes,9.5,60.9,54.6,9.4
STU02396,2396,2026-08-09,Malopolskie,Krakow,SCH024,Cybersecurity,Bachelor,Male,20,No,Yes,13.9,76.8,77.3,8.2
STU02397,2397,2026-08-09,Malopolskie,Krakow,SCH024,Cybersecurity,Bachelor,Female,24,No,Yes,10.3,70.6,70.7,6.6
STU02398,2398,2026-08-09,Malopolskie,Krakow,SCH024,Software Engineering,Bachelor,Male,23,No,No,6.2,72.4,80.3,4.6
STU02399,2399,2026-08-09,Malopolskie,Krakow,SCH024,Software Engineering,Master,Male,33,Yes,No,20.4,79.7,99.6,6.8
STU02400,2400,2026-08-09,Malopolskie,Krakow,SCH024,Software Engineering,Master,Male,22,No,Yes,23.2,74.2,86.0,6.6
